Time:11
Last Iter:10
Last Update:10
Tabu:0
Last Time11
11
179 39 158 41 154 62 88 72 166 199 120 111 |95 196 156 134 73 68 18 119 94 106 195 163 21 161 |160 96 16 8 180 151 79 86 51 165 23 188 45 42 184 122 80 33 |159 15 40 76 135 131 162 56 114 167 149 128 66 145 112 |24 9 71 101 43 37 52 6 47 38 177 54 |142 98 81 194 1 133 103 65 12 22 136 91 168 171 |190 61 30 17 13 124 123 63 29 50 |3 155 31 198 115 57 53 26 138 89 28 189 74 121 20 46 157 |99 64 185 200 174 10 129 19 77 137 102 150 11 193 75 85 |182 107 84 140 82 83 125 92 187 93 27 176 5 49 109 25 127 90 ||34 191 2 69 118 183 |116 197 7 126 105 55 108 192 164 |35 |132 97 169 104 186 59 |181 143 67 152 141 144 |130 |117 178 172 110 60 |139 146 153 44 14 |113 70 58 148 78 100 36 170 |32 147 175 87 48 173 4 |
9010.41 798535
123 110 121 55 87 181 174 22 17 84 122 120 159 180 92 9 195 |70 163 125 162 75 183 193 73 29 90 157 166 |80 184 133 190 94 188 31 51 74 54 167 154 |33 142 14 76 39 106 150 177 25 200 185 91 168 112 |85 37 114 77 86 127 126 35 23 13 145 |72 71 101 98 11 26 189 66 134 171 |115 5 18 198 38 7 60 19 173 62 8 46 160 161 21 |95 196 47 119 186 65 78 42 45 68 191 153 102 67 27 165 43 124 |36 69 2 176 4 199 83 16 135 158 187 93 79 53 149 136 20 |138 57 49 63 128 89 50 143 99 28 41 113 40 15 118 111 ||109 3 155 30 96 172 6 |179 44 137 32 129 |52 |197 64 175 147 141 24 |61 156 170 146 139 107 140 132 |58 81 117 130 |10 48 34 105 192 59 |178 144 88 104 169 97 |82 |164 116 12 100 148 1 151 152 |56 131 194 182 103 108 |
9092.52 766883
75 154 121 105 74 177 45 160 15 |179 99 189 66 128 196 47 119 11 159 43 |30 53 57 115 94 35 89 150 123 102 26 93 39 20 85 42 |135 144 96 40 184 188 134 68 171 138 136 106 167 9 |141 165 101 114 72 166 52 163 113 46 193 17 65 5 200 90 |151 2 190 69 13 84 140 178 73 50 168 |139 112 29 100 111 199 98 16 180 77 86 127 51 185 25 79 23 |195 92 19 175 54 174 110 164 109 63 22 27 155 80 122 161 120 |181 60 91 108 191 38 156 145 133 117 21 142 76 62 |64 149 192 137 187 158 125 8 173 157 70 33 124 83 18 31 ||148 14 103 82 36 44 172 |183 97 34 87 |78 1 132 130 153 |12 49 59 186 104 182 107 131 |146 197 10 198 |176 58 169 |95 170 3 81 6 162 55 |24 71 32 67 7 48 |116 |88 37 194 118 61 152 |126 28 129 147 143 4 |41 56 |
9304.44 729809
150 127 51 28 32 154 62 144 46 158 119 122 |90 48 185 64 25 38 45 171 84 163 135 75 39 106 |175 136 20 180 92 195 142 76 5 134 177 138 |82 103 199 21 70 159 41 183 23 47 188 13 66 174 168 74 54 |77 121 126 10 43 8 131 169 33 161 196 |71 101 166 178 15 124 118 117 120 17 111 112 29 94 22 53 93 102 |80 182 69 18 3 36 57 26 67 167 114 9 143 200 50 128 |42 170 145 44 63 149 123 11 98 24 87 189 |72 157 37 125 16 40 133 148 65 2 30 55 165 197 68 |190 160 184 73 31 89 179 91 86 79 27 187 85 19 ||155 153 129 56 |58 107 83 14 147 |181 |193 194 186 59 156 139 35 108 |132 140 172 88 34 |7 |162 52 97 12 109 164 115 |104 81 1 6 113 176 192 |105 60 191 |141 99 198 146 130 100 78 4 |152 137 151 96 61 49 95 116 110 |173 |
9382.82 712853
137 197 45 17 16 85 92 158 |39 26 67 127 105 25 53 18 13 84 161 120 |195 101 56 180 27 149 150 51 168 66 63 38 124 21 |71 9 173 62 162 125 46 76 199 133 31 123 |98 184 47 86 106 185 189 |15 182 178 11 192 177 200 50 |143 138 108 77 93 79 23 119 188 170 68 153 109 35 136 43 157 166 75 135 160 111 122 |121 32 147 141 20 151 154 159 40 107 97 194 22 57 102 91 73 |144 8 114 24 142 118 69 42 36 146 29 171 5 94 128 89 174 74 54 90 |117 80 33 163 193 96 176 134 196 95 145 112 126 19 165 167 ||175 10 179 198 155 |148 190 186 12 49 116 139 7 |103 65 156 130 110 |34 72 |44 115 99 187 41 4 |81 6 113 140 82 37 |59 1 83 70 52 172 152 |30 183 104 169 58 132 14 78 100 |60 88 |64 48 87 28 2 |55 3 61 129 |131 191 |164 181 |
10596 697145
71 147 32 51 91 25 127 67 121 102 86 26 79 27 |157 101 43 165 167 20 106 39 151 |171 68 134 196 188 45 31 73 42 100 47 119 94 22 53 |120 117 80 133 13 160 148 18 5 23 11 |50 66 200 185 174 54 168 74 90 189 87 105 136 19 55 |112 111 122 124 40 6 15 199 17 |113 142 98 159 163 46 16 125 162 75 93 |195 166 9 114 92 56 85 62 154 8 180 135 158 |29 145 44 89 128 38 63 177 150 138 123 149 192 57 |33 21 161 84 184 132 104 76 ||118 |164 129 |141 |126 108 77 96 155 139 |144 88 1 |4 81 182 14 190 65 |131 12 3 186 69 58 140 |198 146 116 143 7 181 60 |30 41 52 37 72 97 |191 83 |197 109 179 |70 178 194 156 130 |64 34 175 24 193 107 |115 49 |152 137 172 187 173 28 48 110 2 |61 36 78 95 153 35 99 |10 |103 82 169 183 176 170 59 
10916.6 254267
21 124 199 100 18 |166 195 33 40 15 98 125 158 |157 9 142 159 163 46 16 135 76 |58 30 114 92 56 85 62 154 8 180 75 |191 130 155 120 161 122 80 84 184 14 133 13 160 17 11 |5 23 101 43 165 167 20 39 |111 42 31 73 188 196 134 47 119 94 57 22 53 93 |128 89 25 50 66 200 185 91 51 127 102 86 26 79 |174 54 168 74 189 90 136 19 121 106 |145 29 68 171 112 45 38 63 177 150 138 123 149 27 ||193 |3 |83 4 |87 116 61 |198 44 |41 |179 143 77 141 146 |144 7 |194 107 59 36 152 67 |24 71 52 113 131 |99 48 |186 12 190 148 96 162 |37 88 32 175 34 64 110 164 192 |95 140 182 169 |81 |176 147 |109 197 78 1 |28 |70 |178 6 108 55 126 129 60 |137 35 |103 118 97 132 183 |151 117 69 187 |72 |173 65 139 49 2 |153 10 105 104 172 |82 156 170 115 |181 
14032.6 230652
186 195 166 157 9 114 101 92 85 62 154 8 180 75 |89 128 38 63 177 150 102 127 121 39 |43 90 50 25 86 26 79 93 27 |199 29 171 111 13 160 17 |165 174 66 200 138 123 149 57 22 |42 73 31 145 68 112 45 188 196 134 119 94 53 |40 15 184 133 47 18 5 23 11 |120 161 142 159 163 125 46 16 135 158 |80 84 122 124 21 33 98 76 |54 168 74 189 185 91 51 136 19 20 167 106 ||82 |35 |179 129 60 173 |144 190 65 |44 99 55 |117 81 176 30 61 |130 191 152 141 126 87 |78 148 97 24 |151 10 3 |104 132 137 116 198 12 2 |108 105 28 143 7 48 181 |178 |153 139 49 59 14 4 |83 6 58 140 |197 109 |37 88 32 175 34 64 110 164 192 |95 182 169 162 52 |115 155 100 |1 118 41 69 194 172 |96 71 56 70 |36 77 |147 156 146 183 131 187 |113 67 |193 107 103 |72 |170 
15149.4 211441
9 43 101 114 157 106 |166 165 136 19 167 20 39 |168 174 66 50 200 25 150 138 102 26 79 |33 142 195 92 85 62 154 8 180 75 |80 120 161 21 124 40 15 199 160 17 76 |145 29 68 112 31 45 188 18 5 23 11 |42 171 73 47 134 196 38 63 119 94 53 27 |121 51 89 128 177 123 149 57 22 |90 54 74 189 185 91 127 86 93 |111 13 133 184 84 122 98 159 163 125 46 16 135 158 ||126 |108 99 |187 96 |14 118 156 |105 116 |179 |178 |162 183 2 83 |198 109 |77 69 |30 130 104 186 |71 |115 |172 |87 59 36 152 |132 |193 4 170 24 52 |129 173 3 61 58 194 |7 65 155 107 |72 |37 88 32 175 34 64 110 164 192 |95 140 182 169 |81 |176 147 |44 |49 |55 |10 113 |148 41 139 197 |28 |70 |103 190 6 |82 12 151 |78 |100 153 144 |191 |56 35 143 48 141 137 |181 146 131 |117 60 |1 67 97 
16597.9 202763
40 122 133 13 160 17 |42 80 84 184 199 15 98 |18 5 101 157 9 114 92 62 8 75 158 |174 54 168 74 189 51 136 121 19 20 |50 66 200 185 91 127 150 138 123 149 102 86 26 79 27 |25 89 128 177 38 63 94 57 22 53 |120 161 124 21 33 142 85 154 180 |166 195 163 159 125 46 16 135 76 |90 43 165 167 106 39 93 |111 73 31 171 29 145 68 112 45 188 196 134 47 119 23 11 ||64 129 60 173 |144 |65 |34 56 |179 61 |130 |87 |182 155 |169 |132 |153 175 |58 |115 |164 |151 3 |104 137 70 |2 |108 |48 181 |99 59 69 152 |28 24 88 71 52 113 131 |7 67 |97 146 |55 192 10 37 162 183 |77 148 78 |82 118 96 30 |198 139 |35 105 32 116 |187 |41 178 193 |44 |1 117 |126 143 |81 4 |6 194 12 103 14 107 |141 100 49 197 156 36 191 |140 83 109 190 |176 170 |172 |95 |147 |186 72 110 
17078.2 197020
174 74 50 200 185 91 127 102 86 79 27 |165 43 9 114 101 62 154 8 180 75 |171 29 145 38 63 119 94 57 22 53 |42 111 133 84 122 15 98 46 16 158 |168 66 25 89 177 150 138 123 149 26 |128 68 112 31 73 45 188 196 134 47 18 5 23 11 |54 90 189 51 121 136 19 167 20 106 39 93 |120 161 21 124 40 142 159 163 125 135 |33 199 80 184 13 160 17 |157 166 195 92 85 76 ||60 35 3 144 |67 |95 44 2 96 |155 |6 151 4 182 |198 193 55 105 |131 181 34 |179 |164 30 |113 |71 |137 |78 115 116 192 |172 |82 139 |104 |37 |97 70 52 24 88 173 56 |32 129 |152 |183 58 69 |153 |48 41 178 |175 28 117 |109 |146 118 187 |81 |140 147 |77 |156 162 |61 65 |130 186 |132 99 110 |170 169 143 87 108 |72 148 |107 12 176 197 |100 |10 7 36 |191 |49 126 14 141 |1 59 64 190 |194 83 103 |
21124 192542

Time:10
Last Iter:10
Last Update:10
Tabu:0
Last Time10
14
136 165 9 157 75 144 16 70 119 38 91 66 168 |56 187 106 54 160 178 73 171 29 |51 64 25 175 8 92 114 135 15 199 84 134 145 |112 196 63 123 150 50 167 154 62 101 166 142 33 |46 159 76 96 65 3 12 22 86 127 121 185 200 111 184 80 |41 37 180 131 194 107 18 23 53 57 27 126 90 139 |45 188 153 138 102 137 39 11 115 17 104 183 85 124 122 13 |149 177 191 95 49 31 68 42 69 148 133 103 161 120 21 158 79 26 189 |197 198 146 36 47 94 116 89 28 105 20 93 190 163 195 |174 74 60 32 19 77 152 172 186 5 128 43 125 98 40 ||179 99 109 155 14 118 |181 24 71 162 52 6 |78 97 82 |87 10 164 44 61 59 4 |1 83 193 176 141 |34 7 |173 88 147 2 |117 143 48 |182 140 100 |192 151 30 58 132 81 169 |129 72 55 67 108 110 |35 156 170 130 113 |
8669.24 773727
86 110 50 136 20 4 6 40 122 184 42 |31 112 45 36 134 156 119 23 59 190 78 160 167 74 168 |62 85 114 79 22 188 171 29 199 98 80 |11 27 93 39 158 135 162 125 163 159 21 120 94 149 177 89 25 200 174 |189 60 32 51 67 26 137 109 38 145 13 17 142 33 |16 144 8 101 157 175 90 34 10 19 138 57 18 |178 46 131 187 106 180 154 43 72 166 81 128 91 185 54 |195 24 165 147 64 66 44 139 146 47 5 76 15 133 |127 121 105 87 7 150 53 196 95 69 111 148 169 161 75 92 |123 192 102 141 88 9 37 113 124 107 84 194 100 73 68 63 ||170 49 116 151 193 132 |83 117 140 118 198 130 |153 |97 103 58 96 52 56 173 |35 143 126 181 48 129 71 |55 77 99 179 191 197 30 |14 82 104 176 61 164 3 |28 108 115 12 155 65 2 172 183 |41 70 182 1 186 152 |
8918.1 732437
143 149 86 79 93 121 54 92 166 125 42 |128 38 119 23 57 182 15 21 |164 35 116 139 145 188 133 122 53 26 102 136 19 167 114 9 185 200 66 |45 134 49 95 177 111 84 124 |56 85 154 131 46 194 17 160 169 199 27 123 138 25 91 74 165 |187 172 30 96 76 6 33 184 18 171 89 50 129 43 157 195 |68 63 11 39 106 55 147 87 28 168 62 158 13 80 161 |5 31 196 198 197 109 127 126 34 189 174 141 180 75 144 98 |8 20 51 64 90 60 94 191 44 47 59 73 112 |29 100 61 22 192 150 135 16 41 163 159 178 142 40 120 101 ||81 132 58 148 65 3 155 170 176 |103 118 72 173 108 |7 10 |130 156 12 2 137 52 |77 115 36 146 175 |104 83 24 |97 69 78 186 152 151 113 |67 110 99 179 181 71 162 |193 117 |48 105 32 153 190 4 |37 70 107 14 1 140 82 183 |88 |
9325.16 716402
136 165 9 157 75 144 16 70 119 38 91 66 174 168 74 |56 187 106 54 160 182 73 171 29 |51 64 25 175 8 92 114 135 15 199 84 134 145 |112 196 63 123 150 50 167 154 62 101 166 142 33 98 |19 43 125 46 159 76 96 65 5 3 |22 86 127 121 185 200 111 184 80 |41 37 180 131 143 107 18 23 53 57 27 126 90 128 139 |45 188 153 138 102 137 39 11 115 17 104 183 85 40 124 122 13 |149 177 191 95 49 31 68 42 69 148 133 103 161 120 21 158 79 26 189 |197 198 146 36 47 94 116 89 147 105 20 93 190 163 195 ||60 32 77 152 172 186 |179 99 109 173 |2 24 71 162 140 6 |78 97 82 14 118 |87 10 88 61 59 |1 83 193 176 141 |34 7 44 4 |12 155 164 28 181 48 129 |194 169 178 52 100 |192 151 30 58 132 81 |117 72 55 67 108 |35 156 170 130 113 |110 |
9875.35 685019
174 54 168 74 90 189 185 91 51 121 136 19 106 39 |4 156 101 114 71 43 167 20 |95 56 6 160 17 176 76 183 |197 36 34 126 153 3 |144 113 65 13 133 184 84 122 199 107 135 |111 42 73 31 171 29 145 68 112 45 188 18 5 23 11 |98 177 63 38 196 134 47 119 94 57 22 53 27 |15 80 120 161 40 124 21 33 142 159 163 125 46 16 93 |128 200 66 50 89 25 149 123 150 138 127 102 86 26 79 |165 9 157 166 195 92 85 62 154 8 180 75 158 ||10 |152 105 |99 108 |77 55 187 30 |103 83 67 190 |60 179 2 |132 |115 141 173 32 146 |151 96 104 182 78 49 |162 70 140 82 186 |88 72 87 64 7 61 |59 170 198 |35 44 139 148 131 137 |37 |1 97 118 117 |12 |164 |181 48 129 |178 |130 109 172 |58 |100 155 192 |110 143 28 69 |193 81 |194 41 24 |169 14 |52 191 116 147 175 
10619 250495
91 185 168 74 189 90 77 |179 89 128 153 38 196 134 47 94 57 22 53 |195 157 114 101 62 8 75 158 |166 40 159 163 125 46 16 135 76 |199 122 184 133 111 119 63 177 150 138 123 149 |145 29 68 171 112 188 45 31 73 42 18 5 23 11 |84 80 120 161 124 21 33 142 98 15 160 17 |13 51 136 121 19 167 20 106 39 93 |165 43 9 92 85 154 180 |54 174 66 50 200 25 127 102 86 26 79 27 ||34 |99 126 |141 172 |81 4 2 |36 30 96 162 |146 49 3 59 69 186 115 116 |187 56 60 87 12 |132 1 14 118 178 113 37 |192 130 95 |151 |175 129 55 |169 194 6 103 97 143 |152 108 109 10 173 |182 71 52 183 |83 7 |72 147 65 78 58 |82 104 32 105 28 |197 |41 144 64 48 181 110 |61 170 139 191 70 |148 155 156 |44 190 35 198 67 |164 176 117 140 137 |24 88 193 107 |131 100 
14186.2 220598
193 15 40 124 33 142 178 159 163 125 46 16 135 158 |127 102 166 92 62 180 27 |21 120 161 122 80 140 84 184 |98 195 85 154 8 75 |157 9 114 101 43 165 167 20 93 |50 54 168 74 189 185 91 51 121 136 19 106 39 |90 174 66 200 25 89 128 177 150 138 123 149 86 26 79 |145 112 73 45 188 196 134 38 63 94 57 22 53 |29 68 171 31 42 47 18 5 119 23 11 |199 111 133 13 160 17 76 ||146 |95 34 |69 |148 194 107 137 37 41 |187 |83 30 |115 162 109 56 |78 172 60 44 |116 117 |28 |156 100 1 132 |179 118 59 2 55 |36 |88 77 175 71 |173 130 |103 |7 |48 24 58 |81 |72 65 147 |183 |139 49 |153 12 |61 6 |4 |35 151 |164 |190 |52 169 182 176 108 32 87 99 |113 191 198 |97 104 96 144 186 14 |126 152 131 181 10 141 |170 |70 |197 82 155 |3 192 |110 143 129 |67 64 105 
17441.3 216527
145 68 31 73 47 18 5 23 11 |54 90 74 168 174 200 185 91 127 102 86 26 79 |43 165 189 51 121 136 19 167 20 106 39 |66 50 25 89 128 177 150 138 123 149 |29 171 112 45 188 196 134 119 53 |120 80 122 199 15 98 76 158 |21 40 33 142 159 163 125 46 16 135 93 |195 166 157 9 101 114 92 85 62 154 8 180 75 |111 42 38 63 94 57 22 27 |124 161 84 184 133 13 160 17 ||182 58 65 |144 |192 |115 |153 146 |147 48 |41 118 |37 183 107 103 186 59 |61 4 151 187 56 |30 |14 81 |164 |175 126 117 178 113 |141 55 |6 132 49 |2 156 7 64 108 71 |88 137 |24 |78 60 95 152 |83 |35 44 139 148 131 |172 173 181 10 116 109 |69 72 77 194 |12 36 170 130 |1 |176 169 32 87 |34 191 198 |97 104 96 162 70 |197 82 |179 3 155 99 |110 143 28 129 |190 67 52 105 |193 100 |140 |
17506.9 202158
145 68 31 73 47 18 5 23 11 |54 90 74 168 174 200 185 91 127 102 86 26 79 |43 165 189 51 121 136 19 167 20 106 39 |66 50 25 89 128 177 150 138 123 149 |29 171 112 45 188 196 134 119 53 |120 80 122 199 15 98 76 158 |21 40 33 142 159 163 125 46 16 135 93 |195 166 157 9 101 114 92 85 62 154 8 180 75 |111 42 38 63 94 57 22 27 |124 161 84 184 133 13 160 17 ||146 103 |170 186 |141 152 181 |10 |34 126 |69 |194 107 41 137 187 |132 30 |162 37 56 |78 172 60 |44 |148 109 35 |156 |179 |77 95 |192 |151 |116 175 129 110 2 |83 117 65 118 |143 3 100 88 |130 |14 81 |191 12 |48 24 |58 |183 49 |147 |67 |153 |173 7 6 |4 |139 99 |52 |115 169 182 176 108 32 87 |113 72 |198 |97 104 96 144 70 |197 82 |55 61 155 59 164 131 |71 1 |28 |190 36 64 105 |193 178 |140 |
17653.4 190705
145 68 31 73 47 18 5 23 11 |54 90 74 168 174 200 185 91 127 102 86 26 79 |43 165 189 51 121 136 19 167 20 106 39 |66 50 25 89 128 177 150 138 123 149 |29 171 112 45 188 196 134 119 53 |120 80 122 199 15 98 76 158 |21 40 33 142 159 163 125 46 16 135 93 |195 166 157 9 101 114 92 85 62 154 8 180 75 |111 42 38 63 94 57 22 27 |124 161 84 184 133 13 160 17 ||59 |70 |32 |49 118 181 |10 |198 34 |193 |176 107 |6 141 |2 |132 30 |115 |58 |1 87 60 48 |117 |24 83 |95 194 56 |109 |162 |14 37 183 155 4 |187 131 |96 |146 129 192 |130 |151 |175 110 |143 |61 186 |179 77 35 67 164 |71 |81 |191 12 |182 |104 |55 108 197 |173 72 64 |65 97 |172 152 |103 178 105 52 144 |7 147 139 44 137 |156 170 113 169 190 148 |28 69 126 99 |88 100 140 82 |36 116 |78 |41 |153 |3 |
18667.1 186454
145 68 31 73 47 18 5 23 11 |54 90 74 168 174 200 185 91 127 102 86 26 79 |43 165 189 51 121 136 19 167 20 106 39 |66 50 25 89 128 177 150 138 123 149 |29 171 112 45 188 196 134 119 53 |120 80 122 199 15 98 76 158 |21 40 33 142 159 163 125 46 16 135 93 |195 166 157 9 101 114 92 85 62 154 8 180 75 |111 42 38 63 94 57 22 27 |124 161 84 184 133 13 160 17 ||146 103 |170 |141 152 181 |10 |34 126 95 |37 148 194 107 41 137 |132 187 4 |30 162 56 |44 172 60 |116 109 117 |156 |83 |130 |192 |175 129 110 |179 143 |118 |2 |61 186 |191 77 |67 164 |71 14 |48 24 81 |147 49 12 |182 183 |173 |35 |72 151 65 78 58 |104 32 105 28 |197 |108 |99 |97 52 87 144 |198 113 82 176 |6 96 155 70 |139 7 115 |55 3 190 59 |131 1 169 |88 |69 |100 |193 36 64 |153 |178 |140 |
18810.3 185656
166 114 195 157 9 92 101 43 167 20 106 39 93 |161 80 111 133 13 160 76 |145 68 112 31 73 42 18 5 23 |89 128 38 63 177 150 138 123 149 57 79 27 |120 184 84 122 199 98 46 125 16 135 158 |163 159 142 33 21 124 40 15 17 |165 85 62 154 8 180 75 11 |174 54 168 74 189 51 136 19 121 22 |29 171 45 188 196 134 47 119 94 53 |90 50 66 200 25 185 91 127 102 86 26 ||198 |176 70 |186 |82 87 |61 58 115 |143 187 32 |117 |3 130 30 6 |146 129 |183 |131 |182 |132 |192 96 105 60 |24 |141 |193 4 169 65 |181 175 99 34 164 |69 |55 71 10 7 179 126 |83 |48 |2 81 |191 172 |72 |173 147 |78 |139 49 |12 |88 |64 |1 35 151 |28 |52 77 |56 170 108 |37 |110 |113 162 |97 104 116 144 |197 152 14 |155 107 137 |156 194 |95 190 148 |103 |100 67 |36 |118 |41 44 109 59 |153 |178 |140 |
20389.6 185472
145 68 31 73 47 18 5 23 11 |54 90 74 168 174 200 185 91 127 102 86 26 79 |43 165 189 51 121 136 19 167 20 106 39 |66 50 25 89 128 177 150 138 123 149 |29 171 112 45 188 196 134 119 53 |120 80 122 199 15 98 76 158 |21 40 33 142 159 163 125 46 16 135 93 |195 166 157 9 101 114 92 85 62 154 8 180 75 |111 42 38 63 94 57 22 27 |124 161 84 184 133 13 160 17 ||146 186 14 |170 |141 152 181 |10 |95 34 |194 107 37 41 |187 4 |30 |115 162 109 56 |78 172 60 44 116 |28 126 |117 |132 |59 |83 2 |118 55 |88 77 175 71 |173 110 130 |7 103 |61 |179 |48 |24 81 |191 58 |72 |65 147 |183 |139 49 |12 |6 |64 |1 35 151 |164 |52 169 |182 176 108 |32 |99 |113 198 |97 104 96 144 70 |197 82 |155 192 137 |156 143 |129 190 148 |69 |100 67 |36 |87 |3 131 193 105 |153 |178 |140 |
22017.6 184797
145 68 31 73 47 18 5 23 11 |54 90 74 168 174 200 185 91 127 102 86 26 79 |43 165 189 51 121 136 19 167 20 106 39 |66 50 25 89 128 177 150 138 123 149 |29 171 112 45 188 196 134 119 53 |120 80 122 199 15 98 76 158 |21 40 33 142 159 163 125 46 16 135 93 |195 166 157 9 101 114 92 85 62 154 8 180 75 |111 42 38 63 94 57 22 27 |124 161 84 184 133 13 160 17 ||183 |70 |32 |49 155 181 |10 |198 34 |193 |176 107 |6 4 |187 |132 30 |115 |58 |131 87 60 48 |117 |96 44 156 153 |83 |130 95 |192 |151 |175 129 110 |143 |118 |2 |61 186 |179 77 35 67 164 |71 14 |81 |191 12 |182 56 |104 |55 108 109 197 59 141 |173 37 72 64 |65 |41 |147 137 |190 |52 169 162 69 |113 24 126 |97 148 116 144 |170 172 99 146 |7 82 103 |152 28 |36 100 |88 |1 |139 |3 78 194 |105 |178 |140 |
22427.2 184657

Time:12
Last Iter:10
Last Update:10
Tabu:0
Last Time12
12
110 127 121 105 165 93 150 5 17 124 21 33 120 145 |189 48 174 123 94 158 104 199 122 161 167 |90 91 25 86 27 39 136 154 62 135 80 45 68 38 |42 73 196 119 63 149 89 74 43 |108 67 185 54 177 3 18 188 112 160 184 40 163 |50 66 200 34 28 51 32 168 138 115 22 23 190 134 76 46 114 157 |19 20 77 79 57 61 186 4 183 172 75 162 118 103 84 133 170 171 |85 92 9 8 131 16 125 70 117 1 13 78 47 53 26 128 |88 101 173 106 137 126 116 109 191 31 2 169 15 142 159 195 166 |55 102 164 11 96 81 132 6 98 180 175 156 29 111 ||193 58 41 52 179 |36 130 139 44 65 148 14 194 |151 56 37 178 |64 147 181 35 59 30 |187 71 24 72 99 7 |95 |60 10 152 176 97 140 |49 198 83 82 182 107 144 |197 153 69 113 |141 129 87 143 192 12 155 100 |146 |
8898.57 765652
54 32 141 9 166 142 15 11 23 27 63 |103 132 13 78 186 45 29 91 92 163 |145 68 170 31 188 198 59 148 167 90 101 195 |158 8 88 19 86 127 150 149 179 50 171 42 33 |159 199 97 184 14 161 65 155 156 119 22 57 26 106 114 177 89 |157 71 24 43 180 75 131 16 178 40 118 122 85 102 94 168 |160 104 81 107 1 5 134 191 128 110 51 165 154 46 |111 133 84 80 120 124 98 113 125 96 176 30 53 79 93 39 121 189 74 200 66 38 47 |25 185 123 153 49 112 190 17 21 41 20 |174 28 105 147 136 108 152 138 196 73 18 69 193 76 135 62 ||117 140 6 4 172 100 |197 109 116 12 3 137 77 67 126 |52 |10 87 144 56 |95 7 181 55 183 |70 |72 37 162 60 61 |169 58 82 146 139 164 |64 99 34 143 |187 151 194 182 36 130 35 192 |2 115 44 48 129 175 173 |83 |
9163.09 750468
17 30 65 38 25 200 20 101 125 46 15 21 161 122 184 |8 62 85 52 16 199 124 11 26 91 89 73 |47 198 112 31 171 177 102 121 76 33 |28 50 191 100 80 159 157 |49 95 188 45 29 44 153 116 7 174 51 158 98 163 92 195 |61 12 36 145 133 97 103 6 56 9 166 167 106 |165 88 37 70 182 117 190 18 3 119 23 63 93 39 19 90 189 66 |138 123 149 127 185 168 54 141 43 41 107 13 160 53 196 68 |24 71 154 180 75 131 27 150 128 34 74 183 142 84 42 |132 40 120 111 5 94 22 57 79 137 86 110 136 135 114 134 ||178 162 144 152 77 55 48 10 126 |96 148 113 104 194 14 155 |69 59 2 4 187 105 143 192 |151 108 164 35 139 156 170 |32 175 60 181 |140 82 83 193 176 179 147 |72 118 78 186 |109 |129 115 172 169 81 58 1 |67 99 64 87 173 |197 146 130 |
9300.37 727978
151 65 23 115 17 135 43 181 54 91 50 29 13 133 122 |82 15 76 42 112 128 127 102 26 |12 153 123 138 93 154 103 120 161 |199 78 145 177 25 174 121 165 62 180 158 27 57 |85 47 188 68 139 63 119 |186 30 176 20 9 166 142 185 200 ||86 137 152 167 173 72 41 16 40 124 21 80 1 160 5 18 22 150 189 74 136 |184 84 140 33 159 163 75 96 53 94 149 19 90 66 134 |157 24 92 195 37 52 125 46 98 169 132 14 100 73 45 198 197 11 106 168 51 |39 79 126 87 89 38 196 36 49 31 171 111 148 101 114 8 ||172 194 58 118 |179 164 109 95 182 107 144 |141 105 28 110 143 44 146 156 3 61 |69 59 2 4 104 97 70 178 113 |191 130 34 129 |83 71 |147 60 99 7 108 77 56 162 |48 10 192 155 170 |64 175 |193 81 6 117 190 116 67 |187 55 32 88 131 183 35 |
9727.37 674567
54 189 128 177 188 47 17 11 |31 195 154 8 180 39 |84 80 133 73 45 112 171 68 38 63 |93 106 151 187 125 85 72 88 121 86 138 22 119 160 |196 134 18 42 29 89 185 57 40 43 165 |162 159 98 184 120 20 71 74 174 66 50 25 150 123 |102 67 79 53 23 145 200 62 16 163 142 124 161 199 76 158 |172 152 26 149 35 94 156 59 5 46 114 24 157 51 91 |122 140 107 21 33 70 183 108 168 9 92 |27 137 192 164 116 179 127 19 167 75 144 135 15 13 111 101 166 90 136 ||48 34 191 |56 178 190 36 49 |153 64 147 |4 58 1 78 100 170 146 61 |105 87 109 44 130 148 |37 |12 65 118 41 6 81 104 176 |99 28 10 141 173 32 77 110 |115 95 139 |113 169 14 69 155 197 |55 126 175 129 60 186 |83 |3 198 7 143 181 |52 182 117 132 194 193 131 96 30 |2 97 103 82 |
11528.8 579899
193 59 155 190 88 101 62 154 8 75 |50 66 174 168 54 74 189 147 180 41 158 |51 9 157 72 166 195 85 52 125 46 16 135 |6 159 163 26 86 102 149 123 150 138 127 121 136 19 106 39 |199 111 100 42 171 112 31 73 36 18 5 |79 142 33 21 124 122 103 84 40 15 98 76 |2 32 185 91 25 128 177 63 38 49 188 47 23 11 |10 7 89 197 145 29 68 45 196 134 119 94 22 53 |200 90 165 56 92 114 24 43 167 20 93 27 |57 120 161 80 184 14 133 13 160 17 ||1 |48 |170 |117 |96 30 148 65 |172 78 |169 140 |198 4 |187 67 87 181 12 176 |131 118 |179 164 109 95 107 144 |105 28 110 143 44 156 3 61 |151 194 104 97 70 178 113 71 |191 130 108 137 |55 152 183 81 |116 153 |182 69 |141 |34 132 58 186 |35 60 129 |146 139 |175 162 82 |173 |83 |192 37 77 115 64 126 99 
13348.5 267426
168 25 185 91 51 127 102 86 26 79 27 |157 9 101 43 165 121 57 22 |174 50 66 200 89 128 177 150 138 123 149 |29 145 68 112 188 38 63 94 53 |42 171 31 73 45 196 134 47 119 11 |120 161 21 33 40 199 160 17 76 |124 15 98 142 159 163 46 16 135 158 |125 195 166 114 92 85 62 154 8 180 75 |54 74 189 90 136 19 167 20 106 39 93 |122 80 84 184 133 13 111 18 5 23 ||87 99 |44 36 170 198 59 148 97 14 |28 105 147 108 152 194 193 131 |117 140 6 4 172 100 65 176 30 |197 109 116 12 3 137 77 67 126 110 |52 88 179 155 78 |71 24 178 118 81 107 1 96 |191 113 190 49 |153 41 103 |10 144 56 |95 7 181 55 183 |70 |69 156 104 182 |141 151 |34 132 58 187 186 |192 35 48 60 129 32 2 |175 162 82 |173 72 143 139 |146 |83 |169 115 37 |64 130 164 |61 |
14378.1 215457
168 25 185 91 51 127 102 86 26 79 27 |157 9 101 43 165 121 57 22 |174 50 66 200 89 128 177 150 138 123 149 |29 145 68 112 188 38 63 94 53 |42 171 31 73 45 196 134 47 119 11 |120 161 21 33 40 199 160 17 76 |124 15 98 142 159 163 46 16 135 158 |125 195 166 114 92 85 62 154 8 180 75 |54 74 189 90 136 19 167 20 106 39 93 |122 80 84 184 133 13 111 18 5 23 ||87 99 |44 36 170 198 59 148 97 14 104 |28 105 147 108 152 69 193 131 |117 140 6 4 172 100 65 176 30 |197 109 116 12 3 137 77 67 126 110 |52 88 179 155 156 49 |71 24 178 118 81 107 1 96 |191 113 190 |153 41 |10 144 56 |95 7 181 55 183 |70 |78 103 169 194 182 164 192 |141 |186 |151 187 |64 |2 |35 48 60 129 32 |72 143 146 139 |175 162 82 |173 |83 |58 115 37 |132 130 34 |61 |
15047.8 213001
21 124 40 33 142 159 163 125 46 16 158 |120 161 122 84 199 15 98 135 76 |80 184 111 133 13 160 17 |29 171 31 73 42 18 5 23 11 |91 145 68 112 45 188 196 134 47 119 94 53 |195 157 9 114 92 85 62 154 8 180 75 22 |90 66 50 167 20 106 39 93 |38 63 128 177 123 149 57 |89 174 168 54 74 189 185 200 25 150 138 26 79 |166 101 43 165 19 136 121 51 127 102 86 27 ||87 99 |172 |144 |2 59 28 |179 49 81 14 118 178 |61 12 36 97 103 6 152 |88 37 116 |1 117 |193 107 190 3 |24 71 131 |197 |137 110 |191 |176 |126 164 65 78 148 30 |194 41 77 10 105 |140 |44 147 |169 |109 52 155 |113 |56 |153 64 108 |95 7 181 55 183 |70 |69 156 104 182 |141 151 34 132 58 187 |130 35 48 60 129 32 |72 143 146 139 186 |175 162 82 |173 |83 |170 4 96 115 |100 |198 67 192 |
16966.6 202788
124 40 33 142 159 163 125 46 16 158 |120 161 122 84 15 98 135 |80 184 111 133 13 160 17 |29 171 31 73 42 18 5 23 11 |91 145 68 112 45 188 196 134 47 119 94 53 |195 157 9 114 92 85 62 154 8 180 75 22 |90 66 50 38 63 128 177 123 149 57 |89 174 168 54 74 189 185 200 25 150 138 26 79 |166 101 43 165 19 136 121 51 127 102 86 27 |21 199 76 167 20 106 39 93 ||87 99 |172 |144 |2 59 28 |179 49 81 14 118 178 |61 12 36 97 103 6 152 |88 37 116 |1 117 |193 107 190 3 |24 71 131 |197 |137 110 |191 |170 130 82 58 |96 |146 |139 |143 |77 41 |141 |181 48 169 |198 69 |147 175 30 |109 35 |156 115 64 |78 153 100 |52 194 104 |72 151 187 |182 |32 70 105 |95 10 65 155 |7 113 83 |44 |176 126 164 148 108 55 |140 56 183 |34 132 186 |60 129 |162 |173 |4 |67 192 |
19250.5 197145
89 50 66 200 185 91 25 138 150 123 149 57 22 |13 133 199 124 15 98 76 |174 54 168 74 90 189 51 136 121 93 |145 29 68 171 112 31 73 45 188 196 134 119 94 53 |157 9 43 165 19 167 39 79 27 |38 63 128 177 127 102 86 26 20 106 |195 166 101 114 92 85 62 154 8 180 75 |161 21 33 142 159 163 125 46 16 135 158 |40 111 42 47 18 5 23 11 |120 80 122 84 184 160 17 ||87 99 |172 |144 |2 59 28 |179 49 81 14 118 178 |61 12 36 97 103 6 152 |88 37 116 |1 117 |193 107 190 3 |24 71 131 |197 |137 110 |191 |176 |126 164 65 78 148 30 |194 41 77 10 105 |140 |44 147 |169 |109 52 155 |113 |56 |153 64 108 |95 7 181 55 183 |70 |67 143 58 104 141 32 |175 82 83 96 |156 198 100 170 |146 151 115 |129 |182 72 |69 |48 |35 |60 |34 130 187 186 |173 4 162 132 |139 192 |
20813.2 196667
89 50 66 200 185 91 25 138 150 123 149 57 22 |13 133 199 124 15 98 76 |174 54 168 74 90 189 51 136 121 93 |145 29 68 171 112 31 73 45 188 196 134 119 94 53 |157 9 43 165 19 167 39 79 27 |38 63 128 177 127 102 86 26 20 106 |195 166 101 114 92 85 62 154 8 180 75 |161 21 33 142 159 163 125 46 16 135 158 |40 111 42 47 18 5 23 11 |120 80 122 84 184 160 17 ||143 |187 146 |35 151 65 |156 130 170 181 |71 131 |103 104 |139 69 176 |137 41 |96 |24 37 132 |28 105 87 49 152 |140 193 2 192 30 |3 52 64 108 |44 153 97 |107 162 |88 |70 |144 61 191 164 34 126 55 |194 |147 |116 198 78 118 |48 |115 |12 |1 |14 100 99 |72 36 |58 77 |32 67 |95 10 |7 186 155 6 |113 197 |117 |56 109 190 |148 |110 81 179 |59 129 |60 |175 |82 |173 |83 |172 |183 |4 |182 178 |141 |169 |
22687.9 188580

Time:12
Last Iter:10
Last Update:10
Tabu:0
Last Time12
17
83 84 194 76 5 145 89 185 165 43 |34 168 174 66 25 127 180 195 113 15 17 133 188 45 |58 81 124 161 135 75 85 114 9 54 102 57 196 171 29 |31 134 38 128 94 19 74 |186 23 12 3 49 68 149 79 27 39 121 51 50 157 159 21 |33 144 154 56 92 166 60 181 10 99 177 18 112 |7 143 91 110 35 63 119 53 20 147 8 125 46 16 163 142 199 117 |2 11 22 61 36 73 198 116 123 86 108 106 167 101 189 13 111 |150 138 44 47 100 69 160 4 176 93 131 52 24 40 184 80 |136 87 90 200 26 77 158 41 62 98 118 122 120 42 ||152 151 115 192 64 156 170 190 30 |169 48 175 32 55 141 |97 103 |197 109 67 173 71 183 96 |6 178 1 82 148 |129 |155 65 193 172 187 179 28 126 137 |78 139 153 59 14 |164 191 95 146 182 107 70 |105 88 72 37 162 104 132 |130 140 |
8869.26 765059
200 54 86 109 47 160 15 159 135 62 |31 112 29 139 63 94 18 122 75 66 174 |25 64 149 177 191 197 23 27 93 20 8 154 92 9 157 163 46 |140 80 14 133 42 73 11 76 26 51 50 167 43 |72 101 147 34 91 74 48 168 89 138 38 134 5 13 199 124 |17 193 158 106 105 150 53 186 188 184 98 142 |96 194 81 58 16 125 88 19 136 126 127 108 137 57 22 128 171 |165 32 67 110 143 7 129 77 39 151 119 68 111 84 161 40 |41 85 180 173 166 33 21 83 97 132 107 30 123 121 189 90 |146 145 45 196 164 192 102 79 185 181 114 195 120 ||4 104 169 178 162 71 152 |44 95 198 118 117 |37 |60 55 187 1 82 |59 155 100 61 49 35 130 |190 78 148 176 183 131 56 24 |182 103 175 28 10 179 |115 116 153 156 170 99 |65 69 3 172 144 141 87 |2 12 36 6 70 113 52 |
8972.14 738675
34 129 121 57 171 76 135 125 159 122 84 |68 170 191 50 79 75 85 195 46 133 |33 162 166 19 127 138 123 94 111 13 |173 43 141 105 51 126 25 66 196 114 |189 10 200 91 150 115 11 93 180 101 92 |80 184 98 178 151 165 74 54 188 145 |103 118 97 40 6 124 16 158 8 167 77 136 32 175 181 185 177 38 134 47 5 23 |128 63 119 61 176 17 160 1 78 42 83 120 142 41 154 20 106 157 |45 73 36 130 29 22 53 27 39 192 149 28 90 9 163 161 |62 131 172 152 26 86 102 147 87 168 174 89 198 112 31 18 199 15 21 ||179 164 197 146 182 |52 72 140 14 117 104 194 |186 113 |70 132 58 4 96 137 |24 88 82 69 116 |71 143 35 44 |81 193 30 65 155 12 67 99 108 |3 190 139 153 109 110 48 60 |187 144 37 |156 59 148 2 64 7 55 |183 49 95 100 169 107 |56 |
9295.06 694901
9 184 104 |148 18 47 138 102 180 8 159 142 84 |177 38 31 11 79 127 91 189 174 92 85 125 15 |191 164 192 53 27 93 19 126 10 62 16 135 80 42 188 68 171 |146 145 45 196 22 149 150 25 200 66 74 181 90 51 75 46 124 122 |107 33 178 41 96 194 160 13 69 100 112 156 134 29 39 106 167 136 |57 94 30 131 162 114 157 43 141 185 50 89 128 35 123 |101 24 154 56 195 163 76 81 133 155 73 119 26 86 121 |17 132 103 40 21 158 23 5 111 63 165 166 |199 58 98 161 120 72 20 137 109 168 54 ||88 151 172 2 190 78 193 |153 99 87 175 147 55 |105 |37 117 83 97 1 36 |197 70 |187 77 176 6 52 |129 60 28 64 143 67 |140 198 95 139 |108 |12 65 4 183 144 113 152 |7 173 71 |82 130 179 |59 61 186 115 49 44 32 |182 118 14 3 170 116 110 |34 48 |169 
9843.72 648134
41 142 194 23 53 22 18 73 161 43 9 136 127 89 150 149 |162 125 16 15 21 184 80 17 119 68 138 102 200 50 66 168 |195 8 76 160 57 123 177 128 91 |14 97 199 6 163 120 5 94 121 19 51 |37 33 103 84 4 96 78 39 27 165 189 74 25 145 31 47 |86 77 79 115 61 188 45 196 95 191 153 35 179 174 135 |46 98 124 40 182 122 117 83 133 13 148 |11 158 193 159 154 101 20 26 54 38 171 134 63 |157 166 72 114 92 85 62 180 75 151 167 106 93 137 |108 185 90 112 29 42 111 ||1 69 190 65 |130 164 |176 118 140 170 49 |52 70 169 116 139 |110 87 129 173 88 71 113 104 |3 |156 146 36 105 141 32 131 |81 132 107 178 183 |181 |82 100 155 30 152 67 |48 197 58 |147 175 198 28 192 |44 126 |186 2 12 59 172 55 99 64 34 |10 60 187 144 56 24 |109 7 |143 |
10428.9 553470
75 184 18 63 38 109 128 177 115 57 22 53 |33 124 120 161 97 199 15 98 194 4 76 183 135 158 |3 59 193 190 30 122 118 84 186 |188 45 112 171 29 130 68 145 139 198 196 156 134 49 119 12 23 11 |180 20 94 47 31 73 42 100 111 69 160 17 |163 159 142 40 21 82 80 140 103 133 13 148 5 2 |50 66 174 168 74 189 90 60 175 147 105 136 19 121 106 152 |8 154 62 10 200 89 25 185 91 64 102 108 27 |101 43 165 54 48 51 149 123 150 138 110 127 67 86 26 79 |167 24 88 9 157 114 92 72 166 195 37 56 85 125 46 16 131 39 93 ||169 107 61 |65 153 35 |132 |41 146 |164 |137 55 141 |14 117 |96 |104 99 182 58 78 |197 116 144 71 173 151 |32 44 113 |83 |77 176 6 52 |129 34 179 143 7 28 87 181 |191 95 36 |81 126 1 172 187 |155 170 192 178 70 162 
11204.5 294384
102 166 195 167 20 106 39 |160 17 157 62 180 86 26 27 |21 124 40 33 142 159 163 46 135 76 |168 174 50 66 185 91 51 127 121 136 19 93 |54 90 189 74 200 25 89 128 177 150 138 123 149 79 |133 13 111 47 18 5 57 22 |42 73 31 112 38 63 119 23 11 |80 120 161 122 84 184 199 15 98 125 16 158 |165 43 9 101 114 92 85 154 8 75 |29 145 68 171 45 188 196 134 94 53 ||126 60 |1 |132 6 113 71 88 |24 |56 144 52 178 107 81 96 131 |146 100 69 186 2 152 77 |97 118 140 78 87 |82 41 72 173 110 |103 169 4 183 30 115 36 59 |67 141 28 181 164 191 |14 83 |104 193 58 182 129 137 |48 192 108 55 109 116 49 |7 155 117 70 |95 99 197 32 151 |44 143 37 |64 105 |194 148 12 35 153 |190 156 139 10 198 |172 175 170 187 162 |179 34 65 176 3 61 |130 147 |
14232.6 229403
25 112 31 73 42 18 47 119 23 11 |145 50 66 200 179 138 149 |166 195 92 85 62 154 8 180 75 158 |17 199 15 98 40 124 21 33 142 159 163 125 46 16 135 76 |54 90 189 51 136 19 121 39 93 |174 168 74 185 91 127 102 86 26 79 |160 89 128 177 150 123 27 |29 171 68 45 188 196 134 38 63 57 22 |80 120 161 122 84 184 133 13 111 5 94 53 |157 9 114 101 43 165 167 20 106 ||126 60 |1 |132 6 113 71 88 |24 |56 144 52 178 107 81 96 131 |146 100 69 186 2 152 77 |97 118 140 78 87 |82 41 72 173 110 |103 169 4 183 30 115 |59 |67 141 28 181 164 191 |14 83 |36 |104 193 58 182 155 49 95 109 108 |151 64 143 48 105 55 192 7 |197 117 |129 |70 194 148 12 35 116 153 137 |190 156 139 34 198 |37 130 44 61 |65 147 162 176 172 187 |10 175 170 3 |32 99 |
14983.1 220847
145 29 130 171 68 112 31 73 47 18 5 23 11 |195 166 157 9 101 43 165 19 127 138 102 86 26 |177 128 168 185 91 150 123 149 79 27 |111 42 45 188 196 134 49 119 94 53 |174 50 66 200 25 89 44 38 63 57 22 |54 48 74 90 189 51 32 136 121 167 20 106 39 93 |163 159 142 15 124 161 122 84 199 182 |118 21 33 40 98 46 125 16 135 76 |62 120 80 184 158 |114 92 85 154 8 180 75 133 13 160 17 ||170 |116 |117 104 148 |192 126 10 |146 |41 96 |131 162 |35 |24 56 81 |132 |58 137 |151 172 2 190 78 193 105 |153 99 110 |103 169 4 183 30 115 36 59 |67 141 28 181 164 191 |14 |77 176 6 52 |129 34 179 143 7 |87 108 |95 |55 197 83 |70 37 72 107 97 194 |1 100 139 69 155 |109 156 |147 88 187 |175 178 113 140 65 3 |60 64 198 12 |144 152 |173 71 82 61 186 
15237 219773
21 124 40 33 142 113 159 163 46 135 76 |168 174 50 66 185 91 51 121 136 19 93 |54 90 189 74 200 25 89 128 177 138 79 |133 13 111 47 18 5 57 22 |42 73 31 112 38 63 119 23 11 |80 120 161 122 84 184 199 15 98 125 16 158 |165 43 9 101 114 92 85 154 8 75 |29 145 68 171 45 188 196 134 94 53 |160 17 149 123 150 127 102 86 26 27 |157 166 195 62 180 167 20 106 39 ||164 |169 109 |183 172 141 |153 148 |108 82 197 |130 24 88 |126 175 41 2 49 115 152 137 |187 59 144 78 151 |170 44 105 131 193 96 |35 10 71 173 99 |103 118 83 198 81 |12 116 |77 176 6 52 |129 34 179 143 7 28 87 181 |191 95 36 |67 110 30 4 69 155 |70 37 72 107 97 194 |1 100 139 |156 65 162 147 32 64 192 |58 146 117 182 104 |3 48 14 132 |140 61 56 |60 190 |186 55 |178 
15549.9 217381
21 124 40 33 142 113 159 163 46 135 76 |168 174 50 66 185 91 51 121 136 19 93 |54 90 189 74 200 25 89 128 177 138 79 |133 13 111 47 18 5 57 22 |42 73 31 112 38 63 119 23 11 |80 120 161 122 84 184 199 15 98 125 16 158 |165 43 9 101 114 92 85 154 8 75 |29 145 68 171 45 188 196 134 94 53 |160 17 149 123 150 127 102 86 26 27 |157 166 195 62 180 167 20 106 39 ||164 |191 109 |183 172 141 |153 148 |108 67 30 |77 24 6 |126 175 41 2 |115 |59 |170 44 105 151 131 |137 181 71 193 |103 118 83 198 95 99 |187 152 144 52 173 179 |194 58 56 88 28 34 32 |10 |12 116 49 |65 35 100 155 186 |96 81 107 140 82 146 197 |4 104 97 162 |143 78 176 37 169 |130 139 3 61 87 110 64 192 |48 14 69 132 |7 60 190 156 |72 147 129 |1 117 182 70 |36 55 |178 
16349.1 215038
120 161 21 124 40 15 135 |133 80 184 84 122 199 160 17 158 |195 62 101 43 165 167 20 106 39 93 |166 157 9 114 92 85 154 8 180 75 |33 98 142 159 163 125 46 16 76 |90 128 177 63 38 18 5 23 11 |29 145 68 171 31 112 45 196 134 47 119 53 |13 111 42 73 188 94 57 22 |89 91 185 50 66 200 25 138 150 123 149 26 79 |174 54 168 74 189 51 136 19 121 127 102 86 27 ||105 115 |12 77 |162 48 95 146 172 |61 176 181 126 151 192 |6 191 118 194 |129 173 141 131 67 186 |155 64 175 |164 |137 55 |14 117 70 |96 59 36 109 |104 |99 87 69 |182 58 78 116 197 |144 71 140 |83 113 37 88 |130 198 49 3 100 1 132 |41 72 82 |179 156 44 143 |2 81 56 108 |7 153 139 65 30 4 |187 60 34 52 24 |107 |169 193 35 28 152 |110 170 183 103 |178 190 10 |97 32 |147 |148 |
16517.2 211973
21 124 40 33 142 113 159 163 46 135 76 |168 174 50 66 185 91 51 121 136 19 93 |54 90 189 74 200 25 89 128 177 138 79 |133 13 111 47 18 5 57 22 |42 73 31 112 38 63 119 23 11 |80 120 161 122 84 184 199 15 98 125 16 158 |165 43 9 101 114 92 85 154 8 75 |29 145 68 171 45 188 196 134 94 53 |160 17 149 123 150 127 102 86 26 27 |157 166 195 62 180 167 20 106 39 ||164 |191 109 |183 172 141 |153 148 |108 67 30 |77 24 6 |126 175 41 2 |115 |59 |170 44 105 151 131 |137 181 71 193 |103 118 83 198 95 99 |187 152 144 52 173 179 |194 58 56 88 28 34 32 |10 82 |12 116 49 |65 35 100 155 186 |96 81 107 140 |146 197 |4 104 97 162 |143 78 176 37 |130 139 3 61 87 110 192 |48 14 69 132 |7 60 190 156 |72 147 129 64 |1 117 182 70 169 |36 55 |178 
17521.8 209867
21 124 40 33 142 113 159 163 46 135 76 |168 174 50 66 185 91 51 121 136 19 93 |54 90 189 74 200 25 89 128 177 138 79 |133 13 111 47 18 5 57 22 |42 73 31 112 38 63 119 23 11 |80 120 161 122 84 184 199 15 98 125 16 158 |165 43 9 101 114 92 85 154 8 75 |29 145 68 171 45 188 196 134 94 53 |160 17 149 123 150 127 102 86 26 27 |157 166 195 62 180 167 20 106 39 ||164 |191 109 |198 172 141 |153 148 |108 67 30 |77 24 6 |126 175 137 2 131 115 |59 |170 44 105 87 |82 41 72 173 110 |99 194 179 4 |56 88 28 34 32 169 |187 152 144 52 83 103 183 |95 |104 193 58 182 155 |12 116 49 |65 35 100 |186 |96 81 107 |146 197 |71 |97 162 |143 78 176 37 |130 139 3 |151 10 192 |48 14 69 |7 60 190 156 |181 147 129 64 |1 117 |70 118 |132 |140 |61 |36 55 |178 
17969.4 203192
21 124 40 33 142 113 159 163 46 135 76 |168 174 50 66 185 91 51 121 136 19 93 |54 90 189 74 200 25 89 128 177 138 79 |133 13 111 47 18 5 57 22 |42 73 31 112 38 63 119 23 11 |80 120 161 122 84 184 199 15 98 125 16 158 |165 43 9 101 114 92 85 154 8 75 |29 145 68 171 45 188 196 134 94 53 |160 17 149 123 150 127 102 86 26 27 |157 166 195 62 180 167 20 106 39 ||164 |191 109 |198 172 141 |153 148 |108 67 30 |24 6 |126 175 137 2 131 |115 |59 |170 44 105 |82 41 72 173 110 |103 169 4 183 95 |99 118 |132 |77 |52 |71 179 |56 88 34 |187 152 144 32 |10 |194 58 |28 116 49 |65 35 |100 155 |12 186 |96 81 107 140 |146 197 |83 104 162 78 176 |143 130 139 3 97 |61 151 193 192 87 48 |14 69 7 60 |190 156 37 |181 147 129 64 |1 117 182 70 |36 55 |178 
18242.6 200958
159 195 166 9 43 165 167 39 |157 114 92 85 62 154 8 180 75 |160 17 76 163 125 101 20 106 |90 189 51 136 19 121 93 |84 122 161 124 21 33 142 40 15 98 46 16 135 158 |120 80 184 199 133 13 18 5 23 11 |111 42 73 31 171 68 112 45 188 196 134 47 119 94 |66 50 200 25 91 150 138 123 149 79 27 |29 145 38 89 128 177 63 57 22 53 |174 54 168 74 185 127 102 86 26 ||110 |151 72 |37 162 |65 69 194 36 |96 |183 182 |28 143 109 95 61 187 |78 169 117 |115 44 186 176 |131 193 107 6 3 |1 35 7 |77 175 60 |41 |67 99 |71 |172 |56 129 30 |146 148 88 |100 170 178 |130 |137 |181 |103 118 |83 113 164 64 |108 49 |155 97 34 |24 132 |152 144 |173 |58 12 32 |10 |52 |81 190 |156 139 |198 |141 |179 105 153 197 116 |4 104 191 |140 |87 82 |192 2 |59 147 55 |14 126 70 |48 |
19762.1 195289
159 195 166 9 43 165 167 39 |157 114 92 85 62 154 8 180 75 |160 17 76 163 125 101 20 106 |90 189 51 136 19 121 93 |84 122 161 124 21 33 142 40 15 98 46 16 135 158 |120 80 184 199 133 13 18 5 23 11 |111 42 73 31 171 68 112 45 188 196 134 47 119 94 |66 50 200 25 91 150 138 123 149 79 27 |29 145 38 89 128 177 63 57 22 53 |174 54 168 74 185 127 102 86 26 ||110 |151 72 |87 |36 |65 |81 198 152 |59 105 28 |100 95 55 |78 |24 44 |186 |193 |6 131 |96 |77 175 |12 |49 |67 41 |99 |71 |172 35 |30 |103 |183 107 115 |191 169 2 |146 148 144 187 |48 170 7 143 |137 88 |109 178 104 |116 118 |129 181 |108 |155 |179 141 34 |113 164 |197 173 32 |10 |52 |190 |4 |156 |176 130 139 3 97 194 |64 37 |192 14 69 |132 |60 |82 |140 |162 |1 117 |70 182 58 |61 56 |126 83 |147 |153 |
22357.1 184175

Time:10
Last Iter:10
Last Update:10
Tabu:0
Last Time10
18
95 109 177 89 66 189 90 54 121 135 5 84 |190 65 186 119 57 123 102 110 64 34 74 168 50 128 167 62 101 195 159 76 |145 68 134 42 111 161 40 92 114 |2 58 184 124 21 180 106 19 136 149 157 |18 23 53 79 137 93 150 25 174 43 8 125 98 17 171 |91 185 179 48 181 55 77 86 115 164 63 191 197 146 112 170 133 142 85 |3 94 22 192 108 51 35 44 45 169 120 158 75 154 20 165 |118 122 107 33 117 160 148 59 31 139 38 11 27 39 200 ||16 46 41 163 113 81 182 132 69 78 61 188 73 198 29 138 127 26 9 |99 10 71 166 15 199 140 80 13 47 196 ||129 67 12 104 70 178 |151 131 162 193 194 82 155 |173 |153 156 36 4 183 97 14 |141 105 87 72 |56 6 103 30 96 1 |144 37 52 24 49 |100 130 |152 176 116 126 175 60 147 |88 187 28 7 143 32 172 |83 |
9000.54 783615
116 44 156 45 50 173 166 125 76 142 122 |67 110 99 51 90 89 57 79 167 180 101 9 157 195 15 84 160 31 |197 112 73 29 23 53 26 93 8 189 168 66 |103 161 117 46 92 88 138 63 196 42 174 |193 135 75 141 32 28 48 91 128 35 22 27 107 124 171 |47 146 191 86 136 147 54 62 40 13 |188 145 38 119 94 11 123 179 34 74 105 19 20 106 154 85 114 16 199 |163 113 183 4 169 1 184 118 80 133 61 95 68 177 150 200 165 43 |159 178 98 120 111 190 5 115 109 134 39 121 185 |149 102 108 127 126 143 25 153 170 18 186 17 182 97 21 33 158 ||65 30 137 192 87 181 10 |144 52 71 72 64 7 |83 172 151 176 69 36 |164 139 130 6 |155 3 12 2 96 194 81 37 56 |152 41 58 132 140 82 162 |24 60 |100 59 148 104 77 55 175 |49 198 78 14 187 131 |70 129 |
9100.85 775333
20 39 141 9 8 125 80 188 38 177 138 57 53 91 74 168 |180 85 93 102 185 17 133 184 |77 26 11 131 43 54 47 13 15 124 |190 18 61 156 35 128 127 167 16 46 76 199 84 142 |95 198 196 155 111 132 183 75 62 157 136 51 189 50 25 94 23 27 |88 101 37 113 98 6 40 118 122 140 97 81 160 158 86 123 42 120 |1 58 163 114 166 192 150 143 174 119 134 45 |195 92 154 151 106 79 135 159 33 21 182 14 78 5 63 200 ||152 19 90 144 178 169 161 59 73 31 171 145 22 |103 82 69 3 112 68 29 89 7 66 48 121 149 165 ||67 126 87 32 71 52 194 30 186 |117 191 49 12 |24 56 104 115 60 |2 99 105 34 44 139 170 36 |130 |147 175 181 116 153 197 |148 100 107 83 |109 146 |129 10 64 55 173 72 187 172 |176 96 193 4 65 164 179 28 110 108 137 |162 41 70 |
9317.93 704689
70 96 132 144 179 187 127 102 86 26 27 |160 40 21 161 120 55 33 124 184 80 140 122 118 84 199 182 58 169 104 |139 168 74 28 43 173 101 62 154 180 75 20 106 39 93 152 |68 88 65 195 166 157 9 114 92 85 8 162 41 163 159 142 98 15 176 17 76 |78 155 31 171 10 129 46 5 18 95 38 35 177 94 |34 136 189 54 174 66 149 22 |59 42 112 170 29 145 89 50 200 25 150 138 79 |111 133 13 167 165 90 51 185 91 121 |128 123 178 57 125 16 135 158 53 |19 110 63 73 108 45 188 196 134 47 119 23 11 ||103 82 69 3 7 |67 126 87 32 71 52 194 30 186 |117 191 49 12 |48 |24 193 |151 60 |1 37 192 |81 |156 36 4 183 97 |141 105 72 |147 175 181 153 |100 107 83 |109 |113 61 77 |146 |56 148 115 |137 |190 143 99 164 197 2 |14 6 131 198 116 |130 64 44 172 
10427.9 420453
184 133 13 47 134 168 185 91 86 |120 161 122 84 80 119 174 25 102 26 |17 111 45 188 196 50 66 200 57 |100 148 160 104 125 75 77 55 175 |49 198 78 14 116 129 67 156 70 76 110 38 63 94 22 |85 163 159 142 33 21 124 40 199 15 98 46 16 135 158 93 |54 89 128 177 150 138 123 149 79 27 |154 62 195 166 157 9 92 114 101 173 43 165 167 20 39 |8 180 74 90 189 51 99 127 121 136 19 106 |29 145 68 171 112 31 73 42 18 5 23 11 53 ||187 |103 117 88 |193 141 32 28 48 35 |146 191 147 |34 105 107 |113 183 4 1 118 61 |178 190 115 95 |108 126 143 153 170 186 182 |30 137 192 87 181 10 |144 71 72 7 |97 |83 172 151 176 36 |164 139 130 6 |69 65 132 169 41 52 37 131 152 |64 179 109 44 197 59 |155 3 12 2 96 194 81 56 |58 140 82 162 |24 60 |
11403 343848
195 85 62 125 46 16 135 76 115 |199 40 124 21 33 142 163 154 8 180 75 158 |130 80 120 161 122 84 184 133 13 160 17 27 |145 29 68 171 112 31 73 47 119 94 22 53 |168 54 90 189 51 123 149 79 |74 174 66 50 89 177 150 138 57 |38 63 128 25 200 185 91 127 102 86 26 |15 98 159 43 165 19 136 121 106 39 |166 157 9 92 114 101 167 20 93 |111 42 45 188 196 134 18 5 23 11 ||183 |146 |103 |182 1 |49 |87 10 108 192 3 148 |36 96 |198 126 34 147 173 |61 190 |172 181 48 60 105 55 |7 78 140 70 |95 58 97 |30 116 35 143 110 64 99 28 164 12 |69 155 139 191 153 2 100 |132 178 |107 52 72 88 77 152 |109 156 170 194 104 81 6 169 176 |56 24 14 |141 71 144 193 113 151 187 131 |162 186 4 82 117 65 59 |41 37 179 44 197 |118 32 129 |83 |175 67 137 
13069.6 224586
80 120 161 122 84 184 133 13 160 17 27 |145 29 68 171 112 31 73 47 119 94 22 53 |168 54 90 189 51 123 149 79 |74 174 66 50 89 177 150 138 57 |38 63 128 25 200 185 91 127 102 86 26 |159 43 165 19 136 121 106 39 |166 157 9 92 114 101 167 20 93 |111 42 45 188 196 134 18 5 23 11 |199 124 21 33 40 15 98 46 125 16 135 76 |142 163 195 85 62 154 8 180 75 158 ||146 |130 |64 97 |183 |103 |182 1 |49 |87 10 108 192 3 148 |36 96 |198 126 34 147 173 |61 190 |172 181 48 60 105 |116 |110 99 |143 |28 |70 140 |95 55 78 |30 |35 58 7 164 |69 155 139 191 153 2 100 |132 83 178 12 |107 52 72 88 77 152 |109 156 170 194 104 81 6 169 176 |56 24 14 |141 71 144 193 113 151 187 131 |162 186 4 82 117 65 59 |41 37 179 44 197 |118 32 129 |175 67 137 |115 |
16111.9 203664
195 199 124 21 33 142 163 46 16 135 158 |83 40 15 98 125 85 62 154 8 180 75 |6 80 120 161 122 84 184 133 13 160 17 27 |145 29 68 171 112 31 73 47 119 94 22 53 |168 54 90 189 51 123 149 79 |74 174 66 50 89 177 150 138 57 |38 63 128 25 200 185 91 127 102 86 26 |159 76 43 165 19 136 121 106 39 |166 157 9 92 114 101 167 20 93 |111 42 45 188 196 134 18 5 23 11 ||88 109 |82 |130 |97 183 |103 |182 1 |49 |87 108 10 192 3 148 96 |198 126 34 147 173 |61 36 |190 |172 181 48 60 105 |155 |110 170 28 32 |24 70 |141 55 67 12 |175 |69 95 153 |44 35 193 77 64 |7 162 178 |118 |72 81 4 107 |113 117 116 |146 |115 |56 |58 137 |65 132 169 |41 |52 37 131 164 197 |139 59 30 |176 71 144 194 152 |104 186 100 |2 |140 179 156 |187 191 129 151 |78 14 143 |99 |
17435.8 200823
80 120 161 122 84 184 133 13 160 17 27 |145 29 68 171 112 31 73 47 119 94 22 53 |168 54 90 189 51 123 149 79 |74 174 66 50 89 177 150 138 57 |38 63 128 25 200 185 91 127 102 86 26 |159 43 165 19 136 121 106 39 |166 157 9 92 114 101 167 20 93 |111 42 45 188 196 134 18 5 23 11 |199 124 21 33 40 15 98 46 125 16 135 76 |142 163 195 85 62 154 8 180 75 158 ||88 109 |183 |103 |182 |108 192 148 1 |49 |87 10 36 198 3 96 |140 82 130 97 |61 190 126 34 147 173 |172 181 48 60 105 |155 |110 170 |28 32 70 |24 |141 55 67 12 |175 |69 95 153 44 |35 193 77 64 |7 78 162 178 |118 |72 81 4 107 |113 117 116 |146 |58 137 |65 132 169 |41 |52 37 131 99 164 197 |139 30 |176 71 144 194 152 |104 186 100 |2 |59 |56 179 156 |187 191 129 151 |14 143 |83 |6 115 |
17996.9 199778
80 120 161 122 84 184 133 13 160 17 27 |145 29 68 171 112 31 73 47 119 94 22 53 |168 54 90 189 51 123 149 79 |74 174 66 50 89 177 150 138 57 |38 63 128 25 200 185 91 127 102 86 26 |159 43 165 19 136 121 106 39 |166 157 9 92 114 101 167 20 93 |111 42 45 188 196 134 18 5 23 11 |199 124 21 33 40 15 98 46 125 16 135 76 |142 163 195 85 62 154 8 180 75 158 ||88 109 |82 |130 |97 183 |103 |182 1 |49 |87 108 10 192 3 148 96 |198 126 34 147 173 |61 36 |190 |172 181 48 60 105 |155 |110 170 |28 32 70 |24 |141 |55 67 12 |175 |69 95 153 |44 35 193 77 64 |7 162 178 |118 |72 81 4 107 |113 117 116 |146 |115 |56 |58 137 |99 169 41 |156 139 |37 131 78 |143 164 197 100 30 |176 71 144 194 152 |104 186 52 59 2 |151 65 |140 179 |187 |129 |14 |191 |83 |6 132 |
18031.1 190484
80 120 161 122 84 184 133 13 160 17 27 |145 29 68 171 112 31 73 47 119 94 22 53 |168 54 90 189 51 123 149 79 |74 174 66 50 89 177 150 138 57 |38 63 128 25 200 185 91 127 102 86 26 |159 43 165 19 136 121 106 39 |166 157 9 92 114 101 167 20 93 |111 42 45 188 196 134 18 5 23 11 |199 124 21 33 40 15 98 46 125 16 135 76 |142 163 195 85 62 154 8 180 75 158 ||88 109 |82 |130 |97 183 |103 |1 182 49 |87 108 10 192 3 148 96 |198 126 34 147 173 |61 36 |190 |172 181 48 60 105 |155 |110 170 |28 32 70 |24 |141 |55 67 12 |175 |69 95 153 |44 |193 77 64 35 |7 162 178 |118 |72 81 4 107 |113 117 116 |146 |115 |56 |58 137 |99 169 41 |156 139 |37 131 78 |143 |197 100 30 |176 164 144 194 152 |186 52 59 2 |151 65 71 |104 140 179 |187 |129 |14 |191 |83 |6 132 |
18330.8 190263
80 120 161 122 84 184 133 13 160 17 27 |145 29 68 171 112 31 73 47 119 94 22 53 |168 54 90 189 51 123 149 79 |74 174 66 50 89 177 150 138 57 |38 63 128 25 200 185 91 127 102 86 26 |159 43 165 19 136 121 106 39 |166 157 9 92 114 101 167 20 93 |111 42 45 188 196 134 18 5 23 11 |199 124 21 33 40 15 98 46 125 16 135 76 |142 163 195 85 62 154 8 180 75 158 ||88 191 |82 |130 |56 97 |183 103 |182 1 |49 |87 10 108 192 3 148 |36 96 |198 126 34 147 173 |61 190 |172 181 48 60 105 |2 |155 |110 170 |28 175 70 |24 |141 55 67 35 |140 95 153 30 |193 77 164 |7 78 162 178 |100 71 |72 81 4 107 |156 |176 |152 117 116 |146 |194 |137 99 139 |69 143 132 169 |41 |52 37 131 |64 109 |44 197 |118 12 |113 151 187 59 |186 |58 |179 |65 32 |14 144 |104 |129 |83 |6 115 |
18905.4 187788
80 120 161 122 84 184 133 13 160 17 27 |145 29 68 171 112 31 73 47 119 94 22 53 |168 54 90 189 51 123 149 79 |74 174 66 50 89 177 150 138 57 |38 63 128 25 200 185 91 127 102 86 26 |159 43 165 19 136 121 106 39 |166 157 9 92 114 101 167 20 93 |111 42 45 188 196 134 18 5 23 11 |199 124 21 33 40 15 98 46 125 16 135 76 |142 163 195 85 62 154 8 180 75 158 ||88 100 |82 |130 |56 97 |183 |103 |182 1 |49 |87 10 108 192 3 148 |36 96 |198 126 34 147 173 |61 190 |172 181 48 60 105 |2 |155 |110 170 |28 143 70 |24 |141 55 67 12 |175 |140 95 153 30 |35 193 77 164 |41 |139 |178 |152 7 144 194 176 |69 107 |146 104 99 |81 |83 71 |6 |65 132 |169 52 |78 109 197 |59 |118 113 129 151 131 187 |116 162 186 4 |37 |179 44 |117 |64 |32 |191 72 58 |14 |156 |137 115 |
19351.6 187070
80 120 161 122 84 184 133 13 160 17 27 |145 29 68 171 112 31 73 47 119 94 22 53 |168 54 90 189 51 123 149 79 |74 174 66 50 89 177 150 138 57 |38 63 128 25 200 185 91 127 102 86 26 |159 43 165 19 136 121 106 39 |166 157 9 92 114 101 167 20 93 |111 42 45 188 196 134 18 5 23 11 |199 124 21 33 40 15 98 46 125 16 135 76 |142 163 195 85 62 154 8 180 75 158 ||144 |156 191 152 83 |130 |169 97 |183 |103 |182 1 |49 |87 10 108 192 3 148 |36 96 |198 126 34 147 173 |61 190 |172 181 48 60 105 |52 |155 |110 170 |28 32 70 |24 194 141 |67 |175 82 69 |116 35 193 77 64 |99 81 95 |7 143 |178 |72 139 2 |153 107 14 |132 |162 |55 |151 |164 |146 |117 |104 30 |41 |100 113 |176 |137 |118 140 |6 |12 197 |56 |115 186 4 |37 |179 |44 |59 58 |65 |88 71 78 |187 129 |131 109 |
21018.3 185087
80 120 161 122 84 184 133 13 160 17 27 |145 29 68 171 112 31 73 47 119 94 22 53 |168 54 90 189 51 123 149 79 |74 174 66 50 89 177 150 138 57 |38 63 128 25 200 185 91 127 102 86 26 |159 43 165 19 136 121 106 39 |166 157 9 92 114 101 167 20 93 |111 42 45 188 196 134 18 5 23 11 |199 124 21 33 40 15 98 46 125 16 135 76 |142 163 195 85 62 154 8 180 75 158 ||144 |156 191 152 |130 |137 97 |183 |103 |182 1 |49 |87 10 108 192 3 148 |36 96 |198 126 34 147 173 |61 190 |172 181 48 60 105 |155 |110 170 |28 32 70 |24 194 141 |67 |175 82 |44 116 35 193 77 64 |117 |95 |7 37 |178 |72 139 2 4 |153 |162 |55 |100 |164 |69 107 |146 104 99 |81 |83 71 |6 |65 132 |169 52 |78 109 197 |59 |118 113 129 151 |56 |115 |143 |140 |186 |14 |12 |58 |179 |88 41 176 |187 30 |131 |
21712.4 183579
80 120 161 122 84 184 133 13 160 17 27 |145 29 68 171 112 31 73 47 119 94 22 53 |168 54 90 189 51 123 149 79 |74 174 66 50 89 177 150 138 57 |38 63 128 25 200 185 91 127 102 86 26 |159 43 165 19 136 121 106 39 |166 157 9 92 114 101 167 20 93 |111 42 45 188 196 134 18 5 23 11 |199 124 21 33 40 15 98 46 125 16 135 76 |142 163 195 85 62 154 8 180 75 158 ||110 99 |60 71 191 |103 |182 14 1 |104 67 |173 |10 108 |36 2 |198 88 109 |82 130 169 97 |49 183 |87 192 3 148 |96 |126 34 147 |61 190 |172 181 48 105 |52 |58 117 12 |175 |69 95 153 44 |35 193 77 64 |7 37 162 178 |118 |72 81 4 107 |132 |100 164 115 176 |144 |139 |155 141 |152 |170 143 78 |6 |140 65 |41 |70 |131 |56 194 |55 197 59 |24 129 |113 151 187 |186 |179 |32 28 83 137 |156 116 30 |146 |
23805.7 183402
80 120 161 122 84 184 133 13 160 17 27 |145 29 68 171 112 31 73 47 119 94 22 53 |168 54 90 189 51 123 149 79 |74 174 66 50 89 177 150 138 57 |38 63 128 25 200 185 91 127 102 86 26 |159 43 165 19 136 121 106 39 |166 157 9 92 114 101 167 20 93 |111 42 45 188 196 134 18 5 23 11 |199 124 21 33 40 15 98 46 125 16 135 76 |142 163 195 85 62 154 8 180 75 158 ||110 99 |60 71 191 |103 |182 14 1 |104 67 |173 |10 108 |36 2 |198 88 109 |82 130 169 97 |49 183 |87 192 3 148 |96 |126 34 147 |61 190 |172 181 48 105 |52 |155 |170 |28 32 70 |24 |141 55 12 |175 |69 95 153 44 |35 193 77 64 |7 37 162 178 |118 |72 81 4 |152 164 144 194 176 |116 107 |58 100 143 |56 |146 |6 |65 132 |140 |139 83 |59 197 |113 129 151 131 187 |186 |179 41 |117 |78 |137 |156 |30 |115 |
24654.7 182824
80 120 161 122 84 184 133 13 160 17 27 |145 29 68 171 112 31 73 47 119 94 22 53 |168 54 90 189 51 123 149 79 |74 174 66 50 89 177 150 138 57 |38 63 128 25 200 185 91 127 102 86 26 |159 43 165 19 136 121 106 39 |166 157 9 92 114 101 167 20 93 |111 42 45 188 196 134 18 5 23 11 |199 124 21 33 40 15 98 46 125 16 135 76 |142 163 195 85 62 154 8 180 75 158 ||110 99 |191 |116 60 |88 |146 |103 182 14 156 97 1 |104 155 173 108 |10 |49 36 2 96 |198 |3 148 |130 87 |126 34 147 183 |61 190 |172 181 |48 152 |105 |52 |144 170 28 32 |24 194 141 |67 70 |82 69 |44 35 |193 77 |83 81 95 64 |7 37 178 |72 139 |4 153 107 |132 |162 |55 |151 |164 |117 |169 30 176 |41 |100 113 |137 |118 140 |129 |56 |115 |143 |197 |186 |78 6 |175 12 |59 58 |179 65 |192 71 |187 |131 109 |
28985.7 182758

Time:11
Last Iter:10
Last Update:10
Tabu:0
Last Time11
16
100 18 94 11 177 150 19 106 75 101 92 157 84 |44 128 89 22 45 91 62 163 159 15 199 120 |154 180 151 39 55 26 138 64 90 119 142 166 |133 1 140 83 21 17 5 149 127 51 66 9 |74 99 136 195 37 52 107 118 122 69 68 29 |73 47 196 38 25 185 174 141 165 114 85 76 93 40 |60 189 34 168 10 54 123 63 109 95 134 171 78 190 184 80 33 46 |2 53 115 79 102 67 126 7 50 35 49 12 156 111 160 98 161 167 |188 42 65 23 176 27 20 121 105 179 200 191 145 135 16 125 |152 77 137 86 57 164 143 28 43 8 158 58 13 124 31 112 ||61 198 153 192 32 147 87 129 48 |169 97 103 6 70 178 193 131 |146 88 72 |113 162 96 132 170 |175 181 56 187 183 194 4 |182 82 |81 14 117 172 110 |24 104 186 3 59 |130 |116 197 139 36 155 108 144 |173 30 148 41 71 |
8600.52 788180
192 26 121 51 48 54 141 43 180 22 119 47 68 |72 9 8 159 142 15 17 73 149 86 91 |140 97 194 4 21 100 57 79 93 20 167 75 85 102 74 |161 120 40 70 199 1 13 18 196 145 53 39 136 127 185 168 90 |183 76 193 162 154 114 157 166 195 23 188 150 138 174 |94 12 2 155 78 58 107 84 122 16 106 101 38 |147 19 55 77 27 158 135 98 169 182 103 42 112 134 177 50 92 |52 125 144 151 24 60 87 10 66 128 63 45 171 29 111 160 |163 178 33 124 81 184 117 46 41 62 71 187 123 25 200 89 |189 129 143 165 56 131 11 186 5 31 146 130 133 80 ||65 59 148 132 118 172 173 |36 156 198 95 170 115 152 105 |7 |3 61 176 116 44 197 109 67 |190 69 191 164 64 99 126 |175 179 30 96 113 37 |88 6 104 82 83 |28 34 181 32 108 49 139 |137 110 35 153 14 |
8863.97 772680
22 12 112 171 29 7 200 91 127 121 19 93 79 159 |26 102 137 27 172 96 94 123 99 185 28 71 188 |20 106 108 138 25 51 168 10 63 73 142 9 |193 104 97 84 163 101 39 126 60 189 54 |77 151 75 8 125 16 195 166 88 174 66 134 196 31 5 |111 148 18 47 36 45 130 145 128 115 57 136 147 167 43 199 124 |38 109 177 110 53 61 170 17 81 182 21 161 120 80 180 |69 13 160 176 11 86 116 89 74 129 175 165 62 92 114 135 42 |184 14 122 40 33 98 76 131 85 37 2 149 150 50 90 |157 154 158 46 178 15 132 58 1 133 194 23 119 95 68 164 ||190 6 44 197 198 3 |155 100 78 140 82 118 56 |146 |49 191 30 117 |87 24 72 52 |83 152 55 32 141 64 |173 187 186 65 59 156 |113 41 144 183 169 107 103 |181 |162 4 70 192 179 143 |139 34 48 105 67 35 |153 |
8889.83 758292
30 16 52 101 157 136 138 25 66 89 134 45 31 161 120 |180 173 137 27 156 139 13 199 15 |9 37 135 17 23 47 171 149 102 19 189 174 |132 14 111 197 63 57 26 106 158 163 200 168 54 |179 143 7 50 127 86 79 53 121 165 154 75 42 112 |167 55 32 51 91 110 150 123 192 94 49 95 146 188 100 5 160 76 85 122 80 |92 24 72 166 195 144 20 185 164 11 119 18 40 33 |96 46 41 142 98 6 124 118 84 22 115 38 153 99 39 |113 125 21 103 133 155 196 29 109 177 90 43 |62 8 162 159 4 184 140 73 68 130 145 128 74 93 114 ||105 126 60 141 10 35 |182 69 36 191 152 77 |87 28 71 |181 67 12 3 65 198 |70 81 104 186 190 78 59 170 |82 |193 107 148 2 151 187 172 61 |58 1 56 88 147 |34 |175 129 64 108 116 |178 183 131 176 194 169 97 |44 48 |117 83 |
9098.31 739311
107 33 120 80 1 133 65 112 68 63 123 79 136 20 180 8 75 85 46 89 |170 12 23 160 184 124 37 154 43 26 138 168 51 |194 132 13 155 36 95 171 29 94 22 177 200 9 114 166 195 40 21 98 16 |109 38 134 18 57 102 106 167 76 199 122 92 157 54 189 |71 62 15 6 182 84 161 117 42 188 196 5 53 121 91 185 66 |119 49 47 45 31 73 100 59 111 14 |142 163 144 158 27 149 139 165 101 |3 190 11 116 198 145 7 50 174 74 90 82 |39 125 159 104 128 25 127 93 |96 193 135 187 19 86 150 164 115 156 78 17 ||191 35 64 175 60 131 41 |56 129 67 110 179 30 |137 108 192 44 99 34 87 10 |4 183 24 |103 140 2 61 77 162 |105 88 72 52 32 |48 |148 176 152 55 147 126 153 |169 70 83 172 |28 197 |146 186 97 118 178 151 |81 113 58 69 130 |143 173 181 141 |
10151 680796
89 174 105 19 20 93 79 27 |33 112 45 134 63 94 23 11 |179 64 91 126 67 57 5 184 122 80 15 159 8 9 157 166 85 |195 144 43 90 129 74 102 86 123 177 119 17 142 120 31 171 29 |37 46 180 88 121 127 51 185 189 150 73 42 160 40 |50 168 110 53 18 199 98 16 75 |30 135 163 70 84 1 146 149 152 165 200 66 25 138 |68 130 145 188 36 47 156 3 186 158 125 178 169 133 111 92 |124 21 161 81 76 39 106 26 28 54 109 101 114 62 154 |167 136 128 38 196 170 190 13 4 194 162 22 ||82 61 192 153 191 116 |117 118 193 176 2 151 |197 49 14 83 |173 60 181 10 95 |24 113 |182 132 6 183 77 115 35 |69 7 34 141 56 |65 155 140 103 137 108 |164 99 175 48 147 32 |44 72 |96 104 58 97 107 148 12 198 139 |172 187 131 41 52 71 55 143 |59 100 78 |87 
11039 614252
174 179 38 145 68 45 196 134 94 |91 126 93 57 5 184 122 85 192 159 8 9 69 23 11 |195 144 43 90 129 74 102 86 123 177 119 17 142 120 31 171 29 |37 46 180 95 182 127 51 185 189 19 73 42 160 199 124 40 15 98 76 |50 168 110 53 18 14 82 63 162 158 |112 135 163 70 84 1 20 149 152 165 200 66 79 |116 130 2 188 36 47 154 3 186 194 25 89 128 |80 133 13 111 16 125 92 75 |83 21 161 132 27 39 62 26 28 54 136 121 |33 166 157 114 101 167 106 138 150 22 ||118 190 |183 193 |178 107 176 65 146 |170 191 30 77 67 |60 87 115 12 61 49 155 109 |169 113 88 24 |103 117 |81 97 59 156 153 35 187 151 |96 4 55 141 173 71 64 |181 |78 140 10 137 108 |164 99 175 48 147 32 |44 72 |34 104 58 6 148 100 |172 7 131 41 52 |56 143 197 198 139 |105 |
12757.6 601080
78 65 155 184 140 84 17 26 86 108 93 |85 62 154 99 91 185 175 189 74 48 90 147 32 19 136 121 106 39 |75 96 104 97 107 148 12 198 |131 41 52 195 166 157 9 71 43 165 87 51 127 102 79 27 |101 114 92 72 163 159 142 33 122 161 21 124 40 15 |8 180 54 168 174 66 50 200 25 89 38 47 5 23 |98 120 133 31 73 42 18 11 |167 20 145 29 171 68 188 196 134 119 94 |80 199 149 123 138 150 128 177 63 57 22 53 |112 45 111 13 160 76 46 125 16 135 158 ||64 126 |129 |37 88 |110 |70 1 |130 156 3 |81 28 109 |194 |82 59 61 192 153 191 116 |117 193 176 |49 14 83 |181 10 |24 |182 6 115 |69 7 34 141 |187 183 152 197 139 67 55 77 151 |58 132 103 118 113 56 |143 170 |44 35 164 179 137 172 144 |105 60 173 95 146 36 186 2 |100 190 30 4 169 162 178 |
12801.1 301603
172 192 32 14 132 6 159 163 41 125 46 16 135 158 120 161 122 84 199 |54 74 90 189 51 121 19 165 43 173 167 20 106 39 93 |168 174 66 50 25 200 185 91 127 150 138 102 86 26 79 |68 38 89 128 177 123 149 57 22 27 |184 133 13 42 73 63 94 53 |111 171 112 45 196 134 119 11 |29 145 31 188 47 18 5 23 |136 166 157 9 101 114 92 62 154 8 180 75 |80 21 124 40 33 142 98 15 160 17 76 |195 85 ||1 |144 78 198 69 151 |130 35 37 |146 118 178 104 58 |139 36 197 44 |105 |116 |52 |194 |164 |129 148 |107 108 |170 191 30 193 |60 115 49 155 109 |113 88 24 |103 |59 156 153 |4 141 71 64 152 |140 |147 175 28 10 99 187 183 96 176 |3 65 97 72 56 77 |110 143 7 |117 83 182 |55 12 162 169 186 |70 126 61 67 137 |82 81 179 34 87 181 |48 100 190 95 2 |131 
12832 267778
157 122 21 124 98 76 |82 78 184 84 199 15 159 163 |17 160 161 40 33 142 125 46 16 |90 19 165 24 62 85 154 8 180 75 135 158 |189 74 54 168 174 66 50 200 7 25 143 179 91 185 51 136 121 86 |9 195 166 92 114 101 43 167 20 106 39 93 |120 80 133 13 111 100 5 11 |145 29 171 112 45 42 59 18 119 23 |68 73 188 47 196 134 38 63 94 57 22 53 |31 197 89 128 35 177 164 149 123 150 138 127 102 26 79 27 ||1 97 |113 |181 |182 28 147 |6 178 |49 99 |146 |153 198 |71 |115 192 109 187 |118 103 4 56 173 186 |61 190 176 104 58 70 183 |110 87 191 12 170 69 |140 48 |36 132 |117 162 172 88 |10 34 44 95 139 156 155 65 148 |107 |60 67 152 130 116 |37 129 52 144 |83 14 72 193 2 |105 |141 96 194 30 3 169 131 151 |81 41 108 126 64 175 32 55 77 137 
14448.7 234804
125 163 159 142 33 21 124 40 46 16 135 158 |174 168 91 127 102 86 26 79 |54 74 90 189 51 136 27 |195 166 157 114 101 43 165 121 106 39 |19 9 92 85 62 154 8 75 180 167 20 93 |185 66 50 200 25 138 150 123 149 |29 145 38 89 128 177 63 94 57 22 53 |42 111 13 133 184 199 15 98 76 |73 31 171 68 112 45 188 196 134 47 119 18 5 23 11 |120 80 161 122 84 160 17 ||24 |3 |144 37 |12 55 96 35 |67 71 48 |130 |141 |61 110 |162 |64 4 194 |78 140 192 191 116 115 |178 88 |172 117 197 49 |113 14 83 |10 105 56 182 118 |186 190 36 156 52 152 |164 109 143 103 82 |175 34 |70 41 |60 |153 |132 148 2 139 100 |176 1 170 126 187 151 |59 183 6 69 77 |173 198 32 |95 108 146 |72 |147 193 58 107 169 137 |44 97 155 |131 179 |181 |104 |30 |65 28 7 99 129 87 |81 |
16792.7 212077
125 163 159 142 33 21 124 40 46 16 135 158 |174 168 91 127 102 86 26 79 |54 74 90 189 51 136 27 |195 166 157 114 101 43 165 121 106 39 |19 9 92 85 62 154 8 75 180 167 20 93 |185 66 50 200 25 138 150 123 149 |29 145 38 89 128 177 63 94 57 22 53 |42 111 13 133 184 199 15 98 76 |73 31 171 68 112 45 188 196 134 47 119 18 5 23 11 |120 80 161 122 84 160 17 ||24 |144 37 |12 113 96 35 |67 71 48 |130 |141 |32 110 |162 |179 64 4 194 |78 140 192 191 116 115 |178 88 |172 117 198 49 170 197 |14 3 |10 105 56 182 118 |164 109 143 103 82 83 |175 34 169 70 41 131 152 |60 186 190 36 156 |153 52 |61 |55 |132 148 2 155 100 |176 1 |126 187 151 |59 183 6 69 77 |173 |95 108 137 |72 |147 193 58 107 |146 139 |181 |44 |104 |97 30 |65 28 7 99 129 87 |81 |
17026.4 203784
174 168 91 127 102 86 26 79 |54 74 90 189 51 136 27 |195 166 157 114 101 43 165 121 106 39 |19 9 92 85 62 154 8 75 180 167 20 93 |185 66 50 200 25 138 150 123 149 |29 145 38 89 128 177 63 94 57 22 53 |42 111 13 133 184 199 15 98 76 |73 31 171 68 112 45 188 196 134 47 119 18 5 23 11 |120 80 161 122 84 160 17 |21 124 40 33 142 159 163 125 46 16 135 158 ||24 |3 |144 37 |12 130 96 35 |67 71 107 |61 141 |110 181 162 |64 4 140 194 |78 |192 49 191 116 115 |178 126 |172 117 197 |113 14 83 |10 |105 |190 118 |36 156 |82 109 |164 103 |70 155 69 182 |41 6 |34 |153 |56 |186 32 |52 187 132 152 148 2 |176 183 77 |173 198 170 |100 95 108 137 59 |48 55 1 |147 193 169 58 143 |146 139 60 88 72 |175 179 |44 97 |131 |104 |151 30 |65 28 7 99 129 87 |81 |
18760.1 201340
174 168 91 127 102 86 26 79 |54 74 90 189 51 136 27 |195 166 157 114 101 43 165 121 106 39 |19 9 92 85 62 154 8 75 180 167 20 93 |185 66 50 200 25 138 150 123 149 |29 145 38 89 128 177 63 94 57 22 53 |42 111 13 133 184 199 15 98 76 |73 31 171 68 112 45 188 196 134 47 119 18 5 23 11 |120 80 161 122 84 160 17 |21 124 40 33 142 159 163 125 46 16 135 158 ||118 |67 58 190 178 144 96 |172 140 56 71 107 |170 169 4 197 12 |148 147 139 |64 126 |129 |37 88 |110 |70 1 |130 156 3 |81 28 109 |194 |82 59 61 192 153 191 116 |117 193 176 |49 14 83 |181 10 |24 |182 6 115 |69 7 34 141 |162 |187 |132 |2 183 152 77 105 |60 173 198 35 |146 100 95 108 |186 32 |52 78 36 |48 72 |55 143 |164 137 155 179 |44 97 |131 |104 |151 30 |65 113 41 99 |103 175 87 |
19012.7 200162
174 168 91 127 102 86 26 79 |54 74 90 189 51 136 27 |195 166 157 114 101 43 165 121 106 39 |19 9 92 85 62 154 8 75 180 167 20 93 |185 66 50 200 25 138 150 123 149 |29 145 38 89 128 177 63 94 57 22 53 |42 111 13 133 184 199 15 98 76 |73 31 171 68 112 45 188 196 134 47 119 18 5 23 11 |120 80 161 122 84 160 17 |21 124 40 33 142 159 163 125 46 16 135 158 ||182 |194 190 |144 96 |172 140 |71 107 |170 |4 197 186 |10 147 |97 |7 |67 64 126 |129 |24 58 37 |56 156 3 110 |81 28 152 179 |44 70 1 |82 59 61 130 153 191 |117 118 35 109 49 148 |14 83 48 181 |69 116 |2 |115 192 |103 6 178 |141 |162 |41 |139 187 |88 |183 12 77 105 |169 173 198 |176 |146 100 95 108 |32 |52 78 36 |143 |164 137 155 60 |72 87 |131 |104 |55 193 |151 |132 |65 113 |99 |30 175 34 |
19017.4 193959
80 120 161 122 15 199 160 17 11 |29 171 68 112 45 188 196 134 47 119 53 |51 19 136 121 127 25 89 128 177 123 149 |90 189 74 54 168 174 66 50 200 185 91 150 138 102 86 |133 13 111 18 5 23 26 79 27 |166 101 43 165 167 20 106 39 93 |184 84 124 21 33 46 125 16 75 |195 157 9 114 92 62 154 8 180 |85 163 159 142 40 98 76 135 158 |42 73 31 145 38 63 94 57 22 ||52 172 28 10 |155 152 |182 |100 194 |147 |35 |3 37 |87 129 7 30 |14 |99 |44 187 115 |141 164 197 12 |4 71 24 |109 143 64 81 |82 |186 |97 198 104 |56 |181 190 |131 105 |2 113 193 |103 70 41 126 32 |156 153 |69 132 183 |83 6 78 65 |107 61 49 |178 162 55 |176 95 192 |169 |59 60 |96 58 117 110 |146 139 |88 |175 72 |179 173 |144 |48 148 151 |118 |77 137 108 67 |191 130 36 170 |140 1 |116 34 |
20975.3 189768

Time:9
Last Iter:10
Last Update:10
Tabu:0
Last Time9
17
151 93 152 20 167 91 179 200 89 94 134 188 45 17 159 |127 64 66 168 38 31 184 142 85 114 195 180 39 |23 22 57 192 27 76 125 1 14 83 146 |43 141 32 136 51 74 50 25 177 102 135 46 199 122 112 171 29 |72 166 157 9 165 105 185 138 150 106 5 18 111 84 161 |88 8 158 61 69 13 82 21 42 63 128 149 174 |80 40 15 65 59 47 156 198 68 130 145 109 123 11 62 101 90 |87 129 48 19 86 26 30 186 119 49 73 190 153 33 |92 173 75 183 4 104 176 155 170 116 121 98 124 120 |71 56 154 144 16 163 182 160 133 2 53 79 137 189 54 196 ||41 113 103 100 35 |131 162 178 70 118 140 97 107 148 |6 169 194 132 3 36 95 115 |187 52 147 126 99 34 143 164 |197 44 |172 77 55 110 28 24 81 |78 139 191 7 |117 |60 181 10 67 12 96 193 |37 58 108 175 |
9224.03 792872
192 102 106 167 105 28 74 191 196 170 31 42 23 142 |94 115 149 26 121 5 112 13 184 46 |79 123 64 66 175 60 20 158 101 92 195 98 33 124 161 122 84 171 |40 118 190 134 145 177 89 93 43 157 |137 108 99 143 200 188 58 107 80 76 8 166 |138 164 128 7 174 165 24 71 16 17 18 73 53 22 86 |139 198 68 130 47 49 63 27 67 185 50 54 148 160 120 |104 194 4 81 140 117 69 78 11 172 180 154 125 163 19 51 90 25 |199 169 135 187 39 189 48 168 35 153 38 119 45 29 21 159 |133 111 15 75 62 85 114 9 55 136 127 150 57 91 ||83 14 182 193 41 37 72 |155 100 3 61 113 |110 129 146 |103 6 70 162 56 173 152 |12 156 109 116 34 |178 176 97 141 151 183 |30 186 65 59 36 1 132 82 |77 147 87 10 44 2 96 |131 88 144 52 32 126 179 |95 197 181 |
9325.75 764827
14 84 103 82 13 78 47 36 146 94 27 93 39 167 136 102 101 114 157 |130 120 138 189 90 165 |179 25 128 149 57 86 174 188 184 15 85 |175 74 50 64 177 22 119 112 17 135 98 199 122 80 154 |76 193 169 107 97 161 21 33 163 71 43 106 121 26 63 18 111 |75 8 195 20 19 105 108 172 160 40 124 31 68 134 66 168 |127 150 35 139 29 100 65 53 158 16 125 62 166 28 185 200 54 |42 170 45 198 95 145 89 7 91 110 67 123 2 133 46 180 9 |196 38 191 164 126 147 11 69 155 171 |56 92 159 142 151 77 79 23 5 12 73 197 51 ||137 187 173 60 87 129 116 109 |61 104 58 1 88 |34 |96 144 55 49 3 186 190 115 |131 192 99 10 48 143 153 |44 |32 |4 182 152 156 59 132 |140 117 83 178 |113 52 37 72 24 176 |118 6 70 41 162 183 194 81 148 30 |141 181 |
9585.69 760813
46 62 114 174 177 13 120 |158 76 194 190 156 196 197 123 25 66 180 125 142 166 |117 107 6 183 144 85 9 136 54 57 31 42 29 |50 150 86 53 5 100 198 38 124 |11 65 45 128 64 91 48 16 199 |22 23 61 188 171 111 84 21 163 8 88 167 39 90 189 74 89 |200 99 127 138 153 44 145 112 73 119 186 140 80 154 |103 118 182 132 96 41 43 141 20 19 67 110 126 149 94 63 47 18 27 |15 40 33 159 75 135 104 17 133 161 155 36 134 68 121 51 165 101 |92 195 157 32 106 93 79 26 102 179 7 185 168 2 160 184 122 98 ||37 71 30 176 148 69 1 |170 130 3 78 83 |24 129 181 10 164 152 |4 113 178 162 56 151 147 175 |49 116 35 192 143 28 105 77 187 |52 173 146 95 12 |59 58 81 169 97 82 70 |60 87 72 131 |14 193 172 137 55 34 108 115 |191 109 139 |
9705.52 733152
89 68 31 73 42 78 148 160 17 30 |51 149 123 177 128 153 38 95 196 134 49 119 23 11 53 27 |85 92 157 9 24 173 43 165 32 136 19 121 |63 57 22 94 111 13 133 184 199 169 76 |120 161 80 84 122 124 40 107 15 98 158 |167 20 87 168 174 66 50 200 7 25 143 179 150 138 102 86 26 79 |154 90 129 54 181 74 189 34 185 91 127 106 39 93 |146 145 29 171 112 170 45 188 36 47 18 5 176 |21 33 70 142 113 178 159 163 125 46 16 135 |62 101 114 166 195 37 52 8 180 75 151 ||72 131 |14 137 55 108 115 |109 139 |190 156 6 183 100 155 |44 191 64 67 2 186 61 3 |182 194 99 132 |197 117 140 41 |35 144 162 81 103 118 82 97 |172 77 147 60 88 |48 12 198 96 |58 69 65 130 |71 |83 1 4 193 56 |105 175 126 28 10 164 116 152 |141 59 104 187 110 192 
10502 246015
59 155 197 50 10 200 7 25 127 |40 33 142 178 159 163 46 16 125 85 154 8 75 |38 171 31 73 47 42 190 18 119 61 11 |165 174 168 54 48 74 90 189 87 136 19 20 39 |145 63 109 89 128 177 164 150 138 123 149 57 22 |139 29 68 112 45 188 196 156 134 49 94 53 |80 120 124 21 161 122 199 160 65 5 23 |43 195 166 157 9 24 101 114 92 62 180 167 106 93 |98 15 84 184 133 13 111 78 17 76 135 158 |66 185 91 105 51 121 67 102 86 26 79 27 ||1 169 4 148 |71 183 |28 |115 55 |143 77 187 88 175 |193 96 81 108 137 179 |141 32 |146 95 100 140 6 |172 191 |44 129 72 52 41 |30 132 103 82 70 118 83 |170 |147 126 99 64 110 35 116 153 186 |173 181 151 144 107 |36 |56 37 162 131 152 34 |194 104 97 117 182 113 176 2 |12 3 69 130 |198 192 60 14 58 
13663.6 241876
195 166 157 9 43 165 51 127 102 26 79 |109 75 180 8 154 62 92 114 101 141 55 |85 54 168 74 91 86 |174 66 200 25 89 128 177 94 53 |13 111 42 31 73 47 18 5 22 |145 29 171 68 112 45 188 196 134 119 23 11 |133 38 63 150 138 123 149 57 27 |125 163 159 40 124 21 33 142 98 160 17 76 |80 120 161 122 84 184 199 15 46 16 135 158 |50 185 189 90 136 121 19 167 20 106 39 93 ||193 117 |137 |103 |144 |70 182 59 |126 88 |115 61 |183 190 |155 104 |48 64 179 7 2 |37 71 30 176 148 69 1 |130 3 78 |152 |100 140 83 6 |172 72 191 |24 129 181 10 164 |4 113 |162 56 151 |175 |194 |67 |49 |170 36 198 147 |116 35 192 143 28 105 77 187 |52 173 146 95 12 |81 110 108 |153 139 178 97 14 |65 132 169 99 87 34 |41 96 118 156 197 186 |32 60 82 58 |44 131 107 
14350.3 213426
195 166 157 9 43 165 51 127 102 26 79 |109 75 180 8 154 62 92 114 101 141 55 |85 54 168 74 91 86 |174 66 200 25 89 128 177 94 53 |13 111 42 31 73 47 18 5 22 |145 29 171 68 112 45 188 196 134 119 23 11 |133 38 63 150 138 123 149 57 27 |125 163 159 40 124 21 33 142 98 160 17 76 |80 120 161 122 84 184 199 15 46 16 135 158 |50 185 189 90 136 121 19 167 20 106 39 93 ||193 117 |137 |103 |144 |70 182 59 126 115 |88 61 |183 190 |155 104 |48 64 179 7 2 |37 71 30 176 148 69 1 |130 3 78 |152 |140 83 |6 |172 |170 |146 |24 129 181 10 |4 113 |162 56 151 |175 |164 |194 |67 |49 116 35 192 87 28 105 77 187 |153 173 197 95 12 |191 100 |110 108 |72 |36 198 147 143 |81 139 52 |65 132 169 99 34 |41 96 118 156 186 |178 97 14 |32 60 82 58 |44 131 107 
15601.3 209610
195 166 157 9 165 51 127 102 26 79 |154 62 54 168 74 91 86 |174 66 25 200 89 128 177 94 53 |13 111 42 31 73 47 18 5 22 |145 29 171 68 112 45 188 196 134 119 23 11 |133 38 63 150 138 123 149 57 27 |8 75 40 124 21 33 142 98 160 17 |80 120 161 122 84 184 199 15 135 158 |50 185 189 90 136 121 19 167 20 106 39 93 |180 43 101 114 92 85 163 159 125 46 16 76 ||193 117 |137 6 |103 |198 |70 182 59 |126 88 |115 61 |183 190 104 |48 64 179 7 2 |37 71 30 186 176 148 69 |152 3 83 |1 |147 |140 65 |170 72 |146 |155 130 78 |144 |24 129 181 10 164 |4 113 |162 56 151 |175 |194 |67 |49 116 35 192 143 28 105 77 187 |52 173 197 95 12 |191 100 81 110 108 |153 139 169 36 96 |172 |14 41 |34 |32 132 |58 |87 97 82 |118 |107 |60 |156 178 |141 |44 131 |109 99 55 
16644.7 200605
174 66 200 25 89 128 177 94 53 |13 111 42 31 73 47 18 5 22 |145 29 171 68 112 45 188 196 134 119 23 11 |133 38 63 150 138 123 149 57 27 |40 124 21 33 142 98 160 17 |80 120 161 122 84 184 199 15 135 158 |50 185 189 90 136 121 19 167 20 106 39 93 |43 92 85 163 159 125 46 16 76 |9 157 166 195 114 101 62 154 8 180 75 |165 54 168 74 91 51 127 102 86 26 79 ||71 |113 164 |103 |144 |69 182 59 |24 181 2 |186 115 61 |183 |155 104 |48 143 77 132 |193 96 81 107 70 131 108 137 |141 198 156 179 175 |146 95 12 100 140 83 6 |172 162 72 129 191 |88 |187 |37 194 |126 |170 36 |192 99 34 60 |14 117 178 118 58 190 |7 32 |148 49 116 |56 64 |4 28 105 |52 173 151 |147 |10 130 176 |67 110 |153 139 |97 |35 169 |87 152 |41 30 |82 197 |78 65 |44 1 |109 3 55 |
17094.3 192781
174 66 200 25 89 128 177 94 53 |13 111 42 31 73 47 18 5 22 |145 29 171 68 112 45 188 196 134 119 23 11 |133 38 63 150 138 123 149 57 27 |40 124 21 33 142 98 160 17 |80 120 161 122 84 184 199 15 135 158 |50 185 189 90 136 121 19 167 20 106 39 93 |43 92 85 163 159 125 46 16 76 |9 157 166 195 114 101 62 154 8 180 75 |165 54 168 74 91 51 127 102 86 26 79 ||191 181 |48 14 |117 |96 |193 190 100 |132 |60 2 |186 115 61 |183 |155 104 |144 143 77 |24 103 81 107 70 131 |141 198 156 179 175 108 137 |146 95 12 182 140 83 6 |172 162 72 129 71 |88 |187 |37 194 |126 |170 36 |192 99 34 113 |59 164 178 118 58 |7 32 69 |148 49 116 |56 64 |4 28 105 |52 173 151 |147 |10 130 176 |67 110 |153 139 |97 |35 169 |87 152 |41 30 |82 197 |78 65 |44 1 |109 3 55 |
17914.5 192607
174 66 200 25 89 128 177 94 53 |13 111 42 31 73 47 18 5 22 |145 29 171 68 112 45 188 196 134 119 23 11 |133 38 63 150 138 123 149 57 27 |40 124 21 33 142 98 160 17 |80 120 161 122 84 184 199 15 135 158 |50 185 189 90 136 121 19 167 20 106 39 93 |43 92 85 163 159 125 46 16 76 |9 157 166 195 114 101 62 154 8 180 75 |165 54 168 74 91 51 127 102 86 26 79 ||178 |117 24 |144 |78 190 56 |60 104 88 |107 59 186 61 |198 183 |130 |69 |48 |179 2 4 37 |30 81 |176 |141 115 152 3 137 |65 |129 72 |140 |146 44 109 99 |103 83 |70 6 |1 |64 182 |162 131 113 181 |126 |175 147 170 |164 |194 |7 32 |67 |116 35 49 192 143 28 187 |105 77 173 12 |100 197 95 110 108 191 |153 36 96 |139 169 |172 132 14 41 |34 |87 |58 97 82 |118 |193 151 |52 |148 |10 156 |71 |155 |55 |
18518 192132
174 66 200 25 89 128 177 94 53 |13 111 42 31 73 47 18 5 22 |145 29 171 68 112 45 188 196 134 119 23 11 |133 38 63 150 138 123 149 57 27 |40 124 21 33 142 98 160 17 |80 120 161 122 84 184 199 15 135 158 |50 185 189 90 136 121 19 167 20 106 39 93 |43 92 85 163 159 125 46 16 76 |9 157 166 195 114 101 62 154 8 180 75 |165 54 168 74 91 51 127 102 86 26 79 ||191 181 |175 48 14 |117 |96 |193 190 100 |132 |60 |104 107 59 198 |146 153 |164 143 108 172 |4 |139 |61 |2 144 |115 |187 88 |137 |99 34 155 169 141 |72 |81 58 56 |103 194 183 |70 140 6 |64 182 |126 |131 |162 |36 32 179 7 |71 118 |170 |24 129 152 |83 |49 116 35 192 |28 |77 69 |12 |105 |52 173 |37 |10 130 176 |67 156 3 65 |97 110 78 186 |109 44 197 30 1 |41 |82 148 55 87 |151 |147 |95 |178 113 |
18858.7 183388
174 66 200 25 89 128 177 94 53 |13 111 42 31 73 47 18 5 22 |145 29 171 68 112 45 188 196 134 119 23 11 |133 38 63 150 138 123 149 57 27 |40 124 21 33 142 98 160 17 |80 120 161 122 84 184 199 15 135 158 |50 185 189 90 136 121 19 167 20 106 39 93 |43 92 85 163 159 125 46 16 76 |9 157 166 195 114 101 62 154 8 180 75 |165 54 168 74 91 51 127 102 86 26 79 ||191 181 |48 14 |117 |96 |193 190 100 |147 |104 197 59 198 |144 153 |164 143 108 172 |4 |139 |61 |146 |115 |187 88 186 137 |113 |155 169 72 151 |81 58 56 |103 194 183 |175 70 140 6 |64 182 |126 162 148 |36 30 179 7 2 |71 1 |170 |83 |24 129 152 |49 116 35 192 |28 |77 69 |12 |105 |52 173 |37 |10 130 176 |67 110 3 65 |95 41 |34 |32 132 |87 97 82 |118 |78 107 |60 |156 178 |141 |44 131 |109 99 55 |
21067.3 182411
174 66 200 25 89 128 177 94 53 |13 111 42 31 73 47 18 5 22 |145 29 171 68 112 45 188 196 134 119 23 11 |133 38 63 150 138 123 149 57 27 |40 124 21 33 142 98 160 17 |80 120 161 122 84 184 199 15 135 158 |50 185 189 90 136 121 19 167 20 106 39 93 |43 92 85 163 159 125 46 16 76 |9 157 166 195 114 101 62 154 8 180 75 |165 54 168 74 91 51 127 102 86 26 79 ||191 |193 |14 |117 137 96 |103 |190 144 |59 |60 126 104 |181 115 |132 146 153 |164 143 108 |139 |48 172 61 |67 186 |187 |88 |99 141 176 |155 169 |72 |198 |175 140 6 194 183 |100 70 110 131 |64 182 55 |2 30 |162 71 36 32 |179 7 |130 118 |170 |83 |34 |24 129 152 |49 116 192 |105 77 35 173 |28 |69 |12 |81 82 52 |37 |10 4 |156 3 65 |107 |78 |58 |97 109 44 197 |41 56 1 |148 |151 87 |147 |95 |178 113 |
21075.4 180187
174 66 200 25 89 128 177 94 53 |13 111 42 31 73 47 18 5 22 |145 29 171 68 112 45 188 196 134 119 23 11 |133 38 63 150 138 123 149 57 27 |40 124 21 33 142 98 160 17 |80 120 161 122 84 184 199 15 135 158 |50 185 189 90 136 121 19 167 20 106 39 93 |43 92 85 163 159 125 46 16 76 |9 157 166 195 114 101 62 154 8 180 75 |165 54 168 74 91 51 127 102 86 26 79 ||4 181 |186 |48 14 |117 |198 110 |78 190 100 |132 197 88 |104 107 59 72 |156 153 |164 143 108 172 |67 |139 |61 7 |144 |115 |187 |37 137 |99 |41 169 |141 176 |87 146 |103 |183 |58 70 140 6 |1 64 182 |126 162 131 55 |71 |36 |175 194 |32 179 |2 |30 |170 148 |130 3 |83 |96 |24 129 116 152 |34 |28 151 192 105 77 |69 |12 |191 52 |173 56 |10 |81 65 49 |82 |155 |193 |97 118 |60 |147 |178 |44 |95 35 |109 113 |
22187 178215
174 66 200 25 89 128 177 94 53 |13 111 42 31 73 47 18 5 22 |145 29 171 68 112 45 188 196 134 119 23 11 |133 38 63 150 138 123 149 57 27 |40 124 21 33 142 98 160 17 |80 120 161 122 84 184 199 15 135 158 |50 185 189 90 136 121 19 167 20 106 39 93 |43 92 85 163 159 125 46 16 76 |9 157 166 195 114 101 62 154 8 180 75 |165 54 168 74 91 51 127 102 86 26 79 ||191 |193 |14 |117 137 96 |103 |190 144 |59 |60 126 104 |181 115 |132 146 153 |164 143 108 |139 |48 172 61 |67 186 |187 |88 |99 141 176 |155 169 |72 |198 |175 140 6 194 183 |100 107 4 2 34 |64 182 81 58 56 |70 |131 |55 1 |113 |36 |156 71 |32 179 |110 |30 |170 148 |130 3 |83 |41 |24 129 116 152 |197 |28 151 192 105 77 |69 |12 |87 52 |173 37 |10 |109 65 49 |82 |7 |78 |97 118 |147 |178 |44 |162 |95 35 |
27148.4 176946

Time:11
Last Iter:10
Last Update:10
Tabu:0
Last Time11
21
150 108 93 51 114 71 195 46 16 135 21 184 111 73 188 68 145 |100 61 30 75 106 19 43 90 91 174 63 38 15 |117 122 124 178 11 119 18 171 89 200 189 26 20 |29 112 3 5 13 120 62 165 138 168 54 |158 131 67 136 179 123 94 134 198 95 139 153 128 14 84 199 142 |22 57 192 110 143 44 45 130 133 160 27 39 125 101 166 |154 8 52 96 4 176 79 126 25 181 47 42 |78 148 17 183 187 180 85 92 40 161 80 102 177 50 66 |98 33 159 37 144 88 9 87 74 185 99 127 121 77 149 23 31 |157 167 172 76 163 6 53 86 164 196 ||28 35 49 12 156 155 58 194 |97 83 137 55 60 |64 10 |175 32 116 41 113 |70 72 24 173 141 147 |48 129 |59 65 69 1 169 193 162 151 152 |34 109 190 107 103 132 81 104 2 |115 |182 118 140 82 186 191 |56 105 197 146 170 36 |7 |
8778.86 732203
28 189 91 150 123 67 136 19 147 105 20 106 196 45 73 |43 114 166 8 75 23 127 185 200 25 184 84 33 |149 26 51 165 62 154 70 13 5 18 134 31 177 128 |61 94 53 76 46 85 157 40 171 50 66 168 54 |42 119 95 57 89 48 180 199 120 |78 160 194 98 107 14 158 27 79 121 32 167 9 195 |193 135 125 162 56 92 77 152 108 102 138 116 153 7 174 47 112 |60 74 99 93 187 16 37 173 2 111 188 68 145 38 |21 142 52 72 39 86 110 90 11 17 133 29 |124 161 122 80 182 15 159 163 144 101 24 55 22 63 197 139 ||117 103 97 178 183 190 |141 88 36 155 100 1 |191 198 130 |82 104 96 172 137 192 64 |4 140 118 83 6 148 65 186 |181 |87 34 35 49 12 3 176 58 131 151 |115 164 109 143 179 129 41 30 |170 |71 113 59 156 146 |44 126 175 10 |169 81 132 69 |
9177.3 714170
182 118 140 82 186 191 56 105 197 146 36 7 149 |33 159 163 157 9 167 |150 108 93 51 114 71 195 46 16 135 21 184 111 73 31 188 68 145 196 53 |100 61 30 75 106 19 43 90 91 174 63 38 15 |117 122 124 178 11 119 18 171 89 200 189 121 26 20 |29 112 5 13 120 62 165 138 168 54 74 185 127 86 |158 131 67 136 179 123 94 134 198 153 128 14 84 199 142 98 76 |22 57 192 110 143 44 45 133 160 27 39 125 101 166 |154 8 96 4 176 79 126 25 181 47 42 23 |148 17 183 187 180 85 92 40 161 80 102 177 50 66 ||37 144 88 87 99 77 |172 6 164 |28 35 49 156 155 |97 83 137 55 60 |64 10 |175 32 41 113 |70 72 24 173 141 147 |48 129 |59 1 193 162 151 152 |34 109 190 107 103 132 81 104 |115 |130 170 139 116 3 2 194 169 |52 69 78 65 12 95 |58 |
10219.7 661941
28 189 91 150 123 67 136 19 147 105 20 106 196 45 73 |43 114 166 8 75 23 127 185 200 25 184 84 124 33 15 |149 26 51 165 62 154 70 13 5 18 134 31 177 128 |61 94 53 76 46 85 157 40 171 50 66 168 54 |42 119 95 57 89 48 180 199 80 120 161 122 |78 160 194 98 107 14 158 27 79 121 |167 101 9 195 163 159 |193 135 125 162 56 92 77 152 3 102 138 116 153 7 174 47 112 |60 74 99 93 187 16 37 173 2 111 188 68 145 38 63 22 |21 142 52 72 39 86 110 90 11 17 133 29 ||182 144 |55 115 139 |117 103 179 183 |170 30 36 155 100 1 190 |143 198 130 178 |82 104 96 |176 58 64 |4 140 129 186 |181 83 6 |148 65 |49 12 87 151 35 |108 137 192 164 109 191 197 44 34 |97 118 113 88 24 141 32 172 |71 41 59 156 146 |131 126 175 10 |169 81 132 69 |
11225.1 637976
101 165 121 |194 132 184 84 15 98 142 163 41 125 46 16 135 |185 168 54 48 189 51 136 19 106 39 93 |80 122 124 40 85 195 166 92 62 154 |159 120 161 21 33 8 180 20 |23 119 42 111 133 13 160 17 25 11 |90 76 158 171 29 145 128 89 123 149 57 53 |200 75 5 18 47 38 114 177 150 138 167 26 79 |50 68 112 31 73 45 188 196 134 63 94 22 |157 9 43 74 174 66 199 91 127 102 86 27 ||71 |67 179 |28 69 169 |14 32 |193 162 56 77 108 116 153 |60 99 187 37 173 |52 72 110 78 2 |182 144 24 152 55 |117 103 97 178 183 190 |141 88 36 155 100 1 |191 198 130 197 139 7 |82 104 96 172 137 192 64 |148 65 186 4 140 118 83 6 |181 |164 |87 34 35 12 49 3 176 58 131 151 |95 |126 |30 115 59 105 143 175 147 |156 61 146 |129 |10 81 107 113 70 |109 |170 44 
12809.4 335214
174 185 200 66 50 89 128 123 138 127 102 26 79 |145 29 68 171 112 31 18 5 23 11 |133 13 111 42 73 45 188 196 134 47 119 94 57 53 |163 159 142 33 21 124 40 15 76 |120 181 84 160 17 63 139 |55 25 58 38 177 150 149 22 |125 195 85 92 62 154 93 8 180 75 |166 157 9 114 101 43 165 167 20 106 39 |91 54 168 74 90 189 51 136 19 121 86 27 |80 161 122 184 199 98 46 16 135 158 ||131 151 71 |44 2 |65 49 |1 36 67 141 187 186 |148 83 41 52 37 4 194 |6 14 117 78 116 |107 175 10 137 152 |88 104 132 118 70 140 |95 156 190 176 169 178 113 144 162 |56 143 197 130 3 |192 34 48 24 60 |170 |147 87 109 146 61 |28 179 32 126 |103 81 110 |173 183 77 |35 |69 172 82 |198 59 72 |12 97 |7 191 155 |96 129 100 |193 |153 30 64 |115 182 105 164 99 |108 |
13856 245583
103 129 97 200 66 50 89 128 123 138 127 102 26 79 |145 29 68 171 112 31 73 45 188 196 134 47 119 94 57 53 |163 159 142 33 21 124 40 15 76 |120 82 84 160 17 77 |193 25 153 38 63 177 150 149 22 |125 195 85 92 62 154 8 180 75 |166 157 9 114 101 43 165 167 20 106 39 93 |91 185 174 54 168 74 90 189 51 136 19 121 86 27 |80 161 122 184 199 98 46 16 135 158 |133 13 111 42 18 5 23 11 ||131 151 71 |44 2 |65 49 |1 36 67 141 187 186 |148 83 41 52 37 4 194 |6 14 117 78 116 |107 175 10 137 152 |88 104 132 118 70 140 |95 156 190 176 169 178 113 144 162 |56 143 197 130 3 |192 34 48 24 60 |170 |147 87 109 146 61 |28 179 32 126 64 7 55 |172 |30 183 |12 191 105 |59 96 182 |139 108 |198 69 173 |181 58 |100 99 164 110 155 |35 |115 81 |72 
14076.6 236028
42 111 133 13 18 5 23 11 |174 185 200 66 50 89 128 123 138 127 102 26 79 |145 29 68 171 112 31 73 45 188 196 134 47 119 94 57 53 |163 159 142 33 21 124 40 15 76 |120 82 84 160 17 77 |193 25 153 38 63 177 150 149 22 |125 195 85 92 62 154 8 180 75 |166 157 9 114 101 43 165 167 20 106 39 93 |91 54 168 74 90 189 51 136 19 121 86 27 |80 161 122 184 199 98 46 16 135 158 ||170 151 71 |44 2 |65 49 |1 36 67 141 187 186 |148 83 41 52 37 4 194 |6 14 117 78 116 |129 175 10 137 152 162 |88 104 132 118 70 140 |95 156 190 176 169 178 113 144 |56 143 197 130 3 |192 34 48 24 60 |147 87 109 146 61 |28 179 32 126 64 7 55 131 172 |30 183 110 139 115 35 164 |69 181 173 108 |155 58 81 107 72 |198 12 182 59 100 |191 96 97 103 |105 99 |
14738.1 228302
174 185 200 66 50 89 128 123 138 127 102 26 79 |145 29 68 171 112 31 73 45 188 196 134 47 119 94 57 53 |163 159 142 33 21 124 40 15 76 |120 82 84 160 17 77 |193 25 153 38 63 177 150 149 22 |125 195 85 92 62 154 8 180 75 |166 157 9 114 101 43 165 167 20 106 39 93 |91 54 168 74 90 189 51 136 19 121 86 27 |80 161 122 184 199 98 46 16 135 158 |133 13 111 42 18 5 23 11 ||170 151 71 |44 2 |65 49 |1 36 67 141 187 186 |148 83 41 52 37 4 194 |6 14 117 78 116 |129 175 10 137 152 162 |88 104 132 118 70 140 |95 156 190 176 169 178 113 144 |56 143 197 130 3 |192 34 48 24 60 |147 87 109 146 61 |28 179 32 126 64 7 55 131 172 |30 183 110 139 115 35 164 |69 181 173 108 |155 58 81 107 72 |198 12 182 59 100 |191 96 |97 103 |105 99 |
14767.8 226333
9 157 166 195 159 163 85 62 154 8 180 75 |43 199 125 46 16 135 76 158 |101 114 92 40 142 98 17 |33 15 21 124 120 161 122 84 184 133 13 160 |165 54 168 74 90 189 51 86 79 27 |89 177 121 136 19 167 20 106 39 93 |174 25 50 66 200 185 91 127 102 26 |111 145 38 63 119 94 23 22 53 |29 68 171 112 31 73 45 188 196 134 47 18 5 11 |80 42 128 150 138 123 149 57 ||116 |151 55 24 162 |87 32 67 99 7 44 |131 52 182 36 |132 14 59 95 35 |34 126 88 96 178 |72 37 152 137 |60 147 179 186 169 103 |110 143 |190 |197 139 |83 69 |156 153 64 |144 |104 |115 164 10 48 129 |65 |155 100 78 82 |198 28 181 175 12 |71 117 |193 194 41 146 |172 141 61 4 1 |140 3 113 30 183 |170 49 109 187 105 173 |2 97 81 118 56 77 108 |192 176 130 191 |107 6 |148 70 58 |
15353.8 223247
174 185 200 66 50 89 128 123 138 127 102 26 79 |145 29 68 171 112 31 73 45 188 196 134 47 119 94 57 53 |163 159 142 33 21 124 40 15 76 |120 82 84 160 17 77 |193 25 153 38 63 177 150 149 22 |125 195 85 92 62 154 8 180 75 |166 157 9 114 101 43 165 167 20 106 39 93 |91 54 168 74 90 189 51 136 19 121 86 27 |80 161 122 184 199 98 46 16 135 158 |133 13 111 42 18 5 23 11 ||131 151 71 |44 2 |65 49 |1 36 67 141 187 186 |148 83 41 52 37 4 194 |6 14 117 78 116 |107 175 10 137 152 |88 104 132 118 70 140 |95 156 190 176 169 178 113 144 162 |56 143 197 130 3 |192 34 48 24 60 |170 |147 87 109 146 61 |28 179 32 126 64 7 55 |172 |30 183 110 139 115 35 164 |69 181 173 108 |155 58 81 129 |198 12 182 59 100 |72 |191 96 |97 103 |105 99 |
15996.7 222187
33 15 21 124 120 161 122 84 184 133 13 160 17 |54 168 74 189 51 86 79 27 |89 177 121 136 19 106 39 93 |174 25 50 66 200 185 91 127 102 26 |111 145 38 63 119 94 23 22 53 |29 68 171 112 31 73 45 188 196 134 47 18 5 11 |80 42 128 150 138 123 149 57 |90 165 43 167 20 158 |195 166 157 9 114 92 101 62 154 8 180 75 |85 199 40 98 142 159 163 125 46 16 135 76 ||129 143 |172 4 148 |7 |10 |187 113 24 |72 173 131 182 |141 |87 69 192 116 |83 107 178 162 183 190 |137 55 67 99 64 34 60 |44 |6 41 3 155 110 115 |197 2 14 78 49 12 30 186 |118 100 88 108 |58 35 28 32 151 |36 140 104 |103 1 109 52 |59 175 77 179 |37 117 82 169 |198 95 61 97 |156 191 132 96 194 |176 193 146 153 144 |70 147 105 152 81 |56 126 71 |139 164 48 181 |65 170 130 |
16214.6 215715
174 185 200 66 50 89 128 123 138 127 102 26 79 |145 29 68 171 112 31 73 45 188 196 134 47 119 94 57 53 |163 159 142 33 21 124 40 15 76 |120 82 84 160 17 77 |193 25 153 38 63 177 150 149 22 |125 195 85 92 62 154 8 180 75 |166 157 9 114 101 43 165 167 20 106 39 93 |91 54 168 74 90 189 51 136 19 121 86 27 |80 161 122 184 199 98 46 16 135 158 |133 13 111 42 18 5 23 11 ||131 97 71 |44 |65 49 |1 36 67 141 187 186 |148 83 41 52 |4 194 |14 117 78 116 |107 |10 137 152 |88 104 132 118 |140 |95 156 190 |169 178 |162 |56 143 197 130 3 |192 |48 24 60 |170 |147 87 |146 61 |28 179 32 126 64 |55 |172 |30 183 191 139 115 35 |96 173 108 |155 58 |129 |12 182 59 100 |72 |7 164 176 2 69 |109 6 144 37 113 |34 198 81 70 |175 110 181 |151 |103 105 99 |
17331.5 202871
33 15 21 124 120 161 122 84 184 133 13 160 17 |54 168 74 189 51 86 79 27 |89 177 121 136 19 106 39 93 |174 25 50 66 200 185 91 127 102 26 |111 145 38 63 119 94 23 22 53 |29 68 171 112 31 73 45 188 196 134 47 18 5 11 |80 42 128 150 138 123 149 57 |90 165 43 167 20 158 |195 166 157 9 114 92 101 62 154 8 180 75 |85 199 40 98 142 159 163 125 46 16 135 76 ||172 |35 78 |152 |132 |170 186 |65 |137 130 181 |113 55 |183 14 182 |36 69 155 |109 |192 71 56 |100 59 148 104 81 52 178 |64 32 141 41 |6 |129 10 28 34 67 |116 197 48 60 |107 58 |3 |110 |2 |49 12 30 118 |88 108 |44 151 |72 140 |103 1 83 190 |173 175 77 179 169 |37 117 82 |198 95 61 97 131 187 |156 191 143 115 96 194 4 |176 193 146 153 144 162 |70 147 105 87 99 7 126 |139 164 |24 |
18267 201433
142 33 40 21 124 80 122 84 184 160 17 |29 68 31 45 188 196 134 119 53 |16 92 85 62 154 8 75 180 167 20 93 |133 13 111 42 5 94 57 22 |195 166 157 9 114 101 43 165 106 39 |90 189 54 168 74 185 91 51 136 19 121 |89 128 38 63 177 149 123 138 26 79 27 |120 161 199 15 98 159 163 125 46 135 76 158 |174 50 66 200 25 150 127 102 86 |145 171 112 73 47 18 23 11 ||173 88 110 |32 1 107 117 70 30 |137 |65 |182 4 |99 7 164 191 153 12 |130 |55 |132 176 190 |143 |48 71 14 |100 59 148 104 2 52 |72 141 |87 |139 181 187 |155 97 140 |58 |113 |152 60 95 64 131 172 |162 183 |116 |44 10 |77 |147 24 |115 96 |83 |103 |41 |179 |67 |56 169 |61 |108 156 194 |28 170 118 178 |35 192 78 186 193 69 |109 6 144 37 |34 198 81 49 |175 105 3 126 129 |197 |151 |82 |146 36 
18273.8 199346
33 15 21 124 120 161 122 84 184 133 13 160 17 |54 168 74 189 51 86 79 27 |89 177 121 136 19 106 39 93 |174 25 50 66 200 185 91 127 102 26 |111 145 38 63 119 94 23 22 53 |29 68 171 112 31 73 45 188 196 134 47 18 5 11 |80 42 128 150 138 123 149 57 |90 165 43 167 20 158 |195 166 157 9 114 92 101 62 154 8 180 75 |85 199 40 98 142 159 163 125 46 16 135 76 ||146 |197 49 65 12 |97 |156 182 152 |194 70 |137 143 77 |132 78 71 141 |72 109 |28 |6 100 59 14 104 96 193 187 131 |129 10 60 64 |178 |41 151 |139 58 107 198 61 |44 87 191 69 |7 164 153 162 |186 105 147 32 130 3 |181 115 |116 95 |110 192 |34 126 |113 |190 |103 1 81 52 |175 56 179 |169 |117 |155 35 170 |176 37 |108 148 140 144 |4 183 55 67 172 |24 99 |48 |118 |30 88 |2 |36 |83 |82 173 |
18893.9 197080
124 21 33 40 15 98 46 125 16 135 158 |195 166 157 9 114 92 101 43 165 167 20 39 93 |111 82 122 84 184 199 160 76 |89 25 50 66 200 185 91 51 127 102 86 26 79 27 |174 54 168 74 189 90 136 19 121 106 |29 145 68 45 188 134 119 94 57 22 53 |42 196 38 63 128 177 150 138 123 149 |171 112 31 73 47 18 5 23 11 |120 161 80 133 13 17 |142 159 163 85 62 154 8 180 75 ||194 |65 |182 4 35 156 |99 |7 164 191 153 12 |130 |71 141 55 |132 176 |173 88 30 |49 |169 6 |178 |70 137 |110 |144 |3 |190 143 2 |95 139 44 96 78 183 193 |181 187 48 147 |152 |100 59 148 104 52 |64 32 58 107 1 103 |87 155 97 116 |83 60 129 28 105 126 |197 108 72 24 131 77 |69 |37 41 113 |179 10 67 172 56 192 |198 34 109 146 |36 175 |162 118 140 14 186 61 |170 151 |115 81 |117 
22509.2 197025
142 33 40 21 124 80 122 84 184 160 17 |29 68 31 45 188 196 134 119 53 |16 92 85 62 154 8 75 180 167 20 93 |133 13 111 42 5 94 57 22 |195 166 157 9 114 101 43 165 106 39 |90 189 54 168 74 185 91 51 136 19 121 |89 128 38 63 177 149 123 138 26 79 27 |120 161 199 15 98 159 163 125 46 135 76 158 |174 50 66 200 25 150 127 102 86 |145 171 112 73 47 18 23 11 ||173 88 110 |32 1 107 117 70 30 |137 |65 |182 4 |99 7 164 191 153 12 |130 |55 |132 176 190 |143 |48 71 14 |100 59 148 104 2 52 |72 141 |87 |139 181 187 |155 97 140 |58 |113 |129 44 |56 170 96 78 |147 24 28 35 105 |116 197 156 |115 144 69 64 |95 126 77 192 |103 |131 183 |37 10 179 60 |83 169 41 |152 |108 82 |118 178 3 61 49 |109 |6 |34 198 194 81 |175 67 |162 172 |151 193 |186 |146 36 
22884.2 195843
142 33 40 21 124 80 122 84 184 160 17 |29 68 31 45 188 196 134 119 53 |16 92 85 62 154 8 75 180 167 20 93 |133 13 111 42 5 94 57 22 |195 166 157 9 114 101 43 165 106 39 |90 189 54 168 74 185 91 51 136 19 121 |89 128 38 63 177 149 123 138 26 79 27 |120 161 199 15 98 159 163 125 46 135 76 158 |174 50 66 200 25 150 127 102 86 |145 171 112 73 47 18 23 11 ||173 88 110 |32 1 107 117 70 30 |137 |65 |182 4 |99 7 164 191 153 12 |130 |55 190 |132 176 |143 |48 71 14 |100 59 148 104 2 52 |72 141 |87 |139 181 187 |155 97 140 |58 |147 35 |113 |105 |129 44 |56 170 96 78 |183 24 28 |116 197 156 |115 144 69 49 152 186 172 |194 192 60 |193 |10 64 3 162 131 77 |95 169 126 |83 |103 |41 |179 |108 |61 |109 |118 178 |37 |81 6 |175 34 |198 |151 67 |82 |146 36 
24157.5 193680
142 33 40 21 124 80 122 84 184 160 17 |29 68 31 45 188 196 134 119 53 |16 92 85 62 154 8 75 180 167 20 93 |133 13 111 42 5 94 57 22 |195 166 157 9 114 101 43 165 106 39 |90 189 54 168 74 185 91 51 136 19 121 |89 128 38 63 177 149 123 138 26 79 27 |120 161 199 15 98 159 163 125 46 135 76 158 |174 50 66 200 25 150 127 102 86 |145 171 112 73 47 18 23 11 ||173 |197 49 65 12 |97 |156 182 152 |194 70 |137 |130 170 61 141 55 176 |48 147 143 14 |2 |71 60 |100 59 |104 |52 178 |64 99 |41 32 193 58 |107 |1 103 129 67 |28 116 105 7 |30 44 |72 |117 |131 132 |126 |77 69 |95 139 96 78 183 187 |181 108 |153 |88 155 4 |83 |87 |190 |37 |179 113 172 56 |10 169 |24 |3 |35 192 109 |162 148 6 144 |34 198 164 81 |175 110 191 |151 115 |118 140 82 186 |146 36 
27322.8 192201
142 33 40 21 124 80 122 84 184 160 17 |29 68 31 45 188 196 134 119 53 |16 92 85 62 154 8 75 180 167 20 93 |133 13 111 42 5 94 57 22 |195 166 157 9 114 101 43 165 106 39 |90 189 54 168 74 185 91 51 136 19 121 |89 128 38 63 177 149 123 138 26 79 27 |120 161 199 15 98 159 163 125 46 135 76 158 |174 50 66 200 25 150 127 102 86 |145 171 112 73 47 18 23 11 ||108 |30 |65 182 |4 35 |99 7 164 191 153 12 |130 170 61 141 55 |176 48 147 143 |2 14 |71 60 |100 59 148 104 |52 178 |173 88 70 137 110 |113 117 132 72 |139 41 190 |32 193 58 107 |1 87 152 |24 28 105 |116 197 156 |115 144 69 |131 95 126 77 192 |103 129 44 |56 96 78 |183 181 187 |140 |155 97 |83 |37 |179 10 |169 |82 |162 |118 3 49 |109 |6 |34 198 194 81 |175 67 |64 172 |151 |186 |146 36 
29379 191871

Time:11
Last Iter:10
Last Update:10
Tabu:0
Last Time11
24
149 123 150 138 191 23 111 112 171 199 122 98 180 167 20 165 74 |75 93 121 168 89 119 36 42 15 21 92 101 9 157 |25 143 200 50 185 91 51 127 27 17 133 33 134 |68 145 18 53 26 55 66 154 114 195 159 76 |142 6 163 16 162 166 147 181 174 196 188 47 5 160 13 |54 7 177 95 100 2 11 125 8 120 |3 45 116 128 192 57 79 86 110 126 90 129 141 106 39 135 184 |102 136 19 189 43 24 62 30 4 194 169 40 84 94 63 |158 151 137 22 12 59 73 198 29 38 44 99 28 48 87 175 85 46 |77 34 109 139 156 31 193 183 144 70 124 161 80 ||105 187 81 178 113 37 104 |152 108 67 64 179 35 197 130 |1 |173 88 10 61 186 65 |155 69 107 58 140 52 |32 |41 60 164 49 146 115 |132 97 103 117 83 82 14 190 |170 153 78 148 176 96 172 131 |71 72 56 118 182 |
8881.3 738736
135 46 162 180 106 127 123 177 11 119 196 188 31 68 142 |47 197 111 1 58 85 62 195 189 74 54 50 |18 149 179 174 39 158 125 40 84 |166 20 19 136 121 99 181 128 94 53 23 17 15 80 133 42 171 |75 101 24 157 37 98 124 21 120 176 27 152 102 51 91 38 |81 118 122 33 178 159 183 76 93 26 138 22 63 134 73 66 |6 182 184 190 45 164 108 200 90 92 |163 16 151 141 154 88 70 140 14 65 112 89 168 |161 117 83 199 69 59 5 170 146 95 35 25 143 7 185 126 86 79 |44 198 145 29 100 148 160 194 169 103 82 13 57 150 167 165 43 9 114 8 ||87 129 109 49 139 |97 192 173 56 41 |113 |3 36 156 191 115 67 55 32 34 |72 71 110 10 153 |186 |131 77 137 105 60 52 |132 104 4 96 30 12 155 130 |48 |193 107 144 2 61 116 |28 78 172 187 147 |64 175 |
9437.29 733526
183 53 194 15 184 178 125 131 180 32 168 10 145 29 |144 72 189 89 123 94 119 47 112 68 |182 107 21 140 82 59 22 57 149 128 66 106 93 20 157 195 85 |188 156 63 171 13 124 75 154 136 50 127 79 |4 169 58 78 111 80 40 142 8 56 101 43 51 185 150 |138 74 191 198 36 42 100 11 |84 120 161 33 158 167 39 |76 16 159 113 52 9 19 77 137 27 186 5 160 73 45 25 174 121 |133 1 103 122 199 163 41 46 62 166 60 91 200 86 23 18 31 196 38 |177 7 102 26 175 90 181 54 165 88 114 92 135 17 98 134 ||12 143 176 96 108 141 173 |3 155 30 132 83 162 |192 110 116 109 146 170 35 |37 117 |99 179 148 118 172 152 |67 64 105 48 197 |69 81 6 130 |71 24 187 151 164 129 |70 95 34 |14 |193 |190 65 2 104 97 44 |147 87 28 126 55 115 61 49 |153 139 |
9743.72 674603
59 190 160 81 40 142 11 76 27 22 86 167 112 171 31 |87 126 91 89 177 94 93 39 165 16 43 166 73 |157 114 62 37 19 119 51 150 123 5 |85 154 75 187 125 199 13 26 25 9 20 106 |163 195 24 189 174 200 7 143 138 115 57 53 188 45 133 161 122 |72 113 4 30 158 77 121 185 66 50 47 68 42 111 |108 102 55 33 152 135 180 92 71 88 90 54 168 127 |159 99 63 134 145 29 18 23 |109 196 170 61 149 136 74 17 46 98 124 184 120 80 |169 104 58 84 83 21 70 15 69 38 128 79 105 8 101 ||172 97 182 194 96 183 176 186 193 |64 116 12 139 |144 107 117 148 2 65 131 |44 164 191 156 179 |10 36 |32 175 181 67 198 100 |162 52 56 173 34 |6 118 |178 140 78 137 |28 48 129 60 147 153 35 |82 |14 |1 132 103 155 3 49 197 |110 146 130 192 151 141 |41 95 |
10780.6 673925
21 90 19 136 127 |168 120 161 142 159 16 75 |68 145 174 66 128 94 27 |31 112 100 69 160 97 184 84 83 177 25 |81 172 26 63 50 182 133 73 45 188 51 |32 121 86 185 200 38 134 13 125 154 62 180 8 85 165 129 189 7 149 93 76 199 23 |132 117 46 158 39 22 57 123 54 43 9 101 20 |5 18 12 47 156 11 102 138 150 114 163 124 40 |61 166 196 197 29 171 42 111 80 140 107 15 33 92 195 157 167 106 91 89 |139 95 191 44 119 53 79 34 74 60 135 98 122 17 ||193 144 56 152 30 |143 137 2 96 113 103 |88 141 55 3 176 58 1 |175 105 28 179 164 35 109 |71 151 194 178 |10 48 |78 186 108 147 87 115 |70 72 162 4 118 |187 52 14 170 130 |59 190 104 169 183 77 192 126 |198 146 82 49 153 |155 36 65 148 6 41 37 131 |116 173 24 67 110 64 99 |181 |
12656.9 620738
195 85 154 106 86 102 138 149 22 53 |66 89 128 46 |84 120 124 40 33 101 94 5 31 |43 157 166 159 21 122 199 47 112 177 189 93 |73 134 68 130 145 11 158 135 8 136 185 91 |188 63 44 26 79 39 20 23 3 18 196 38 171 180 76 163 |174 143 51 121 19 141 167 75 16 62 88 60 42 184 80 161 |27 151 57 109 29 133 160 98 142 127 168 74 |126 147 90 165 9 125 178 6 97 17 119 123 |45 49 111 13 1 140 15 41 131 56 92 114 150 25 200 50 54 ||116 191 197 146 87 105 |24 193 30 2 100 156 95 |183 58 69 198 164 179 137 77 |182 107 28 48 7 67 108 |152 55 132 129 |12 110 99 169 70 113 |176 104 148 190 78 61 36 170 14 |83 |153 35 115 186 4 96 172 187 52 |64 72 37 173 194 |81 82 |175 32 144 162 118 103 117 |65 59 155 139 192 34 10 |71 181 |
12807.8 614275
195 85 154 106 86 102 138 149 22 53 |66 89 128 46 |84 120 124 40 33 101 94 5 31 |43 157 166 159 21 122 199 47 112 177 189 93 |73 134 68 130 145 11 158 135 8 136 185 91 |188 63 44 26 79 39 20 23 3 18 196 38 171 180 76 163 |174 143 51 121 19 141 167 75 16 62 88 187 42 184 80 161 |27 151 57 109 29 133 160 98 142 127 168 74 |126 147 90 165 9 125 178 6 97 17 119 123 |45 49 111 13 1 140 15 172 131 56 92 114 150 25 200 50 54 ||116 191 197 |87 105 |24 193 30 2 100 156 95 |183 58 69 198 52 |182 107 28 48 7 67 108 137 |152 55 72 129 179 77 |12 110 99 169 70 113 |176 104 148 190 78 61 36 170 14 |83 |32 |41 60 164 146 |132 103 117 |194 |81 82 |153 35 115 175 |144 162 118 37 173 |186 65 59 155 139 192 34 10 |4 71 181 96 |64 |
12841.3 599933
152 105 190 197 139 146 30 4 132 65 130 126 179 164 12 3 2 10 |114 101 54 66 50 25 123 102 93 27 |45 38 63 19 165 43 167 20 106 39 |9 85 125 16 15 199 84 160 23 11 |26 127 64 121 177 44 112 5 142 163 161 76 |157 71 159 80 188 68 149 136 189 168 185 86 |34 120 74 174 89 134 196 73 111 122 40 33 195 92 75 |124 133 47 94 53 138 200 128 29 171 119 57 22 |184 169 17 135 158 79 55 141 51 91 153 145 18 98 46 8 154 180 |13 14 104 193 144 62 166 21 42 31 150 90 ||118 103 97 113 172 137 67 |186 69 |99 28 77 109 |115 192 88 60 175 |37 183 81 58 59 |70 147 131 162 |107 178 |1 194 108 198 155 |52 56 |100 49 182 6 117 83 140 |129 187 170 36 156 191 35 |148 78 110 143 48 32 |72 |82 96 41 24 87 |61 116 95 181 |7 151 176 173 
13075.4 584734
21 169 80 107 113 55 99 143 36 59 148 70 89 108 197 4 176 35 177 |128 50 174 66 200 7 25 91 185 34 51 126 127 102 86 26 119 |29 68 171 112 31 73 47 18 111 12 5 23 186 11 |42 65 13 133 184 84 160 17 104 193 76 |145 45 188 196 156 134 38 63 94 79 27 |92 54 168 74 189 90 105 136 19 121 138 150 123 149 57 22 53 |15 98 106 62 120 52 163 33 159 125 46 16 135 158 |161 122 124 40 142 85 8 75 |199 195 166 157 71 114 154 180 |9 101 43 165 167 20 39 93 ||129 |144 |183 69 139 |83 117 1 |32 28 181 |175 179 152 96 14 61 |116 194 97 |131 172 30 137 147 87 |151 187 |49 130 132 182 173 |60 2 |6 178 81 78 190 115 77 141 |24 162 41 118 37 56 |72 |48 64 110 191 164 95 3 |88 103 82 58 155 |192 109 44 153 |10 |146 198 170 100 |140 67 
13520.4 389749
98 15 4 13 111 18 5 23 11 |120 2 80 122 84 184 133 160 17 |157 9 85 125 16 135 76 |97 45 134 38 63 128 115 177 150 138 123 149 57 22 53 |161 199 40 124 21 33 142 159 163 46 116 158 |174 168 54 74 90 189 51 136 19 121 |200 66 50 89 25 185 91 127 102 86 26 79 27 |166 114 62 154 8 180 75 |195 92 101 43 165 167 20 106 39 93 |42 145 29 68 171 112 31 73 188 196 47 119 94 ||32 |65 |148 |1 193 |55 7 87 137 152 131 96 169 |77 35 179 34 99 105 60 181 |14 52 187 173 |144 6 |186 78 198 197 100 |107 194 176 |141 183 |190 146 139 67 12 61 30 |132 143 130 |28 151 |113 70 108 126 147 |129 49 104 81 |140 117 83 178 36 |24 162 41 118 37 56 |72 |48 64 110 191 95 3 |88 103 82 58 155 |192 164 109 153 44 |71 156 182 172 |175 10 59 69 170 
13588.1 251375
157 166 195 163 159 33 142 |80 120 161 21 98 125 46 16 135 |82 103 124 40 6 15 160 65 5 11 |100 62 101 9 114 92 56 85 154 8 180 75 |118 20 167 43 165 19 121 67 106 39 |51 25 89 128 38 63 177 138 150 123 149 86 93 |54 90 189 74 168 174 66 50 200 185 91 127 102 26 79 27 |145 29 171 73 47 18 119 23 53 |31 111 13 133 184 84 122 199 17 76 158 |136 42 68 112 45 188 196 134 94 57 22 ||12 |190 |36 |30 4 132 178 52 172 151 99 |198 197 126 34 |192 164 109 153 139 156 49 108 |83 96 183 141 179 |81 104 152 48 191 |116 78 1 14 97 182 169 58 |44 3 61 148 193 41 77 |143 130 115 110 28 |129 181 |117 70 162 72 24 |147 32 187 131 88 144 55 |7 140 |37 71 59 2 176 186 137 |170 146 64 105 175 194 |95 10 173 |107 113 60 87 |35 |69 155 |
14961.7 236598
29 145 68 171 73 31 112 45 188 196 134 47 119 |67 165 43 24 101 193 76 |33 124 161 122 103 84 199 160 17 |174 54 168 10 185 51 136 19 121 127 102 86 26 93 |111 89 128 177 38 63 94 57 22 53 |120 40 15 98 125 46 16 135 158 |21 142 159 163 85 154 8 180 75 |195 166 157 9 114 92 62 167 20 106 39 |90 189 74 50 66 200 25 91 138 150 123 149 79 27 |80 184 133 13 42 18 5 23 11 ||55 144 104 |78 156 130 |179 |14 113 |87 186 170 |99 28 129 32 77 109 |115 192 72 88 60 175 48 |37 183 81 58 59 116 |70 147 131 162 41 |107 178 143 |1 194 108 198 36 155 |52 56 181 |100 49 182 6 117 83 82 140 |7 35 151 96 176 173 |152 110 105 61 190 95 197 139 |146 |148 132 172 137 4 97 2 30 |64 34 65 191 44 12 3 |187 69 164 141 71 |118 169 153 126 |
15235.3 232944
10 59 69 170 33 21 124 15 199 17 76 |54 168 91 89 128 63 94 57 22 23 11 |145 29 68 171 112 31 73 45 188 196 134 119 53 |195 85 159 163 125 75 |174 25 127 121 165 43 167 39 93 27 |50 66 200 185 74 189 90 51 136 19 20 106 |166 157 9 101 114 92 62 154 8 180 |161 122 40 142 98 46 16 135 158 |120 80 84 184 133 13 160 5 |111 42 18 47 38 177 138 150 123 149 102 86 26 79 ||116 2 |148 |4 |115 32 |97 65 |1 193 |55 87 137 152 131 96 169 |77 35 179 34 99 105 60 181 |14 187 173 |144 6 |186 78 198 197 100 |107 194 176 |183 |190 146 139 67 12 61 30 |132 143 130 |28 151 |113 70 108 126 147 |129 49 |104 81 |140 162 72 141 |24 41 118 37 56 |7 52 117 83 |178 36 |48 64 110 191 95 3 |88 103 82 58 155 |192 164 109 153 44 |71 156 182 172 |175 
15263.5 228540
40 84 184 133 13 160 17 59 |63 196 134 111 42 18 5 23 11 |166 157 114 92 85 62 154 8 180 75 135 76 |80 122 161 124 21 33 142 159 163 125 46 16 158 |38 128 89 50 66 200 25 138 150 123 149 57 22 |145 29 68 171 112 31 73 45 188 47 119 94 53 |174 54 168 74 185 91 |120 199 15 98 127 102 86 26 79 |177 90 189 51 121 136 19 39 27 |195 9 101 43 165 167 20 106 93 ||116 2 |148 |4 |115 32 |97 65 |1 193 |55 7 87 137 152 131 96 169 |77 35 179 34 99 105 60 181 |14 52 187 173 |144 6 |186 78 198 197 100 |107 194 176 |141 183 |190 146 139 67 12 61 30 |132 143 130 |28 151 |113 70 108 126 147 |129 49 104 81 |140 117 83 178 36 |24 162 41 118 37 56 |72 |48 64 110 191 95 3 |88 103 82 58 155 |192 164 109 153 44 |156 69 182 172 71 |175 170 10 |
15269.9 216411
33 21 124 15 199 17 76 |54 168 91 89 128 63 94 57 22 23 11 |145 29 68 171 112 31 73 45 188 196 134 119 53 |195 85 159 163 125 75 |174 25 127 121 165 43 167 39 93 27 |50 66 200 185 74 189 90 51 136 19 20 106 |166 157 9 101 114 92 62 154 8 180 |161 122 40 142 98 46 16 135 158 |120 80 84 184 133 13 160 5 |111 42 18 47 38 177 138 150 123 149 102 86 26 79 ||116 2 |148 |4 |115 32 |97 65 |1 193 |55 7 87 137 152 131 96 169 |77 35 179 34 99 105 60 181 |178 52 187 173 |144 6 |186 78 198 197 100 |107 194 176 |141 183 |190 146 139 67 12 61 30 |132 143 130 |28 151 |113 70 108 126 147 |129 49 104 81 |140 117 83 |36 |24 162 41 118 37 56 |72 |14 |48 64 110 191 95 3 |88 103 82 58 155 |192 164 109 153 44 |71 156 182 172 |175 10 59 69 170 
15556.7 210391
13 133 184 122 84 199 160 17 |63 196 134 111 42 18 5 23 11 |166 157 114 92 85 62 154 8 180 75 135 |33 142 159 163 125 46 16 158 |38 128 89 50 66 200 25 138 150 123 149 57 22 |145 29 68 171 112 31 73 45 188 47 119 94 53 |174 54 168 74 185 91 127 102 86 26 79 |177 90 189 51 121 136 19 39 27 |195 9 101 43 165 167 20 106 93 |80 120 161 21 124 40 15 98 76 ||116 2 |148 |4 |115 32 |97 65 |1 193 |55 7 87 137 152 131 96 169 |77 35 179 34 99 105 60 181 |14 52 187 173 |144 6 |186 78 198 197 100 |107 194 176 |141 183 |190 146 139 67 12 61 30 |132 143 130 |28 151 |113 70 108 126 147 |129 49 104 81 |140 117 83 178 36 |24 162 41 118 37 56 |72 |48 64 110 191 95 3 |88 103 82 58 155 |192 164 109 153 44 |156 69 182 172 71 |175 170 10 |59 
15908 205862
63 196 134 111 42 78 18 5 23 11 |166 157 114 92 85 62 154 8 180 75 135 |33 142 159 163 125 46 16 158 |38 128 89 50 66 200 25 138 150 123 149 57 22 |145 29 68 171 112 31 73 45 188 47 119 94 53 |174 54 168 74 185 91 127 102 86 26 79 |177 90 189 51 121 136 19 39 27 |195 9 101 43 165 167 20 106 93 |80 120 161 21 124 40 15 98 76 |199 122 84 184 133 13 160 17 ||14 49 |10 172 |36 |103 96 |72 65 132 |186 151 1 6 4 |2 41 56 |113 97 148 69 95 191 35 |34 179 28 55 110 64 12 3 |182 107 169 118 108 |175 87 67 198 61 30 183 194 176 |143 88 32 141 162 81 |7 60 181 147 144 77 |197 140 178 190 |115 139 24 126 |146 109 71 |100 58 |48 105 116 153 192 |52 117 173 |187 |137 37 |131 104 |156 170 82 155 |130 |83 |70 44 |129 193 |99 |59 164 152 
17311.3 205095
13 133 184 122 84 199 160 17 |63 196 134 111 42 18 5 23 11 |166 157 114 92 85 62 154 8 180 75 135 |33 142 159 163 125 46 16 158 |38 128 89 50 66 200 25 138 150 123 149 57 22 |145 29 68 171 112 31 73 45 188 47 119 94 53 |174 54 168 74 185 91 127 102 86 26 79 |177 90 189 51 121 136 19 39 27 |195 9 101 43 165 167 20 106 93 |80 120 161 21 124 40 15 98 76 ||108 172 |118 169 37 176 |96 72 87 |67 110 131 |32 151 4 12 41 113 |97 175 182 |107 141 183 2 |71 148 198 100 |7 3 187 |70 |55 |191 |186 14 |81 |156 36 170 |104 |10 129 60 |179 109 194 162 61 |34 192 132 117 |147 181 197 |49 |140 178 144 56 |139 24 |44 146 |58 116 |105 65 78 |82 88 1 |52 173 77 137 64 48 126 |6 103 |69 130 |190 35 155 |83 28 |95 115 30 193 |99 143 |153 59 164 152 
18131.9 197718
13 133 184 122 84 199 160 17 |63 196 134 111 42 155 18 5 23 11 |166 157 114 92 85 62 154 8 180 75 135 |33 142 159 163 125 46 16 158 |38 128 89 50 66 200 25 138 150 123 149 57 22 |145 29 68 171 112 31 73 45 188 47 119 94 53 |174 54 168 74 185 91 127 102 86 26 79 |177 90 189 51 121 136 19 39 27 |195 9 101 43 165 167 20 106 93 |80 120 161 21 124 40 15 98 76 ||162 |197 1 58 |181 |37 176 152 |81 178 183 |6 164 108 |88 70 14 65 |118 172 169 96 67 110 |7 3 187 131 72 151 |87 32 4 12 41 |113 97 175 141 |107 2 182 148 198 |100 |71 |55 |191 |186 |156 36 170 |104 |10 129 60 |179 109 194 61 |34 192 132 117 |147 |49 |140 144 56 |139 24 |44 146 |116 |105 78 |82 |52 173 77 137 64 48 126 |103 |130 |69 |83 28 |95 35 115 193 30 |99 143 153 59 |190 
18890.4 194633
63 196 134 111 42 155 18 5 23 11 |166 157 114 92 85 62 154 8 180 75 135 |33 142 159 163 125 46 16 158 |38 128 89 50 66 200 25 138 150 123 149 57 22 |145 29 68 171 112 31 73 45 188 47 119 94 53 |174 54 168 74 185 91 127 102 86 26 79 |177 90 189 51 121 136 19 39 27 |195 9 101 43 165 167 20 106 93 |80 120 161 21 124 40 15 98 76 |199 122 84 184 133 13 160 17 ||49 156 14 108 4 |69 172 186 191 |34 179 28 55 187 41 |182 |176 52 56 |72 67 110 |44 151 |113 148 198 |71 104 1 173 |2 97 60 |70 |118 |12 95 35 |3 169 81 193 96 |131 77 |109 143 7 |175 87 36 170 61 30 |183 88 32 141 192 194 |117 10 147 |129 178 144 132 |139 24 |181 197 |140 |162 |190 146 |100 |48 58 |105 116 |78 |65 |82 64 |126 |37 |103 83 |130 |107 |115 |137 99 153 |164 59 6 152 
22772.8 192956
63 196 134 111 42 78 18 5 23 11 |166 157 114 92 85 62 154 8 180 75 135 |33 142 159 163 125 46 16 158 |38 128 89 50 66 200 25 138 150 123 149 57 22 |145 29 68 171 112 31 73 45 188 47 119 94 53 |174 54 168 74 185 91 127 102 86 26 79 |177 90 189 51 121 136 19 39 27 |195 9 101 43 165 167 20 106 93 |80 120 161 21 124 40 15 98 76 |199 122 84 184 133 13 160 17 ||14 49 156 |10 4 |69 172 36 191 |103 96 |55 |41 72 65 |176 52 186 151 |2 110 56 |113 |148 95 34 |71 104 1 179 |28 97 12 |108 182 118 |35 |3 169 81 |131 77 |109 |132 |6 117 107 |64 175 |67 |198 87 61 30 183 194 |143 88 32 141 162 144 |190 178 7 181 |139 24 115 |126 197 60 147 |146 140 |100 |58 |48 105 116 192 153 |173 |187 |37 |170 82 155 |130 |83 |70 44 |129 193 |137 99 |59 164 152 
23207.7 192012
63 196 134 111 42 155 18 5 23 11 |166 157 114 92 85 62 154 8 180 75 135 |33 142 159 163 125 46 16 158 |38 128 89 50 66 200 25 138 150 123 149 57 22 |145 29 68 171 112 31 73 45 188 47 119 94 53 |174 54 168 74 185 91 127 102 86 26 79 |177 90 189 51 121 136 19 39 27 |195 9 101 43 165 167 20 106 93 |80 120 161 21 124 40 15 98 76 |199 122 84 184 133 13 160 17 ||49 156 107 108 4 |172 186 148 |34 179 104 55 187 41 |2 |176 |56 |72 67 110 |117 113 32 |191 |140 198 |178 183 |7 |37 164 |118 |12 |116 78 |14 97 182 169 |151 |60 109 143 96 81 |175 87 36 170 61 65 |88 |141 192 194 |44 10 147 |129 82 144 |139 24 132 |181 197 |162 |190 146 |100 |58 |105 3 |131 |1 |71 |52 173 77 137 64 48 126 |6 103 |130 |69 |83 28 |95 35 115 193 30 |99 153 |70 59 |152 
24848.1 189498
13 133 184 122 84 199 160 17 |63 196 134 111 42 18 5 23 11 |166 157 114 92 85 62 154 8 180 75 135 |33 142 159 163 125 46 16 158 |38 128 89 50 66 200 25 138 150 123 149 57 22 |145 29 68 171 112 31 73 45 188 47 119 94 53 |174 54 168 74 185 91 127 102 86 26 79 |177 90 189 51 121 136 19 39 27 |195 9 101 43 165 167 20 106 93 |80 120 161 21 124 40 15 98 76 ||156 36 |4 |148 191 |59 28 |186 95 |2 |41 55 56 193 |151 |192 44 |129 153 1 |72 152 155 |14 96 97 12 |108 182 118 83 |35 |3 169 81 |131 77 |109 |132 |6 117 107 |64 175 |67 |198 87 61 30 183 194 |143 88 32 141 162 144 |190 178 7 181 |139 24 115 |126 197 60 147 |146 140 |58 |48 105 116 65 78 |82 |52 |173 187 |137 100 34 |103 |49 69 |104 172 37 176 |179 |113 |110 |71 70 170 |10 |130 |99 |164 
27851.8 189056
63 196 134 111 42 35 18 5 23 11 |166 157 114 92 85 62 154 8 180 75 135 |33 142 159 163 125 46 16 158 |38 128 89 50 66 200 25 138 150 123 149 57 22 |145 29 68 171 112 31 73 45 188 47 119 94 53 |174 54 168 74 185 91 127 102 86 26 79 |177 90 189 51 121 136 19 39 27 |195 9 101 43 165 167 20 106 93 |80 120 161 21 124 40 15 98 76 |199 122 84 184 133 13 160 17 ||156 |70 4 |95 |36 191 |7 131 |55 |56 |113 186 151 |2 148 192 |175 153 81 |197 6 |155 30 |96 |109 |118 193 12 |141 83 |49 |1 14 97 182 169 187 |44 104 61 152 |41 |143 |115 110 28 |129 72 |32 183 117 |60 140 178 144 162 |139 24 190 |146 132 194 147 |181 |100 58 |48 105 116 65 78 |82 |52 88 173 77 |137 64 34 126 |103 |3 69 |130 |107 37 67 108 179 |170 10 |198 |176 164 172 |71 99 |59 |87 
31447.2 187789

Time:11
Last Iter:10
Last Update:10
Tabu:0
Last Time11
15
111 58 15 120 158 79 38 51 165 154 |151 26 34 87 129 43 41 76 1 42 73 31 29 145 119 |11 53 17 184 114 166 136 54 50 |142 70 6 21 117 199 46 135 159 195 9 123 66 168 |103 80 98 144 92 72 60 185 200 150 149 93 47 188 45 68 |44 196 57 138 102 110 179 143 25 174 19 167 62 85 16 |63 35 192 86 67 127 126 91 74 90 101 56 162 125 84 157 |177 128 191 197 198 146 112 134 49 22 186 152 39 106 189 52 33 133 13 |23 5 78 194 193 183 75 180 8 71 107 124 121 89 |160 4 132 122 161 40 113 163 20 32 108 137 27 2 94 18 171 ||82 97 178 187 172 115 109 |141 147 28 10 7 99 105 116 |139 |170 153 48 24 |176 96 104 169 30 65 12 156 95 |83 |131 175 181 59 190 |55 130 100 118 |37 |77 64 164 61 3 36 69 81 182 |148 14 140 173 88 |155 |
8912.29 765584
11 176 17 194 84 83 113 154 43 54 127 177 94 47 |82 46 166 165 167 20 39 93 26 149 121 |99 91 90 102 79 38 45 145 125 33 120 |9 189 150 35 100 184 161 |171 31 130 153 123 106 19 87 85 16 159 98 15 122 5 18 |101 92 62 180 151 76 163 58 13 103 22 51 185 |139 146 68 3 116 168 129 24 195 124 199 133 |42 73 36 196 95 119 12 27 75 41 52 142 140 80 25 200 66 74 |135 158 162 157 32 136 60 64 179 7 89 44 197 63 156 188 23 160 40 21 |134 198 112 29 111 1 4 53 57 86 138 128 50 174 8 114 ||77 108 131 104 118 178 37 |191 164 143 34 48 175 |117 |190 96 183 141 105 181 67 |109 132 97 182 81 6 70 144 |10 88 56 152 30 61 |65 78 14 107 169 148 2 59 49 |137 |172 187 55 173 72 193 155 |186 69 170 115 192 110 126 147 28 |71 |
9051.62 720517
69 31 45 63 102 19 20 180 16 76 40 33 84 184 120 21 124 15 |185 27 50 127 167 43 8 160 133 199 5 |22 94 11 176 190 47 188 112 1 103 39 121 91 123 149 |7 89 74 90 189 51 79 |17 122 142 166 9 145 68 134 119 57 |73 171 196 3 23 2 158 144 26 86 138 150 28 |135 183 4 172 141 154 92 157 159 161 13 111 200 66 174 54 |114 195 52 162 75 131 152 53 186 18 136 |173 71 85 37 125 46 98 107 118 80 14 194 93 177 197 29 168 |32 105 126 99 25 128 44 38 198 130 42 155 65 78 117 163 62 101 165 106 ||6 182 81 58 140 82 113 187 |48 181 192 24 88 137 |83 96 67 115 49 156 |95 108 55 |56 151 104 116 191 153 |169 100 147 129 |179 143 110 175 60 146 |132 97 36 34 10 |64 164 109 170 59 |35 139 87 77 |178 70 12 61 30 193 148 |41 72 |
9558.14 663643
197 61 5 69 84 122 33 142 113 159 76 |152 187 55 67 126 129 24 101 62 154 8 75 131 |160 80 184 21 124 40 15 104 46 125 41 16 135 158 |98 163 92 114 157 9 43 165 19 136 121 86 26 |166 195 85 180 167 90 189 51 79 27 |120 161 54 168 74 91 102 57 22 53 23 11 |68 171 29 145 89 174 185 127 20 106 39 93 |17 199 133 13 18 119 63 177 50 66 200 25 150 138 |72 77 141 198 3 47 73 31 112 170 45 188 196 134 94 |190 192 140 111 42 38 128 179 123 149 ||105 175 87 115 194 2 49 12 |78 100 146 109 7 32 147 172 |186 137 71 182 59 |60 48 130 148 |176 30 107 |164 153 |97 118 193 |28 10 88 183 4 |14 6 178 56 52 |173 |116 44 34 |36 95 99 151 65 81 |1 82 83 117 37 |181 |156 |132 103 96 162 108 143 |110 64 35 191 |144 169 58 70 155 |139 
11751 326287
77 173 147 182 132 56 72 10 6 100 153 44 63 94 |73 42 111 133 13 5 18 47 119 23 11 |161 120 117 80 122 84 184 160 17 |195 142 33 21 124 40 199 15 98 96 76 |43 157 9 92 85 163 159 46 16 125 144 135 158 |165 54 168 74 189 90 105 51 127 67 102 86 26 79 27 |185 166 114 101 62 154 8 75 180 167 20 |174 50 66 200 91 136 19 121 106 39 93 |68 171 31 112 45 188 196 134 25 150 138 |29 145 139 38 89 128 177 123 149 57 22 53 ||198 59 |36 |137 172 |191 35 129 |104 169 70 |118 3 |194 1 14 69 146 |126 115 176 156 170 130 |113 107 65 155 197 |41 131 12 34 87 |140 49 143 7 181 |148 78 30 193 97 103 52 152 |2 190 81 82 151 55 192 |164 95 28 48 60 175 |4 183 162 186 61 64 99 179 108 |187 141 24 71 58 178 |88 37 |83 32 110 116 109 
14258.5 302434
84 122 80 120 161 21 124 40 6 15 107 199 160 148 17 76 158 |98 33 142 159 163 37 16 46 125 162 75 151 93 |48 7 25 143 63 177 150 123 149 57 |166 157 181 74 28 185 138 192 22 |167 174 54 90 60 175 51 136 19 121 20 106 39 |50 126 141 165 43 101 114 92 85 62 154 8 180 |139 38 44 153 128 89 66 91 102 26 137 79 |195 9 189 168 10 200 110 127 86 27 |145 29 68 171 112 31 73 45 188 196 134 47 119 94 53 |135 111 184 133 13 42 100 18 5 23 11 ||35 |65 132 70 24 |4 30 115 |32 197 |140 1 81 172 49 |96 52 87 116 |67 108 152 61 36 69 |12 186 104 82 156 |109 198 179 105 147 55 187 41 |113 83 14 99 |130 173 |193 194 183 118 77 164 |144 72 103 117 97 190 |131 78 |176 169 182 178 56 88 64 |59 95 191 146 170 3 34 |71 129 155 58 2 
14393.8 268879
89 50 174 106 39 130 |7 42 184 84 199 15 76 |177 128 25 74 54 168 66 200 185 91 138 150 123 149 86 26 |120 122 124 40 125 75 167 20 |111 134 196 38 63 119 94 57 22 53 11 |90 189 80 133 13 160 17 |51 121 161 21 33 16 135 158 |136 19 165 43 166 195 142 159 163 46 |29 145 68 171 112 31 73 45 188 47 18 5 23 |98 85 92 157 9 114 101 62 154 8 180 93 127 102 79 27 ||140 |36 |104 |3 10 129 41 |69 32 |173 194 |144 83 198 |191 67 77 151 183 52 |59 12 115 44 170 2 4 |81 132 97 181 192 |70 169 6 100 |34 64 179 137 87 176 |61 116 143 95 147 |162 55 153 139 78 172 |105 35 156 1 131 |56 72 88 37 107 182 118 |178 24 141 99 |193 14 49 164 110 197 |71 30 148 155 146 |117 |109 |113 |152 |190 |82 |187 28 48 60 175 |103 |186 |126 |108 |96 |58 65 
16365.2 264619
168 50 66 200 185 91 127 102 138 150 123 149 22 53 11 |188 13 133 122 21 33 98 46 16 135 |120 161 40 142 159 163 125 |124 80 184 84 15 199 160 23 |74 189 68 45 47 18 5 17 76 |101 51 177 128 38 63 94 57 79 27 |196 134 119 114 157 9 19 136 121 86 26 |112 31 73 195 166 92 154 167 20 106 93 |145 29 171 42 111 85 8 75 158 |89 25 174 54 90 165 43 62 180 39 ||183 186 61 64 99 108 |24 71 58 178 |88 37 |95 |28 141 179 |152 |182 83 |137 |36 |104 |3 10 129 147 32 |116 |173 |144 153 59 |72 56 70 118 117 |67 110 105 172 14 100 |146 |107 197 155 |187 |169 194 69 35 12 |140 143 7 181 34 |41 131 87 191 139 |113 52 115 156 198 77 |162 176 4 |148 78 170 130 65 |96 6 132 55 |126 |109 44 164 49 1 30 193 |97 2 190 81 82 151 |192 48 60 175 |103 
16375.4 247319
142 195 166 157 9 165 43 180 75 93 |88 37 163 15 98 125 46 16 135 158 |174 50 200 25 89 128 63 26 86 106 39 |29 68 171 31 188 196 134 94 53 |185 91 42 73 112 45 47 119 23 |145 95 38 177 150 138 123 149 57 22 |120 80 84 184 133 13 111 18 5 11 |122 161 124 21 33 40 147 199 160 17 76 |159 101 114 92 85 62 154 8 127 102 79 27 |66 168 54 74 189 90 51 136 121 19 167 20 ||137 |36 |104 |3 10 129 32 |116 |173 179 |144 153 59 |72 56 70 118 117 |67 110 105 172 14 100 |146 |107 197 155 |83 187 |169 194 69 35 12 |140 143 7 181 34 |41 131 87 191 49 152 |113 52 115 156 198 77 |162 176 4 |148 78 170 130 65 |96 6 182 132 55 |126 |164 190 30 193 |97 2 |109 192 |139 |1 81 82 151 |44 28 48 60 175 |103 |183 186 61 64 99 108 |141 24 71 58 178 
16519.2 240751
58 178 142 195 166 157 9 165 43 180 75 93 |88 37 163 98 125 46 16 135 158 |174 50 200 25 89 128 63 26 86 106 39 |29 68 171 31 188 196 134 94 53 |185 91 42 73 112 45 47 119 23 |145 95 38 177 150 138 123 149 57 22 |120 80 84 184 133 13 111 18 5 11 |122 161 124 21 33 40 15 199 160 17 76 |159 101 114 92 85 62 154 8 127 102 79 27 |66 168 54 74 189 90 51 136 121 19 167 20 ||137 |36 |104 |3 10 129 147 |116 |173 179 |144 153 59 |72 56 70 118 117 |67 110 105 172 14 100 |146 |107 197 155 |83 187 |169 194 69 35 12 |140 143 7 181 34 |41 131 87 191 139 152 |113 52 115 198 49 156 77 |162 176 4 175 32 |148 78 170 130 65 |96 6 182 132 55 |126 |109 44 164 1 30 193 |97 2 190 81 82 151 |192 28 48 60 |103 |183 186 61 64 99 108 |141 24 71 
16525.3 233757
142 195 166 157 9 165 43 180 75 93 |88 37 163 98 125 46 16 135 158 |174 50 200 25 89 128 63 26 86 106 39 |29 68 171 31 188 196 134 94 53 |185 91 42 73 112 45 47 119 23 |145 95 38 177 150 138 123 149 57 22 |120 80 84 184 133 13 111 18 5 11 |122 161 124 21 33 40 15 199 160 17 76 |159 101 114 92 85 62 154 8 127 102 79 27 |66 168 54 74 189 90 51 136 121 19 167 20 ||137 |36 |104 |3 10 129 147 32 |116 |173 179 |144 153 59 |72 56 70 118 117 |67 110 105 172 14 100 |146 |107 197 155 |83 187 |169 194 69 35 12 |140 143 7 181 34 |41 131 87 191 139 152 |113 52 115 156 198 77 |162 176 4 |148 78 170 130 65 |96 6 182 132 55 |126 |109 44 164 49 1 30 193 |97 2 190 81 82 151 |192 28 48 60 175 |103 |183 186 61 64 99 108 |141 24 71 58 178 
16574.6 225750
157 9 43 75 167 20 106 39 93 |189 74 54 168 174 50 66 200 185 91 127 102 86 26 |120 161 122 84 184 133 13 160 17 23 |177 29 68 112 45 196 134 119 11 |166 195 85 92 114 101 62 154 8 180 |90 165 19 136 121 51 138 150 123 149 79 27 |145 89 25 128 38 63 94 57 22 53 |111 42 171 31 73 188 47 18 5 |33 21 124 40 199 15 98 76 |80 142 159 163 125 46 16 135 158 ||141 2 |179 |36 191 109 |104 182 83 |3 10 129 |137 |183 |173 |192 |151 |4 |44 99 |97 |81 |96 194 |115 176 |139 |140 |113 107 |172 147 37 |12 52 |87 148 |100 77 197 170 198 95 |175 110 7 59 65 |82 190 152 108 |41 181 |130 |164 67 55 64 |78 146 69 132 103 |61 116 32 155 |14 178 56 6 |35 105 126 72 |156 |153 |1 30 193 |118 143 |187 28 48 60 34 |131 49 |144 58 70 169 186 |117 88 71 162 24 |
16711.9 192125
80 142 159 163 125 46 16 135 158 |157 9 43 75 167 20 106 39 93 |189 74 54 168 174 50 66 200 185 91 127 102 86 26 |120 161 122 84 184 133 13 160 17 23 |177 29 68 112 45 196 134 119 11 |166 195 85 92 114 101 62 154 8 180 |90 165 19 136 121 51 138 150 123 149 79 27 |145 89 25 128 38 63 94 57 22 53 |111 42 171 31 73 188 47 18 5 |33 21 124 40 199 15 98 76 ||141 2 |179 |36 191 109 |104 182 83 |3 10 |137 |183 |173 |192 |151 |4 |44 99 |97 |81 |96 194 |115 176 |139 |140 |113 107 |172 147 37 |12 52 |87 148 |100 77 197 170 198 95 |175 110 7 59 65 |82 190 152 108 |41 181 |130 |103 |146 |64 129 |164 67 55 |78 69 132 |61 116 32 155 |14 178 56 6 |35 105 126 72 |156 |153 |1 30 193 |118 143 |187 28 48 60 34 |131 49 |144 58 70 169 186 |117 88 71 162 24 |
19768.3 188512
157 9 43 75 167 20 106 39 93 |189 74 54 168 174 50 66 200 185 91 127 102 86 26 |120 161 122 84 184 133 13 160 17 23 |177 29 68 112 45 196 134 119 11 |166 195 85 92 114 101 62 154 8 180 |90 165 19 136 121 51 138 150 123 149 79 27 |145 89 25 128 38 63 94 57 22 53 |111 42 171 31 73 188 47 18 5 |33 21 124 40 199 15 98 76 |80 142 159 163 125 46 16 135 158 ||109 |116 36 |178 |147 3 10 175 131 |30 77 |35 |6 132 173 |107 153 |137 |115 81 110 |148 |96 14 |126 |170 130 |198 |1 |65 190 117 155 152 |113 156 99 |49 48 100 |197 |72 |179 83 |169 194 |140 |118 |97 78 |104 192 70 |95 |55 146 |183 4 12 151 |181 |44 59 |34 64 129 |52 |176 |87 |105 |108 7 |182 |139 103 143 |24 69 |191 |71 164 |56 |193 82 172 |88 37 |141 |186 58 32 |28 |60 187 144 |2 |61 |162 |67 |41 |
21842.8 184665
157 9 43 75 167 20 106 39 93 |189 74 54 168 174 50 66 200 185 91 127 102 86 26 |120 161 122 84 184 133 13 160 17 23 |177 29 68 112 45 196 134 119 11 |166 195 85 92 114 101 62 154 8 180 |90 165 19 136 121 51 138 150 123 149 79 27 |145 89 25 128 38 63 94 57 22 53 |111 42 171 31 73 188 47 18 5 |33 21 124 40 199 15 98 76 |80 142 159 163 125 46 16 135 158 ||141 |179 |116 36 191 109 |182 |3 10 |147 131 77 30 |35 |6 132 173 |37 153 |72 137 81 41 |148 105 |96 194 110 |115 |170 130 146 198 |1 107 65 190 |108 152 197 |113 156 99 |100 |49 |172 |83 |169 |140 193 |118 |97 78 |192 95 |55 104 |183 4 12 151 |181 |69 59 |178 64 129 |52 |162 |87 34 175 |176 |7 |139 103 143 164 |24 14 155 2 |71 |117 56 |44 82 |88 |186 58 32 126 |28 |48 60 187 144 |70 |61 |67 |
26984.7 182024

Time:0
Last Iter:10
Last Update:10
Tabu:0
Last Time0
15
111 58 15 120 158 79 38 51 165 154 |151 26 34 87 129 43 41 76 1 42 73 31 29 145 119 |11 53 17 184 114 166 136 54 50 |142 70 6 21 117 199 46 135 159 195 9 123 66 168 |103 80 98 144 92 72 60 185 200 150 149 93 47 188 45 68 |44 196 57 138 102 110 179 143 25 174 19 167 62 85 16 |63 35 192 86 67 127 126 91 74 90 101 56 162 125 84 157 |177 128 191 197 198 146 112 134 49 22 186 152 39 106 189 52 33 133 13 |23 5 78 194 193 183 75 180 8 71 107 124 121 89 |160 4 132 122 161 40 113 163 20 32 108 137 27 2 94 18 171 ||82 97 178 187 172 115 109 |141 147 28 10 7 99 105 116 |139 |170 153 48 24 |176 96 104 169 30 65 12 156 95 |83 |131 175 181 59 190 |55 130 100 118 |37 |77 64 164 61 3 36 69 81 182 |148 14 140 173 88 |155 |
8912.29 765584
11 176 17 194 84 83 113 154 43 54 127 177 94 47 |82 46 166 165 167 20 39 93 26 149 121 |99 91 90 102 79 38 45 145 125 33 120 |9 189 150 35 100 184 161 |171 31 130 153 123 106 19 87 85 16 159 98 15 122 5 18 |101 92 62 180 151 76 163 58 13 103 22 51 185 |139 146 68 3 116 168 129 24 195 124 199 133 |42 73 36 196 95 119 12 27 75 41 52 142 140 80 25 200 66 74 |135 158 162 157 32 136 60 64 179 7 89 44 197 63 156 188 23 160 40 21 |134 198 112 29 111 1 4 53 57 86 138 128 50 174 8 114 ||77 108 131 104 118 178 37 |191 164 143 34 48 175 |117 |190 96 183 141 105 181 67 |109 132 97 182 81 6 70 144 |10 88 56 152 30 61 |65 78 14 107 169 148 2 59 49 |137 |172 187 55 173 72 193 155 |186 69 170 115 192 110 126 147 28 |71 |
9051.62 720517
69 31 45 63 102 19 20 180 16 76 40 33 84 184 120 21 124 15 |185 27 50 127 167 43 8 160 133 199 5 |22 94 11 176 190 47 188 112 1 103 39 121 91 123 149 |7 89 74 90 189 51 79 |17 122 142 166 9 145 68 134 119 57 |73 171 196 3 23 2 158 144 26 86 138 150 28 |135 183 4 172 141 154 92 157 159 161 13 111 200 66 174 54 |114 195 52 162 75 131 152 53 186 18 136 |173 71 85 37 125 46 98 107 118 80 14 194 93 177 197 29 168 |32 105 126 99 25 128 44 38 198 130 42 155 65 78 117 163 62 101 165 106 ||6 182 81 58 140 82 113 187 |48 181 192 24 88 137 |83 96 67 115 49 156 |95 108 55 |56 151 104 116 191 153 |169 100 147 129 |179 143 110 175 60 146 |132 97 36 34 10 |64 164 109 170 59 |35 139 87 77 |178 70 12 61 30 193 148 |41 72 |
9558.14 663643
197 61 5 69 84 122 33 142 113 159 76 |152 187 55 67 126 129 24 101 62 154 8 75 131 |160 80 184 21 124 40 15 104 46 125 41 16 135 158 |98 163 92 114 157 9 43 165 19 136 121 86 26 |166 195 85 180 167 90 189 51 79 27 |120 161 54 168 74 91 102 57 22 53 23 11 |68 171 29 145 89 174 185 127 20 106 39 93 |17 199 133 13 18 119 63 177 50 66 200 25 150 138 |72 77 141 198 3 47 73 31 112 170 45 188 196 134 94 |190 192 140 111 42 38 128 179 123 149 ||105 175 87 115 194 2 49 12 |78 100 146 109 7 32 147 172 |186 137 71 182 59 |60 48 130 148 |176 30 107 |164 153 |97 118 193 |28 10 88 183 4 |14 6 178 56 52 |173 |116 44 34 |36 95 99 151 65 81 |1 82 83 117 37 |181 |156 |132 103 96 162 108 143 |110 64 35 191 |144 169 58 70 155 |139 
11751 326287
77 173 147 182 132 56 72 10 6 100 153 44 63 94 |73 42 111 133 13 5 18 47 119 23 11 |161 120 117 80 122 84 184 160 17 |195 142 33 21 124 40 199 15 98 96 76 |43 157 9 92 85 163 159 46 16 125 144 135 158 |165 54 168 74 189 90 105 51 127 67 102 86 26 79 27 |185 166 114 101 62 154 8 75 180 167 20 |174 50 66 200 91 136 19 121 106 39 93 |68 171 31 112 45 188 196 134 25 150 138 |29 145 139 38 89 128 177 123 149 57 22 53 ||198 59 |36 |137 172 |191 35 129 |104 169 70 |118 3 |194 1 14 69 146 |126 115 176 156 170 130 |113 107 65 155 197 |41 131 12 34 87 |140 49 143 7 181 |148 78 30 193 97 103 52 152 |2 190 81 82 151 55 192 |164 95 28 48 60 175 |4 183 162 186 61 64 99 179 108 |187 141 24 71 58 178 |88 37 |83 32 110 116 109 
14258.5 302434
84 122 80 120 161 21 124 40 6 15 107 199 160 148 17 76 158 |98 33 142 159 163 37 16 46 125 162 75 151 93 |48 7 25 143 63 177 150 123 149 57 |166 157 181 74 28 185 138 192 22 |167 174 54 90 60 175 51 136 19 121 20 106 39 |50 126 141 165 43 101 114 92 85 62 154 8 180 |139 38 44 153 128 89 66 91 102 26 137 79 |195 9 189 168 10 200 110 127 86 27 |145 29 68 171 112 31 73 45 188 196 134 47 119 94 53 |135 111 184 133 13 42 100 18 5 23 11 ||35 |65 132 70 24 |4 30 115 |32 197 |140 1 81 172 49 |96 52 87 116 |67 108 152 61 36 69 |12 186 104 82 156 |109 198 179 105 147 55 187 41 |113 83 14 99 |130 173 |193 194 183 118 77 164 |144 72 103 117 97 190 |131 78 |176 169 182 178 56 88 64 |59 95 191 146 170 3 34 |71 129 155 58 2 
14393.8 268879
89 50 174 106 39 130 |7 42 184 84 199 15 76 |177 128 25 74 54 168 66 200 185 91 138 150 123 149 86 26 |120 122 124 40 125 75 167 20 |111 134 196 38 63 119 94 57 22 53 11 |90 189 80 133 13 160 17 |51 121 161 21 33 16 135 158 |136 19 165 43 166 195 142 159 163 46 |29 145 68 171 112 31 73 45 188 47 18 5 23 |98 85 92 157 9 114 101 62 154 8 180 93 127 102 79 27 ||140 |36 |104 |3 10 129 41 |69 32 |173 194 |144 83 198 |191 67 77 151 183 52 |59 12 115 44 170 2 4 |81 132 97 181 192 |70 169 6 100 |34 64 179 137 87 176 |61 116 143 95 147 |162 55 153 139 78 172 |105 35 156 1 131 |56 72 88 37 107 182 118 |178 24 141 99 |193 14 49 164 110 197 |71 30 148 155 146 |117 |109 |113 |152 |190 |82 |187 28 48 60 175 |103 |186 |126 |108 |96 |58 65 
16365.2 264619
168 50 66 200 185 91 127 102 138 150 123 149 22 53 11 |188 13 133 122 21 33 98 46 16 135 |120 161 40 142 159 163 125 |124 80 184 84 15 199 160 23 |74 189 68 45 47 18 5 17 76 |101 51 177 128 38 63 94 57 79 27 |196 134 119 114 157 9 19 136 121 86 26 |112 31 73 195 166 92 154 167 20 106 93 |145 29 171 42 111 85 8 75 158 |89 25 174 54 90 165 43 62 180 39 ||183 186 61 64 99 108 |24 71 58 178 |88 37 |95 |28 141 179 |152 |182 83 |137 |36 |104 |3 10 129 147 32 |116 |173 |144 153 59 |72 56 70 118 117 |67 110 105 172 14 100 |146 |107 197 155 |187 |169 194 69 35 12 |140 143 7 181 34 |41 131 87 191 139 |113 52 115 156 198 77 |162 176 4 |148 78 170 130 65 |96 6 132 55 |126 |109 44 164 49 1 30 193 |97 2 190 81 82 151 |192 48 60 175 |103 
16375.4 247319
142 195 166 157 9 165 43 180 75 93 |88 37 163 15 98 125 46 16 135 158 |174 50 200 25 89 128 63 26 86 106 39 |29 68 171 31 188 196 134 94 53 |185 91 42 73 112 45 47 119 23 |145 95 38 177 150 138 123 149 57 22 |120 80 84 184 133 13 111 18 5 11 |122 161 124 21 33 40 147 199 160 17 76 |159 101 114 92 85 62 154 8 127 102 79 27 |66 168 54 74 189 90 51 136 121 19 167 20 ||137 |36 |104 |3 10 129 32 |116 |173 179 |144 153 59 |72 56 70 118 117 |67 110 105 172 14 100 |146 |107 197 155 |83 187 |169 194 69 35 12 |140 143 7 181 34 |41 131 87 191 49 152 |113 52 115 156 198 77 |162 176 4 |148 78 170 130 65 |96 6 182 132 55 |126 |164 190 30 193 |97 2 |109 192 |139 |1 81 82 151 |44 28 48 60 175 |103 |183 186 61 64 99 108 |141 24 71 58 178 
16519.2 240751
58 178 142 195 166 157 9 165 43 180 75 93 |88 37 163 98 125 46 16 135 158 |174 50 200 25 89 128 63 26 86 106 39 |29 68 171 31 188 196 134 94 53 |185 91 42 73 112 45 47 119 23 |145 95 38 177 150 138 123 149 57 22 |120 80 84 184 133 13 111 18 5 11 |122 161 124 21 33 40 15 199 160 17 76 |159 101 114 92 85 62 154 8 127 102 79 27 |66 168 54 74 189 90 51 136 121 19 167 20 ||137 |36 |104 |3 10 129 147 |116 |173 179 |144 153 59 |72 56 70 118 117 |67 110 105 172 14 100 |146 |107 197 155 |83 187 |169 194 69 35 12 |140 143 7 181 34 |41 131 87 191 139 152 |113 52 115 198 49 156 77 |162 176 4 175 32 |148 78 170 130 65 |96 6 182 132 55 |126 |109 44 164 1 30 193 |97 2 190 81 82 151 |192 28 48 60 |103 |183 186 61 64 99 108 |141 24 71 
16525.3 233757
142 195 166 157 9 165 43 180 75 93 |88 37 163 98 125 46 16 135 158 |174 50 200 25 89 128 63 26 86 106 39 |29 68 171 31 188 196 134 94 53 |185 91 42 73 112 45 47 119 23 |145 95 38 177 150 138 123 149 57 22 |120 80 84 184 133 13 111 18 5 11 |122 161 124 21 33 40 15 199 160 17 76 |159 101 114 92 85 62 154 8 127 102 79 27 |66 168 54 74 189 90 51 136 121 19 167 20 ||137 |36 |104 |3 10 129 147 32 |116 |173 179 |144 153 59 |72 56 70 118 117 |67 110 105 172 14 100 |146 |107 197 155 |83 187 |169 194 69 35 12 |140 143 7 181 34 |41 131 87 191 139 152 |113 52 115 156 198 77 |162 176 4 |148 78 170 130 65 |96 6 182 132 55 |126 |109 44 164 49 1 30 193 |97 2 190 81 82 151 |192 28 48 60 175 |103 |183 186 61 64 99 108 |141 24 71 58 178 
16574.6 225750
157 9 43 75 167 20 106 39 93 |189 74 54 168 174 50 66 200 185 91 127 102 86 26 |120 161 122 84 184 133 13 160 17 23 |177 29 68 112 45 196 134 119 11 |166 195 85 92 114 101 62 154 8 180 |90 165 19 136 121 51 138 150 123 149 79 27 |145 89 25 128 38 63 94 57 22 53 |111 42 171 31 73 188 47 18 5 |33 21 124 40 199 15 98 76 |80 142 159 163 125 46 16 135 158 ||141 2 |179 |36 191 109 |104 182 83 |3 10 129 |137 |183 |173 |192 |151 |4 |44 99 |97 |81 |96 194 |115 176 |139 |140 |113 107 |172 147 37 |12 52 |87 148 |100 77 197 170 198 95 |175 110 7 59 65 |82 190 152 108 |41 181 |130 |164 67 55 64 |78 146 69 132 103 |61 116 32 155 |14 178 56 6 |35 105 126 72 |156 |153 |1 30 193 |118 143 |187 28 48 60 34 |131 49 |144 58 70 169 186 |117 88 71 162 24 |
16711.9 192125
80 142 159 163 125 46 16 135 158 |157 9 43 75 167 20 106 39 93 |189 74 54 168 174 50 66 200 185 91 127 102 86 26 |120 161 122 84 184 133 13 160 17 23 |177 29 68 112 45 196 134 119 11 |166 195 85 92 114 101 62 154 8 180 |90 165 19 136 121 51 138 150 123 149 79 27 |145 89 25 128 38 63 94 57 22 53 |111 42 171 31 73 188 47 18 5 |33 21 124 40 199 15 98 76 ||141 2 |179 |36 191 109 |104 182 83 |3 10 |137 |183 |173 |192 |151 |4 |44 99 |97 |81 |96 194 |115 176 |139 |140 |113 107 |172 147 37 |12 52 |87 148 |100 77 197 170 198 95 |175 110 7 59 65 |82 190 152 108 |41 181 |130 |103 |146 |64 129 |164 67 55 |78 69 132 |61 116 32 155 |14 178 56 6 |35 105 126 72 |156 |153 |1 30 193 |118 143 |187 28 48 60 34 |131 49 |144 58 70 169 186 |117 88 71 162 24 |
19768.3 188512
157 9 43 75 167 20 106 39 93 |189 74 54 168 174 50 66 200 185 91 127 102 86 26 |120 161 122 84 184 133 13 160 17 23 |177 29 68 112 45 196 134 119 11 |166 195 85 92 114 101 62 154 8 180 |90 165 19 136 121 51 138 150 123 149 79 27 |145 89 25 128 38 63 94 57 22 53 |111 42 171 31 73 188 47 18 5 |33 21 124 40 199 15 98 76 |80 142 159 163 125 46 16 135 158 ||109 |116 36 |178 |147 3 10 175 131 |30 77 |35 |6 132 173 |107 153 |137 |115 81 110 |148 |96 14 |126 |170 130 |198 |1 |65 190 117 155 152 |113 156 99 |49 48 100 |197 |72 |179 83 |169 194 |140 |118 |97 78 |104 192 70 |95 |55 146 |183 4 12 151 |181 |44 59 |34 64 129 |52 |176 |87 |105 |108 7 |182 |139 103 143 |24 69 |191 |71 164 |56 |193 82 172 |88 37 |141 |186 58 32 |28 |60 187 144 |2 |61 |162 |67 |41 |
21842.8 184665
157 9 43 75 167 20 106 39 93 |189 74 54 168 174 50 66 200 185 91 127 102 86 26 |120 161 122 84 184 133 13 160 17 23 |177 29 68 112 45 196 134 119 11 |166 195 85 92 114 101 62 154 8 180 |90 165 19 136 121 51 138 150 123 149 79 27 |145 89 25 128 38 63 94 57 22 53 |111 42 171 31 73 188 47 18 5 |33 21 124 40 199 15 98 76 |80 142 159 163 125 46 16 135 158 ||141 |179 |116 36 191 109 |182 |3 10 |147 131 77 30 |35 |6 132 173 |37 153 |72 137 81 41 |148 105 |96 194 110 |115 |170 130 146 198 |1 107 65 190 |108 152 197 |113 156 99 |100 |49 |172 |83 |169 |140 193 |118 |97 78 |192 95 |55 104 |183 4 12 151 |181 |69 59 |178 64 129 |52 |162 |87 34 175 |176 |7 |139 103 143 164 |24 14 155 2 |71 |117 56 |44 82 |88 |186 58 32 126 |28 |48 60 187 144 |70 |61 |67 |
26984.7 182024

