Time:20
Last Iter:10
Last Update:10
Tabu:0
Last Time20
19
16 142 164 169 9 183 119 159 140 150 189 |107 126 175 124 73 131 138 182 174 96 47 146 84 76 |125 85 41 93 59 69 67 86 105 111 87 11 114 195 |144 39 44 194 157 58 123 29 50 168 |160 35 22 101 184 176 28 63 199 192 70 108 200 24 88 78 177 55 31 147 130 |17 115 155 83 5 42 26 165 129 14 141 15 158 60 65 32 145 |95 148 112 116 94 81 45 185 196 154 66 72 90 132 13 36 104 91 |3 152 89 49 37 197 75 153 10 161 97 137 162 |19 6 98 178 23 79 109 7 187 179 172 134 118 20 121 163 |51 62 2 33 99 117 139 113 18 133 190 40 82 52 61 102 64 ||68 193 |25 106 149 |110 80 |4 |34 56 |1 127 |71 198 |48 53 |122 12 74 |181 |77 |173 57 151 |143 103 |92 156 |46 21 186 27 |191 167 170 135 |43 180 38 |30 136 171 128 |8 120 |188 166 |54 100 |
15604.9 1.18078e+06
65 152 93 1 184 125 142 45 60 195 87 174 182 |108 200 116 83 172 187 |185 196 34 107 188 156 3 66 146 32 73 97 157 105 165 |176 123 145 82 63 89 117 76 90 134 95 102 42 26 141 147 |55 177 78 186 189 150 126 50 33 162 192 164 36 96 |22 44 9 194 10 180 119 43 6 106 129 14 5 118 11 70 85 28 101 39 40 |91 79 109 153 179 86 69 84 72 121 128 62 20 |114 151 171 167 29 131 75 59 133 163 74 57 137 88 168 112 138 183 |160 104 25 115 68 80 81 140 170 175 47 |58 190 132 18 139 41 99 16 15 24 159 53 111 48 155 61 130 169 ||31 166 30 |110 2 |71 135 12 |193 149 8 113 |56 |67 127 |158 21 |49 120 173 |52 181 178 |199 |4 |161 |17 197 143 13 27 |148 94 54 |37 |100 23 198 |98 46 |38 103 7 35 |122 92 51 |19 77 64 |191 154 136 |124 |144 |
16080.4 1.14758e+06
117 93 145 176 69 132 133 179 58 130 134 142 62 |178 174 109 165 168 150 124 47 |89 41 146 66 33 107 73 29 97 6 26 177 53 141 169 96 59 39 187 155 |71 46 88 175 50 195 82 9 157 |13 104 100 182 48 129 188 162 3 101 |147 61 181 17 172 35 28 63 56 125 108 114 42 112 159 |80 55 19 140 24 15 135 11 12 173 1 72 139 190 86 115 153 83 36 |194 38 131 22 40 113 90 84 163 99 16 60 122 34 136 118 45 158 189 119 111 138 |199 65 32 67 18 44 25 103 143 5 87 186 200 183 10 |91 23 161 105 184 123 76 121 85 171 70 126 137 14 95 102 164 ||152 193 |148 77 198 |31 |4 |151 |78 98 30 160 |191 167 110 2 128 |74 |156 51 |81 |68 180 |27 196 170 64 |75 144 |43 116 106 94 21 |185 92 |8 154 57 192 149 |166 120 49 |20 |127 37 197 |52 54 7 |79 |
16537.9 1.12431e+06
12 60 24 77 129 159 112 131 111 190 96 176 32 163 145 47 |88 116 148 68 182 115 133 132 123 82 200 11 195 162 |48 150 109 130 54 103 84 99 16 62 108 142 134 87 55 91 |156 95 |50 114 118 42 183 86 39 66 146 |89 171 59 18 144 187 102 29 137 189 |152 105 76 37 184 75 44 193 149 81 141 138 147 174 155 10 83 |46 104 15 45 125 110 74 121 41 117 72 169 9 194 157 53 140 168 |90 14 172 22 8 28 63 65 93 85 128 2 3 70 107 73 97 43 165 26 |101 126 139 69 197 40 25 153 143 36 164 160 98 119 31 180 61 100 79 ||35 166 17 |136 135 13 |38 23 |113 179 67 |154 6 |78 94 |127 57 |34 122 |158 21 |49 120 173 |52 181 178 |199 |4 |161 |196 191 |198 |1 167 33 5 |80 |175 51 20 170 185 |124 188 30 |7 |106 64 177 |19 186 27 |192 151 |92 56 |71 |58 |
19398.7 970247
21 105 71 165 91 23 174 155 83 115 172 18 123 66 62 162 |120 111 47 82 63 134 102 157 130 109 44 132 40 117 168 |69 108 90 197 37 190 25 22 169 97 112 138 142 200 107 15 |88 176 141 150 42 180 182 39 101 145 93 16 11 |75 55 35 160 9 194 181 79 161 133 59 146 99 125 60 114 195 137 189 29 |78 159 77 81 126 70 56 76 86 153 36 95 |3 85 131 104 |46 64 129 177 140 31 10 68 187 96 84 163 41 164 73 |65 24 14 49 119 48 54 28 154 32 118 50 45 |38 183 61 100 147 98 6 26 87 ||191 12 33 170 |103 179 144 |30 5 74 1 |192 184 |7 |4 67 |2 34 |13 72 128 |80 198 43 185 |92 175 158 196 |52 178 |139 |173 57 151 122 |27 166 171 |110 136 188 |124 116 193 |58 143 |186 19 148 |135 156 |53 106 94 |167 20 |113 8 149 |17 127 |89 199 152 121 |51 |
20138 970193
150 88 141 64 112 157 160 104 131 |85 44 162 114 175 126 108 50 60 125 167 134 |68 138 109 174 183 130 10 155 182 147 91 111 119 87 26 42 148 97 102 |165 55 177 186 129 14 94 95 |81 24 15 107 135 200 137 45 118 142 73 29 164 |78 159 140 168 21 189 |70 153 9 115 40 187 86 37 90 18 184 59 82 1 |99 11 199 74 120 176 123 69 101 132 96 172 22 169 36 |62 3 16 76 84 32 41 121 89 63 66 154 146 28 |195 83 194 25 105 17 190 39 133 163 117 49 145 93 47 8 ||72 |12 52 |106 98 77 |75 103 110 |57 179 |113 |58 |54 |71 |80 |43 31 23 178 |173 128 122 92 |4 127 |188 |19 |152 65 |38 198 |67 |161 79 61 |27 2 51 171 |100 |56 151 30 |13 139 |7 181 166 193 35 |185 170 124 46 |6 53 180 |144 197 196 |136 192 |158 156 |20 34 143 |191 48 5 |116 33 149 
24684.1 488202
41 117 49 44 83 157 |140 174 78 165 119 91 111 147 182 155 10 130 183 104 |76 141 26 87 55 159 88 81 189 137 14 129 42 112 97 95 102 |60 126 12 108 50 162 2 128 85 164 |168 89 66 63 146 28 47 93 32 163 84 176 145 59 96 169 |150 138 17 40 86 187 39 190 172 36 |82 18 90 69 123 101 132 22 |133 115 105 194 9 153 131 |109 99 3 16 62 70 195 114 107 11 125 134 |15 24 200 45 118 142 73 29 ||166 27 196 |152 |71 77 177 |64 6 |98 180 23 |139 197 |31 |179 37 |185 191 173 65 |72 192 110 |184 144 143 |68 |92 170 20 |80 186 116 148 |151 34 171 |56 158 |51 135 |161 |21 |35 5 52 |175 |100 160 |127 25 75 |43 198 |120 74 |58 |67 |181 |46 |121 |188 |48 178 53 |57 199 |124 |19 |13 193 54 38 61 30 |156 33 167 149 |4 1 |103 8 154 |136 122 94 106 |7 113 |79 
25826.7 426261
99 159 189 137 168 140 141 88 150 15 24 200 142 73 |54 138 91 111 119 87 6 112 97 95 102 |109 60 3 16 62 195 162 50 108 126 107 11 45 118 29 |114 103 115 181 105 44 190 187 40 86 39 133 113 59 172 22 36 |173 121 66 85 146 125 134 164 |70 68 174 182 155 147 183 157 |10 130 194 9 153 83 131 104 |145 123 69 76 90 18 101 132 96 169 |93 176 84 32 163 117 41 63 28 47 82 |26 55 165 129 14 42 ||198 |199 |185 |192 |48 31 178 |94 21 98 71 |143 75 197 67 120 |46 12 33 136 27 |144 35 193 5 149 |25 72 74 154 |122 80 |43 100 38 |184 37 49 |167 2 151 |58 180 |158 156 20 |116 78 77 |124 135 170 |56 139 |19 186 148 |13 1 8 65 |52 177 |191 152 89 57 110 |61 53 |175 128 171 |179 127 |4 |64 34 92 |106 188 196 |23 79 |7 |51 |166 |160 161 |17 30 |81 
29822.5 411509
191 63 41 49 163 72 176 145 93 28 47 82 |137 24 15 81 150 88 141 14 129 165 26 97 95 |200 11 107 126 108 50 66 85 146 |100 117 99 3 60 45 118 142 73 |189 140 31 168 159 55 91 111 119 87 112 42 102 |114 162 195 70 62 16 125 134 29 164 |32 76 84 90 69 123 59 172 22 36 |44 190 187 40 86 39 133 18 101 132 96 169 |157 183 130 115 105 9 153 131 |138 147 174 109 182 155 10 194 83 104 ||78 13 |94 178 |113 65 120 |56 89 2 |68 |158 33 51 34 185 |38 23 98 6 |154 121 35 |54 48 198 |122 171 156 |77 53 |173 |139 127 179 |144 4 67 |19 |58 |12 199 |152 |20 |181 57 1 8 |116 92 110 27 |46 64 167 149 |151 |192 74 128 196 |188 5 193 166 160 |180 106 |71 124 186 |175 170 136 |43 52 80 |25 184 37 |197 |21 |79 |148 |135 |177 61 |75 |161 |143 103 7 |17 |30 
31744.3 411038
191 63 41 49 163 72 176 145 93 28 47 82 |137 24 15 81 150 88 141 14 129 165 26 97 95 |200 11 107 126 108 50 66 85 146 |4 117 99 3 60 45 118 142 73 |189 140 19 168 159 55 91 111 119 87 112 42 102 |114 162 195 70 62 16 125 134 29 164 |32 76 84 90 69 123 59 172 22 36 |44 190 187 40 86 39 133 18 101 132 96 169 |157 183 130 115 105 9 153 131 |138 147 174 109 182 155 10 194 83 104 ||78 |13 178 |120 179 |94 |113 |56 89 2 |68 |158 33 51 34 185 |38 23 98 6 |154 121 35 |54 48 |122 171 156 |77 |173 65 151 |198 53 |100 31 |67 144 |58 |12 199 |152 |20 |181 57 1 8 |116 92 110 27 |46 64 167 149 |139 184 37 197 |192 74 128 196 |188 5 193 166 160 |180 106 |71 124 186 |175 170 136 |43 52 80 |25 127 |21 |79 |148 |135 |177 61 |75 |161 |143 103 7 |17 |30 
31856.8 406705
155 182 109 174 147 138 |63 41 49 163 72 176 145 93 28 47 82 |137 24 15 81 150 88 141 14 129 165 26 97 95 |200 11 107 126 108 50 66 85 146 |4 117 99 3 60 45 118 142 73 |189 140 19 168 159 55 91 111 119 87 112 42 102 |114 162 195 70 62 16 125 134 29 164 |32 76 84 90 69 123 59 172 22 36 |44 190 187 40 86 39 133 18 101 132 96 169 |157 183 10 130 115 105 194 9 153 83 131 104 ||78 |13 178 |120 179 |94 |113 |56 89 2 |68 |158 33 51 34 185 |38 23 98 6 |154 121 35 |54 48 |122 171 156 |77 |173 65 151 |198 53 |100 31 |67 144 |58 |12 199 |152 |20 |181 57 1 8 |116 92 110 27 |46 64 167 149 |139 184 37 197 |192 74 128 196 |188 5 193 166 160 |180 106 |71 124 186 |175 170 136 |43 52 80 |25 127 |21 |79 |148 |135 |177 61 |75 |161 |143 103 7 |191 30 17 |
33079.4 405341
3 16 62 162 60 125 118 45 142 73 164 |183 155 182 147 174 111 119 112 95 |109 159 140 168 88 141 150 189 129 14 |172 96 132 101 18 90 69 123 176 145 47 29 |137 24 15 200 11 107 126 108 50 134 |59 76 84 32 163 117 41 93 82 |40 187 86 133 39 190 44 22 169 36 |138 91 55 165 87 26 42 97 102 |114 195 70 99 85 66 63 146 28 |153 9 115 105 194 10 130 157 83 131 104 ||144 |178 6 |56 |192 |17 35 |135 |143 78 |21 77 |113 25 |2 |75 122 |167 |185 |20 |68 160 |103 154 |54 98 |193 |120 |51 |71 94 |72 149 |158 33 74 |139 27 30 |81 46 |136 121 49 |184 199 5 |80 43 181 38 |161 48 100 |12 |19 186 148 |13 1 8 65 |52 177 |191 179 |61 106 |188 34 173 |127 197 |152 89 57 |31 53 |58 |37 |175 124 |23 198 |166 |7 |92 110 |170 |156 |79 180 |64 |4 |171 151 |116 196 |128 |67 |
33372.5 365413
3 16 62 162 60 125 118 45 142 73 164 |183 155 182 147 174 111 119 112 95 |109 159 140 168 88 141 150 189 129 14 |172 96 132 101 18 90 69 123 176 145 47 29 |137 24 15 200 11 107 126 108 50 134 |59 76 84 32 163 117 41 93 82 |40 187 86 133 39 190 44 22 169 36 |138 91 55 165 87 26 42 97 102 |114 195 70 99 85 66 63 146 28 |153 9 115 105 194 10 130 157 83 131 104 ||144 |178 6 |56 |192 |17 35 |135 |143 78 |21 77 |113 25 |2 |75 122 |167 |185 |20 |68 160 |103 154 |54 98 |193 |120 |51 |71 94 |72 149 |158 33 74 |139 27 30 |81 46 |136 121 49 |184 199 5 |80 43 181 38 |161 48 100 |12 |19 186 148 |13 1 8 65 |52 177 |191 179 |61 106 |188 34 173 |127 197 |152 89 57 |31 53 |58 |37 |175 124 |23 198 |151 |7 |92 110 |170 |156 |79 180 |64 |4 |171 166 |116 196 |128 |67 |
35036.1 365321
3 16 62 162 60 125 118 45 142 73 164 |183 155 182 147 174 111 119 112 95 |109 159 140 168 88 141 150 189 129 14 |172 96 132 101 18 90 69 123 176 145 47 29 |137 24 15 200 11 107 126 108 50 134 |59 76 84 32 163 117 41 93 82 |40 187 86 133 39 190 44 22 169 36 |138 91 55 165 87 26 42 97 102 |114 195 70 99 85 66 63 146 28 |153 9 115 105 194 10 130 157 83 131 104 ||6 178 |56 |192 |17 35 |135 |143 78 |21 77 |113 25 |2 |75 122 |98 |185 167 |68 160 |103 154 |54 |193 |120 |51 175 |71 94 |72 149 |33 74 |139 27 |30 81 46 |136 121 49 1 |80 43 |38 |161 48 100 |12 199 |184 5 |79 |19 186 148 |13 |8 65 |52 177 |191 179 |61 106 |188 92 196 |89 57 152 128 |64 |53 180 |34 171 |23 |198 |110 170 124 |173 197 |37 127 |144 181 |20 158 |116 |58 7 166 |67 |151 |31 |4 |156 |
38873.4 365006
3 16 62 162 60 125 118 45 142 73 164 |183 155 182 147 174 111 119 112 95 |109 159 140 168 88 141 150 189 129 14 |172 96 132 101 18 90 69 123 176 145 47 29 |137 24 15 200 11 107 126 108 50 134 |59 76 84 32 163 117 41 93 82 |40 187 86 133 39 190 44 22 169 36 |138 91 55 165 87 26 42 97 102 |114 195 70 99 85 66 63 146 28 |153 9 115 105 194 10 130 157 83 131 104 ||144 |179 |148 |6 |56 |61 173 |17 35 |135 |188 13 |21 98 106 |113 25 |75 92 196 167 |185 |20 |68 160 |103 154 |54 |193 |128 |51 |7 |72 149 |33 74 |139 27 |122 46 |186 136 |184 199 5 |116 198 |161 |12 124 |143 77 |49 120 |158 |23 |191 175 |171 |19 |80 58 |197 65 57 |178 52 |177 34 |127 89 |152 2 110 |4 8 |121 |100 |53 78 |181 48 |30 |1 |38 79 |94 81 |192 |71 |43 |170 |64 |180 |151 |31 |37 166 |156 |67 |
39342.3 362128
3 16 62 162 60 125 118 45 142 73 164 |183 155 182 147 174 111 119 112 95 |109 159 140 168 88 141 150 189 129 14 |172 96 132 101 18 90 69 123 176 145 47 29 |137 24 15 200 11 107 126 108 50 134 |59 76 84 32 163 117 41 93 82 |40 187 86 133 39 190 44 22 169 36 |138 91 55 165 87 26 42 97 102 |114 195 70 99 85 66 63 146 28 |153 9 115 105 194 10 130 157 83 131 104 ||144 |179 |148 177 |56 |61 |17 35 |135 188 13 |113 |25 106 |21 77 |51 92 196 167 |75 |20 |68 160 |54 98 |103 154 |191 |175 |64 71 94 |72 57 152 8 |158 65 |186 46 27 30 |120 185 |121 49 74 |184 199 5 |80 43 38 |161 6 |12 |78 53 |136 192 149 |128 139 |127 |79 180 48 |171 |19 |34 |89 |100 |178 143 |122 33 2 |23 |198 116 |124 110 |193 170 |197 |37 1 |81 |58 |7 |4 166 |52 |31 |173 |151 |181 |156 |67 |
44485.3 361164
3 16 62 162 60 125 118 45 142 73 164 |183 155 182 147 174 111 119 112 95 |109 159 140 168 88 141 150 189 129 14 |172 96 132 101 18 90 69 123 176 145 47 29 |137 24 15 200 11 107 126 108 50 134 |59 76 84 32 163 117 41 93 82 |40 187 86 133 39 190 44 22 169 36 |138 91 55 165 87 26 42 97 102 |114 195 70 99 85 66 63 146 28 |153 9 115 105 194 10 130 157 83 131 104 ||144 |179 |148 177 6 |56 |61 |17 35 |135 |188 13 |21 77 106 |113 25 |75 92 196 167 |185 |20 |68 160 |103 154 |54 98 |175 51 |64 71 94 |72 57 152 74 |158 65 |186 46 27 30 |120 |121 49 |184 199 5 |80 43 38 |161 |100 |12 |143 |127 139 |19 |31 |58 181 |191 8 171 136 |81 |151 |149 |7 |110 |78 |48 193 |1 33 2 |23 198 |170 34 |173 89 |37 |124 |53 |178 |122 |197 |156 |79 180 |52 128 |4 |192 166 |116 |67 |
45728.6 361072
3 16 62 162 60 125 118 45 142 73 164 |183 155 182 147 174 111 119 112 95 |109 159 140 168 88 141 150 189 129 14 |172 96 132 101 18 90 69 123 176 145 47 29 |137 24 15 200 11 107 126 108 50 134 |59 76 84 32 163 117 41 93 82 |40 187 86 133 39 190 44 22 169 36 |138 91 55 165 87 26 42 97 102 |114 195 70 99 85 66 63 146 28 |153 9 115 105 194 10 130 157 83 131 104 ||144 |178 6 |56 |192 |17 35 |135 |143 78 |21 77 |113 25 |2 |75 122 |167 |185 |20 |68 160 |103 154 |54 98 |23 |120 |51 |7 |72 149 |158 33 74 |65 89 27 |5 |186 46 |196 |177 64 |53 48 |175 |12 8 191 |136 171 34 13 |127 139 184 |19 106 |179 58 |71 |121 49 57 |80 |161 |152 |197 |31 |148 173 |37 |100 |151 |198 |188 |193 30 |1 |38 124 |61 |94 81 |43 181 |110 |170 |156 |79 180 |52 128 |4 |92 166 |116 |199 |67 |
48160.6 359384
3 16 62 162 60 125 118 45 142 73 164 |183 155 182 147 174 111 119 112 95 |109 159 140 168 88 141 150 189 129 14 |172 96 132 101 18 90 69 123 176 145 47 29 |137 24 15 200 11 107 126 108 50 134 |59 76 84 32 163 117 41 93 82 |40 187 86 133 39 190 44 22 169 36 |138 91 55 165 87 26 42 97 102 |114 195 70 99 85 66 63 146 28 |153 9 115 105 194 10 130 157 83 131 104 ||144 |178 6 |56 |192 |17 35 |135 |151 |21 77 78 |113 25 |75 122 |167 |185 |20 |68 160 |103 154 |54 98 |148 |120 |51 |7 |72 149 |158 |74 |65 89 27 |5 |186 46 81 196 |177 64 94 |53 |175 |12 8 191 |136 171 34 13 |127 139 184 |19 106 |31 100 |58 181 |121 49 57 |80 43 |188 |161 |152 |110 |179 |48 193 30 |1 33 2 |23 198 |170 143 |173 38 |37 |124 |71 |92 |197 |156 |79 180 |52 128 |4 |61 166 |116 |199 |67 |
51902.3 357328

Time:22
Last Iter:10
Last Update:10
Tabu:0
Last Time22
18
71 94 189 87 164 169 22 40 133 84 50 108 10 182 |96 113 39 120 32 28 66 3 16 33 114 81 150 168 14 55 138 |59 139 72 90 83 174 68 125 195 |154 192 99 152 62 60 126 200 69 105 130 109 |49 117 57 173 2 136 29 97 148 106 147 161 9 123 |127 144 76 93 47 82 44 17 115 160 111 129 137 88 |25 181 183 61 91 43 177 98 104 131 166 1 132 4 134 142 45 107 |67 18 101 143 36 35 153 52 155 48 23 53 64 140 118 |176 145 146 63 171 122 12 20 135 46 141 42 112 95 73 172 190 194 |163 41 74 85 70 162 11 170 24 15 159 165 26 119 102 157 187 179 86 ||197 5 |188 |121 13 |58 103 75 |37 |89 199 128 8 |193 100 178 |116 19 |185 167 151 |124 175 |191 110 92 |6 80 78 186 |77 |156 51 196 |65 56 |34 27 149 54 |198 |79 180 31 |21 158 |30 38 7 |184 |
15222.2 1.21658e+06
108 188 51 156 3 8 82 184 133 127 115 9 131 109 |87 26 112 183 190 18 90 76 63 62 24 141 88 140 |94 129 42 43 147 58 44 16 11 15 |22 13 104 153 194 187 59 139 123 72 93 146 134 60 189 14 168 150 111 |195 158 200 124 46 78 198 119 6 47 32 117 40 |137 71 77 165 80 91 10 68 39 101 86 163 118 |177 97 95 35 36 157 105 144 176 99 50 107 182 |56 152 28 145 169 164 185 142 45 34 21 186 23 |135 126 12 114 162 128 192 125 73 1 49 84 67 69 132 96 83 53 55 159 |61 155 130 174 138 160 166 30 102 29 196 170 92 175 70 85 66 65 121 41 172 ||110 167 2 151 |52 31 |64 |7 179 113 |178 79 |19 |148 106 81 |143 75 54 38 180 193 5 |191 57 199 |161 |4 |74 154 120 27 |122 33 149 173 |181 197 |98 116 |103 17 |100 25 |171 20 |37 89 |136 |48 |
15305.2 1.21361e+06
108 125 29 137 129 119 111 109 105 176 85 16 |151 62 195 33 171 118 15 189 14 180 10 130 115 187 190 18 172 145 117 |45 122 158 88 141 55 169 132 101 39 |175 162 3 28 47 123 69 131 95 138 155 |79 80 42 148 97 102 5 193 35 22 113 133 93 146 60 188 24 |26 94 168 91 147 166 25 86 65 121 66 200 ||178 23 161 61 112 30 13 181 103 58 7 76 163 41 99 70 142 73 |37 72 82 96 9 52 183 100 182 31 68 87 159 140 11 126 |165 53 150 135 167 134 191 164 36 143 44 153 83 59 32 63 |64 71 177 174 157 104 194 40 90 84 27 50 114 107 ||43 78 77 |1 173 38 |67 127 |110 128 |21 81 124 |179 144 139 120 8 |149 160 6 116 106 |186 |56 152 |170 12 |19 |89 197 |98 54 17 |4 184 |185 34 2 74 196 |92 |156 192 |75 49 |46 |198 48 |154 57 199 136 |51 20 |
15449 1.0561e+06
188 65 199 122 20 46 158 156 23 178 7 130 10 155 48 147 138 112 98 166 |153 115 58 40 187 86 133 18 101 132 113 39 190 44 22 13 |76 119 91 174 161 79 182 61 183 157 52 131 104 |159 69 96 59 123 90 37 84 176 32 163 117 121 41 93 145 47 82 |198 55 87 26 165 129 14 42 148 97 95 |25 103 105 9 194 181 83 80 102 |109 172 94 141 88 150 15 24 200 107 11 45 118 142 196 73 |126 114 175 195 51 162 171 125 29 |140 111 168 189 137 70 62 151 16 3 99 85 66 57 63 146 28 164 |108 50 33 60 134 169 36 35 ||180 30 |72 |53 167 |64 71 177 |43 78 77 |1 173 38 |67 127 27 |110 128 135 |21 81 124 191 |143 100 31 |68 |179 144 139 120 8 |149 160 6 116 106 |186 |56 152 |170 12 |19 |89 |34 92 |49 |4 75 |154 2 |197 |17 184 |185 54 |74 192 136 5 193 
18730.3 553869
109 62 50 108 126 107 11 159 140 168 88 141 150 189 73 |10 165 55 174 161 147 48 138 157 83 104 |35 193 148 129 14 137 200 45 118 142 196 29 164 |162 130 54 79 182 155 183 91 111 119 87 26 42 112 97 95 102 |16 60 125 113 4 76 84 90 18 101 96 |99 24 15 195 70 3 192 85 66 117 163 32 41 145 93 63 146 28 47 8 |17 103 179 133 132 59 82 |114 31 134 190 39 172 169 |176 123 69 86 40 187 131 |115 105 194 9 153 44 22 36 ||181 |121 74 |7 |77 19 |177 198 |106 21 122 |68 |58 75 27 |52 71 64 |1 56 128 |94 116 43 53 |65 199 151 |110 51 12 |100 |120 72 89 152 |178 |144 |188 |175 158 20 34 |173 124 |78 98 30 |25 127 |57 49 |135 |37 67 |167 2 33 |46 81 186 |185 170 80 |61 180 23 |136 171 5 160 166 |143 38 6 13 |197 184 139 154 191 |149 92 156 
23155.2 486154
92 195 20 171 60 125 134 164 |49 117 163 32 145 101 18 132 75 169 |69 61 68 109 174 147 182 155 10 130 183 157 83 131 104 |138 91 111 119 198 87 165 116 26 112 102 |88 133 90 76 84 176 123 59 96 44 22 |153 9 194 105 115 40 187 39 190 172 36 |140 41 63 66 85 173 146 28 93 47 82 |55 99 3 16 62 70 51 162 158 108 50 45 118 142 29 |86 15 24 189 150 141 168 159 14 129 42 97 95 |126 114 188 107 11 135 200 137 73 ||149 |53 43 |98 94 21 34 |54 38 17 |170 199 |2 175 |191 35 154 128 |177 6 148 166 |46 124 71 |139 67 89 |8 56 136 |122 12 151 |19 |144 37 |156 |30 193 13 143 103 |57 74 121 |33 |23 |127 197 |48 161 |80 52 160 |106 186 |31 |81 |72 113 27 5 |167 |4 |78 64 77 |179 58 25 |110 192 65 120 1 |152 184 |7 100 181 |180 196 185 |178 79 
25658.7 415843
9 105 40 187 86 133 39 190 172 22 36 |14 129 55 87 26 42 167 97 95 |11 107 126 114 195 85 66 63 146 134 164 |138 147 174 161 155 100 10 183 157 |115 159 140 168 141 88 150 189 137 24 15 200 45 118 142 73 149 |99 3 16 62 70 162 108 50 60 125 29 |165 91 111 119 112 102 |109 182 130 194 153 83 131 104 |44 84 76 90 18 59 145 93 47 82 |28 41 117 163 32 176 123 69 101 132 96 169 ||139 |175 151 |43 |34 |74 56 |156 |110 72 |77 198 |160 35 25 148 |61 58 75 143 |8 154 92 |94 19 64 21 |57 171 33 |6 116 1 |152 89 199 65 |135 188 |20 128 |144 197 |53 |67 127 191 |5 80 52 178 |38 7 |71 186 46 |177 78 |23 31 |30 27 |181 136 122 185 |79 68 |103 184 17 |48 54 98 |196 2 192 120 |49 166 |37 173 |180 13 193 |12 106 |179 113 |4 |81 170 |124 158 51 |121 
26279.6 408931
44 25 190 187 40 86 133 69 123 145 47 82 |59 76 176 93 28 |84 32 163 117 41 66 134 164 |16 62 70 51 162 45 118 142 |195 140 21 14 129 26 87 165 55 91 111 119 138 112 42 97 95 102 |200 11 107 126 114 108 50 60 125 29 |159 115 19 109 174 147 182 155 183 10 130 105 194 9 153 83 157 131 104 |85 3 99 199 63 146 |39 37 90 18 101 132 96 172 22 169 36 |168 158 15 141 88 150 24 189 137 73 ||6 |198 |78 |56 |79 |152 |185 128 |17 |7 |135 122 |94 116 148 177 |149 191 2 192 |49 |144 67 |20 |181 54 75 184 |180 178 166 |65 120 |4 |68 100 |43 |175 |61 38 |139 171 |12 77 |124 46 98 |71 160 |58 179 |30 193 13 143 |57 74 |33 |23 |127 197 |48 161 |31 80 52 5 |106 186 81 27 |72 113 |156 |110 170 188 196 |34 1 154 167 |53 35 |8 136 |92 64 |89 103 |173 121 151 
28082 408279
172 194 112 42 95 |26 87 165 14 189 137 |150 15 55 159 140 168 88 141 129 97 102 |86 187 39 133 176 145 93 47 82 |40 190 175 99 41 117 163 32 84 18 90 69 123 132 96 101 59 |115 105 9 153 44 22 169 36 |119 111 91 147 10 130 83 131 |76 24 138 109 182 155 183 157 104 |174 195 3 16 62 70 162 50 108 114 126 107 11 200 45 118 142 73 |28 146 63 66 85 60 125 134 29 164 ||181 |37 |139 |77 19 |154 |106 21 167 |68 |38 75 27 |184 |1 56 128 |94 116 53 198 |65 151 |160 61 25 |100 |120 72 89 152 |191 81 71 |144 |156 |64 46 |173 |170 92 |166 |58 7 |2 199 |135 136 |54 122 |43 177 |30 193 13 143 103 |57 74 121 |33 |23 |127 67 113 |149 158 |17 |197 52 |8 179 |178 180 31 48 80 |186 110 |192 12 171 |196 |49 5 |188 |35 4 |98 |161 |34 148 6 |20 185 |78 |79 |124 51 |
29094.3 399255
190 39 133 90 69 123 176 145 93 47 82 |40 187 86 18 101 132 96 |115 105 194 9 153 44 22 169 36 |119 111 91 147 10 130 83 |138 109 182 155 183 157 104 |174 16 62 70 162 50 108 114 126 107 11 200 45 118 142 73 |28 146 63 66 85 60 125 134 29 164 |3 159 168 140 141 88 150 15 24 189 137 |195 99 41 117 163 32 76 84 59 172 131 |14 129 55 165 87 26 112 42 97 95 102 ||121 |106 181 |7 |43 |175 151 |34 |74 56 |35 21 52 |110 51 12 122 |100 1 |120 72 89 152 65 |178 68 |144 58 75 |71 64 94 116 |128 199 |77 53 |19 |188 |198 177 |173 124 |78 98 30 |25 127 |57 49 |135 158 20 |37 67 |167 2 33 |46 81 186 |185 191 61 |80 23 54 |156 170 |180 |136 160 5 166 |143 38 6 13 |197 184 139 154 |149 92 171 |161 48 |193 27 196 |148 |113 4 |192 8 |17 103 179 |31 79 
30254.5 372089
190 39 133 90 69 123 176 145 93 47 82 |40 187 86 18 101 132 96 |115 105 194 9 153 44 22 169 36 |119 111 91 147 10 130 83 |138 109 182 155 183 157 104 |174 16 62 70 162 50 108 114 126 107 11 200 45 118 142 73 |28 146 63 66 85 60 125 134 29 164 |3 159 168 140 141 88 150 15 24 189 137 |195 99 41 117 163 32 76 84 59 172 131 |14 129 55 165 87 26 112 42 97 95 102 ||56 121 5 |49 |48 |34 |74 181 |120 |199 |175 188 |152 25 |79 100 61 |19 193 |154 144 197 |64 43 6 160 |110 75 |143 |156 |171 |92 |158 |94 177 21 |27 53 |52 80 78 |35 31 54 |46 106 |33 38 |89 |7 166 |178 103 |72 122 |184 |128 192 65 |179 58 |127 4 |151 167 136 |81 170 |2 |185 |180 23 |1 139 113 |148 71 |37 |186 116 191 |173 13 |124 |161 |67 17 |12 30 |51 57 |196 149 |77 198 98 |68 |20 |135 |8 
31049.3 358833
190 39 133 90 69 123 176 145 93 47 82 |40 187 86 18 101 132 96 |115 105 194 9 153 44 22 169 36 |119 111 91 147 10 130 83 |138 109 182 155 183 157 104 |174 16 62 70 162 50 108 114 126 107 11 200 45 118 142 73 |28 146 63 66 85 60 125 134 29 164 |3 159 168 140 141 88 150 15 24 189 137 |195 99 41 117 163 32 76 84 59 172 131 |14 129 55 165 87 26 112 42 97 95 102 ||56 121 5 |49 |48 |34 |74 181 |120 |199 |175 188 |152 25 |79 100 61 |19 193 |154 144 197 |64 43 6 160 |110 75 |143 |156 |171 |92 |158 |94 177 21 |27 53 |52 80 78 |35 31 54 |46 106 |33 38 |89 |7 166 |178 103 |72 122 |184 |128 192 65 |179 58 |127 4 |151 167 136 |81 170 |2 |185 |180 23 |1 139 113 |148 71 |37 |186 116 191 |173 13 |124 |161 |67 17 |12 30 |51 57 |196 149 |198 |98 |77 |135 |8 |20 |68 
32524.7 357868
190 39 133 90 69 123 176 145 93 47 82 |40 187 86 18 101 132 96 |115 105 194 9 153 44 22 169 36 |119 111 91 147 10 130 83 |138 109 182 155 183 157 104 |174 16 62 70 162 50 108 114 126 107 11 200 45 118 142 73 |28 146 63 66 85 60 125 134 29 164 |3 159 168 140 141 88 150 15 24 189 137 |195 99 41 117 163 32 76 84 59 172 131 |14 129 55 165 87 26 112 42 97 95 102 ||198 |121 5 |149 |77 196 |1 |74 181 |120 |199 |175 188 |152 25 |79 100 |19 193 |154 144 197 |64 43 6 160 |110 75 143 |4 |156 |171 |92 |158 |177 94 21 |31 54 38 |27 53 |52 |78 |136 35 |106 |89 |7 166 |178 103 |72 |184 |128 192 65 |179 58 |34 122 |167 2 33 |46 81 186 |185 170 80 |61 180 23 |37 67 |148 71 |151 |124 |116 173 |17 139 113 191 |161 13 |51 135 |12 57 |49 |30 |68 |8 |56 20 |127 |98 |48 
33198.4 355180
190 39 133 90 69 123 176 145 93 47 82 |40 187 86 18 101 132 96 |115 105 194 9 153 44 22 169 36 |119 111 91 147 10 130 83 |138 109 182 155 183 157 104 |174 16 62 70 162 50 108 114 126 107 11 200 45 118 142 73 |28 146 63 66 85 60 125 134 29 164 |3 159 168 140 141 88 150 15 24 189 137 |195 99 41 117 163 32 76 84 59 172 131 |14 129 55 165 87 26 112 42 97 95 102 ||56 121 5 |49 |48 |74 181 |120 |199 |175 188 |152 25 |79 100 |19 193 |154 144 197 |64 43 6 160 |110 75 143 |4 |156 |171 |92 |158 |177 94 21 |31 54 38 |27 53 |52 |78 |136 35 |106 |89 |7 166 |178 103 |72 |184 |128 192 65 |179 58 |34 122 |167 2 33 |46 81 186 |185 170 80 |61 180 23 |37 67 |148 71 |151 |124 |116 173 |17 139 113 191 |161 13 |51 57 1 |12 30 |149 196 |127 |198 |98 |77 |135 |8 |20 |68 
35530 355034
190 39 133 90 69 123 176 145 93 47 82 |40 187 86 18 101 132 96 |115 105 194 9 153 44 22 169 36 |119 111 91 147 10 130 83 |138 109 182 155 183 157 104 |174 16 62 70 162 50 108 114 126 107 11 200 45 118 142 73 |28 146 63 66 85 60 125 134 29 164 |3 159 168 140 141 88 150 15 24 189 137 |195 99 41 117 163 32 76 84 59 172 131 |14 129 55 165 87 26 112 42 97 95 102 ||181 |37 139 |77 19 |154 |106 21 |151 |38 68 |75 34 |1 56 74 |94 52 |53 198 |184 |160 144 |100 116 |120 191 |128 72 |89 |156 |152 65 199 |64 81 71 |61 |188 |170 92 |173 58 |2 30 |136 |25 122 |43 177 |57 |49 54 |135 143 |193 103 |33 |127 |121 |161 |167 |46 |48 |80 |23 |31 |149 5 |196 |192 |178 166 |98 |197 |185 |12 175 171 |158 110 |180 13 |67 |27 6 |78 186 |17 113 |35 51 20 |124 |79 148 |4 |7 8 |179 |
38591.9 353216
190 39 133 90 69 123 176 145 93 47 82 |40 187 86 18 101 132 96 |115 105 194 9 153 44 22 169 36 |119 111 91 147 10 130 83 |138 109 182 155 183 157 104 |174 16 62 70 162 50 108 114 126 107 11 200 45 118 142 73 |28 146 63 66 85 60 125 134 29 164 |3 159 168 140 141 88 150 46 15 24 189 137 |195 99 41 117 163 32 76 84 59 172 131 |14 129 55 165 87 26 112 42 97 95 102 ||181 |121 171 |33 |7 |21 77 106 |68 143 |52 27 75 |128 56 |94 116 53 198 |65 |160 61 25 |1 120 154 |19 71 |72 89 |151 199 |139 184 |64 |152 |173 156 |178 43 |144 74 |35 |58 |188 30 |191 98 |100 |2 135 |92 |177 |161 |12 158 |4 |175 |23 180 |20 |48 |34 122 |49 17 |127 |167 |78 |110 |186 185 |170 38 |57 |37 67 |54 |124 |136 5 |166 |6 |80 13 |81 149 |197 113 |51 |193 |192 148 |196 |8 |103 179 |79 |31 
38947.4 352943
190 39 133 90 69 123 176 145 93 47 82 |40 187 86 18 101 132 96 |115 105 194 9 153 44 22 169 36 |119 111 91 147 10 130 83 |138 109 182 155 183 157 104 |174 16 62 70 162 50 108 114 126 107 11 200 45 118 142 73 |28 146 63 66 85 60 125 134 29 164 |3 159 168 140 141 88 150 15 24 189 137 |195 99 41 117 163 32 76 84 59 172 131 |14 129 55 165 87 26 112 42 97 95 102 ||106 |181 |33 |7 |56 121 5 |49 |48 79 |52 |27 |175 188 |152 25 |100 6 |19 193 |154 144 |64 |120 160 |110 75 143 |4 |43 23 |156 171 |92 74 |158 |177 94 21 |31 54 38 |53 |89 |78 |136 35 |72 |184 166 |199 |179 103 |178 |128 192 65 |151 |58 |34 122 |167 2 |46 81 |170 80 |61 180 |37 1 |148 57 |71 185 |186 |124 |116 173 |161 13 |51 191 |197 17 113 |68 |12 |149 196 139 |127 |198 |98 |77 |67 |135 |8 30 |20 |
39066.9 351640
190 39 133 90 69 123 176 145 93 47 82 |40 187 86 18 101 132 96 |115 105 194 9 153 44 22 169 36 |119 111 91 147 10 130 83 |138 109 79 182 155 183 157 104 |174 16 62 70 162 50 108 114 126 107 11 200 45 118 142 73 |28 146 63 66 85 60 125 134 29 164 |3 159 168 140 141 88 150 15 24 189 137 |195 99 41 117 163 32 76 84 59 172 131 |14 129 55 165 87 26 112 42 97 95 102 ||49 |121 |7 |77 |120 199 |181 |68 |175 |25 1 |74 56 |19 94 |154 197 |160 144 75 |143 116 21 |89 |4 |64 53 |100 198 |156 151 |158 |152 |171 |31 |54 |27 |52 |78 |188 30 |98 136 57 |65 |35 |43 |106 |177 |51 |178 103 |72 |81 |48 |184 193 |58 |34 122 167 |61 |128 192 110 |2 173 |37 |33 |23 |186 46 |185 |124 170 |139 |92 |80 |180 5 166 |127 |38 |67 |149 |71 |113 |191 |161 13 |148 12 196 |6 |20 135 |17 |179 |8 
40517.4 348977

Time:21
Last Iter:10
Last Update:10
Tabu:0
Last Time21
19
73 142 8 72 49 39 190 86 22 83 157 109 159 140 |98 102 95 5 52 13 44 17 105 61 180 178 14 15 126 63 32 |177 26 94 137 88 60 29 164 131 82 132 115 68 155 119 |53 116 19 200 45 125 93 101 133 40 172 9 194 130 183 182 |71 135 167 28 47 96 90 163 153 111 91 55 |27 193 104 97 129 77 21 64 141 165 43 7 176 99 162 50 114 107 118 |92 34 192 3 16 151 70 41 123 187 103 10 80 42 150 |57 199 128 62 195 11 24 46 110 35 59 139 18 84 147 174 |171 2 85 66 1 169 36 25 113 69 76 127 117 158 81 112 |152 89 146 145 134 108 189 186 106 87 148 138 168 ||136 175 166 |160 181 75 |144 4 184 |120 |156 |54 100 |173 74 33 12 |170 124 |198 78 |20 |67 |196 149 191 143 |122 56 65 |48 23 |121 37 |179 |185 154 |38 58 |188 51 |197 30 |6 31 161 |79 |
15307 1.24346e+06
93 82 176 69 90 127 84 41 190 40 183 138 73 |17 194 13 169 27 29 95 45 50 117 18 96 147 174 109 |3 162 168 26 119 155 10 22 172 |150 189 15 114 60 142 102 112 159 140 47 32 132 133 187 |24 107 185 196 149 164 36 120 74 199 154 128 171 16 179 165 |66 65 99 151 158 11 200 88 148 87 91 180 28 |81 77 129 97 35 134 167 125 33 108 156 70 63 184 86 |80 6 14 46 12 175 62 146 72 76 75 153 157 104 55 111 |130 31 83 131 143 44 113 101 139 123 145 8 57 49 118 170 135 188 126 141 |19 137 92 20 195 192 85 152 163 59 39 105 115 9 182 42 ||53 116 186 71 30 |34 25 |7 |79 48 |144 4 |51 122 110 173 |94 198 61 |121 37 |161 23 |191 |136 56 89 |52 98 78 |103 58 100 38 160 |166 1 197 |193 21 124 |67 |181 54 178 |106 64 177 |2 5 |43 |68 |
15429.7 1.1551e+06
145 28 146 134 29 112 157 168 114 62 |199 47 172 69 10 200 107 108 |195 126 92 188 150 91 194 153 44 39 132 59 84 76 163 |8 169 131 9 115 86 144 90 123 32 85 99 118 11 15 42 165 138 164 |124 46 21 14 94 106 26 95 45 125 171 151 70 63 96 22 147 |121 49 66 184 183 155 182 53 129 97 |24 189 141 140 80 104 73 60 50 41 117 190 187 105 |98 5 13 75 17 40 18 176 93 57 173 16 122 142 110 186 55 119 174 130 |162 175 156 34 196 137 77 159 177 87 6 111 109 83 36 82 101 133 |81 88 198 31 180 54 7 179 127 120 89 65 74 3 2 20 102 ||160 30 167 170 |58 |64 |128 152 |4 27 |193 136 158 |149 191 12 33 |35 166 38 |19 |192 |68 52 |143 1 72 |103 25 113 197 |56 |23 161 |37 67 |61 100 79 |48 178 181 |185 154 139 |51 135 |148 71 116 78 |43 |
15438.4 1.12456e+06
47 63 57 56 32 69 169 131 9 194 155 174 112 97 14 141 24 11 |133 145 72 117 3 2 114 200 88 140 159 91 147 153 |83 44 172 190 39 184 17 109 119 129 73 62 |188 175 50 162 60 134 113 130 138 26 95 |143 164 193 183 96 59 93 28 154 125 142 137 |151 70 20 195 196 146 163 37 101 187 115 105 42 55 |179 40 22 38 79 168 46 118 16 66 41 82 76 |45 185 167 34 33 92 126 15 150 53 198 111 182 157 104 36 27 85 84 |67 127 18 25 58 68 87 165 106 102 29 107 128 |170 108 110 99 176 123 132 90 144 86 13 10 77 189 ||139 75 160 |71 21 78 |43 23 178 61 |149 136 12 1 |120 74 |4 |186 177 30 |35 54 100 |122 135 94 148 |103 197 5 |173 |98 80 48 161 |89 152 |81 |156 51 158 171 |191 8 49 65 |121 199 192 |166 52 181 7 |6 116 64 |180 31 |124 |19 |
15771.7 1.09649e+06
96 172 133 86 32 121 74 118 126 137 141 130 |159 88 119 138 157 97 93 18 109 |58 143 169 191 164 142 15 26 112 59 123 |23 198 19 60 3 28 22 194 |165 43 148 71 140 174 182 132 90 41 63 146 62 |94 168 92 50 2 167 45 73 5 131 44 187 72 82 |178 48 177 21 170 11 108 156 99 163 47 190 105 |186 77 64 124 188 27 104 83 153 10 155 87 55 39 76 117 66 |84 69 176 145 85 134 125 162 114 70 24 46 81 150 189 14 106 102 68 |171 16 195 158 107 200 129 42 95 193 36 29 57 139 101 40 115 9 183 147 91 111 ||33 175 192 173 |166 54 38 103 |6 31 |8 120 113 30 |80 53 78 |51 122 196 160 |1 154 128 |75 25 17 179 181 |52 100 |65 199 152 |180 161 |135 116 149 |35 13 110 136 185 |12 20 |4 67 37 |56 89 |197 |79 61 98 |34 151 |7 144 |49 184 |127 |
16059.8 1.0839e+06
96 107 172 133 86 32 121 74 118 126 137 141 129 130 |159 88 119 138 11 157 97 |18 109 147 91 111 42 95 |58 200 143 169 191 164 142 15 26 112 59 123 36 |23 198 19 60 3 28 22 9 194 |165 43 148 71 140 174 182 132 90 41 63 146 62 29 |94 40 168 92 50 2 167 45 73 5 131 44 187 101 72 93 82 |178 48 177 21 170 108 156 99 163 47 190 115 105 |186 16 77 64 124 188 27 104 83 153 10 155 87 55 39 76 117 66 |84 195 69 176 145 85 134 125 162 114 70 24 46 81 150 189 14 106 102 68 183 ||171 158 193 |33 175 192 173 |166 54 38 103 |6 31 |8 120 113 30 |80 53 78 |12 57 |139 |51 122 196 160 |1 154 128 |75 25 17 179 181 |52 100 |65 199 152 |180 161 |135 116 149 |35 13 110 136 185 |20 |4 67 37 |56 89 |197 |79 61 98 |34 151 |7 144 |49 184 |127 |
19807.4 932553
151 76 92 71 94 112 183 182 187 133 132 69 90 28 63 |178 200 174 160 36 153 105 86 18 67 32 41 70 195 60 118 95 24 150 88 189 137 |16 43 53 140 15 12 142 102 97 157 44 190 101 172 |139 55 176 145 82 96 75 9 194 155 169 164 73 45 125 129 |188 40 108 146 47 8 120 49 84 123 184 59 115 83 119 26 165 159 14 |77 3 81 107 114 50 62 66 173 152 85 29 104 111 138 |156 141 51 175 171 34 134 1 93 117 199 99 144 22 10 87 168 |11 126 162 136 185 27 |163 42 116 198 91 147 109 |39 130 131 ||52 5 98 6 167 |78 |166 30 191 154 |54 38 180 31 |72 197 25 |20 135 170 |79 80 |37 127 179 |2 56 |192 128 110 33 |35 58 |186 124 21 |48 68 |64 148 |158 |65 89 74 122 149 |13 181 103 17 7 |106 177 193 |113 4 |100 23 |121 57 196 |143 61 |161 |46 |19 |
23147.4 902551
47 183 55 159 140 168 141 77 134 29 |40 187 39 190 22 |130 10 155 182 147 91 4 87 26 42 148 95 |150 69 82 93 138 111 156 198 119 36 164 112 97 |146 45 66 142 199 85 28 |124 137 174 165 102 |88 157 117 56 84 176 123 90 145 120 63 32 163 59 41 172 169 |109 16 11 107 200 15 24 64 189 129 14 3 99 |1 86 83 76 62 70 195 162 114 126 108 50 60 125 118 73 |96 132 101 18 133 44 115 105 194 9 153 131 104 ||25 |21 |167 136 2 151 |196 175 20 33 |160 35 38 48 |178 79 80 98 |12 71 |116 78 177 94 |181 54 166 |23 103 |179 67 144 |19 186 |46 |7 61 30 |143 8 6 |158 188 92 |154 173 192 139 |17 197 |68 |122 135 170 |106 |51 171 149 27 5 |81 193 191 |58 185 |34 43 |100 52 13 |127 37 113 184 |31 180 |161 |75 128 |72 57 74 89 |152 121 |49 65 110 |53 
24900.9 636153
177 23 136 196 80 144 127 46 151 57 75 92 45 118 142 38 79 |20 200 192 63 41 117 163 32 28 146 134 164 |17 58 7 181 |195 173 107 126 60 50 108 162 70 62 16 3 99 66 85 125 167 73 29 |153 9 39 133 123 176 145 93 47 82 |105 115 187 18 101 132 96 172 169 36 |59 69 90 86 40 190 44 22 |76 15 147 174 109 182 155 10 183 130 194 83 131 |84 11 112 87 165 55 91 111 119 138 157 104 |114 65 24 137 189 150 88 141 140 168 159 186 14 129 26 42 97 95 102 ||25 54 |98 30 48 |61 116 |37 139 184 |53 21 |197 |160 178 94 |143 49 |175 2 |6 71 78 |179 |199 |135 |156 |110 185 191 148 |89 |72 |33 158 |5 180 106 |19 81 |198 |56 152 121 128 |1 51 |4 67 |113 74 8 |124 12 |77 |154 166 27 |193 52 103 13 |170 122 188 |120 171 34 |161 31 |43 64 |68 |100 35 149 
25156.9 580510
140 55 168 159 91 111 119 87 26 165 129 14 45 118 142 196 73 29 164 |109 182 155 100 143 36 |161 174 23 147 138 112 42 97 95 102 |150 117 99 3 16 62 70 195 114 126 107 11 200 15 24 46 189 137 |19 41 108 50 162 60 146 28 63 66 85 125 134 |47 82 103 130 83 131 104 |187 40 115 17 105 194 9 153 |7 10 183 157 |88 93 84 90 18 101 132 113 133 39 190 44 22 |141 86 145 4 76 163 32 176 123 69 59 96 172 169 ||151 92 |160 |53 71 94 |139 75 |8 120 49 184 |77 81 |156 51 175 |27 148 116 198 |52 98 6 170 |78 167 |30 191 154 |38 180 31 |72 25 |48 79 |135 171 173 |37 127 179 |56 199 152 |144 |80 110 |33 12 188 |61 |185 |136 34 |192 128 35 |166 1 197 |193 21 124 |58 |186 |158 20 |67 |181 54 178 |106 64 177 |2 5 |43 |68 |65 89 74 122 149 |121 57 13 
26348.5 443975
140 55 168 159 91 111 119 87 26 165 129 14 45 118 142 196 73 29 164 |109 182 155 100 143 36 |161 174 23 147 138 112 42 97 95 102 |150 117 99 3 16 62 70 195 114 126 107 11 200 15 24 46 189 137 |19 41 108 50 162 60 122 146 28 63 66 85 125 134 |47 82 103 130 83 131 104 |187 40 115 17 105 194 9 153 |27 10 183 157 |88 93 84 90 18 101 132 113 133 39 190 44 22 |141 86 145 4 76 163 32 176 123 69 59 96 172 169 ||151 |160 72 |53 71 94 |167 179 |171 120 184 |77 148 |156 20 33 110 |81 186 98 6 |68 79 |7 25 139 |74 154 1 8 |31 38 52 |78 43 177 |135 92 170 185 |197 144 75 |13 199 152 49 |127 |80 |175 12 188 |61 |173 |136 34 |192 128 35 |166 191 |193 21 124 |58 |116 |158 51 |37 |67 |181 54 178 |106 64 |2 5 |180 48 |198 |65 89 30 149 |121 57 56 
27954.9 436667
168 140 159 116 129 14 42 97 102 |134 85 66 63 123 69 90 18 101 132 96 172 36 |133 86 187 40 115 105 194 9 153 83 131 104 |119 174 109 182 155 10 130 183 157 |50 108 114 126 107 11 15 200 45 73 164 |24 150 88 141 189 137 |138 147 91 111 55 165 87 26 112 95 |99 3 16 62 70 195 162 60 125 118 142 29 |146 28 47 59 39 190 44 22 169 |41 117 163 32 76 84 176 145 93 82 ||92 135 81 |197 |113 |128 5 98 |180 |30 178 |158 156 |4 |58 25 13 |110 188 |8 17 |136 175 |94 71 181 |139 144 72 |148 186 64 77 |121 |46 19 |100 |67 |43 53 78 80 193 |75 103 7 |122 12 192 191 |34 |170 173 57 |184 179 120 |56 33 |38 160 149 |6 23 61 143 35 |124 51 167 |199 152 151 |68 48 166 |1 196 171 185 |198 106 |37 |154 |74 20 |89 65 49 |31 79 |127 |161 |2 54 |177 |21 |52 27 |
28006.7 383201
147 174 91 111 138 157 83 |112 119 55 165 87 26 42 102 |141 88 140 168 159 129 14 97 95 |200 15 24 189 137 73 |150 11 117 41 32 69 123 59 176 145 93 82 47 28 146 |114 126 107 45 118 142 29 164 |162 108 50 60 125 134 |62 16 3 99 66 85 63 |182 70 163 84 76 90 86 40 187 190 39 133 18 101 132 96 172 169 36 |195 109 10 155 183 130 115 105 194 9 153 44 22 131 104 ||65 |8 |37 |53 177 |173 |167 136 156 |30 184 191 5 |128 171 158 175 149 |188 71 21 |25 127 197 |31 161 |54 2 27 |20 110 |139 144 72 |148 186 64 77 94 |121 |46 19 |4 |181 17 |100 |67 |43 78 80 193 |75 103 7 |122 12 192 |34 |170 57 |179 120 |56 33 |38 160 |6 23 61 143 35 |124 51 |199 152 151 |68 48 166 |1 196 185 |198 116 52 |79 178 13 |58 180 |81 92 |154 106 |89 113 |98 135 |49 |74 |
30493.1 373578
112 119 55 165 87 26 42 102 |141 88 140 168 159 129 14 97 95 |200 15 24 189 137 73 |150 11 117 41 32 69 123 59 176 145 93 82 47 28 146 |114 126 107 45 118 142 29 164 |162 108 50 60 125 134 |62 16 3 99 66 85 63 |182 70 163 84 76 90 86 40 187 190 39 133 18 101 132 96 172 169 36 |195 109 10 155 183 130 115 105 194 9 153 44 22 131 104 |111 91 174 147 138 157 83 ||65 8 |92 135 81 |197 |113 |128 98 |180 |30 178 |21 177 |175 110 |31 |54 2 27 |20 188 |139 144 72 |148 186 64 77 94 71 |121 |46 19 |4 127 |181 17 |100 |67 |43 53 78 80 193 |75 103 7 |122 12 192 191 |34 |170 173 57 |184 179 120 |56 33 |38 160 149 |6 23 61 143 35 |124 51 167 |199 152 151 |68 48 166 |1 196 171 185 |198 116 52 |79 13 |58 5 |161 |154 106 |89 136 |37 |158 |156 |49 25 |74 |
31251.6 372563
112 119 55 165 87 26 42 102 |141 88 140 168 159 129 14 97 95 |200 15 24 189 137 73 |150 11 117 41 32 69 123 59 176 145 93 82 47 28 146 |114 126 107 45 118 142 29 164 |162 108 50 60 125 134 |62 16 3 99 66 85 63 |182 70 163 84 76 90 86 40 187 190 39 133 18 101 132 96 172 169 36 |195 109 10 155 183 130 115 105 194 9 153 44 22 131 104 |111 91 174 147 138 157 83 ||151 |80 |67 37 |53 177 |173 |167 136 156 |30 184 191 5 |128 171 158 175 149 |188 71 21 |103 61 100 54 |2 124 27 |192 20 33 110 |81 186 98 6 |68 79 180 |7 25 139 |74 152 154 1 8 |31 38 52 |78 43 |135 92 170 185 |197 144 75 |89 122 196 |94 116 198 |161 160 193 |56 |19 |57 12 |51 166 |113 4 120 |127 17 |77 35 |65 199 72 |13 23 178 |179 58 181 |106 |121 34 |143 148 |49 |46 64 |48 |
31592.3 367006
112 119 55 165 87 26 42 102 |141 88 140 168 159 129 14 97 95 |200 15 24 189 137 73 |150 11 117 41 32 69 123 59 176 145 93 82 47 28 146 |114 126 107 45 118 142 29 164 |162 108 50 60 125 134 |62 16 3 99 66 85 63 |182 70 163 84 76 90 86 40 187 190 39 133 18 101 132 96 172 169 36 |195 109 10 155 183 130 115 105 194 9 153 44 22 131 104 |111 91 174 147 138 157 83 ||151 |80 |67 37 |53 |173 188 |167 |136 156 |30 191 5 |128 158 175 149 |12 171 |103 61 166 |54 2 27 |20 33 110 |81 186 98 6 |68 79 |7 25 139 |154 1 8 |31 38 52 |78 43 177 |135 92 170 185 |197 144 75 |13 124 21 |152 74 |89 122 |94 198 |161 160 |56 |19 77 71 |192 196 |58 |57 |51 35 |116 |180 181 |106 178 |113 4 120 |127 17 |193 184 |65 199 72 |100 23 |179 |121 34 |143 148 |49 |46 64 |48 |
34273.1 362858
112 119 55 165 87 26 42 102 |141 88 140 168 159 129 14 97 95 |200 15 24 189 137 73 |150 11 117 41 32 69 123 59 176 145 93 82 47 28 146 |114 126 107 45 118 142 29 164 |162 108 50 60 125 134 |62 16 3 99 66 85 63 |182 70 163 84 76 90 86 40 187 190 39 133 18 101 132 96 172 169 36 |195 109 10 155 183 130 115 105 194 9 153 44 22 131 104 |111 91 174 147 138 157 83 ||151 |80 |67 37 |53 177 |173 |167 |136 156 |30 191 5 |128 158 175 149 |188 71 21 |103 61 166 |54 2 27 |20 33 110 |12 171 |81 186 98 6 |68 79 |7 25 139 |154 1 8 |31 38 52 |78 43 |135 92 170 185 |197 144 75 |13 124 |152 74 |89 122 |94 198 |161 160 |56 |19 77 |192 196 |58 |57 |51 35 |116 |180 181 |106 178 |113 4 120 |127 17 |193 184 |65 199 72 |100 23 |179 |121 34 |143 148 |49 |46 64 |48 |
35762.8 360670
112 119 55 165 87 26 42 102 |141 88 140 168 159 129 14 97 95 |200 15 24 189 137 73 |150 11 117 41 32 69 123 59 176 145 93 82 47 28 146 |114 126 107 45 118 142 29 164 |162 108 50 60 125 134 |62 16 3 99 66 85 63 |182 70 163 84 76 90 86 40 187 190 39 133 18 101 132 96 172 169 36 |195 109 10 155 183 130 115 105 194 9 153 44 22 131 104 |111 91 174 147 138 157 83 ||151 |80 |67 37 |53 177 |173 |167 |136 156 |30 191 5 |128 158 175 149 |188 71 21 |103 61 166 |54 2 27 |20 33 110 |81 186 98 6 |68 79 180 |7 25 139 |74 152 154 1 8 |31 38 52 |78 43 |135 92 170 185 |197 144 75 |12 124 |192 |171 |89 122 196 |94 198 |161 160 193 |56 |19 |58 |57 |51 35 |116 |13 |178 148 |77 |72 |4 |49 127 |181 |143 |34 120 |184 100 |64 |113 |199 65 |23 48 |121 |179 |17 |46 |106 |
36457.9 355813
112 119 55 165 87 26 42 102 |141 88 140 168 159 129 14 97 95 |200 15 24 189 137 73 |150 11 117 41 32 69 123 59 176 145 93 82 47 28 146 |114 126 107 45 118 142 29 164 |162 108 50 60 125 134 |62 16 3 99 66 85 63 |182 70 163 84 76 90 86 40 187 190 39 133 18 101 132 96 172 169 36 |195 109 10 155 183 130 115 105 194 9 153 44 22 131 104 |111 91 174 147 138 157 83 ||151 |38 |43 53 198 |31 |27 |2 |179 |81 |100 |167 |49 |1 |92 175 |178 79 80 98 |6 71 |160 30 |20 33 110 |25 103 |78 186 |68 166 |7 120 |74 152 154 35 |177 52 |13 67 |191 128 170 185 |197 144 5 |21 124 |12 158 149 |139 8 |180 |192 |135 171 |89 122 196 |94 173 |161 54 193 |56 |19 |51 |156 |58 |75 |57 |116 |188 148 |77 |72 |4 |127 |181 |143 |34 61 |184 136 |64 |113 |199 65 |23 48 |121 |37 |17 |46 |106 |
42258.7 354459

Time:25
Last Iter:10
Last Update:10
Tabu:0
Last Time25
21
100 38 187 69 70 114 142 73 87 159 168 150 |137 116 165 26 164 36 82 123 101 132 86 44 85 99 |200 34 195 28 59 39 90 84 22 83 105 115 182 174 119 95 |75 169 102 10 155 140 50 93 117 76 |35 143 172 127 152 128 60 156 189 55 |133 18 120 41 8 13 25 153 157 52 61 42 46 15 108 118 16 |6 97 129 81 135 107 170 185 125 134 47 72 176 139 184 181 183 138 62 |64 124 24 11 33 136 29 166 104 148 111 178 7 40 190 96 145 163 63 |66 173 199 3 2 158 188 88 141 94 98 31 109 194 32 |146 45 126 162 14 112 160 131 9 103 179 113 130 147 91 ||56 57 27 |21 186 77 |48 161 |177 53 78 |110 171 192 |19 |54 180 |196 167 122 92 12 |154 197 |4 37 |1 151 |74 89 191 149 |43 198 23 |144 67 |79 68 |17 |5 30 193 80 106 71 |58 |175 |65 121 49 |51 20 |
15062.6 1.16756e+06
20 92 150 141 189 165 155 18 41 |95 164 28 101 190 10 182 174 140 15 108 16 |198 53 177 78 42 131 157 132 134 45 126 |145 59 1 22 7 68 138 91 159 168 29 195 |136 185 60 33 50 11 200 24 21 106 6 112 104 36 115 133 |187 39 113 69 32 117 65 74 146 82 172 76 128 26 |120 139 84 47 154 66 110 125 142 170 81 19 55 87 119 183 |169 27 30 102 129 46 88 188 107 12 114 162 118 83 153 194 40 |99 152 163 93 4 25 9 105 130 61 180 147 79 109 97 14 137 |62 70 3 85 63 121 72 176 123 96 75 44 179 86 90 166 5 73 77 111 31 ||49 89 173 196 191 |143 8 181 |43 23 178 |127 52 |167 54 |100 48 |192 56 57 |71 186 124 135 |161 38 |103 184 |67 |175 171 |17 58 |144 13 35 160 |80 148 64 |151 |197 37 |149 122 2 199 |193 98 116 94 34 |158 51 156 |
15633.5 1.15983e+06
128 99 199 163 90 95 10 |147 26 42 15 12 45 66 146 93 18 133 190 |14 137 124 107 125 73 102 104 47 59 58 119 168 |148 177 186 19 140 180 130 176 117 3 |159 106 165 31 161 38 105 115 40 101 172 82 85 164 36 169 131 |122 118 185 50 108 188 81 77 91 48 182 155 157 153 22 96 123 84 32 28 16 70 |52 83 183 61 111 55 6 21 189 88 114 162 156 62 142 132 39 |141 71 94 97 29 136 92 126 145 44 25 194 174 |197 144 127 41 57 63 152 171 60 11 200 24 46 64 112 193 30 195 |129 87 138 79 109 7 103 9 187 86 184 69 72 76 134 167 34 51 150 ||170 74 |166 13 |53 160 |135 175 |179 |4 |43 116 35 |143 75 2 192 |56 151 196 |1 8 121 191 149 |68 |20 158 110 |98 78 |173 54 181 |100 178 23 80 |198 |65 89 139 |33 |17 37 |154 49 120 113 |67 27 5 |
16021.9 1.14713e+06
49 84 127 132 25 146 11 15 88 182 |93 145 72 123 18 41 74 154 192 29 42 111 174 |86 67 117 199 47 36 153 |12 162 62 56 163 76 133 40 83 157 91 55 165 26 14 24 107 140 |57 8 191 50 126 147 |114 60 136 73 27 97 148 112 87 177 71 141 81 63 99 22 183 155 |108 135 122 110 2 85 173 65 82 139 69 17 105 115 130 109 104 95 129 |137 150 159 119 31 181 194 9 44 190 39 120 32 3 20 51 33 125 102 |37 144 59 176 28 134 118 45 200 188 195 70 16 171 164 131 169 172 10 138 |156 142 66 96 101 90 187 75 7 100 189 168 ||152 121 128 167 |30 35 103 |98 43 198 106 |180 61 166 13 |6 53 78 186 |68 |48 38 160 |196 185 34 158 |80 94 |19 149 |89 151 |64 170 92 |1 175 |23 161 193 |116 77 |4 |184 179 143 5 |124 46 |178 79 54 52 |21 |113 197 58 |
16341.7 1.12731e+06
160 194 105 179 178 15 126 16 |192 151 125 142 164 83 31 111 68 133 176 28 137 |33 12 162 195 107 11 141 119 182 169 39 18 |54 157 183 109 25 101 69 72 42 200 140 |196 118 191 82 36 143 75 86 144 41 85 62 156 88 129 102 |100 130 38 7 115 197 145 49 146 3 29 73 87 165 168 91 147 138 |189 24 81 150 19 166 22 44 96 123 93 63 163 117 |92 45 60 158 114 188 14 97 198 153 9 190 99 |108 50 135 77 94 148 6 26 159 48 155 10 174 131 134 47 32 84 76 90 187 |55 23 112 95 193 104 172 132 113 59 40 65 66 70 ||152 57 110 |43 78 186 71 |175 51 185 167 |98 21 64 |161 |149 27 136 170 |52 181 17 |80 53 116 |173 74 120 139 13 35 |127 |5 61 58 |89 121 199 |124 46 |79 180 30 |1 8 154 |103 |37 |20 128 34 |106 177 |184 4 67 |2 171 122 |56 |
16881.1 1.1238e+06
82 190 9 |58 62 7 194 157 138 23 159 168 123 90 76 163 86 |72 15 41 47 39 44 104 95 60 114 91 147 174 155 |156 175 108 192 3 85 169 22 101 105 115 55 26 |178 66 183 25 59 69 84 70 73 164 42 129 14 165 150 |11 33 51 16 173 134 166 153 176 24 111 |141 83 88 21 137 50 162 171 122 185 29 36 96 40 32 28 99 87 |92 130 126 20 151 56 57 146 89 117 187 103 181 38 52 102 189 125 119 |182 63 161 31 68 98 97 94 140 124 200 107 188 158 195 45 118 93 145 18 172 |170 142 46 19 177 148 112 193 131 10 109 133 132 ||100 54 30 5 |13 154 199 128 |6 80 43 78 |179 197 184 75 |186 198 |113 127 37 |49 |64 |152 65 74 191 27 |160 17 |12 81 |48 196 |8 139 144 |34 167 149 1 |71 53 |61 180 |120 121 |4 |79 143 |2 |67 |116 77 |135 110 35 |136 106 |
20157.6 1.09645e+06
109 49 84 127 132 25 146 11 15 88 104 |93 159 145 72 120 18 32 74 154 192 29 42 111 129 |70 86 90 67 117 199 47 36 153 131 |12 96 162 62 56 163 76 65 40 83 194 91 55 165 26 14 102 107 150 140 168 |57 144 37 50 126 95 |114 101 60 136 73 28 97 148 112 87 177 71 141 176 63 20 22 183 155 130 |108 119 135 122 110 2 85 173 133 39 190 44 9 105 115 7 10 182 147 174 138 |195 79 180 100 181 157 143 172 59 187 69 123 41 66 99 125 118 200 24 |16 3 134 191 8 82 169 |81 189 137 45 142 27 164 ||33 51 188 |156 171 |152 121 128 167 |61 166 13 30 |6 53 78 186 106 |68 35 |139 103 75 |98 43 198 31 |48 38 160 |196 185 34 158 |80 94 |19 149 |89 151 |64 170 92 |1 175 |23 161 193 |116 77 |4 |184 179 17 5 |124 46 |178 54 52 |21 |113 197 58 |
21765.6 916803
184 120 |191 74 83 130 87 26 165 159 140 168 64 81 137 |15 138 153 44 114 190 50 187 45 118 142 131 |105 115 79 183 157 52 144 |55 127 69 84 76 90 133 18 132 101 59 96 172 22 169 36 |86 162 195 70 39 199 3 99 66 85 125 134 104 147 |146 28 63 41 117 163 32 176 123 145 93 47 82 |40 129 9 194 174 111 109 182 10 155 119 112 42 95 27 |200 24 150 88 141 189 14 97 102 |91 16 62 60 108 126 107 11 73 29 164 ||143 |49 |192 2 |139 8 1 |57 173 181 |113 67 17 |23 |188 171 33 136 |156 92 110 |152 121 128 167 |30 35 103 75 |98 43 198 106 |180 61 166 13 |6 53 78 186 |68 100 |7 |20 56 |170 12 175 |48 38 160 |196 185 34 158 |80 94 |19 149 |89 151 |177 |178 116 148 |122 21 124 |193 |197 72 154 |4 37 |65 54 |5 51 135 |77 46 71 |58 179 25 |161 31 |
22823.8 592297
83 130 159 140 168 64 81 137 |15 138 153 44 114 190 50 187 45 118 142 131 |105 115 79 183 157 52 144 |55 127 69 84 76 90 133 18 132 101 59 96 172 22 169 36 |86 162 195 70 39 199 3 99 66 85 125 134 104 147 |146 28 63 41 117 163 32 176 123 145 93 47 82 |40 9 194 174 111 109 182 10 155 112 42 27 |200 24 150 88 141 189 97 102 |16 62 60 108 126 107 11 73 29 164 |91 119 87 26 165 129 14 95 ||143 |49 |192 2 |139 8 1 |57 173 181 |113 67 17 |23 |188 171 33 136 |156 92 110 |152 121 128 167 |30 35 103 75 |98 43 198 106 |180 61 166 13 |6 53 78 186 |68 100 |7 |20 56 |170 12 175 |48 38 160 |196 185 34 158 |80 94 |19 149 |89 151 |178 116 148 |122 21 124 |177 193 |197 72 154 |4 37 |65 54 |5 51 135 |77 46 71 |58 179 25 |161 31 |184 120 |191 74 
23106.3 558539
115 105 9 153 167 118 142 73 |181 52 54 100 38 194 |37 184 18 144 69 123 59 169 36 |62 43 23 178 48 160 149 45 122 60 2 99 63 146 28 |189 83 15 24 200 137 26 87 91 111 138 80 112 98 102 |195 55 156 114 107 11 126 108 50 163 117 32 176 93 145 47 82 |150 56 76 90 86 40 187 101 132 96 172 22 |70 119 165 159 140 168 88 141 64 71 14 129 42 97 95 147 174 109 182 155 10 130 183 157 131 104 |162 16 3 85 125 134 29 164 |44 190 39 133 84 41 66 ||124 135 171 |17 13 103 |92 |198 53 |1 7 |33 21 106 |113 65 |139 154 110 |27 46 170 |25 |75 166 5 61 |173 57 192 136 |127 4 |78 77 |34 51 151 |120 72 49 199 |20 188 |31 180 |81 |148 116 35 191 |74 121 |179 67 |12 185 128 |193 143 197 |68 30 |152 |158 175 |177 6 94 |8 |186 19 |58 |79 161 |89 196 
23537.1 549712
28 93 145 59 123 69 101 132 96 44 172 169 |118 45 142 27 153 9 194 54 |70 55 159 168 140 141 88 150 81 15 24 189 137 |147 31 111 138 112 42 97 102 |79 109 161 182 155 10 183 157 104 |176 32 163 41 65 66 63 85 134 |76 200 114 195 162 50 146 47 82 22 36 |86 125 84 18 90 133 39 190 187 40 115 105 130 83 131 |174 117 99 3 16 62 60 108 126 107 11 73 29 164 |91 119 87 26 165 129 14 95 ||143 |49 |192 2 |139 8 1 |57 173 181 |113 67 17 |23 |188 171 33 136 |156 92 110 |152 121 128 167 |30 35 103 75 |98 43 198 106 |180 61 166 13 |6 53 78 186 |68 100 |7 |20 56 |170 12 175 |48 38 160 |196 185 34 158 |80 94 |19 149 |89 151 |178 116 148 |122 21 124 |46 154 |5 51 193 |135 52 |120 184 197 191 |144 4 |74 199 |25 72 |127 |58 |64 77 177 |71 |37 179 
24324.3 430216
28 93 145 59 123 69 101 132 96 44 172 169 |118 45 142 27 153 9 194 54 |70 55 159 168 140 141 88 150 81 15 24 189 137 |147 31 111 138 112 42 97 102 |79 109 161 182 155 10 183 157 104 |176 32 163 41 65 66 63 85 134 |76 200 114 195 162 50 146 47 82 22 36 |86 125 84 18 90 133 39 190 187 40 115 105 130 83 131 |174 117 99 3 16 62 60 108 126 107 11 73 29 164 |91 119 87 26 165 129 14 95 ||143 |49 |192 2 |139 8 1 |57 173 181 |113 67 17 |23 |188 171 33 136 |156 92 110 |152 121 128 167 |30 35 103 75 |98 43 198 106 |180 61 166 13 |6 53 78 186 |68 100 |7 |20 56 |170 12 175 |48 38 160 |196 185 34 158 |80 94 |19 149 |89 151 |179 |178 116 148 |122 21 124 |46 154 |5 51 193 |135 52 |120 184 197 191 |144 4 |74 199 |25 72 |127 |58 |64 77 177 |71 |37 
26157.7 429817
117 54 194 105 115 58 40 187 190 44 9 153 22 169 36 |80 147 180 182 155 10 130 183 157 83 131 104 |84 78 140 168 159 129 14 97 95 |114 90 39 133 18 132 101 69 123 145 120 32 163 49 41 57 63 146 28 47 |55 85 66 99 3 16 62 70 20 195 162 134 |200 11 107 126 108 50 60 125 118 45 142 73 29 164 |189 141 88 150 15 24 137 |82 93 176 59 96 172 42 |138 165 87 26 112 102 |76 86 109 174 91 111 119 ||67 |12 |116 19 |158 |77 |175 |23 52 6 |56 184 |31 5 |192 199 173 160 |2 92 188 149 27 |13 25 72 1 |4 37 |30 185 124 71 |178 103 |167 34 51 156 |144 89 |68 181 |152 |197 179 |186 |161 48 38 |170 46 |135 64 94 98 193 |177 81 |122 8 143 75 35 |17 127 139 |100 113 |154 74 128 33 110 |148 106 198 |65 121 171 |7 |191 196 136 |151 |21 61 |79 |53 43 |166 
29612.9 429083
73 60 99 66 63 28 146 164 |24 15 150 88 141 140 168 159 129 97 95 |50 108 114 162 195 70 62 16 3 85 134 29 |41 117 163 32 76 84 90 123 176 145 93 82 |137 200 11 107 126 45 142 118 125 47 |96 59 69 101 132 18 133 39 44 22 169 36 |86 40 115 105 194 9 153 83 157 131 104 |155 182 109 174 147 91 111 119 112 61 |189 14 165 55 87 26 42 102 |138 183 10 130 187 190 172 ||20 |21 |12 135 46 |2 |122 156 167 |64 33 |144 67 37 |196 51 8 |57 34 193 160 |13 173 152 74 |92 170 188 |1 89 199 139 |103 5 |94 77 53 |7 38 |198 23 |127 197 17 |100 178 48 |19 116 |184 179 58 |68 |81 |192 128 136 149 |25 |78 30 |181 |180 75 |113 121 |186 |154 171 191 27 35 |175 71 |49 120 185 |56 |106 54 166 |52 143 72 |4 |43 98 |80 6 |79 |31 |161 |124 110 |177 |148 65 |151 158 |
30159.1 420466
200 11 107 126 114 12 108 50 45 142 |26 116 129 14 189 42 97 95 102 |115 105 44 153 9 194 83 157 131 104 |195 147 183 130 10 155 109 174 91 111 119 55 165 87 112 |182 138 159 168 140 141 88 150 15 24 137 |62 70 162 60 125 118 29 164 |16 3 99 85 66 63 146 134 73 |117 163 32 123 176 145 93 47 82 |59 84 76 90 18 101 132 96 172 22 169 36 |190 39 187 40 86 133 69 41 28 ||185 20 |193 110 151 |6 139 |79 |7 180 |53 198 |120 122 92 |74 128 166 5 |49 |173 196 191 |143 8 181 75 |43 23 178 31 |127 52 |167 54 |100 48 |19 78 |179 72 |46 77 |89 |188 |192 56 57 |71 186 124 135 |161 38 |103 184 |67 |175 171 |17 58 |144 13 35 160 |1 61 80 |98 25 30 27 |68 |148 65 154 |152 2 136 34 |4 37 |51 158 156 |64 177 106 94 |21 170 |199 121 113 |33 81 |197 |149 
30431.4 387780
162 70 62 16 63 |195 32 118 125 134 29 164 |66 85 99 3 60 45 142 73 |163 159 140 168 88 141 150 189 14 129 112 97 102 |182 82 115 105 44 153 9 194 83 131 |138 119 147 155 183 10 130 157 104 |76 109 174 91 111 55 165 87 26 42 95 |41 86 117 84 176 123 69 90 133 18 101 96 172 22 169 36 |190 40 187 39 132 59 145 93 47 28 146 |50 108 114 126 107 11 200 15 24 137 ||23 |72 |156 192 |178 25 |51 173 |92 20 151 |161 98 |197 113 57 |94 181 52 |58 |56 |48 |78 5 |79 |38 |120 13 |81 170 |124 |2 158 188 |136 167 191 |35 |27 21 |33 64 106 |100 68 180 |116 185 |4 37 |175 128 171 |199 89 49 |71 77 |53 |19 |179 7 103 |122 34 135 166 |31 |46 177 193 |198 196 149 30 |12 8 1 |144 67 160 |152 74 139 |154 17 75 |127 184 |61 186 |121 |54 |143 |43 |80 6 |110 |148 65 |
34645.5 386065
32 63 66 85 99 3 45 142 73 |163 159 140 168 88 141 14 129 112 97 102 |182 82 115 105 44 153 9 194 83 131 |138 119 147 155 183 10 130 157 104 |76 109 174 91 111 55 165 87 26 42 95 |41 86 117 84 176 123 69 90 133 18 101 96 172 22 169 36 |190 40 187 39 132 59 145 93 47 28 146 |108 114 126 200 24 137 |189 150 15 107 11 118 29 164 |16 62 70 195 162 50 60 125 134 ||23 |72 |156 192 |178 25 |51 173 |92 143 |161 98 |197 113 57 |94 181 52 |58 144 |56 |48 |67 5 |121 |38 |120 13 |81 170 185 167 27 |124 2 35 |89 152 199 74 |158 188 175 33 |4 37 |17 100 180 |64 106 116 |128 171 |68 |71 77 110 |19 |179 8 1 |103 |75 122 34 166 |135 160 149 30 |31 148 193 |12 46 |177 186 6 |65 154 139 184 |127 |80 198 |7 |191 196 136 |151 |21 61 |43 54 |49 |79 |53 78 |20 |
34790.3 381985
129 14 141 88 150 200 73 |137 189 24 15 107 11 142 |115 39 133 18 132 101 59 96 36 |123 69 90 86 40 187 190 44 169 |109 138 91 174 147 182 155 183 10 130 157 83 131 104 |105 194 9 153 22 172 82 28 134 164 |3 16 62 70 195 50 60 45 118 29 |126 114 108 162 99 85 66 63 146 |125 41 117 76 84 163 32 176 145 93 47 |168 140 159 165 55 111 119 87 26 112 42 97 95 102 ||161 23 |56 20 |156 |92 94 |178 |151 121 |192 52 |113 67 72 173 |51 57 |78 5 |79 181 |197 58 25 |38 |120 13 |81 170 |124 |2 158 188 |136 167 191 |35 |27 21 |33 64 106 |100 68 180 |116 185 |4 37 |175 128 171 |199 89 49 |77 |179 7 103 166 |122 71 |19 |135 |31 |53 |34 |46 177 148 |54 30 193 |154 |6 80 43 |184 75 160 196 149 |186 198 |127 17 |152 65 74 8 1 |12 |139 144 |61 |48 98 |143 |110 
36151.1 381440
172 96 69 84 32 176 145 93 |195 114 126 50 60 125 29 164 |62 70 162 108 107 11 200 45 118 142 73 |14 159 140 168 141 88 150 15 24 189 137 |123 76 163 117 41 63 146 28 47 |138 183 44 190 39 133 18 132 101 59 82 |129 165 55 91 111 119 87 26 112 42 97 95 102 |147 174 109 182 155 10 130 194 9 153 22 169 36 |90 86 187 40 115 105 83 157 131 104 |16 3 99 66 85 134 ||23 |72 |156 192 |178 |154 152 |184 |100 180 |2 56 74 143 |122 51 |64 94 116 6 5 |103 7 148 |139 33 |166 191 25 181 54 |21 81 92 |43 48 61 |161 13 |127 57 |171 135 46 |77 71 78 |53 38 |198 106 |121 113 |19 |144 173 35 |151 30 27 |31 98 |124 75 |49 167 1 |80 12 |197 160 |158 196 136 110 149 |67 179 |186 177 52 |58 8 |20 175 34 |4 37 |128 170 |185 |120 65 |89 |188 193 |199 |68 |17 |79 |
36288.2 380702
32 63 66 85 99 3 45 142 73 |163 159 140 168 88 141 14 129 112 97 102 |182 82 115 105 44 153 9 194 83 131 |138 119 147 155 183 10 130 157 104 |76 109 174 91 111 55 165 87 26 42 95 |41 86 117 84 176 123 69 90 133 18 101 96 172 22 169 36 |190 40 187 39 132 59 145 93 47 28 146 |108 114 126 200 24 137 |189 150 15 107 11 118 29 164 |16 62 70 195 162 50 60 125 134 ||23 |72 |156 192 |178 25 |51 173 |92 20 151 |161 98 |197 113 57 |94 181 52 |58 |56 |48 |78 5 |79 |38 |120 13 |81 170 |124 |2 158 188 |136 167 191 |35 |27 21 |33 64 106 |100 68 180 |116 185 |4 37 |175 128 171 |199 89 49 |71 77 |53 |19 |122 103 |34 166 |135 |31 |179 7 |46 177 148 |54 30 193 |154 |6 80 43 |184 75 160 196 149 |186 198 |127 17 |152 65 74 8 1 |12 |139 144 |61 |121 |143 |67 |110 |
37012.2 380559
172 96 69 84 32 176 145 93 |195 114 126 50 60 125 29 164 |62 70 162 108 107 11 200 45 118 142 73 |14 159 140 168 141 88 150 15 24 189 137 |123 76 163 117 41 63 146 28 47 |138 183 44 190 39 133 18 132 101 59 82 |129 165 55 91 111 119 87 26 112 42 97 95 102 |147 174 109 182 155 10 130 194 9 153 22 169 36 |90 86 187 40 115 105 83 157 131 104 |16 3 99 66 85 134 ||20 |58 143 25 |92 51 |54 52 181 |79 61 5 |57 197 144 113 |43 23 48 |49 98 |178 161 |192 |78 |38 |120 13 |81 170 |124 |2 158 188 |152 167 |35 17 |27 74 |33 64 106 |100 68 180 |116 185 |4 37 |175 128 171 |199 89 1 |71 77 |110 |19 |179 8 |103 |75 122 34 166 |135 160 149 30 |31 148 193 |12 46 |177 186 6 |65 154 139 184 |127 |80 198 |7 |191 196 136 |151 |21 94 |72 67 |56 121 |53 |173 |156 |
37815.9 377046

Time:21
Last Iter:10
Last Update:10
Tabu:0
Last Time21
20
59 69 18 133 197 121 3 129 165 159 147 183 |32 41 176 184 113 39 22 83 102 42 168 114 |189 21 95 53 55 31 90 123 107 195 |167 125 122 45 137 80 104 164 82 44 62 70 |178 180 182 68 43 87 177 186 141 150 11 50 162 29 36 169 190 163 |181 7 100 155 48 138 111 64 108 16 146 47 145 96 101 76 |126 185 171 85 99 152 28 72 139 40 157 109 |24 135 92 2 63 84 144 132 172 25 115 131 112 73 19 |142 118 60 12 124 14 78 119 174 54 9 103 187 37 67 117 93 134 97 |179 86 105 194 153 38 130 10 91 26 116 140 88 46 15 200 33 128 66 ||13 75 1 154 65 |30 160 23 |77 71 94 193 |52 17 |198 |106 81 170 149 |35 127 49 |110 175 51 |148 6 98 5 143 |74 89 192 |158 34 |120 199 |188 196 |8 173 |156 151 27 |136 56 |4 166 |191 57 |58 |20 |61 79 161 |
15105.1 1.15741e+06
144 133 82 125 158 15 97 112 138 91 104 |139 132 40 44 13 58 183 180 174 42 137 24 107 126 41 |20 16 99 47 32 76 18 105 155 109 111 119 87 159 11 142 |45 185 34 192 173 154 146 86 194 157 26 129 |134 29 30 160 48 23 106 14 124 122 28 187 |98 102 164 27 118 33 108 175 188 135 189 88 62 123 96 130 182 |19 116 165 79 10 7 115 153 22 36 131 59 69 90 93 85 60 |162 156 3 56 67 113 169 83 52 38 147 31 95 141 |198 6 148 71 81 150 140 200 51 73 172 39 176 145 9 |50 12 114 195 70 128 66 63 163 117 84 101 190 25 181 61 55 168 46 ||54 193 5 149 |57 151 |64 78 |4 |80 |171 92 170 35 |1 89 |21 77 136 167 |143 8 72 |197 191 196 |110 |179 184 |177 53 94 |75 17 120 |74 152 65 166 |68 |127 103 |43 186 |2 199 121 49 |100 178 161 |37 |
15302.5 1.14774e+06
50 107 71 55 97 29 134 28 90 40 194 |61 182 174 111 78 140 95 131 39 18 |5 42 177 186 77 88 124 137 12 63 59 44 105 86 |46 150 21 168 200 126 114 60 36 82 153 109 76 |151 99 74 47 32 117 84 37 69 187 9 118 |27 45 162 156 195 64 112 160 157 181 103 190 123 176 57 155 |89 199 3 70 72 96 25 133 197 164 102 91 |19 165 26 6 98 138 119 68 7 83 166 169 22 145 41 121 146 125 108 62 |163 93 101 132 115 100 147 161 94 189 141 159 73 142 66 |130 10 183 31 52 104 143 172 113 173 85 16 11 15 24 14 129 87 ||136 170 81 |35 38 23 |128 152 |184 144 58 |185 34 122 2 175 |188 |135 20 |56 92 149 |193 54 178 80 148 |106 53 198 |191 110 33 51 |4 |67 49 120 13 |196 167 171 192 154 |180 |179 |79 |116 43 48 |30 1 139 |158 |127 17 75 |8 65 |
16907.9 1.11173e+06
95 84 97 30 27 167 45 12 108 114 14 10 169 132 101 69 |179 172 82 176 123 32 16 175 24 141 42 112 164 |136 49 121 85 192 34 11 162 87 55 174 130 157 83 194 153 |3 105 62 125 134 74 93 96 115 102 129 88 150 |53 44 78 168 140 71 6 131 36 59 18 4 117 195 |1 200 145 163 89 63 66 2 171 142 73 29 104 138 155 109 159 |76 15 90 133 139 41 35 9 182 79 161 147 198 126 70 |196 118 170 135 107 124 189 |31 52 17 7 40 187 28 146 99 151 |190 60 39 86 103 22 143 13 166 149 148 26 165 119 111 91 178 61 183 47 152 128 50 137 ||110 20 193 |19 116 |173 67 113 |197 58 |185 177 43 |56 |81 46 |33 158 |37 8 75 |160 80 180 23 |122 |77 |68 100 |94 21 106 98 |57 199 120 |191 181 |156 51 |72 65 154 |144 |64 92 5 |54 38 48 |25 127 184 |186 188 |
20352.8 1.06194e+06
35 191 27 171 43 60 3 146 93 163 76 69 101 190 22 115 174 119 165 |10 112 87 78 129 24 118 85 47 176 18 40 117 63 |124 42 137 19 111 182 36 123 90 187 162 114 45 |181 39 133 86 172 28 125 164 95 16 70 195 |99 64 98 138 157 83 153 169 82 145 132 197 29 |11 41 107 135 126 142 134 57 121 62 59 144 105 9 131 104 155 159 140 141 |168 84 150 189 122 151 199 65 37 130 109 91 55 26 102 |1 127 44 7 158 178 80 106 81 88 15 200 108 50 |194 17 13 96 32 196 74 66 73 97 116 186 14 |147 180 183 ||120 5 54 |38 77 |25 8 |21 |94 |6 198 53 |75 152 |46 |161 |160 103 |188 148 |51 |79 61 |89 |177 |52 58 113 |68 143 |149 136 34 110 2 |49 92 |67 |184 72 |193 166 179 |71 |56 |100 31 |139 173 192 |156 175 33 167 |30 185 154 128 |170 12 20 |48 23 |4 |
20876.7 1.0158e+06
75 169 47 72 113 130 178 112 24 16 |109 170 141 137 73 142 60 50 85 146 133 131 95 |159 66 19 88 135 136 62 134 29 123 163 165 102 |84 121 152 74 57 38 104 87 140 114 195 |76 55 27 93 1 36 25 194 115 111 91 168 150 189 14 45 118 126 |179 70 187 190 106 172 96 59 101 69 41 63 99 151 92 64 26 138 157 83 |103 129 40 39 37 32 117 56 125 164 80 81 15 108 |174 110 105 9 153 44 18 86 176 4 3 162 11 200 188 97 42 119 147 155 10 |184 198 183 182 166 22 132 139 90 145 82 |197 28 65 128 107 ||21 78 |154 5 52 |71 186 124 185 196 |122 175 192 |30 193 12 |43 180 61 |173 51 156 |79 |144 13 35 |181 98 6 116 |34 171 2 20 33 |89 |46 |54 7 |167 8 49 |58 |23 |67 127 |17 100 149 |161 31 160 |120 191 |77 53 177 148 |48 94 |143 199 |68 |158 |
20974.2 990639
114 107 200 118 142 102 |88 76 99 146 93 145 47 |195 115 75 96 59 4 152 29 131 129 14 137 150 |140 84 164 149 6 87 45 60 50 162 82 101 132 39 190 40 153 |46 15 12 62 86 104 111 55 159 168 42 |109 85 28 176 172 197 157 138 147 |156 130 126 135 124 81 141 19 186 71 21 106 43 97 134 9 183 187 22 |175 91 70 3 56 32 169 13 166 98 61 10 105 194 83 |26 90 165 77 95 27 36 44 133 123 163 49 41 121 66 125 11 155 174 |16 182 192 154 63 117 69 18 144 191 73 196 108 24 189 177 119 112 ||170 2 |160 181 58 179 |54 180 23 |33 158 171 |78 116 64 30 |25 103 100 48 |113 67 120 184 |20 51 |127 |1 8 57 110 |37 74 |193 143 199 |122 92 |38 79 |72 139 89 35 |167 136 94 |7 80 |53 148 185 |161 |5 52 17 |34 151 |198 31 178 |173 65 128 |188 |68 |
23325.2 891035
91 84 144 86 187 40 17 103 105 194 9 153 |172 115 58 181 112 42 97 95 102 |147 174 109 79 182 155 61 52 |159 99 96 59 139 123 69 90 18 101 132 133 39 190 25 44 22 166 |76 15 34 200 24 189 150 88 141 64 71 14 129 106 116 26 6 98 193 |55 78 177 165 87 54 83 131 |140 137 119 198 111 138 183 100 10 130 38 157 104 |195 11 107 114 20 3 85 66 63 146 28 1 82 169 36 |142 45 118 89 41 117 163 32 176 145 93 47 8 191 |168 74 16 62 70 162 126 108 50 60 125 110 134 73 29 164 ||33 |49 |53 |57 170 |81 77 |128 |154 |149 |197 5 |148 180 |13 |37 27 |127 |68 |167 |23 161 |92 173 |4 113 |135 188 171 |192 56 152 199 |51 156 151 |186 21 |19 |35 120 72 65 |94 |179 7 |2 121 |184 67 |46 |80 48 43 160 |158 122 136 196 185 |178 31 75 143 |124 12 175 30 
26785.1 466748
88 118 112 31 174 147 182 155 183 130 194 9 153 75 143 |109 114 142 137 45 189 124 24 15 200 11 107 126 12 175 108 50 60 125 134 73 29 164 |55 127 76 84 117 41 89 63 28 146 |10 70 162 62 16 3 99 85 66 74 93 139 96 25 |64 141 168 140 159 14 129 106 26 42 97 102 |150 17 176 32 163 49 145 47 |195 87 165 53 91 111 119 138 157 83 95 |123 69 115 105 44 22 131 104 |18 90 40 187 39 190 172 36 |86 133 132 101 59 82 169 ||13 |92 188 |81 |46 |177 180 |23 100 |19 71 |37 |154 |30 103 |161 |57 191 167 5 |170 |8 61 |58 52 148 |54 38 181 149 27 |193 166 110 34 33 |173 20 128 |116 77 98 |198 78 6 |68 79 |144 197 1 |4 113 |135 171 |192 56 152 199 |51 156 151 |186 21 |35 120 72 65 |94 |179 7 |2 121 |184 67 |80 48 43 160 |158 122 136 196 185 |178 
26962.4 460113
23 148 161 100 90 37 76 84 123 69 101 132 96 169 |16 3 85 154 146 82 |99 66 57 63 28 93 47 |59 145 176 32 163 41 134 125 110 167 29 |62 55 137 107 70 195 162 114 126 108 50 33 60 34 118 27 |88 95 14 189 129 159 141 150 81 24 15 200 11 170 45 142 73 164 |18 133 187 190 105 194 181 131 |168 109 97 102 61 10 130 9 153 44 22 172 36 |117 140 165 87 26 42 112 138 119 111 91 174 147 180 182 155 183 157 193 |39 86 40 115 38 83 104 ||166 |149 30 |92 |54 |8 |191 |103 58 |13 |173 20 128 |116 77 177 98 |198 78 6 |68 79 |144 197 1 |4 113 |135 188 171 |192 56 152 199 |51 156 151 |186 21 |19 |35 120 72 65 |94 |179 7 |2 121 |184 67 |46 |80 48 43 160 |158 122 136 196 185 |178 31 75 143 |124 12 175 |127 89 |74 139 25 |64 71 106 |17 49 |53 5 52 
27515.4 459773
200 11 107 114 126 108 50 45 118 |26 87 53 165 129 14 189 142 73 |60 162 195 70 62 16 3 125 29 164 |82 47 145 93 28 146 63 66 99 85 134 |86 159 168 140 141 88 150 15 24 137 |138 147 91 111 119 112 42 97 95 102 |182 10 130 183 83 36 |109 41 163 117 76 84 32 176 123 69 90 18 132 101 59 96 172 169 |115 55 174 155 157 131 104 |133 39 187 40 190 44 105 194 9 153 22 ||156 135 |170 |81 77 |128 192 151 122 |23 178 198 |48 143 160 149 |184 113 5 |148 180 |75 13 7 |158 136 167 173 |154 121 |58 |161 79 |37 72 27 |2 175 124 |127 4 |68 |152 56 |19 |92 |166 193 54 100 |1 89 74 171 |25 179 67 |30 110 34 12 |186 64 177 |196 20 191 35 |199 65 139 |8 61 38 |21 78 80 |17 181 185 |31 52 98 |116 94 71 106 6 |51 188 |46 43 |144 103 |120 57 |197 |33 49 
29339.2 400273
200 11 107 114 126 108 50 45 118 |26 87 53 165 129 14 189 142 73 |60 162 195 70 62 16 3 125 29 164 |82 47 145 93 28 146 63 66 99 85 134 |86 159 168 140 141 88 150 15 24 137 |138 147 91 111 119 112 42 97 95 102 |182 10 130 183 83 36 |109 41 163 117 76 84 32 176 123 69 90 18 132 101 59 96 172 169 |115 55 174 155 157 131 104 |133 39 187 40 190 44 105 194 9 153 22 ||156 135 |57 170 |81 |77 |128 154 |33 |48 5 148 149 |184 113 197 |75 23 180 |120 |79 13 143 |37 72 27 |4 |2 |160 68 |56 152 192 167 |175 158 173 |151 92 |124 |136 |58 7 |161 |166 193 54 100 |1 89 74 171 |25 179 67 |30 110 34 12 |186 64 177 |196 20 191 35 |199 65 139 |8 61 38 |21 78 80 |17 181 185 |31 52 98 |51 188 122 |19 71 94 |46 43 6 |144 103 |121 |127 |178 116 106 |198 |49 
31397.3 394527
60 162 195 70 62 16 3 125 29 164 |82 47 145 93 28 146 63 66 99 85 134 |86 159 168 140 141 88 150 15 24 137 |138 147 91 111 119 112 97 102 |182 10 130 183 83 36 |109 41 163 117 76 84 32 176 123 69 90 18 132 101 59 96 172 169 |115 55 174 155 157 131 104 |133 39 187 40 190 44 105 194 9 153 22 |189 14 129 165 87 26 42 95 |50 108 114 126 107 11 200 45 118 142 73 ||156 135 |170 |81 77 |128 192 151 122 |23 178 198 |48 143 160 149 |184 113 197 5 |148 180 |75 13 7 |158 136 167 173 |154 121 120 |58 |161 79 |37 72 27 |2 175 124 |127 4 |68 |152 56 57 |19 |92 |166 193 54 100 |1 89 74 171 |25 179 67 |30 110 34 12 |186 64 177 |31 |33 |196 20 191 35 |199 65 139 |8 61 38 |21 78 80 |17 181 185 |52 98 |116 94 71 106 6 |51 188 |46 43 |103 |144 |49 |53 
32734.9 385240
60 162 195 70 62 16 3 125 29 164 |82 47 145 93 28 146 63 66 99 85 134 |86 159 168 140 141 88 150 15 24 137 |138 147 91 111 119 112 97 102 |182 10 130 183 83 36 |109 41 163 117 76 84 32 176 123 69 90 18 132 101 59 96 172 169 |115 55 174 155 157 131 104 |133 39 187 40 190 44 105 194 9 153 22 |189 14 129 165 87 26 42 95 |50 108 114 126 107 11 200 45 118 142 73 ||156 135 |57 170 |166 89 |128 |154 56 |31 |2 120 |149 |184 |61 54 148 |23 25 75 |181 17 8 27 |113 139 72 49 30 |180 48 161 5 |33 92 136 35 |116 38 52 |7 |67 196 |106 43 186 |79 68 |192 175 |124 46 77 |81 |127 |53 |58 1 13 |110 34 12 158 171 |74 |64 177 |179 |173 20 191 |199 143 160 |78 167 |21 19 |185 197 |198 193 |80 178 100 |37 4 |71 94 98 6 |188 122 |152 151 |103 |121 65 |144 |51 |
33433.1 375561
60 162 195 70 62 16 3 125 29 164 |82 47 145 93 28 146 63 66 99 85 134 |86 159 168 140 141 88 150 15 24 137 |138 147 91 111 119 112 97 102 |182 10 130 183 83 36 |109 41 163 117 76 84 32 176 123 69 90 18 132 101 59 96 172 169 |115 55 174 155 157 131 104 |133 39 187 40 190 44 105 194 9 153 22 |189 14 129 165 87 26 42 95 |50 108 114 126 107 11 200 45 118 142 73 ||156 135 |57 170 |81 77 |128 192 151 122 |23 178 198 |48 143 160 149 |184 113 197 5 |148 180 |75 13 7 |158 136 173 |154 121 120 74 |58 |79 |37 72 27 |2 175 92 |33 1 |4 |31 54 |166 46 124 |6 89 |127 49 |53 177 |56 |61 68 |181 |193 |30 |34 12 110 |171 |161 |64 35 |179 |186 |191 |67 |20 |199 65 139 |21 52 |17 98 |80 116 185 |106 38 |78 |100 94 |8 144 25 |103 |71 43 |19 |51 188 |167 |196 |152 
33878.9 374447
60 162 195 70 62 16 3 125 29 164 |82 47 145 93 28 146 63 66 99 85 134 |86 159 168 140 141 88 150 15 24 137 |138 147 91 111 119 112 97 102 |182 10 130 183 83 36 |109 41 163 117 76 84 32 176 123 69 90 18 132 101 59 96 172 169 |115 55 174 155 157 131 104 |133 39 187 40 190 44 105 194 9 153 22 |189 14 129 165 87 26 42 95 |50 108 114 126 107 11 200 45 118 142 73 ||151 |156 135 |57 170 |81 77 |128 192 |122 |23 178 198 |143 160 149 |184 113 197 5 |161 |75 13 |136 167 173 |58 54 148 |48 79 180 |27 127 8 |4 72 |68 |152 56 139 |154 121 120 |92 124 |158 175 2 |7 |53 |166 193 186 |1 89 74 171 |25 100 |67 |30 |34 12 |64 177 |110 |179 |196 20 191 35 |199 65 |37 |61 38 |21 78 80 |17 181 185 |31 |116 94 6 106 |51 |19 |46 43 |144 103 |98 |188 |52 |33 |49 |71 
34825.8 373938
60 162 195 70 62 16 3 125 29 164 |82 47 145 93 28 146 63 66 99 85 134 |86 159 168 140 141 88 150 15 24 137 |138 147 91 111 119 112 97 102 |182 10 130 183 83 36 |109 41 163 117 76 84 32 176 123 69 90 18 132 101 59 96 172 169 |115 55 174 155 157 131 104 |133 39 187 40 190 44 105 194 9 153 22 |189 14 129 165 87 26 42 95 |50 108 114 126 107 11 200 45 118 142 73 ||80 75 25 17 143 |48 196 |74 89 122 |64 175 |139 |31 178 |158 |13 |92 188 |81 |46 |177 180 |23 100 |19 71 |37 |154 |30 103 |151 167 193 5 |156 128 27 |34 170 135 160 |166 186 124 149 |171 113 |77 148 54 |67 197 144 1 |38 57 173 |12 136 8 |58 120 |161 79 61 |72 2 |43 53 |110 152 56 192 |98 7 |116 |179 127 |4 |68 |121 |20 191 |35 |199 65 |21 |78 |184 |181 185 |198 52 |51 |94 |106 6 |33 49 |
34870.6 372338
60 162 195 70 62 16 3 125 29 164 |82 47 145 93 28 146 63 66 99 85 134 |86 159 168 140 141 88 150 15 24 137 |138 147 91 111 119 112 97 102 |182 10 130 183 83 36 |109 41 163 117 76 84 32 176 123 69 90 18 132 101 59 96 172 169 |115 55 174 155 157 131 104 |133 39 187 40 190 44 105 194 9 153 22 |189 14 129 165 87 26 42 95 |50 108 114 126 107 11 200 45 118 142 73 ||156 135 |57 170 |166 89 |128 |154 56 |31 |2 120 |149 |184 |61 54 148 |23 25 75 |8 27 122 |67 72 |180 48 161 5 30 |33 92 136 |160 78 6 98 |68 79 |13 197 1 |4 113 |198 77 |81 46 124 |158 |49 |53 177 |192 175 |181 |193 |58 |34 12 110 |171 |74 |64 35 |179 173 191 |186 |20 |127 139 |37 65 |21 52 |17 143 185 |80 116 |106 38 |121 151 |100 94 |7 144 |103 178 |71 43 |19 |51 188 |199 |167 |196 |152 
34961 369345
60 162 195 70 62 16 3 125 29 164 |82 47 145 93 28 146 63 66 99 85 134 |86 159 168 140 141 88 150 15 24 137 |138 147 91 111 119 112 97 102 |182 10 130 183 83 36 |109 41 163 117 76 84 32 176 123 69 90 18 132 101 59 96 172 169 |115 55 174 155 157 131 104 |133 39 187 40 190 44 105 194 9 153 22 |189 14 129 165 87 26 42 95 |50 108 114 126 107 11 200 45 118 142 73 ||80 75 143 |48 196 |74 89 |31 178 |158 149 |64 |23 |198 |188 |160 81 |46 |177 180 |19 148 |37 13 |136 33 |100 |161 |8 |175 |4 |154 |152 30 |57 191 167 |92 170 |103 |61 5 |54 181 139 27 |53 |110 166 193 |171 25 |78 116 77 |6 34 173 |68 79 |144 197 1 |120 128 |135 20 |192 56 199 |51 156 151 |186 |21 52 |58 113 |38 |35 |17 72 |94 185 98 |2 121 65 |184 67 179 |71 122 |7 |43 |127 |106 12 |124 |49 |
35851 367247
60 162 195 70 62 16 3 125 29 164 |82 47 145 93 28 146 63 66 99 85 134 |86 159 168 140 141 88 150 15 24 137 |138 147 91 111 119 112 97 102 |182 10 130 183 83 36 |109 41 163 117 76 84 32 176 123 69 90 18 132 101 59 96 172 169 |115 55 174 155 157 131 104 |133 39 187 40 190 44 105 194 9 153 22 |189 14 129 165 87 26 42 95 |50 108 114 126 107 11 200 45 118 142 73 ||25 |170 |156 |128 |149 |81 |77 |192 122 154 |31 |2 120 |57 |184 |61 54 148 |23 166 |181 17 8 27 |67 139 72 |180 48 161 5 30 |33 92 136 |198 78 6 98 |68 79 |144 75 |13 |173 110 34 |49 |135 52 |116 53 177 |89 |58 |197 |4 113 |1 |64 |12 158 |7 |171 |179 |106 43 |65 |80 |124 186 |74 199 |20 175 |178 |46 21 |37 127 |191 35 |38 |121 |160 143 185 |193 |151 |51 188 |100 94 |103 |56 |19 71 |167 196 |152 |
38660.1 358651

Time:24
Last Iter:10
Last Update:10
Tabu:0
Last Time24
18
139 123 113 190 105 143 134 125 16 81 87 119 138 |137 189 15 88 140 91 104 40 132 117 3 |116 26 78 24 114 108 162 142 73 29 164 172 44 9 115 10 59 176 |166 160 36 82 144 76 103 174 150 |38 48 147 79 161 111 102 94 124 200 11 92 158 195 70 69 133 39 |152 74 57 173 85 2 33 118 185 193 131 194 130 182 43 55 177 42 145 |5 80 23 155 109 7 187 90 96 22 1 146 192 62 60 107 141 168 |66 63 28 47 41 99 175 77 14 165 148 112 95 169 18 153 83 |198 183 157 97 30 135 50 8 32 163 84 101 86 17 |149 45 170 126 154 199 56 93 120 129 186 159 53 68 ||51 188 34 |52 6 110 |89 37 |196 49 72 |25 |12 122 167 |100 180 |65 121 |67 4 127 |35 13 179 197 |58 |184 75 181 54 27 |191 128 151 |20 |61 31 |64 |106 71 21 46 |98 178 |136 |19 |171 156 |
15187.4 1.19389e+06
24 81 140 92 60 126 114 29 95 174 187 176 145 |76 101 133 17 36 47 89 200 88 |196 185 27 191 1 82 32 41 84 40 153 23 107 |79 182 138 42 14 116 137 169 18 28 66 117 62 |147 10 68 115 113 132 59 69 152 108 195 15 141 |70 122 11 135 189 94 87 164 194 105 86 163 |155 178 31 91 148 97 118 134 57 16 156 172 9 157 |22 190 90 49 121 199 74 3 12 188 46 150 64 159 19 165 142 |75 39 179 197 93 63 65 85 125 33 50 162 20 106 168 112 104 131 183 111 |161 109 130 181 83 44 96 123 146 154 99 128 171 136 34 45 73 102 26 119 55 129 ||7 58 103 143 |8 72 67 |2 192 |48 25 |184 98 |71 21 186 |151 158 175 |193 38 180 |120 |124 177 6 |160 54 53 |4 127 |43 78 |56 173 139 |144 |80 61 |100 52 5 35 |167 110 51 |37 13 166 30 |149 170 77 |198 |
15787.1 1.16554e+06
13 191 29 118 85 117 96 190 7 87 |37 144 101 82 1 93 32 163 138 111 182 |156 114 11 24 151 176 123 76 39 172 105 157 |66 49 90 18 194 130 174 119 55 42 95 195 |183 178 109 40 197 127 69 59 84 152 99 20 108 88 159 |162 122 45 200 71 186 97 160 131 83 25 133 47 |142 110 173 74 199 3 126 30 143 115 58 86 155 91 |43 198 112 106 21 81 150 168 140 135 107 60 34 70 121 41 22 187 10 |67 139 132 145 63 57 62 73 149 164 102 80 26 14 64 147 153 9 44 |79 165 78 129 189 137 15 141 5 104 36 169 28 146 89 134 125 50 16 ||128 2 185 92 |8 179 |6 48 |53 23 |166 181 180 |161 |158 12 33 171 136 167 196 |98 38 17 |31 193 |77 116 177 94 |75 54 |188 124 27 |52 61 103 |154 120 192 |68 |184 4 |51 |100 148 |113 |19 46 |35 72 65 56 |170 175 |
16146.4 1.1153e+06
156 40 117 84 76 133 39 187 86 197 90 18 101 132 96 172 169 36 |198 111 91 31 147 61 183 157 83 131 |28 32 59 190 25 44 22 104 193 |134 110 125 45 170 200 135 15 24 124 137 73 |162 189 51 195 175 114 108 50 92 33 60 34 118 142 185 29 |140 115 105 194 130 10 155 182 109 161 174 23 119 138 102 |144 69 139 123 176 145 93 47 1 164 |46 9 42 150 88 141 168 77 186 14 129 165 87 26 112 97 95 |55 153 11 107 20 70 62 151 16 3 99 56 74 89 63 146 |159 126 2 85 66 152 199 65 41 49 163 72 82 191 ||94 |178 |12 |181 75 179 |78 116 98 |154 |188 64 |100 5 |184 166 148 6 |67 113 8 |173 128 |54 43 80 |19 81 |57 158 |79 |37 127 |4 |35 171 192 |53 |167 136 122 |13 17 |106 21 177 |160 52 149 |71 |68 |121 120 143 30 |196 48 180 |103 58 7 38 27 
20831.7 487217
117 163 84 76 69 101 59 30 |196 111 91 147 48 138 42 97 95 102 |55 11 105 58 7 115 40 187 86 133 90 18 132 96 169 |165 87 198 119 112 5 142 45 118 185 73 29 164 |123 176 32 41 89 74 63 28 93 47 82 |125 151 145 39 190 172 36 |71 14 129 26 194 9 153 44 22 |107 68 109 174 182 155 10 130 183 157 83 131 104 |24 60 126 15 140 168 88 141 150 189 137 |195 159 200 114 50 108 162 70 62 16 3 99 85 66 146 134 ||78 |167 122 20 |33 135 77 |27 193 181 |2 139 |46 124 |56 128 171 |53 94 |170 65 |13 1 34 |61 178 |51 92 |67 184 72 |12 175 158 188 |186 |19 |154 37 |4 127 144 |179 |49 110 |6 81 |192 152 |156 |160 52 |79 31 |106 116 64 |199 |35 191 136 |25 103 113 197 |177 80 38 |161 |23 180 100 54 166 |75 |57 173 8 148 |98 43 21 149 |17 |121 120 143 
24946.6 457295
123 69 86 187 40 17 44 22 |159 99 62 16 3 85 66 121 32 176 120 93 145 59 30 |114 91 111 87 26 165 189 137 196 29 164 |70 105 58 115 190 39 133 18 101 132 96 172 169 |108 198 5 134 125 60 45 142 118 185 73 |195 90 76 84 163 117 41 74 63 146 28 47 82 |182 147 138 112 42 97 95 |119 50 200 126 11 24 15 140 168 141 88 150 71 14 129 102 |107 55 68 10 130 194 9 153 36 |162 174 109 155 183 157 83 131 104 ||78 |167 122 20 |33 135 |181 |2 139 |46 124 |128 171 |53 |170 65 |13 1 34 |61 178 |51 92 |67 184 72 |12 175 158 188 |186 |19 |37 |4 127 144 |179 |49 110 |6 81 |156 |160 52 |79 31 |116 64 |154 173 57 151 27 |98 106 94 77 |54 48 23 166 193 |143 7 |89 199 152 56 192 |35 191 136 |25 103 113 197 |177 80 38 |161 |180 100 |75 |8 148 |43 21 149 
25934.3 444845
190 39 86 187 40 115 105 194 9 153 44 22 169 36 |76 159 140 19 168 88 141 189 137 |59 72 56 66 93 47 |170 11 107 126 114 175 162 108 50 60 45 118 142 73 29 |101 84 163 117 41 28 125 134 |195 91 111 147 174 109 182 155 10 130 183 157 83 131 104 |172 96 132 133 18 90 69 123 176 32 145 82 |70 62 16 3 99 85 63 146 |200 15 24 150 129 14 95 164 |138 119 55 165 87 26 112 42 97 102 ||13 191 |1 7 |151 |197 127 |186 |110 152 |43 198 106 21 |184 89 5 |185 149 166 94 |136 122 156 34 |35 199 121 49 173 |148 75 25 160 |139 37 144 |158 71 |46 81 135 |128 20 |54 100 178 31 |38 17 58 |103 179 143 27 |65 74 30 |193 67 8 |77 116 177 80 |57 2 92 33 167 |64 78 6 98 |79 48 23 |53 181 |180 161 |12 171 196 |188 124 |52 61 |154 120 192 |68 |4 |51 |113 
26403.7 403121
60 70 62 16 3 99 66 85 125 134 29 |59 39 190 187 40 115 105 38 131 |174 10 130 157 153 22 169 36 |91 119 129 189 137 164 |111 195 162 50 126 107 11 45 118 142 73 |108 200 15 24 14 26 42 97 95 |150 141 88 140 168 159 165 87 112 102 |147 109 182 155 183 138 |55 90 133 18 101 132 96 172 44 9 194 83 104 |114 86 84 117 76 69 123 176 32 163 41 63 146 28 93 145 47 82 ||116 |178 |65 49 |152 171 167 |56 170 |135 175 |124 71 |173 128 136 8 |54 48 43 80 |196 21 106 |19 81 |57 158 |180 7 58 |68 79 |53 |37 127 67 113 |4 |52 31 |186 |89 121 72 |122 33 35 |25 17 144 120 |148 30 |110 199 |64 198 6 |77 188 |5 94 |92 156 51 |154 197 |103 181 |46 |179 |160 184 27 191 |12 2 1 13 |192 98 |78 185 149 |34 74 139 |61 100 143 |20 151 |177 |75 |166 193 |23 161 
27503.2 399340
60 70 62 16 3 99 66 85 125 134 29 |59 39 190 187 40 115 105 38 131 |174 10 130 157 153 22 169 36 |91 119 129 189 137 164 |111 195 162 50 126 107 11 45 118 142 73 |108 200 15 24 14 26 42 97 95 |150 141 88 140 168 159 165 87 112 102 |147 109 182 155 183 138 |55 90 133 18 101 132 96 172 44 9 194 83 104 |114 86 84 117 76 69 123 176 32 163 41 63 146 28 93 145 47 82 ||116 |178 |65 |180 79 |100 75 143 |188 175 124 |177 198 193 27 |173 57 56 |78 21 |80 196 |19 81 |48 106 |152 49 |68 |53 |37 127 67 113 |171 158 |7 58 |4 |52 31 |186 |89 121 72 |122 33 35 |25 17 144 120 |148 30 |110 199 |64 136 |77 135 |5 94 6 |92 156 51 |154 197 |103 181 |46 |179 |160 184 191 |12 2 1 13 |192 98 |43 185 149 |34 74 139 |61 167 |20 151 128 |71 170 |54 |166 8 |23 161 
28230.3 395623
26 165 87 91 111 119 |105 115 40 187 133 39 96 169 36 |140 117 163 76 90 59 101 190 44 194 9 153 |109 182 155 10 130 157 83 131 104 |60 50 126 107 11 137 189 14 129 42 102 |86 55 159 168 141 88 150 24 15 200 45 142 118 125 134 73 29 164 |70 62 16 3 99 66 146 28 47 |84 114 108 195 162 85 63 93 145 82 |174 147 183 138 112 97 95 |41 32 176 123 69 18 132 172 22 ||154 |13 61 |94 184 |173 144 35 191 |48 178 180 31 193 |71 135 110 196 |92 156 175 |78 177 64 |79 68 |19 46 |171 56 1 8 |51 151 192 |37 74 |170 20 |186 |139 152 89 |161 |181 166 122 |80 53 198 52 160 |149 143 103 38 75 |100 148 |185 33 199 57 |6 98 |21 124 106 30 |136 188 |23 |128 113 |7 |121 120 |167 12 |17 |34 81 |43 |127 5 |65 25 27 |158 |72 2 |49 67 |197 4 |179 58 |116 77 |54 |
32490.8 391633
26 165 87 91 111 119 |105 115 40 187 133 39 96 169 36 |140 117 163 76 90 59 101 190 44 194 9 153 |109 182 155 10 130 157 83 131 104 |60 50 126 107 11 137 189 14 129 42 102 |86 55 159 168 141 88 150 24 15 200 45 142 118 125 134 73 29 164 |70 62 16 3 99 66 146 28 47 |84 114 108 195 162 85 63 93 145 82 |174 147 183 138 112 97 95 |41 32 176 123 69 18 132 172 22 ||178 |13 7 |94 177 21 |173 144 1 27 |121 170 |149 167 124 46 30 |5 33 20 2 34 |158 160 |180 61 100 25 |197 67 72 8 |58 38 54 |198 116 106 |68 79 |151 51 171 110 |48 53 80 |156 128 |179 49 |199 152 139 184 |64 135 185 |31 23 161 |37 74 |148 52 |71 |81 |57 56 65 |113 35 |19 186 |4 |89 98 |43 143 |154 6 |92 |103 |196 193 |136 122 12 |78 |75 191 |175 |181 |166 192 |77 |127 |120 |188 |17 |
32938.9 383648
26 87 168 140 159 129 42 112 97 95 102 |189 141 88 150 15 24 137 73 |147 174 182 10 130 194 9 153 22 36 |14 165 55 119 91 111 138 83 131 104 |44 105 115 155 183 157 |195 69 90 18 133 39 86 187 40 190 132 101 59 96 172 169 |123 76 84 32 176 145 93 47 82 |66 117 163 41 63 28 146 |70 62 16 3 99 85 134 |109 125 60 162 50 108 114 126 107 11 200 45 118 142 29 164 ||71 |89 |46 |186 |154 120 103 35 |191 20 |65 |56 2 167 149 |30 110 185 34 170 |158 124 |106 160 |197 4 |27 8 67 |121 |151 |7 58 38 54 5 |51 74 |156 33 |116 |80 139 184 |31 23 161 61 |37 25 |198 48 |199 152 49 |94 64 177 53 |68 79 180 |100 |144 179 |166 |113 13 1 |81 21 148 6 98 |143 52 17 |188 |19 |196 72 |136 122 12 |193 |127 |78 |43 |181 |75 |92 175 |135 57 |178 |173 192 |128 171 |77 
34105.2 377493
105 115 40 187 133 39 96 169 36 |140 117 163 76 90 59 101 190 44 194 9 153 |109 182 155 10 130 157 83 131 104 |60 50 126 107 11 137 189 14 129 42 102 |86 55 159 168 141 88 150 24 15 200 45 142 118 125 134 29 |70 62 16 3 99 66 146 28 47 |84 114 108 195 162 85 63 93 145 82 |174 147 183 138 112 97 95 |41 32 176 123 69 18 132 172 22 |91 111 119 165 87 26 73 164 ||181 35 57 154 |2 |128 |171 192 74 |8 |20 |103 166 27 |33 113 |5 |52 143 1 |72 197 |46 106 193 |13 122 148 |158 |89 196 |81 |34 71 |198 116 94 |68 79 180 |151 51 |48 53 80 |156 |179 49 |199 152 139 184 |64 177 |31 23 161 61 |37 25 |100 7 58 |75 |21 19 6 |98 |67 |30 185 92 |12 188 |121 |136 |144 191 |135 167 |178 |186 78 |56 110 |77 149 |65 120 |4 127 |43 |173 17 |38 54 |170 124 |175 |160 |
35620.8 376286
84 76 90 69 123 145 93 47 |86 40 39 190 44 22 |66 63 28 146 134 125 29 102 |11 107 200 15 24 137 189 14 129 42 97 95 |195 150 141 140 168 159 55 165 87 26 112 |88 41 85 99 3 16 62 162 114 126 108 50 60 45 118 142 73 |70 138 119 111 91 147 174 109 182 155 10 130 183 157 |117 163 32 176 9 153 83 131 104 |194 115 105 82 164 |187 133 18 132 101 59 96 172 169 36 ||149 148 |199 |128 |7 |74 |8 |144 65 |177 27 |171 |71 |179 197 |110 |94 124 |13 |1 |193 |106 100 52 |17 58 181 |68 |75 23 |184 139 120 |37 67 |116 136 34 |51 170 135 |6 43 53 78 |21 46 |31 |151 20 175 |152 |156 |180 |127 49 |79 61 98 5 |12 154 166 |188 160 35 |113 54 80 |48 196 |19 186 |57 158 122 |4 72 |89 33 |25 |143 30 185 |161 |198 191 |167 |2 |56 192 |77 81 |178 103 |64 |92 38 |173 |121 |
37686.6 372887
107 11 200 45 118 142 29 164 |99 3 162 114 126 108 50 60 125 134 |62 26 87 168 140 159 129 42 112 97 95 102 |189 141 88 150 15 24 137 73 |70 147 174 109 182 10 130 194 9 153 22 36 |16 14 165 55 119 91 111 138 83 131 104 |44 105 115 155 183 157 |195 40 187 86 190 39 133 90 69 18 132 101 59 96 172 169 |123 76 84 32 176 145 93 47 82 |85 66 117 163 41 63 28 146 ||124 46 186 |158 170 |173 199 72 75 |151 |67 197 139 |116 92 |27 |178 |152 |94 177 |144 143 |179 |5 |1 |71 64 |136 128 171 34 |65 121 8 |20 |12 |148 135 |175 |23 48 |19 |52 58 |37 |120 |181 |122 |98 53 78 160 |149 184 103 |100 38 |33 35 |57 49 |79 |81 |154 |185 74 |4 |106 30 80 |7 54 |17 |110 167 51 |113 13 166 |21 196 193 |156 191 |31 161 180 |6 43 25 |188 |198 |2 |56 192 |77 |127 |68 |89 |61 |
40770.7 372357
107 11 200 45 118 142 29 164 |99 3 162 114 126 108 50 60 125 134 |62 26 87 168 140 159 129 42 112 97 95 102 |189 141 88 150 15 24 137 73 |70 147 174 109 182 10 130 194 9 153 22 36 |16 14 165 55 119 91 111 138 83 131 104 |44 105 115 155 183 157 |195 40 187 86 190 39 133 90 69 18 132 101 59 96 172 169 |123 76 84 32 176 145 93 47 82 |85 66 117 163 41 63 28 146 ||52 |25 |33 |1 35 21 |53 |143 100 |124 75 |198 27 |175 188 |56 72 |177 78 |178 |89 |8 |61 148 6 98 |128 199 65 |139 197 13 |186 |64 170 |158 |92 |67 |156 |94 19 |166 103 181 |20 |151 |144 |179 58 |122 191 |192 |46 81 135 |120 121 |31 |152 |154 |185 74 |4 |106 30 80 |7 54 |17 |110 167 51 171 |173 116 5 |12 |127 |49 |79 |113 |160 |193 |38 77 |34 57 136 149 |184 37 |2 196 |68 180 48 |43 |161 |71 |23 
42268.7 372176
109 162 114 200 107 11 126 108 50 60 125 118 142 29 164 |26 87 168 140 159 129 42 112 97 95 102 |189 141 88 150 15 24 137 73 |147 174 182 10 130 194 9 153 22 36 |14 165 55 119 91 111 138 83 131 104 |44 105 115 155 183 157 |195 69 90 18 133 39 86 187 40 190 132 101 59 96 172 169 |123 76 84 32 176 145 93 47 82 |66 117 163 41 63 28 146 |45 70 62 16 3 99 85 134 ||124 46 186 |158 170 |173 199 72 75 |151 |67 197 139 |116 92 |27 |178 |152 |94 177 |144 143 |179 |5 |1 71 149 30 |121 65 160 35 |135 154 191 |7 58 38 54 193 |51 74 |156 33 2 |49 89 120 167 |103 110 185 |37 17 |20 56 |175 171 136 34 |122 106 |80 53 78 |100 181 8 |184 |23 |48 |57 12 |79 |4 |113 13 166 |81 21 148 6 98 |52 43 |188 |19 |196 |64 |25 180 |198 |31 161 |128 |77 |127 |192 |68 |61 |
45968.7 371890
107 11 200 45 118 142 29 164 |99 3 162 114 126 108 50 60 125 134 |62 26 87 168 140 159 129 42 112 97 95 102 |189 141 88 150 15 24 137 73 |70 147 174 109 182 10 130 194 9 153 22 36 |16 14 165 55 119 91 111 138 83 131 104 |44 105 115 155 183 157 |195 40 187 86 190 39 133 90 69 18 132 101 59 96 172 169 |123 76 84 32 176 145 93 47 82 |85 66 117 163 41 63 28 146 ||52 |116 53 |33 |21 |180 79 |100 75 143 |188 175 124 |177 198 193 27 |173 57 56 |78 |158 |8 |61 148 6 98 35 |25 1 13 |186 |178 |128 199 65 72 |139 197 103 181 |89 |64 170 |92 |67 |156 122 |94 19 |20 192 |166 |151 |144 |120 |179 58 |31 191 |121 152 |46 81 135 |154 |185 74 |4 |106 30 80 |7 54 |17 |110 167 51 171 |5 |12 |127 |49 |113 |43 160 |38 77 |34 136 149 |37 184 |2 196 |68 48 |161 |71 |23 
48038.4 370242

Time:18
Last Iter:10
Last Update:10
Tabu:0
Last Time18
19
175 124 189 71 165 97 102 157 183 39 59 28 63 85 134 117 |34 136 192 16 156 114 88 159 26 153 105 82 32 |129 42 6 53 111 23 79 182 164 29 126 195 168 |4 76 123 197 187 9 194 95 112 200 ||35 36 22 172 96 18 133 86 163 56 20 15 137 140 119 10 109 |178 147 48 43 55 46 11 108 50 60 2 3 132 37 |104 131 143 181 115 90 173 66 99 62 162 158 12 125 24 14 87 78 |174 177 116 186 141 150 185 110 70 47 145 69 101 190 83 |84 40 38 130 100 161 21 107 188 142 41 |44 169 73 196 118 45 94 138 91 180 155 61 179 176 93 146 57 89 49 ||7 54 148 |65 |77 198 |13 8 25 |58 |67 |17 127 |5 98 135 30 193 |75 1 120 72 74 |199 144 |154 128 121 |167 33 171 51 |139 184 113 103 |19 64 27 |122 151 |152 |52 160 166 149 191 |80 106 170 |68 |92 81 |31 |
15260.3 1.15937e+06
63 57 199 16 162 60 118 107 159 111 9 36 190 133 |101 120 28 146 66 82 102 97 112 141 24 15 |46 88 168 21 116 55 98 147 105 59 70 108 126 11 200 ||68 31 138 198 165 14 137 140 62 99 117 69 39 |166 164 87 43 155 79 109 7 123 163 76 |174 161 91 38 52 191 134 125 45 3 150 |176 49 85 2 20 136 142 29 193 148 42 106 129 189 119 83 22 44 172 132 86 40 |96 139 184 18 187 115 183 169 27 149 73 196 95 26 78 19 124 152 |128 50 158 114 93 32 41 84 103 181 54 131 |72 145 47 173 110 34 195 121 90 153 194 157 104 130 10 182 180 178 ||6 61 100 |170 92 135 64 |179 113 |94 188 |48 |127 4 |25 1 30 |33 12 |186 77 |175 156 |67 5 |177 53 |197 144 75 35 |185 167 8 65 |23 |151 192 171 122 |71 |89 37 |81 160 143 |13 17 58 |74 154 56 |51 |80 |
15455 1.10309e+06
85 195 45 |114 86 107 32 84 123 18 194 83 155 182 147 109 111 55 |162 108 168 177 36 39 69 176 66 |50 140 158 170 118 29 164 131 157 183 10 115 190 47 146 41 189 141 |65 87 99 3 70 33 175 24 150 129 165 119 130 22 82 134 |192 15 151 152 63 154 93 145 96 75 143 169 191 73 149 117 90 133 187 |137 105 88 92 136 110 185 173 163 59 101 172 44 166 52 102 95 174 |19 16 159 78 26 80 138 31 54 9 103 197 28 125 11 104 |53 60 91 23 112 6 97 160 153 7 40 76 2 62 126 77 14 |142 171 156 56 121 89 132 193 42 94 71 21 200 135 ||1 74 148 |144 196 |61 180 79 48 |198 64 |68 13 35 |5 12 |188 34 |25 58 |57 199 120 139 |184 4 |98 179 |178 |81 |8 49 |30 124 |128 |67 127 |161 100 |46 116 |27 113 17 |181 38 43 |37 72 |167 122 51 20 |106 186 |
19151.9 1.02008e+06
4 122 143 44 105 130 10 100 111 119 87 150 81 189 |174 141 85 192 99 117 163 32 41 89 63 66 173 146 |157 147 182 155 183 61 138 80 112 |109 88 3 16 62 70 195 20 162 108 50 60 125 110 134 |158 175 114 126 107 11 92 45 |86 91 46 137 104 131 22 172 47 82 169 36 |76 90 96 159 19 140 168 106 129 14 97 95 |153 9 194 83 43 165 116 26 42 102 |115 55 84 176 123 69 40 187 190 39 133 18 101 132 59 145 93 28 135 200 73 |15 24 124 142 118 29 164 ||186 |56 49 75 |197 103 17 |181 48 178 6 |171 74 72 |5 30 198 53 27 |113 184 37 35 |170 151 |177 78 21 |161 |67 |144 179 120 8 |166 1 199 |180 23 54 193 |191 34 12 |71 77 64 |128 |68 |98 2 167 |57 154 65 196 |51 156 136 |7 25 |121 |127 |79 38 52 160 |13 148 94 |33 152 |139 58 |31 |185 |188 149 
23684.3 518656
160 120 57 199 56 |119 111 91 174 147 183 138 157 83 131 104 |40 155 130 187 86 90 18 101 69 123 59 145 93 47 82 |10 176 76 84 117 163 32 41 63 146 134 |137 46 24 15 200 60 125 29 |50 108 114 126 107 11 45 118 142 73 |109 162 195 70 62 16 3 99 85 66 28 |189 141 140 168 159 14 129 42 102 |153 9 194 105 58 115 190 39 133 132 96 172 44 22 169 36 164 |182 150 88 55 165 87 26 112 97 95 ||74 98 |68 |166 43 198 116 |161 38 52 |49 2 136 191 |139 184 27 149 196 |128 158 20 |110 34 |61 100 180 54 |170 92 135 64 |179 113 103 181 |188 124 |48 178 193 148 |127 4 |152 |21 |19 |79 31 |7 |25 1 30 |33 12 |186 77 |156 |67 5 |177 53 |185 51 154 173 |121 72 89 8 |6 106 94 78 |175 151 |197 144 75 35 |167 65 |23 |192 171 122 |71 |37 |81 143 13 |80 17 
26597.6 421097
196 34 135 200 15 24 189 137 73 |168 140 159 53 165 102 |79 150 109 161 174 91 111 119 87 26 112 |124 88 141 77 186 14 129 42 97 95 |183 195 70 62 16 3 99 85 66 41 63 146 28 47 |55 32 163 117 76 84 69 123 176 145 93 82 |86 90 18 101 132 59 96 172 169 36 |105 115 40 187 133 39 190 44 22 |138 147 182 155 10 130 194 9 153 83 157 131 104 |11 107 126 114 108 162 50 60 45 142 118 125 134 29 164 ||1 38 |144 |52 25 |46 |68 |103 80 |152 191 |148 192 |20 110 |30 149 35 166 54 |75 139 160 193 |21 33 |7 179 113 |43 116 71 |65 67 |177 |37 127 197 |199 74 |4 |12 92 136 2 27 |98 100 |120 49 56 |13 |156 171 122 |198 |184 |17 5 |185 51 154 173 |121 72 89 8 |6 106 94 78 |175 151 128 |61 180 31 23 143 |167 158 170 |178 |58 48 |57 |81 188 |64 19 |181 
27432.5 402911
88 141 189 137 |15 165 138 157 83 131 104 102 |159 108 24 60 50 162 114 126 107 11 45 118 142 73 |140 168 125 134 29 164 |150 109 174 182 130 10 155 147 91 111 119 87 26 112 |200 14 129 42 97 95 |183 195 70 62 16 3 99 85 66 41 63 146 28 47 |55 32 163 117 76 84 69 123 176 145 93 82 |86 90 18 101 132 59 96 172 169 36 |153 9 194 105 115 40 187 133 39 190 44 22 ||116 |17 |144 |21 |154 |161 38 52 |49 2 136 191 |139 184 27 149 196 |128 158 20 |72 173 110 34 |6 61 100 180 54 |170 92 135 64 |179 113 103 181 |188 124 193 |77 78 94 148 |23 48 178 |127 4 |121 152 |19 106 |25 1 30 |33 12 |186 |175 156 |67 5 |177 53 |79 68 |74 51 |98 46 122 185 |80 35 166 75 160 |167 192 65 199 |7 197 13 |58 120 8 |57 71 |81 143 |43 198 31 |37 89 |56 171 |151 |
30189.8 398920
190 187 40 105 22 169 36 |58 39 133 18 101 132 59 96 172 13 |69 90 86 115 44 |123 176 63 66 85 125 134 164 |41 117 163 32 145 93 28 47 82 |109 84 50 114 195 70 62 16 3 99 146 |174 150 162 15 24 200 107 11 126 108 60 45 118 142 73 29 |76 183 137 189 141 88 140 168 159 129 14 97 95 |119 91 111 55 165 87 26 42 112 102 |153 9 194 130 10 182 155 147 138 157 83 131 104 ||94 |17 120 |46 21 116 98 |68 |166 43 198 |161 38 52 |49 2 136 191 |139 184 27 149 196 |128 158 20 |72 173 110 |51 154 |80 |81 |179 |77 193 6 |197 185 |74 34 170 |57 65 54 |31 61 100 |180 103 |135 64 |113 127 |4 |12 92 |25 1 30 |33 124 106 |186 78 |175 156 |67 5 |177 53 |121 152 |181 48 79 |19 |178 23 |7 |144 75 35 |188 167 |8 148 |151 192 171 122 |71 |89 37 |56 |143 |160 |199 
30682.4 384315
119 111 91 174 147 138 |40 187 86 90 18 101 69 123 59 145 93 47 82 |176 76 84 117 163 32 41 63 146 134 |137 24 15 200 60 125 29 |50 108 114 126 107 11 45 118 142 73 |162 195 70 62 16 3 99 85 66 28 |189 141 140 168 159 14 129 42 102 |153 9 194 105 115 190 39 133 132 96 172 44 22 169 36 164 |150 88 55 165 87 26 112 97 95 |109 182 155 10 130 183 157 83 131 104 ||74 1 |103 34 |53 13 |136 77 94 |49 |152 191 |148 192 |20 2 |30 149 35 166 54 |75 139 160 193 |161 80 |198 |7 179 113 184 |43 98 71 |65 67 |156 |37 197 |100 25 38 |199 |144 17 |124 46 188 |4 |61 79 52 |151 185 |27 120 143 |68 |135 170 |72 |21 |33 12 |122 51 154 173 |121 5 |6 106 116 81 |110 196 175 |181 180 31 23 |89 8 |167 158 128 |92 64 |57 127 |177 48 |178 |171 |78 |19 |186 |58 |56 |
31160.9 383446
138 147 182 155 10 130 194 9 153 83 131 104 |190 187 40 105 22 169 36 |157 58 39 133 18 101 132 59 96 172 13 |69 90 86 115 44 |123 176 63 66 85 125 134 164 |41 117 163 32 145 93 28 47 82 |109 84 50 114 195 70 62 16 3 99 146 |174 150 162 15 24 200 107 11 126 108 60 45 118 142 73 29 |76 183 137 189 141 88 140 168 159 129 14 97 95 |119 91 111 55 165 87 26 42 112 102 ||94 |17 120 |46 21 116 98 |68 |166 43 198 |161 38 52 |49 2 136 191 |139 184 27 149 196 |128 158 20 |72 173 110 |51 154 |80 |81 |179 |77 193 6 |185 |74 34 170 |57 65 54 |31 61 100 |180 103 |135 64 |113 127 |4 |12 92 |25 1 30 |33 124 106 |186 78 |175 156 |67 5 |177 53 |121 152 |181 48 79 |19 |178 23 |7 |197 144 75 35 |188 167 |8 148 |151 192 171 122 |71 |89 37 |56 |143 |160 |199 
31836.5 379956
123 176 63 66 85 125 134 164 |41 117 163 32 145 93 28 47 82 |50 114 195 70 62 16 3 99 146 |150 162 15 24 200 107 11 126 108 60 45 118 142 73 29 |137 189 141 88 140 168 159 129 14 97 95 |119 55 165 87 26 42 112 102 |153 9 194 130 182 155 147 138 |111 91 174 109 10 183 157 83 131 104 |69 84 76 90 18 101 59 96 172 169 36 |105 115 40 187 86 133 132 39 190 44 22 ||53 |135 |1 25 |120 |74 |27 166 167 136 |175 191 |68 80 |43 38 52 |56 13 35 |110 34 46 |61 100 58 75 |170 92 57 |179 113 103 181 |188 124 64 |48 178 193 148 |127 4 |152 128 192 |21 54 |19 98 |79 31 |7 144 |37 49 |158 20 |30 |33 12 |186 77 |156 |67 5 |177 |17 |185 51 154 173 |121 72 89 8 |6 106 94 78 |2 |139 |149 180 |143 |122 |171 |198 |197 |151 65 |161 23 |199 |184 |196 116 |71 81 |160 
32560.3 372714
123 176 63 66 85 125 134 164 |41 117 163 32 145 93 28 47 82 |50 114 195 70 62 16 3 99 146 |150 162 15 24 200 107 11 126 108 60 45 118 142 73 29 |137 189 141 88 140 168 159 129 14 97 95 |119 55 165 87 26 42 112 102 |153 9 194 130 182 155 147 138 |111 91 174 109 10 183 157 83 131 104 |69 84 76 90 18 101 59 96 172 169 36 |105 115 40 187 86 133 132 39 190 44 22 ||53 |135 |1 25 |120 |74 |68 166 |103 |38 52 43 |49 2 136 191 |139 184 27 149 35 |110 34 116 |61 |58 |179 57 |37 113 |181 |92 128 65 |124 64 |48 178 193 148 |127 4 |21 54 |19 |79 100 |7 |188 170 |20 192 |152 |160 30 |33 |186 77 |156 |67 5 |177 198 |171 185 |56 |17 |51 122 173 |121 |89 8 154 |72 6 |175 151 |78 106 94 |197 144 75 |167 158 |23 161 98 |180 |71 |31 |12 |81 143 13 |199 196 |46 80 
32979.6 366378
39 133 86 190 187 40 115 105 44 22 |123 176 63 66 85 125 134 164 |41 117 163 32 145 93 28 47 82 |50 114 195 70 62 16 3 99 146 |150 162 15 24 200 107 11 126 108 60 45 118 142 73 29 |137 189 141 88 140 168 159 129 14 97 95 |119 55 165 87 26 42 112 102 |153 9 194 130 182 155 147 138 |111 91 174 109 10 183 157 83 131 104 |69 84 76 90 18 132 101 59 96 172 169 36 ||31 |79 100 |144 166 |51 154 |80 98 17 |21 |81 |179 |161 38 52 |49 2 191 |139 184 27 |68 54 |149 35 193 |58 |71 |77 |148 110 122 171 |113 56 173 |43 48 |53 |178 |199 89 152 |197 25 |124 188 |181 |4 |180 |72 160 |151 185 |8 120 143 6 |78 64 |103 |37 |127 30 |33 12 |186 116 |175 156 |67 5 |177 |158 170 167 |1 13 |57 121 |34 |94 |61 |106 75 |198 23 |128 65 192 |92 135 46 |19 |20 136 |7 |74 |196 |
34877.5 366322
123 176 63 66 85 125 134 164 |41 117 163 32 145 93 28 47 82 |50 114 195 70 62 16 3 99 146 |150 162 15 24 200 107 11 126 108 60 45 118 142 73 29 |137 189 141 88 140 168 159 129 14 97 95 |119 55 165 87 26 42 112 102 |153 9 194 130 182 155 147 138 |111 91 174 109 10 183 157 83 131 104 |69 84 76 90 18 101 59 96 172 169 36 |105 115 40 187 86 133 132 39 190 44 22 ||64 94 116 |48 180 178 |127 37 184 |78 198 |31 23 80 |152 121 72 113 |61 58 13 |100 38 181 1 |75 2 193 |21 33 |7 179 |192 |71 53 |43 54 |89 |122 51 |35 |199 74 |77 |20 |197 144 17 |124 46 188 |4 |166 79 52 160 |151 185 |8 120 143 6 |68 |56 |25 |30 |12 |186 |175 156 |67 5 |177 |158 170 167 |98 148 |57 154 |34 |161 |139 |128 |65 |19 |173 149 |106 |81 |49 |103 |171 |135 |27 |110 191 |196 |136 |92 |
35760.9 362743
123 176 63 66 85 125 134 164 |41 117 163 32 145 93 28 47 82 |50 114 195 70 62 16 3 99 146 |150 162 15 24 200 107 11 126 108 60 45 118 142 73 29 |137 189 141 88 140 168 159 129 14 97 95 |119 55 165 87 26 42 112 102 |153 9 194 130 182 155 147 138 |111 91 174 109 10 183 157 83 131 104 |69 84 76 90 18 101 59 96 172 169 36 |105 115 40 187 86 133 132 39 190 44 22 ||53 |135 |56 |180 17 |13 |103 |184 |49 |80 38 |113 |152 72 |68 |54 136 27 |148 192 191 |20 128 |149 35 |75 |7 193 |64 71 |179 |51 94 |58 61 |199 121 89 |127 37 |116 48 |78 77 |23 31 181 |110 122 171 |43 198 |197 144 |124 46 188 |81 |4 |79 52 160 |151 185 |8 120 143 6 |139 |21 |25 1 30 |33 12 |186 |175 156 |67 5 |177 |158 170 167 |98 2 |57 154 |34 |161 |74 |106 |166 65 |92 173 |19 |100 |196 |178 
37704.3 362103
123 176 63 66 85 125 134 164 |41 117 163 32 145 93 28 47 82 |50 114 195 70 62 16 3 99 146 |150 162 15 24 200 107 11 126 108 60 45 118 142 73 29 |137 189 141 88 140 168 159 129 14 97 95 |119 55 165 87 26 42 112 102 |153 9 194 130 182 155 147 138 |111 91 174 109 10 183 157 83 131 104 |69 84 76 90 18 101 59 96 172 169 36 |105 115 40 187 86 133 132 39 190 44 22 ||53 |135 |56 |180 17 |13 |103 |184 |49 |80 38 |113 |152 72 |68 |54 136 27 |148 192 191 |20 128 |149 35 |75 |7 193 |64 71 |179 |67 160 |198 78 |58 61 |121 2 |197 |199 |98 65 |124 77 94 |4 |151 |46 188 |100 |1 |79 |120 |6 170 |139 |52 166 185 |21 |34 |30 25 |74 51 |33 |175 156 |12 5 |122 81 |177 |154 |173 144 |106 |116 |110 |181 31 |23 |57 89 8 167 |158 |37 |127 |48 |161 |178 |171 |19 |143 |43 |196 |92 186 
37820.8 361873
123 176 63 66 85 125 134 164 |41 117 163 32 145 93 28 47 82 |50 114 195 70 62 16 3 99 146 |150 162 15 24 200 107 11 126 108 60 45 118 142 73 29 |137 189 141 88 140 168 159 129 14 97 95 |119 55 165 87 26 42 112 102 |153 9 194 130 182 155 147 138 |111 91 174 109 10 183 157 83 131 104 |69 84 76 90 18 101 59 96 172 169 36 |105 115 40 187 86 133 132 39 190 44 22 ||53 |135 |56 |180 |103 184 |49 |122 75 |27 |192 |80 |152 72 |68 |173 149 35 |31 100 |191 13 148 |61 94 |7 179 |43 198 54 |71 64 |193 51 |89 121 |37 |38 |199 74 160 |197 144 17 |124 46 188 |77 98 |4 |20 |156 |170 |79 52 |151 185 |8 |143 6 |21 |139 113 |25 127 166 |33 12 |186 |175 30 |67 5 |177 |158 167 |120 58 |57 154 |34 |161 |23 |128 |65 |19 |2 |106 48 |81 |1 |178 |171 |116 |78 |110 181 |196 |136 |92 |
38326.2 361125
123 176 63 66 85 125 134 164 |41 117 163 32 145 93 28 47 82 |50 114 195 70 62 16 3 99 146 |150 162 15 24 200 107 11 126 108 60 45 118 142 73 29 |137 189 141 88 140 168 159 129 14 97 95 |119 55 165 87 26 42 112 102 |153 9 194 130 182 155 147 138 |111 91 174 109 10 183 157 83 131 104 |69 84 76 90 18 101 59 96 172 169 36 |105 115 40 187 86 133 132 39 190 44 22 ||13 |64 94 116 |48 180 178 |127 37 184 |78 198 |31 |80 113 |121 72 |61 58 |100 38 181 1 |75 148 193 |21 33 |7 179 |192 173 152 |71 53 |43 54 |89 |122 51 |35 |199 74 |77 |81 |197 144 17 |124 46 188 |4 |20 |166 79 52 160 |151 185 |8 120 143 |6 |56 |68 |25 |30 |12 |186 |175 156 |5 |177 |158 167 |98 170 |57 154 |34 |161 |139 67 |23 |128 |19 |2 149 |106 |65 |49 |103 |171 |135 |27 |110 191 |196 |136 |92 |
38613.2 360608
123 176 63 66 85 125 134 164 |41 117 163 32 145 93 28 47 82 |50 114 195 70 62 16 3 99 146 |150 162 15 24 200 107 11 126 108 60 45 118 142 73 29 |137 189 141 88 140 168 159 129 14 97 95 |119 55 165 87 26 42 112 102 |153 9 194 130 182 155 147 138 |111 91 174 109 10 183 157 83 131 104 |69 84 76 90 18 101 59 96 172 169 36 |105 115 40 187 86 133 132 39 190 44 22 ||53 |135 |56 |17 |184 |80 |38 |49 |25 27 |68 |103 |152 191 |148 192 |20 |110 128 149 35 |61 75 |179 13 |7 |54 71 193 |113 67 |198 78 |199 72 |74 33 |156 2 |4 |170 98 94 |65 136 |121 |77 46 |100 |188 |197 |1 30 5 |185 160 8 143 |21 6 |120 151 |139 |124 52 |37 |186 |175 122 12 |180 166 |177 |79 |158 167 |51 |43 |57 154 |34 |161 |23 |31 |58 |19 |89 |106 48 |81 |127 |178 |171 |116 |64 |173 181 |196 |144 |92 |
39258.6 360278

Time:23
Last Iter:10
Last Update:10
Tabu:0
Last Time23
16
112 26 55 174 182 10 194 169 190 76 41 3 108 142 |24 81 137 188 151 66 163 69 96 82 22 87 168 |134 196 170 33 62 152 117 67 102 95 97 183 141 150 |4 101 39 187 179 105 155 138 129 50 85 |30 191 47 59 18 197 40 153 100 147 119 19 140 107 11 162 16 125 |131 44 58 123 145 93 63 192 128 60 92 126 175 195 45 29 21 88 165 |156 56 28 120 32 49 90 172 143 166 73 42 |25 17 75 104 27 1 173 2 122 114 189 14 106 43 111 109 133 |132 86 84 36 164 149 200 77 70 83 157 9 |91 48 161 130 115 144 176 146 99 20 118 15 46 71 159 ||12 158 34 5 160 |124 57 |139 72 74 185 |103 |53 |79 181 54 |35 136 89 |80 198 |184 127 |68 |177 78 |193 52 180 6 |8 154 113 |94 64 186 |171 51 |199 121 |7 |13 38 61 31 |110 135 98 |65 37 |167 148 116 |178 23 |
15292.3 1.15376e+06
170 45 73 112 9 40 123 84 163 93 99 195 |192 128 74 121 136 60 141 |91 168 19 15 126 108 85 164 172 190 86 115 |8 1 134 50 199 41 157 147 87 |26 165 177 53 198 42 102 186 140 11 28 59 39 117 |109 161 138 38 104 22 75 96 132 18 133 179 90 37 76 66 125 142 162 24 |200 188 46 88 77 21 71 94 148 43 31 178 130 58 69 176 82 146 63 118 62 70 |193 131 13 36 44 54 10 174 111 119 6 129 14 159 55 107 16 3 47 |67 144 187 7 83 160 61 72 32 33 114 137 189 150 |64 124 158 65 145 101 4 103 105 194 153 169 29 95 97 183 155 182 ||120 5 |23 |51 20 |68 |49 |81 |80 48 100 |113 |12 |116 78 149 |110 154 56 |52 98 106 27 |57 89 152 |156 151 |191 173 185 196 |17 25 166 |184 197 127 139 |135 92 175 122 34 167 |2 171 30 35 143 |181 180 79 |
15807.5 1.14553e+06
170 92 12 108 195 56 152 65 123 190 187 131 164 134 142 24 165 138 183 |91 119 48 104 44 105 144 146 29 73 162 |46 102 149 169 25 58 7 86 197 32 49 28 47 66 3 |62 16 99 63 176 101 18 96 153 127 155 141 88 126 |116 55 168 150 15 124 200 34 185 196 8 139 163 22 157 |151 158 50 135 188 19 177 182 83 115 40 172 59 82 41 |128 74 145 69 4 52 100 147 174 112 42 26 95 159 140 |39 133 84 72 199 70 122 11 107 137 129 148 43 10 130 194 9 |93 90 110 60 114 21 97 80 111 |193 5 36 1 85 121 117 76 184 132 179 109 87 14 189 45 118 125 ||113 67 154 |30 160 166 38 61 |167 71 77 |54 23 180 |181 103 |191 13 75 17 |57 192 171 33 |186 |37 |94 106 64 |20 |81 175 |98 53 |173 2 89 120 |31 |156 |198 6 27 35 143 |136 51 |78 |178 161 79 |68 |
15831.6 1.12012e+06
29 149 185 166 153 86 84 163 93 |82 191 35 97 157 194 58 190 176 41 63 142 45 |68 109 83 9 25 28 146 95 55 140 141 107 114 |13 143 172 145 74 85 99 152 134 125 131 112 14 183 |51 156 62 192 65 89 47 36 102 129 168 24 11 60 69 76 105 |150 165 198 147 178 130 181 104 27 73 118 108 3 32 |88 124 137 170 92 12 20 70 167 57 199 101 133 39 187 |4 127 37 90 59 75 52 164 33 64 42 119 111 91 174 |182 10 161 43 26 159 15 126 175 195 16 56 154 117 123 132 96 22 169 |138 61 155 38 115 17 40 18 44 87 189 200 50 158 162 171 151 66 ||113 8 148 |94 71 78 |121 184 193 |34 2 |179 |23 100 80 |110 77 |116 53 186 |188 128 |5 1 72 144 |7 |180 48 54 103 |30 21 81 |67 197 139 120 |160 98 177 196 |173 |136 122 135 46 |6 19 |31 79 |49 |106 |
15968.7 1.0631e+06
29 149 185 166 153 86 84 163 93 |82 98 196 97 157 194 58 115 190 176 41 63 142 45 |68 109 83 9 122 28 146 95 55 140 141 200 107 114 50 |13 143 172 145 |85 99 136 134 125 131 112 14 87 183 |51 156 62 6 65 89 47 36 102 129 168 24 11 60 69 76 40 105 |150 165 198 147 46 130 49 104 27 73 118 108 162 3 32 |88 66 124 137 170 92 12 20 70 167 57 199 101 18 133 39 187 44 |4 138 127 37 90 59 75 52 164 33 64 42 119 111 91 174 155 |182 189 10 161 43 26 159 15 126 175 195 16 56 154 117 123 132 96 22 169 ||61 38 17 |158 |113 8 148 |94 71 78 177 |121 184 193 |34 2 |179 |23 79 80 |106 77 |116 53 186 |188 173 |5 1 72 144 |135 |180 48 54 103 |30 21 81 |67 197 139 120 |152 |151 128 74 191 |35 160 25 7 |171 192 110 |181 100 178 31 |19 |
19119.5 945802
189 159 26 |29 149 185 166 153 86 84 163 93 131 104 |76 174 109 182 10 115 105 194 82 98 196 97 157 58 190 176 41 63 142 45 |195 68 83 9 122 28 146 95 55 140 141 15 200 107 126 114 50 |13 143 172 96 132 123 145 169 |85 99 136 134 125 112 14 87 183 |51 156 62 6 65 89 47 36 102 129 168 24 11 60 69 40 22 |150 165 198 147 46 130 49 27 73 118 108 162 16 3 117 32 |88 66 124 137 170 92 12 20 70 167 57 199 101 18 133 39 187 44 |4 138 127 37 90 59 75 52 164 33 64 42 119 111 91 155 ||161 |61 38 17 |158 175 154 |113 8 148 |94 71 78 177 43 |121 184 193 |34 2 56 |179 |23 79 80 |106 77 |116 53 186 |188 173 |5 1 72 144 |135 |180 48 54 103 |30 21 81 |67 197 139 120 |152 |151 128 74 191 |35 160 25 7 |171 192 110 |181 100 178 31 |19 |
20951.3 901039
58 12 8 49 56 158 51 2 46 191 110 136 154 20 167 21 78 165 26 112 194 105 17 9 153 22 169 36 |108 188 107 11 45 |141 18 44 90 69 84 32 163 117 41 99 74 63 66 85 146 |114 126 135 200 ||16 62 70 122 125 134 164 |76 159 168 140 88 189 42 97 95 102 |23 87 172 115 40 187 190 39 133 101 132 96 59 123 176 145 93 47 28 82 |129 14 150 15 24 137 29 |98 86 195 156 162 50 60 118 142 73 |3 55 91 111 119 138 147 174 109 182 155 183 10 130 157 83 131 104 ||139 |53 |186 |127 |170 171 |34 |185 196 |89 |175 92 |75 199 27 |61 52 100 |67 |161 79 180 |124 94 |19 |198 |181 48 31 |106 |184 179 166 |71 |80 178 |113 72 37 |151 57 1 |149 64 |103 197 120 |160 38 |81 77 |54 7 193 |144 65 173 |121 |43 |25 30 |116 177 |128 192 152 13 |148 6 |68 |4 |33 5 143 35 
25274.4 580127
98 173 151 34 195 156 162 50 60 118 142 |3 138 147 174 109 182 155 183 10 130 157 83 |93 32 176 123 139 96 172 131 104 |190 39 187 40 105 25 194 9 153 44 22 169 36 |76 115 84 163 117 41 66 85 63 146 28 47 82 |26 87 165 55 53 43 91 111 119 80 112 42 97 95 102 |133 140 19 168 186 129 14 137 125 134 |159 69 127 90 18 132 101 59 145 1 29 |99 16 62 70 114 126 108 33 45 164 |86 189 141 88 150 81 24 15 107 11 135 200 73 ||161 |199 |198 31 |103 17 7 143 27 |21 92 35 |188 170 122 149 |72 196 13 |124 175 12 |160 148 8 |49 65 56 57 |158 51 2 128 |37 4 |52 68 54 |74 152 113 |179 181 |77 |48 58 |46 116 6 |191 184 197 |121 89 120 154 |30 110 136 94 |61 |20 |192 171 167 185 193 |166 75 38 100 |79 |144 67 |106 71 64 |78 |23 178 |180 177 5 
26330 452571
99 68 182 155 10 130 194 9 153 131 104 166 |62 183 40 187 39 133 197 90 18 132 101 69 123 139 59 96 172 22 143 13 169 36 |125 60 50 108 126 107 11 135 200 45 142 118 185 73 164 |162 195 114 15 24 189 137 30 |76 119 111 91 31 174 109 79 180 147 138 112 |150 88 141 21 14 129 106 95 |190 86 115 105 103 25 44 83 157 160 |84 140 19 159 55 165 87 26 42 97 102 |168 70 16 3 85 66 152 41 63 28 146 134 29 |117 163 49 32 176 145 93 47 82 191 ||74 136 |51 156 |198 178 181 |124 170 92 12 167 27 |4 127 |161 52 |61 38 17 75 |113 8 148 |94 71 78 43 |121 184 193 |34 2 158 171 |179 154 |151 175 33 |56 20 |37 57 |64 |199 192 65 89 |23 100 80 |110 77 |116 53 186 |188 128 |5 1 72 144 |7 |58 54 |67 |122 173 35 |48 |98 81 |6 120 |196 |177 46 149 
27233.8 423868
91 47 28 146 |70 53 141 168 140 19 159 165 87 26 42 97 95 |195 119 129 14 88 150 15 107 11 126 108 50 60 118 |130 85 18 133 86 40 187 39 190 36 |55 66 44 9 194 153 83 157 131 104 |16 90 76 84 176 123 69 101 132 59 96 172 22 |62 114 99 63 117 163 32 41 93 145 82 169 |162 200 24 189 137 29 164 |115 105 134 125 45 142 73 |3 10 111 183 155 182 109 174 147 138 112 102 ||181 185 196 |89 |175 92 |31 161 |79 |75 199 |94 180 |177 |178 |38 198 148 27 |67 144 160 |64 124 33 |120 5 6 |23 103 |51 20 158 |68 61 |49 65 72 |1 |186 |74 |152 |122 135 |188 46 21 71 |193 13 54 |197 |4 37 |192 136 |43 |156 |58 179 |98 173 |80 48 100 |113 154 57 191 |12 110 |116 |30 128 |8 |34 |25 7 |184 166 |81 77 |143 149 167 170 |151 |78 |121 56 |106 |139 127 17 |171 2 35 52 
29704.1 411282
138 119 111 91 147 155 183 130 157 83 131 104 |76 174 109 182 10 115 105 194 9 153 36 |32 93 28 63 146 134 |162 195 70 62 16 3 99 66 85 125 29 164 |11 107 126 114 108 50 60 118 73 |129 14 189 137 24 15 200 45 142 |55 150 141 88 140 168 159 165 87 26 112 42 97 95 102 |190 40 187 133 18 101 132 44 22 |59 90 86 39 96 172 169 |41 117 163 84 69 123 176 145 47 82 ||81 188 |196 121 |4 67 |30 199 |58 100 |197 |33 |25 1 |52 |6 |193 |48 161 |177 53 61 |12 51 |75 178 |77 198 43 |68 160 |181 17 144 |154 2 34 92 |106 175 |56 120 49 |21 19 |179 173 |152 151 |116 186 149 |7 |80 46 71 |184 127 5 |20 158 35 |78 |128 122 |57 72 74 89 |103 54 |79 |136 |113 171 |94 64 |8 |170 191 |139 |180 98 |167 185 124 27 |166 143 192 |156 |13 38 31 |110 135 |65 37 |148 |23 |
30251 371899
138 119 111 91 147 155 183 130 157 83 131 104 |76 174 109 182 10 115 105 194 9 153 36 |32 93 28 63 146 134 |23 162 195 70 62 16 3 99 66 85 125 29 164 |11 107 126 114 108 50 60 118 73 |129 14 189 137 24 15 200 45 142 |55 150 141 88 140 168 159 165 87 26 112 42 97 95 102 |190 40 187 133 18 101 132 44 22 |59 90 86 39 96 172 169 |41 117 163 84 69 123 176 145 47 82 ||81 196 |120 67 |4 |103 30 191 |58 197 |74 |71 186 |149 121 |152 |53 6 |25 1 173 |48 161 |177 |61 |12 51 143 |75 178 27 |77 198 43 |68 160 166 |181 17 144 |154 2 34 92 170 |89 171 128 |139 56 |20 33 |175 151 |8 |122 21 |79 80 193 |167 184 |54 13 94 |116 46 106 |156 185 |100 38 52 |158 57 |78 124 |127 |35 |5 |65 |180 |19 |192 136 |188 |199 |113 7 |179 49 |110 135 148 |98 31 |37 |64 |72 
33972.4 367487
138 119 111 91 147 155 183 130 157 83 131 104 |76 174 109 182 10 115 105 194 9 153 36 |32 93 28 63 146 134 |31 162 195 70 62 16 3 99 66 85 125 29 164 |11 107 126 114 108 50 60 118 73 |129 14 189 137 24 15 200 45 142 |55 150 141 88 140 168 159 165 87 26 112 42 97 95 102 |190 40 187 133 18 101 132 44 22 |59 90 86 39 96 172 169 |41 117 163 84 69 123 176 145 47 82 ||68 |160 166 |13 143 |21 1 |197 30 149 |106 177 191 |135 |79 |152 25 |139 |74 136 |51 156 |198 178 181 |167 27 34 170 92 |4 |161 52 |38 17 75 |113 8 148 |94 43 78 |19 193 |12 |158 |179 6 |61 |81 175 |37 67 |64 71 124 |199 120 65 |20 33 |184 121 |127 |23 |80 |110 77 |116 53 186 |188 128 |72 144 |7 |5 180 |151 56 192 |100 |2 171 154 57 89 |58 54 |122 173 35 |48 |98 |196 |103 |185 |46 |49 
37551 364770
138 119 111 91 147 155 183 130 157 83 131 104 |76 174 109 182 10 115 105 194 9 153 36 |32 93 28 63 146 134 |162 195 70 62 16 3 99 66 85 125 29 164 |11 107 126 114 108 50 60 118 73 |129 14 189 137 24 15 200 45 142 |55 150 141 88 140 168 159 165 87 26 112 42 97 95 102 |190 40 187 133 18 101 132 44 22 |59 90 86 39 96 172 169 |41 117 163 84 69 123 176 145 47 82 ||81 |74 170 |179 |180 |143 191 |136 122 128 171 |197 |19 |185 17 |121 34 |198 149 30 166 |53 148 |80 167 154 |103 25 75 1 8 |151 51 2 |68 48 |71 |100 |177 77 |54 178 79 |152 92 |106 21 5 193 |181 113 139 120 |37 |186 33 |64 175 |199 192 65 89 |20 12 158 |49 56 |58 |23 |57 |110 |116 78 |188 124 |43 |184 |7 144 |72 |161 |61 |67 4 |127 173 |52 35 |98 |6 27 |196 |13 |31 |160 94 135 |46 |38 |156 |
37661 360476
138 119 111 91 147 155 183 130 157 83 131 104 |76 174 109 182 10 115 105 194 9 153 36 |32 93 28 63 146 134 |162 195 70 62 16 3 99 66 85 125 29 164 |11 107 126 114 108 50 60 118 73 |129 14 189 137 24 15 200 45 142 |55 150 141 88 140 168 159 165 87 26 112 42 97 95 102 |190 40 187 133 18 101 132 44 22 |59 90 86 39 96 172 169 |41 117 163 84 69 123 176 145 47 82 ||121 170 |180 103 |166 110 |74 149 |17 30 |19 106 |135 191 |128 171 |197 |185 |136 34 |198 |81 |53 148 |80 167 154 |179 25 75 1 8 |151 51 2 |68 48 |58 |100 |177 77 |54 178 79 |152 92 |143 21 5 193 |181 113 139 120 |37 |186 33 |64 175 |199 192 65 89 |20 12 158 |49 56 |71 |23 |57 |122 |116 78 |188 124 |43 |184 |7 144 |72 |161 |61 |67 4 |127 173 |52 35 |98 |6 27 |196 |13 |31 |160 94 |46 |38 |156 |
40233.5 356371
138 119 111 91 147 155 183 130 157 83 131 104 |76 174 109 182 10 115 105 194 9 153 36 |32 93 28 63 146 134 |162 195 70 62 16 3 99 66 85 125 29 164 |11 107 126 114 108 50 60 118 73 |129 14 189 137 24 15 200 45 142 |55 150 141 88 140 168 159 165 87 26 112 42 97 95 102 |190 40 187 133 18 101 132 44 22 |59 90 86 39 96 172 169 |41 117 163 84 69 123 176 145 47 82 ||68 160 166 |103 |167 |7 149 |197 |54 |143 |136 122 185 |49 |181 35 |1 51 |191 |173 |74 |198 |53 30 |57 89 27 |154 34 170 92 |151 |38 17 75 52 |113 8 148 |94 180 |19 193 |80 178 |56 |158 |179 6 |2 |81 175 |37 |64 71 |199 120 65 |20 33 171 |184 121 |100 |127 |192 5 |12 77 |110 128 |116 78 186 |188 124 |43 13 |72 144 139 |161 79 |4 |156 |152 |177 106 |58 |67 |25 |135 |61 |48 |98 21 |23 |196 |46 |31 
44334.7 354362

Time:26
Last Iter:10
Last Update:10
Tabu:0
Last Time26
22
21 71 87 95 29 50 162 93 96 |64 116 26 53 55 111 174 109 7 172 176 41 66 85 16 195 102 |149 97 148 78 88 192 163 32 39 190 187 9 194 |70 167 164 104 138 47 145 |128 173 154 63 57 199 49 123 18 86 179 58 153 130 147 119 198 19 140 141 189 200 45 142 |33 136 20 156 56 76 69 44 105 131 15 159 |186 168 165 98 112 80 52 10 115 17 40 132 146 171 62 11 |42 177 137 24 108 158 151 99 73 36 169 59 90 84 |1 28 117 37 144 101 103 83 157 183 193 35 134 125 94 14 150 |133 197 139 120 72 82 143 22 155 182 48 91 129 77 107 126 114 60 118 3 ||25 75 13 166 27 |34 12 51 |74 89 121 |127 191 |185 122 170 |161 23 180 |30 196 110 2 8 |181 184 |175 |113 |100 106 |135 92 81 |38 61 31 |79 |4 |68 54 160 5 |67 |6 43 178 |124 46 188 |65 152 |
14946.8 1.10883e+06
150 189 26 23 153 9 105 115 132 59 176 163 125 118 142 16 |68 109 174 138 168 114 3 145 169 |40 144 90 84 49 152 99 66 29 22 182 165 141 88 11 |190 69 32 41 45 137 19 111 183 83 104 164 |136 185 188 129 106 161 100 131 101 28 63 |187 39 123 7 147 119 112 94 21 159 55 156 |140 46 24 124 108 158 162 73 35 75 194 130 48 91 47 146 117 |197 127 4 18 172 82 199 60 200 135 15 6 180 155 79 58 |5 193 102 95 97 42 14 81 107 126 50 34 72 76 133 86 96 103 10 |157 36 44 93 85 134 33 51 195 70 62 71 87 ||92 175 167 110 30 |52 179 |120 121 |67 17 143 |54 178 |37 184 25 |27 191 173 57 74 65 |171 20 192 2 |196 170 151 |56 |77 43 80 |149 13 38 |122 12 1 |166 113 139 181 |198 31 |128 154 8 |89 |186 64 78 |177 53 116 148 98 160 |61 |
15864.4 1.09414e+06
138 28 |122 111 60 175 73 26 53 174 109 157 194 96 69 82 47 146 |16 178 100 38 58 86 176 145 66 169 36 150 141 |83 107 7 182 180 119 87 42 94 200 108 3 99 85 163 59 101 |132 123 41 63 187 40 4 168 140 |43 93 165 129 19 88 15 11 50 45 134 22 18 90 76 195 |80 117 198 147 155 130 68 161 115 9 75 172 1 57 192 156 118 102 97 24 |54 126 131 164 29 167 170 137 189 14 112 91 183 10 105 190 133 197 32 162 |104 95 98 48 31 46 92 142 125 151 62 70 20 |177 55 106 159 135 114 171 74 152 49 84 39 44 153 181 ||121 2 34 |193 136 128 |103 113 72 |79 160 13 35 |149 196 33 12 188 |144 52 |81 21 6 |110 143 |77 27 |25 |148 116 186 71 5 |37 17 166 |61 |89 65 |124 |67 184 173 |185 51 |78 |56 199 |158 |139 179 |154 |23 |64 |120 127 8 191 |30 |
19917.6 1.02812e+06
117 21 71 87 95 29 50 162 28 93 96 |64 133 116 26 53 55 111 174 109 7 172 176 41 66 85 16 195 60 102 |149 97 148 78 88 192 163 32 39 190 187 9 194 83 |91 70 167 164 104 138 47 145 82 |128 155 173 154 63 57 106 49 123 18 86 179 58 153 130 147 119 198 19 140 141 189 200 45 142 |33 182 136 20 156 56 76 69 44 105 131 15 150 159 129 14 |186 168 165 98 112 80 |157 183 10 115 22 |40 132 146 81 62 114 126 107 11 118 125 134 |3 42 177 137 24 108 158 151 99 73 36 169 59 101 90 84 ||1 37 144 35 |197 139 120 72 143 |25 75 13 166 27 193 |92 12 51 |74 89 121 |127 191 |185 48 |170 77 94 |103 |161 23 180 |30 196 110 2 8 |181 184 |175 |113 |38 52 |122 65 199 152 |34 171 |17 |31 79 61 |135 |4 |68 54 160 5 |67 |6 43 178 |124 46 188 |100 |
22494.6 837132
51 139 71 199 84 92 11 108 50 162 20 70 151 171 60 122 45 118 142 73 |195 115 40 187 179 9 197 76 90 133 18 123 176 145 111 93 63 28 87 |159 96 69 32 49 163 117 41 56 66 146 47 82 |62 16 3 99 128 85 125 134 29 |137 80 200 138 183 157 150 189 52 |107 15 24 88 141 106 95 |140 168 129 14 42 97 102 86 55 147 126 91 119 165 26 112 |114 109 31 174 79 180 182 155 10 130 105 103 25 44 172 143 22 13 169 36 164 |59 101 132 113 39 190 17 153 194 181 54 83 131 104 ||81 |43 |121 |110 196 33 5 27 |78 98 191 |175 192 |166 184 154 173 |144 127 75 |1 35 74 149 |53 30 |185 167 34 158 170 |19 |89 120 152 |37 |23 178 100 |188 135 2 |38 |21 64 186 |4 |8 57 |65 6 |68 |67 |61 160 148 |72 |161 |48 116 |77 177 198 |58 7 |12 156 136 |94 124 46 193 
24256.2 723388
46 193 51 139 71 199 92 11 126 108 50 162 20 70 151 171 60 122 45 118 142 73 |195 115 40 187 179 197 76 84 90 133 18 123 176 145 93 63 28 |159 96 69 32 49 163 117 41 56 66 146 47 82 |62 16 3 99 128 85 125 134 29 |137 80 138 183 157 52 |107 200 15 24 150 88 141 106 95 |189 140 168 129 14 42 97 102 |86 19 55 147 91 111 119 87 165 26 112 |114 109 31 174 79 180 182 155 10 130 105 103 25 44 172 22 143 13 169 36 164 |59 101 132 113 39 190 17 9 153 194 181 54 83 131 104 ||81 |191 |5 |121 |110 196 33 |78 98 |175 192 |184 154 173 |61 58 |144 127 75 |1 35 74 149 |53 43 30 |185 167 34 158 170 |135 2 |89 120 152 |37 |23 178 100 |188 |161 38 |21 64 186 |4 72 |8 57 65 |166 |48 68 |177 124 27 |160 148 198 |7 6 |77 116 |67 |12 156 136 |94 
24792.5 508915
51 139 71 199 92 11 126 108 50 162 20 70 151 171 60 122 45 118 142 73 |195 115 40 187 179 197 76 84 90 133 18 123 176 145 93 63 28 |159 96 69 32 49 163 117 41 56 66 146 47 82 |62 16 3 99 128 85 125 134 29 |137 80 138 183 157 52 |107 200 15 24 150 88 141 106 95 |189 140 168 129 14 42 97 102 |86 19 55 147 91 111 119 87 165 26 112 |114 109 31 174 79 180 182 155 10 130 105 103 25 44 172 22 143 13 169 36 164 |59 101 132 113 39 190 17 9 153 194 181 54 83 131 104 ||81 |191 |5 |121 |110 196 33 |78 98 |175 192 |166 184 154 173 |61 58 |144 127 75 |1 35 74 149 |53 43 30 |185 167 34 158 170 |135 2 |89 120 152 |37 |23 178 100 |188 |161 38 |21 64 186 |4 72 |8 57 65 |68 |67 27 |160 148 198 |7 6 |77 116 177 |48 |12 156 136 |94 124 46 193 
25003.5 487245
96 59 132 101 69 90 18 133 39 190 172 169 36 |49 41 65 63 125 118 45 142 73 |60 16 3 99 192 66 173 146 |149 105 115 40 86 179 187 44 22 |155 10 130 194 9 153 83 157 131 104 |140 162 11 107 200 137 189 24 15 150 88 141 168 159 14 129 |55 123 76 84 117 163 32 176 145 93 28 47 82 |147 174 109 182 183 138 112 102 |91 111 119 87 165 26 42 97 95 |50 108 126 114 195 70 62 85 134 29 164 ||61 |167 5 |152 |64 |57 |33 136 20 |186 98 80 52 |177 |1 37 144 35 |197 139 120 72 143 |25 75 13 166 27 193 |34 12 51 158 171 |74 89 121 56 |127 191 |185 122 170 94 |48 103 17 |77 |151 156 |161 23 180 |30 196 110 2 8 |181 184 |175 |113 |160 71 124 |154 199 128 |54 198 43 |19 116 |188 135 21 |68 38 |67 |79 |81 92 |178 31 100 |148 6 53 78 |4 |7 |106 46 |58 
26759.3 402902
41 26 32 163 117 84 76 37 90 18 133 39 132 96 172 169 |162 195 114 108 50 60 122 125 134 |61 147 174 109 79 182 155 10 183 38 54 83 131 |190 40 187 86 101 69 123 176 59 30 |165 87 91 111 119 138 157 104 |24 141 168 14 129 42 112 97 95 102 |159 140 88 150 189 137 29 164 |15 126 107 11 200 45 118 142 73 |55 70 62 16 3 99 85 66 63 146 28 93 145 47 82 |130 115 105 194 9 153 44 22 36 ||144 197 67 |64 198 |127 |161 |171 |78 53 80 |23 181 |17 25 75 13 185 |199 160 |71 12 33 196 |8 191 27 149 5 143 |21 46 167 |57 89 113 |48 68 100 |151 20 |154 56 72 |186 124 |77 |103 |148 106 177 52 |35 139 173 110 136 34 |156 193 |49 121 192 128 |180 43 98 |116 178 |31 |51 158 92 175 |7 58 1 |188 170 |4 |74 |179 |6 |184 120 |152 65 |94 81 |19 |2 135 |166 
31114.9 398281
174 114 60 50 108 126 107 11 45 142 118 125 134 164 |109 |182 155 10 130 157 83 131 104 |55 165 129 14 42 97 95 |105 159 140 141 88 150 15 24 200 189 137 73 29 |41 32 163 117 84 176 123 59 145 93 47 82 |40 195 162 70 62 16 3 99 85 66 63 146 28 |168 115 96 69 90 18 101 132 133 86 187 39 190 172 36 |183 147 111 119 87 26 112 102 |76 91 138 194 9 153 44 22 169 ||191 |199 |98 |1 |116 |31 80 |184 |181 34 |179 38 |171 65 |120 121 |79 23 54 |17 75 13 185 |160 192 |71 12 33 |8 27 149 5 |21 46 167 |57 89 113 |48 68 100 |151 20 92 |154 56 72 |186 124 81 |152 |103 127 |78 198 |51 175 158 |4 |148 106 177 52 |35 139 173 110 136 |156 |53 166 143 |64 30 |178 161 |197 67 25 |193 74 128 |77 170 135 |7 |58 180 |122 |37 |61 |6 94 19 |2 188 |49 |196 43 |144 |
33172 393138
138 119 111 91 55 165 87 26 42 97 95 102 |159 168 140 88 150 189 137 |107 11 200 15 24 141 14 129 112 |162 114 126 108 50 60 45 73 |195 70 62 16 3 125 134 164 |117 147 109 182 155 183 157 142 118 29 |132 90 86 40 187 190 44 153 9 194 83 131 104 |10 130 115 105 39 133 18 172 169 36 |174 41 163 32 76 84 176 123 69 101 59 96 22 |85 99 66 63 146 28 93 145 47 82 ||127 17 |80 75 54 |166 161 38 |144 197 181 |78 |23 |171 |67 |198 53 |13 |2 |30 |160 |199 |122 135 |71 12 33 196 |8 191 27 149 5 143 |21 46 167 |57 89 113 |48 68 100 |151 20 |154 56 72 |186 124 |77 |103 |148 106 177 52 |35 139 173 110 136 34 |156 193 |49 121 192 128 |180 43 98 |116 178 |31 |51 158 92 175 |7 58 1 |188 170 |4 |74 |179 |6 |184 120 |152 65 |94 81 |19 |185 |61 79 |37 |64 |25 |
33591.9 392442
76 44 22 169 |183 147 91 111 119 138 112 102 |174 114 60 50 108 126 107 11 45 142 118 125 134 164 |109 194 9 153 |182 155 10 130 157 83 131 104 |26 87 55 165 129 14 42 97 95 |105 159 140 141 88 150 15 24 200 189 137 73 29 |41 32 163 117 84 176 123 59 145 93 47 82 |40 195 162 70 62 16 3 99 85 66 63 146 28 |168 115 96 69 90 18 101 132 133 86 187 39 190 172 36 ||23 |68 |1 |116 46 |94 |56 34 |161 38 181 193 |122 33 12 158 20 167 |120 113 57 |177 178 |166 49 8 |192 185 |128 |100 48 35 |191 124 81 |186 6 106 |151 173 143 |77 78 43 |184 197 58 |25 |19 |175 74 |89 |79 |152 75 30 |188 21 71 |37 127 72 |65 199 110 |171 2 135 92 |196 170 51 |7 180 |4 67 |103 179 17 54 |121 |27 |160 148 198 |53 80 |144 136 |64 5 |139 |149 31 |52 |61 98 |156 154 |13 |
34835.9 384633
39 133 86 90 18 101 132 96 172 22 169 36 |115 159 168 141 88 150 15 24 189 137 29 |140 10 91 111 130 183 155 182 109 174 147 138 157 83 104 131 |59 84 117 163 32 41 93 47 82 |3 16 62 70 195 162 60 118 164 |50 108 114 126 107 11 200 45 142 |105 63 129 14 165 55 119 87 26 42 112 97 95 102 |99 66 85 125 134 73 |154 40 187 190 44 9 194 153 |76 69 123 176 145 28 146 ||23 |199 |98 |1 |116 46 |31 80 |56 34 |179 38 |171 33 12 158 167 |120 27 |72 192 |110 103 17 |51 20 |191 124 81 |186 64 149 |198 143 |65 173 152 121 |78 43 |184 54 |67 4 37 |71 92 |21 196 |89 128 |79 100 48 |127 |8 35 |52 68 |19 5 |139 113 25 181 |175 |61 |53 177 166 13 |185 74 |75 193 |122 156 |180 160 |151 |148 136 |161 |30 77 106 |7 144 |178 |57 |188 |6 |197 49 |170 |94 |58 |2 135 |
35683.2 382208
39 133 86 90 18 101 132 96 172 |159 168 141 88 150 15 24 189 137 29 |140 10 91 111 130 183 155 182 109 174 147 138 157 83 104 131 |59 84 117 163 32 41 93 47 82 |3 16 62 70 195 162 60 118 164 |50 108 114 126 107 11 200 45 142 |63 173 99 66 85 125 134 73 |197 67 76 69 123 176 145 28 146 |44 190 187 40 115 105 194 9 153 22 169 36 |112 119 55 165 87 26 129 14 42 97 95 102 ||103 179 |110 188 |94 35 |116 |56 |13 |34 184 |68 193 |122 12 158 20 167 |1 49 8 185 |139 |177 5 143 |156 |48 17 75 |25 37 191 |186 |27 |77 21 46 |127 72 |170 |98 89 |33 |148 |52 171 136 |2 120 113 |152 |53 |57 |80 149 |121 |151 92 |7 100 |106 31 |144 |160 71 124 |154 199 128 |54 |58 |19 |38 180 79 166 |30 81 64 6 |135 |51 192 |161 61 181 |65 74 196 |175 |198 |43 78 |178 23 |4 |
36654.6 381866
129 14 63 28 |11 107 126 114 195 162 108 50 60 45 118 142 29 |90 76 84 123 59 82 |159 69 163 117 41 32 176 145 93 47 169 36 |190 187 40 115 105 9 153 83 157 131 104 |138 119 111 91 55 165 87 26 112 42 97 95 102 |39 86 133 18 101 132 96 22 |140 147 174 109 182 155 183 10 130 194 44 172 |200 15 24 141 88 150 189 137 73 |168 146 70 62 16 3 99 66 85 125 134 164 ||199 |5 151 |23 |89 196 |46 171 |74 |17 |188 |127 |56 |13 |149 |68 27 |122 12 20 167 |1 8 185 |113 57 |71 166 191 |38 72 143 |186 124 30 |77 33 |103 197 75 |25 100 48 |37 179 |21 181 |161 79 |170 |53 |148 106 177 52 |35 139 173 110 136 34 |156 193 |49 121 192 128 |180 43 98 |116 178 |31 |51 158 92 175 |58 |4 144 |7 61 54 160 |67 154 |78 64 |198 80 |6 |184 120 |152 65 |94 81 |19 |2 135 |
38607 378600
129 14 63 28 |11 107 126 114 195 162 108 50 60 45 118 142 29 |90 76 84 123 59 82 |159 69 163 117 41 32 176 145 93 47 169 36 |190 187 40 115 105 9 153 83 157 131 104 |138 119 111 91 55 165 87 26 112 42 97 95 102 |39 86 133 18 101 132 96 22 |140 147 174 109 182 155 183 10 130 194 44 172 |200 15 24 141 88 150 189 137 73 |168 146 70 62 16 3 99 66 85 125 134 164 ||199 |5 151 |23 |103 196 |46 171 |31 |156 |52 148 |35 56 |198 |13 |34 149 |68 193 |122 12 158 20 167 |1 49 8 185 |113 57 |166 100 48 |191 124 |106 181 |173 143 |77 |139 197 |25 58 |175 |89 |170 |67 75 30 |188 21 71 |37 127 72 |27 33 64 |161 38 |110 136 |61 177 116 |80 79 |74 17 |179 |51 92 |53 186 98 |4 144 |7 54 160 |121 192 128 154 |78 43 |180 178 |6 |184 120 |152 65 |94 81 |19 |2 135 |
41844.5 377787
129 14 63 28 |11 107 126 114 195 162 108 50 60 45 118 142 29 |90 76 84 123 59 82 |159 69 163 117 41 32 176 145 93 47 169 36 |190 187 40 115 105 9 153 83 157 131 104 |138 119 111 91 55 165 87 26 112 42 97 95 102 |39 86 133 18 101 132 96 22 |140 147 174 109 182 155 183 10 130 194 44 172 |200 15 24 141 88 150 189 137 73 |168 146 70 62 16 3 99 66 85 125 134 164 ||199 |5 151 |23 |103 196 |46 171 |31 |156 |52 148 |35 56 |198 |13 |34 149 |68 193 |122 12 158 20 167 |1 49 8 |113 57 |61 |166 185 |191 124 |106 181 |100 143 |77 |139 197 |25 58 |48 |175 |89 |170 |67 75 30 |188 21 71 |37 127 72 |27 33 64 |161 38 |110 136 |173 116 |80 79 |74 17 |179 |51 92 |53 186 98 |4 144 |7 54 160 |121 192 128 154 |78 43 177 |180 178 |6 |184 120 |152 65 |94 81 |19 |2 135 |
42391.6 375756
129 14 63 28 |11 107 126 114 195 162 108 50 60 45 118 142 29 |90 76 84 123 59 82 |159 69 163 117 41 32 176 145 93 47 169 36 |190 187 40 115 105 9 153 83 157 131 104 |138 119 111 91 55 165 87 26 112 42 97 95 102 |39 86 133 18 101 132 96 22 |140 147 174 109 182 155 183 10 130 194 44 172 |200 15 24 141 88 150 189 137 73 |168 146 70 62 16 3 99 66 85 125 134 164 ||199 |5 151 |23 |89 103 |171 196 |46 |31 |188 |52 |56 |13 149 |12 |68 27 |20 167 122 |1 8 185 |113 57 |71 166 191 |38 72 143 |186 124 30 |77 33 |158 |197 75 |25 100 48 |37 179 |139 181 |79 |170 175 |53 |21 |148 106 177 |35 64 |161 |156 193 |180 43 98 |110 49 121 173 |116 136 34 |74 128 |51 |92 |58 17 |4 127 |144 |7 61 54 160 |67 154 |78 |198 80 178 |192 |6 |184 120 |152 65 |94 81 |19 |2 135 |
47125.8 374138
129 14 63 28 |11 107 126 114 195 162 108 50 60 45 118 142 29 |90 76 84 123 59 82 |159 69 163 117 41 32 176 145 93 47 169 36 |190 187 40 115 105 9 153 83 157 131 104 |138 119 111 91 55 165 87 26 112 42 97 95 102 |39 86 133 18 101 132 96 22 |140 147 174 109 182 155 183 10 130 194 44 172 |200 15 24 141 88 150 189 137 73 |168 146 70 62 16 3 99 66 85 125 134 164 ||199 |5 151 |38 |103 196 |46 171 167 |92 |31 |156 |52 57 |35 154 |116 |8 179 |34 149 |68 193 |122 158 20 |1 160 13 185 |113 166 |177 53 |124 |152 191 |106 181 |173 143 |75 65 |78 |25 58 100 |175 128 |89 197 |79 48 |188 |30 |21 71 |37 127 72 |27 33 |161 98 |67 139 |186 64 110 |136 |51 |23 |74 17 |81 148 80 |4 144 |170 54 |121 192 |61 |77 43 |180 178 |7 |49 |56 |6 |184 120 |12 |94 |19 |2 135 |198 |
47742.8 374087
85 66 99 3 16 62 70 195 162 60 118 142 29 |134 125 11 107 114 126 108 50 45 164 |28 146 63 90 76 84 123 59 82 |69 163 117 41 32 176 145 93 47 169 36 |190 187 40 115 105 9 153 83 157 131 104 |138 119 111 91 55 165 87 102 |141 168 159 14 129 26 112 42 97 95 |39 86 133 18 101 132 96 22 |140 147 174 109 182 155 183 10 130 194 44 172 |200 15 24 88 150 189 137 73 ||2 25 |184 143 |175 171 |80 185 92 |37 120 |177 106 94 |78 30 |49 127 75 |1 110 |199 |81 |122 35 |53 43 |166 71 170 196 |46 167 191 27 149 |57 89 113 8 |33 12 158 5 |48 68 100 |151 20 |186 124 21 |77 135 |154 56 152 |31 54 |19 |4 144 |74 |72 103 |65 |98 178 |161 |148 52 |173 136 34 |156 193 |121 192 |180 |58 181 13 |179 139 |79 38 |17 67 |128 |160 |198 |7 6 |116 |61 |64 |23 |51 |197 |188 |
51011.2 373757
28 63 90 76 84 123 59 82 |69 163 117 41 32 176 145 93 47 169 36 |190 187 40 115 105 9 153 83 157 131 104 |138 119 111 91 55 165 87 26 112 42 97 95 |39 86 133 18 101 132 96 22 |147 174 109 182 155 183 10 130 194 44 172 |200 15 24 88 150 189 137 73 |146 70 62 16 3 99 66 85 125 134 164 |60 50 108 162 195 114 126 107 11 45 118 142 29 |141 140 168 159 129 14 102 ||2 25 |184 143 193 |175 171 |80 185 92 |75 173 |37 120 |94 106 71 |78 30 |49 127 |1 167 |199 |81 |122 35 |53 43 |166 158 170 196 |46 5 191 27 |57 89 149 |8 |13 179 |124 21 |31 100 |188 20 |33 151 128 |68 |110 34 121 |79 |19 |4 |177 |64 98 |65 139 |113 |116 48 180 |23 |156 |186 |6 |148 |52 103 181 |38 |7 |197 67 |135 160 |17 154 |192 |77 |61 |144 |56 72 |178 161 54 |58 |198 |74 |136 |12 51 |152 |
52045.5 372121
28 63 90 76 84 123 59 82 |69 163 117 41 32 176 145 93 47 169 36 |190 187 40 115 105 9 153 83 157 131 104 |138 119 111 91 55 165 87 26 112 42 97 95 |39 86 133 18 101 132 96 22 |147 174 109 182 155 183 10 130 194 44 172 |200 15 24 88 150 189 137 73 |146 70 62 16 3 99 66 85 125 134 164 |60 50 108 162 195 114 126 107 11 45 118 142 29 |141 140 168 159 129 14 102 ||2 25 |184 143 193 |175 171 |80 185 34 |92 173 110 |37 120 |177 106 94 |78 30 |49 127 75 |1 |199 |81 |122 35 |53 43 |166 71 170 196 |46 167 191 27 149 |57 89 113 8 |33 12 158 5 |48 68 100 |151 |197 |79 180 |51 |19 |148 58 |52 61 |139 |17 |181 |67 |77 98 |72 |152 |124 |20 |116 |128 154 160 |188 135 |38 31 23 54 |74 |7 |4 |103 |121 |21 |161 |13 |144 136 |198 64 |6 179 |186 |178 |65 |156 |56 |192 |
54299.8 371451

Time:20
Last Iter:10
Last Update:10
Tabu:0
Last Time20
17
109 147 48 80 73 50 141 82 101 69 84 |58 44 28 117 127 29 87 |169 166 193 102 164 27 191 75 130 91 176 163 70 |95 97 149 36 22 96 113 90 40 123 145 93 99 128 200 140 |55 26 42 71 186 168 137 170 11 188 16 134 47 190 155 |67 76 121 57 66 3 33 118 46 159 104 83 9 115 172 |120 59 132 187 86 4 63 125 60 92 126 12 81 150 88 129 174 194 |142 45 34 107 195 62 2 85 154 41 37 133 143 131 157 138 112 165 23 10 |25 39 18 32 74 146 167 151 51 15 189 177 178 183 |108 114 162 24 14 19 43 119 111 31 182 105 17 179 153 173 ||171 122 110 185 196 30 |6 139 |20 156 |49 197 |94 21 116 |180 |192 89 5 |158 |77 64 78 |35 13 1 |100 68 |8 72 |7 181 54 61 |148 135 |65 199 152 |144 38 52 160 |106 198 |124 175 136 |184 56 |79 161 |98 53 |103 |
15076.6 1.18964e+06
155 115 44 96 47 36 29 200 15 195 99 117 |78 129 150 140 111 31 180 18 |21 88 19 119 97 134 63 66 3 59 153 105 10 |7 182 95 24 93 |196 60 50 156 173 184 40 83 138 102 164 |62 70 114 81 165 42 198 174 183 157 9 86 145 28 73 118 |101 113 133 39 190 172 75 194 181 100 161 112 6 148 87 116 168 46 45 41 123 69 |128 185 107 137 94 186 26 43 147 23 131 58 187 176 32 |141 159 14 11 126 175 162 20 92 34 142 192 85 1 82 132 90 76 84 163 |130 38 54 160 104 169 22 8 146 57 152 16 151 108 125 167 189 55 91 79 109 ||30 106 177 |136 122 170 188 |124 149 5 191 |178 68 |25 49 |77 33 |17 179 120 |89 199 65 2 110 |166 197 144 |80 53 |143 13 52 61 |154 74 56 171 |103 |135 51 35 |139 72 37 67 |121 |71 27 |12 158 |127 4 |193 98 48 |64 |
15465.1 1.09242e+06
143 25 179 120 3 162 114 200 91 182 |55 198 112 58 29 108 99 63 93 187 40 190 9 |128 111 60 50 73 95 26 78 140 138 147 155 183 105 86 96 176 84 163 28 146 |159 71 134 169 101 115 195 118 |66 10 192 151 62 70 122 125 97 104 131 44 32 174 |117 102 6 43 177 116 14 81 15 107 170 |171 16 85 47 59 39 22 157 109 130 |161 150 79 54 75 82 30 76 67 45 11 126 24 137 129 141 |196 185 92 188 166 189 88 168 19 165 87 42 53 160 83 36 164 123 69 90 18 132 172 |127 119 144 133 145 1 154 41 4 7 194 153 199 142 12 ||31 27 |38 173 |148 94 106 193 52 |180 61 |2 158 156 |64 77 46 |56 152 121 |68 178 |110 57 89 167 |181 100 103 |37 113 |65 |51 33 136 191 |80 186 124 |8 139 49 74 |135 149 5 98 |48 |17 |34 |23 |175 |21 |184 72 197 13 |35 20 |
20281.3 1.01859e+06
140 109 182 155 10 130 115 105 194 9 153 131 |138 119 111 91 174 147 183 157 83 104 |59 123 69 76 84 176 145 93 47 82 169 36 |195 44 190 187 40 86 39 133 90 18 101 132 96 172 22 |32 163 41 63 66 85 146 28 |99 3 16 118 45 142 29 164 |50 108 114 135 188 122 31 77 64 46 34 20 11 129 141 88 150 15 24 189 137 97 95 102 |156 78 162 26 42 60 125 134 152 |70 62 14 117 37 87 107 200 ||168 65 120 73 112 55 48 165 184 126 160 159 ||89 |12 51 92 170 196 |175 71 94 30 |149 98 6 106 81 |158 199 173 |7 143 8 1 191 |5 110 128 151 |177 186 116 148 |103 61 38 181 |79 80 |124 185 2 167 |139 197 49 |43 |56 57 136 |193 35 58 75 166 |33 171 |21 19 |198 53 |161 |68 |179 25 54 27 |100 |72 121 |67 4 127 |13 113 144 154 |74 192 |17 180 |23 178 52 
21768.8 654978
14 78 112 111 109 65 31 152 77 64 46 34 122 188 135 147 48 160 120 145 |115 20 114 126 107 11 200 45 118 142 73 |159 176 76 84 32 163 41 93 63 146 |140 117 55 165 91 174 182 155 183 10 130 105 22 47 28 |123 69 37 90 133 39 190 172 169 36 |42 26 87 119 138 157 83 194 9 153 131 104 |129 141 88 150 15 24 189 137 97 95 102 |156 195 162 108 50 60 125 134 29 |70 62 16 3 99 66 85 164 |168 44 40 187 86 18 132 101 184 59 96 82 ||89 |12 51 92 170 196 |175 71 94 30 |149 98 6 106 81 |158 199 173 |7 143 8 1 191 |5 110 128 151 |177 186 116 148 |103 61 38 181 |79 80 |124 185 2 167 |139 197 49 |43 |56 57 136 |193 35 58 75 166 |33 171 |21 19 |198 53 |161 |68 |179 25 54 27 |100 |72 121 |67 4 127 |13 113 144 154 |74 192 |17 180 |23 178 52 
24338.3 572160
138 91 119 43 87 165 129 14 42 97 95 102 |23 55 180 155 10 130 194 153 9 105 44 172 22 36 |4 115 123 41 65 63 146 28 164 |111 18 127 76 117 163 49 32 176 120 145 93 47 82 |7 84 40 86 179 187 190 39 133 197 144 90 69 184 101 132 59 96 169 |112 26 78 159 141 88 150 81 189 |168 182 68 109 174 147 48 183 157 83 131 104 |152 56 99 66 85 125 118 45 142 73 |140 195 175 114 126 107 11 200 15 24 137 |60 50 108 162 70 62 151 16 3 134 29 ||5 |149 122 |192 34 33 |185 |54 181 167 |20 |6 128 |98 116 186 21 |79 143 |25 113 30 |160 148 106 71 77 |46 124 110 |100 103 17 166 193 |154 89 2 |57 |170 92 156 |177 19 |31 198 80 |58 |53 178 |64 188 |8 199 |173 1 75 38 52 |74 171 136 |94 13 |135 51 35 |139 72 37 67 |121 |161 61 |27 |12 158 191 196 
24973.2 451469
183 62 70 195 162 11 200 137 |24 15 107 126 114 108 50 60 45 118 142 |76 101 190 44 83 153 22 13 |63 41 163 139 59 82 169 131 104 |129 10 14 26 87 55 78 159 140 168 88 141 150 189 73 |68 165 157 130 174 109 182 155 48 147 91 111 119 138 112 42 97 95 102 |85 66 152 56 99 3 16 125 134 29 164 |90 69 18 133 39 132 96 172 36 |9 194 105 115 40 187 86 123 93 28 146 |84 117 32 176 145 47 ||5 37 |149 122 |171 |192 34 33 |185 |54 181 167 |158 51 20 12 |6 128 |98 116 186 21 |79 143 |25 113 30 |160 148 106 71 77 |46 124 135 110 |100 103 17 166 193 |154 89 2 |74 121 57 |170 92 156 |177 19 |67 |31 198 80 |52 58 |53 178 |64 188 |8 199 |173 1 75 |136 94 |161 38 35 |43 23 61 |65 120 184 191 27 |175 151 196 |180 7 |49 127 197 |179 72 |81 |144 4 |
29071.7 436718
55 129 14 137 45 118 142 29 |66 99 195 158 108 50 60 125 73 149 |93 145 69 101 132 18 133 39 190 44 172 75 22 169 36 |141 140 168 159 165 87 26 42 102 |126 59 76 84 176 32 163 117 41 74 63 146 28 47 82 |138 48 147 79 182 155 10 130 183 157 83 104 |109 174 91 111 119 112 |24 15 88 150 189 97 95 |200 11 107 114 162 70 62 16 3 85 134 164 |96 123 90 86 187 40 115 105 194 9 153 131 ||61 |19 81 |191 94 |186 |98 23 |181 178 80 |53 106 196 |143 175 135 |58 6 |103 1 167 |110 27 30 173 |78 5 |199 152 121 65 56 |148 198 177 160 |34 170 20 |100 161 |144 127 49 |124 122 8 |68 |4 |156 |13 35 166 184 |116 |192 151 92 |113 197 193 |71 46 |180 |188 128 |43 136 185 |139 72 154 2 |171 33 12 51 |21 64 77 |179 120 57 |25 17 7 52 54 |38 89 |31 |37 67 |
29790.1 411475
176 41 66 85 125 118 73 |50 114 108 126 107 11 45 142 |174 140 88 168 159 55 165 26 129 14 42 112 97 95 102 |150 76 117 163 32 145 93 63 146 28 47 |109 189 87 119 91 111 138 147 182 155 10 130 183 157 83 131 166 |137 24 15 200 162 60 34 29 164 |101 18 90 37 84 69 123 59 82 |195 156 70 62 16 3 99 134 |75 44 40 179 86 197 144 133 96 172 22 169 36 |141 187 132 39 190 115 105 9 194 153 104 ||135 |152 |7 17 |171 57 121 |35 5 94 21 186 |173 89 8 191 27 |148 113 120 |124 33 122 92 |98 6 78 13 |1 154 181 |106 43 53 |46 19 |178 31 |196 128 72 |51 20 |199 49 |192 2 151 136 |30 149 185 110 |184 67 127 |68 79 |80 198 |161 |56 74 167 193 |77 188 |158 12 175 170 |38 61 58 143 |100 160 54 52 |65 103 |116 81 71 |48 25 |4 139 |23 180 |64 177 |
30150.5 411364
138 91 111 119 165 189 137 |15 126 114 195 70 62 162 108 50 60 125 45 118 142 73 29 |187 40 115 105 194 9 153 131 104 |147 174 109 182 155 10 130 183 157 83 |200 11 107 16 3 99 85 66 63 146 134 164 |24 168 140 88 150 14 129 42 97 95 |55 159 141 26 87 112 102 |101 132 18 86 133 39 190 44 22 169 |90 123 176 145 93 28 47 82 |41 32 163 117 84 76 69 59 96 172 36 ||37 30 |158 128 |13 |192 |21 |68 |175 149 |186 34 122 167 |181 7 25 54 |160 72 |106 71 77 |46 5 |100 103 17 166 193 |154 89 2 185 |27 121 57 120 |171 156 110 |177 19 |67 144 |78 |56 |31 61 98 |52 179 |53 180 |188 |8 197 |43 196 191 |184 38 35 |178 198 |64 135 12 |74 113 139 1 |81 170 136 |23 79 161 |173 199 151 |58 48 |4 127 |75 49 |92 94 |148 124 |80 |65 |6 116 143 |33 152 |51 20 |
31609.9 389918
140 109 182 122 10 130 115 105 194 9 153 131 |138 119 111 91 174 147 183 157 83 104 |59 123 69 76 84 176 145 93 47 82 169 36 |195 155 44 190 187 40 86 39 133 90 18 101 132 96 172 22 |32 163 41 63 66 85 146 28 |99 3 16 118 45 142 29 164 |50 108 114 126 107 11 200 73 |62 70 162 60 125 134 |117 159 168 141 88 150 15 24 189 137 95 |55 165 87 26 129 14 42 112 97 102 ||31 |144 |52 |196 166 |56 |53 |127 |193 27 |98 100 25 |116 106 46 |81 |135 57 35 |68 160 |2 170 167 149 |148 77 136 |181 79 48 |175 51 151 |71 64 177 |113 49 121 74 |37 |179 |156 |7 |19 21 30 |185 8 173 13 143 |23 |197 |43 |20 188 |110 199 128 191 |158 33 1 |72 152 |139 75 80 |186 94 78 |154 |124 |17 6 5 |184 34 |92 38 |192 12 171 |67 |54 |58 |65 89 |198 |61 |103 |4 |180 |178 161 |120 |
32441.6 378490
140 109 182 155 10 130 115 105 194 9 153 131 |138 119 111 91 174 147 183 157 83 104 |59 123 69 76 84 176 145 93 47 82 169 36 |195 44 190 187 40 86 39 133 90 18 101 132 96 172 22 |32 163 41 63 66 85 146 28 |99 3 16 118 45 142 29 164 |50 108 114 126 107 11 200 73 |62 70 162 60 125 134 |117 159 168 141 88 150 15 24 189 137 95 |55 165 87 26 129 14 42 112 97 102 ||78 |7 |196 |144 |13 56 166 |89 |110 |61 |103 |113 75 181 |128 185 6 |175 20 92 34 |38 54 160 8 1 |30 106 177 94 148 |136 122 170 188 |124 149 5 191 |178 68 100 |25 49 57 |152 151 167 |79 23 |192 |186 43 116 |58 |161 |46 71 81 |198 |77 33 |17 179 120 |154 |35 184 |173 |19 |64 21 98 193 |2 |171 |135 51 |139 72 |12 52 |48 53 |31 |67 121 |180 80 |127 143 |156 158 |65 199 |74 37 |4 |27 197 
33157.1 367062
140 109 182 155 10 130 115 105 194 9 153 131 |138 119 111 91 174 147 183 157 83 104 |59 123 69 76 84 176 145 93 47 82 169 36 |195 44 190 187 40 86 39 133 90 18 101 132 96 172 22 |32 163 41 63 66 85 146 28 |99 3 16 118 45 142 29 164 |50 108 114 126 107 11 200 73 |62 70 162 60 125 134 |117 159 168 141 88 150 15 24 189 137 95 |55 165 87 26 129 14 42 112 97 102 ||64 |144 |81 |196 |67 |191 31 |75 113 181 |6 175 92 185 |38 54 34 |20 128 |8 167 |152 56 57 193 |160 148 106 71 98 |52 |184 |1 |30 177 94 |136 122 170 188 |124 149 5 |110 |25 49 27 |127 |79 68 |192 33 |186 43 116 |58 48 |161 |46 |198 |151 |17 |77 |89 179 |120 |23 |199 65 2 |197 |80 53 |12 166 |103 |37 |121 |61 |171 |135 51 35 |139 |7 143 |13 |19 |21 |74 |72 |154 |180 |178 |4 |100 |156 158 |173 |78 |
34843.5 359690
140 109 182 155 10 130 115 105 194 9 153 131 |138 119 111 91 174 147 183 157 83 104 |59 123 69 76 84 176 145 93 47 82 169 36 |195 44 190 187 40 86 39 133 90 18 101 132 96 172 22 |32 163 41 63 66 85 146 28 |99 3 16 118 45 142 29 164 |50 108 114 126 107 11 200 73 |62 70 162 60 125 134 |117 159 168 141 88 150 15 24 189 137 95 |55 165 87 26 129 14 42 112 97 102 ||31 |144 |52 |196 166 |56 |53 |127 |193 27 |71 81 |77 |75 |128 185 6 |175 20 92 34 |38 54 160 8 1 |30 106 177 94 148 |136 122 170 188 149 |25 49 57 191 |152 151 167 |79 23 5 |192 98 |186 43 116 |58 181 100 |161 178 |46 124 |198 |68 |113 |48 |184 |33 |17 179 120 |89 199 65 2 110 |197 |80 |12 156 |103 |37 |121 |61 |171 |135 51 35 |139 |7 143 |78 13 |19 |21 |74 |72 |67 |180 |173 |154 |64 |158 |4 |
36610.8 357623
140 109 182 155 10 130 115 105 194 9 153 131 |138 119 111 91 174 147 183 157 83 104 |59 123 69 76 84 176 145 93 47 82 169 36 |195 44 190 187 40 86 39 133 90 18 101 132 96 172 22 |32 163 41 63 66 85 146 28 |99 3 16 118 45 142 29 164 |50 108 114 126 107 11 200 73 |62 70 162 60 125 134 |117 159 168 141 88 150 15 24 189 137 95 |55 165 87 26 129 14 42 112 97 102 ||78 |110 13 |7 |196 156 |81 |113 75 |53 |127 |34 27 |71 |77 |2 |128 185 6 |175 20 92 |38 54 160 8 1 |30 106 177 94 148 193 |136 122 170 188 149 |79 23 61 5 |192 |143 |186 43 116 |58 181 191 |161 48 |166 |46 |25 100 |68 |49 57 89 |152 151 |80 103 |65 120 |17 |51 |179 |184 |199 |98 |197 |198 |33 |12 124 |37 |121 |144 |171 |135 |35 |139 |31 |56 |52 |19 |21 |74 |72 |178 |180 |173 67 |154 |64 |158 |4 |167 |
36862.4 354494
140 109 182 155 10 130 115 105 194 9 153 131 |138 119 111 91 174 147 183 157 83 104 |59 123 69 76 84 176 145 93 47 82 169 36 |195 44 190 187 40 86 39 133 90 18 101 132 96 172 22 |32 163 41 63 66 85 146 28 |99 3 16 118 45 142 29 164 |50 108 114 126 107 11 200 73 |62 70 162 60 125 134 |117 159 168 141 88 150 15 24 189 137 95 |55 165 87 26 129 14 42 112 97 102 ||78 |110 13 |7 |196 |81 |113 |75 |53 |127 |34 |27 |71 170 |77 |2 |128 185 6 |175 20 92 |38 54 160 8 1 |106 177 94 193 30 |122 188 149 |79 61 5 |192 136 |148 |143 186 116 |58 181 191 |161 48 |43 |166 |46 |68 100 |49 57 89 |152 151 |80 103 |25 65 |17 120 |23 |51 |179 |184 |199 |98 |197 |198 |33 |12 124 |37 |121 |144 |171 |135 |35 |139 |31 |56 |52 |19 |21 |74 |72 |156 |178 |180 |173 67 |64 |158 154 |4 |167 |
40010.6 351022
140 109 182 155 10 130 115 105 194 9 153 131 |138 119 111 91 174 147 183 157 83 104 |59 123 69 76 84 176 145 93 47 82 169 36 |195 44 190 187 40 86 39 133 90 18 101 132 96 172 22 |32 163 41 63 66 85 146 28 |99 3 16 118 45 142 29 164 |50 108 114 126 107 11 200 73 |62 70 162 60 125 134 |117 159 168 141 88 150 15 24 189 137 95 |55 165 87 26 129 14 42 112 97 102 ||31 |144 |78 |196 166 |191 |113 75 |181 185 |98 128 |127 |193 27 |170 |71 |5 77 |175 20 |38 54 160 8 1 |136 94 148 30 |92 149 |67 143 |156 |177 106 6 |7 |57 34 |89 56 |79 |80 167 |158 192 |198 100 |152 49 |58 61 |161 23 |116 81 |65 120 25 |17 |151 |68 |37 |178 52 |51 33 12 |179 |188 46 |199 |110 |197 |184 |4 |171 |122 35 |173 186 |53 |135 |103 |13 |19 124 |139 72 |21 |43 |2 |180 |154 |121 |74 |48 |64 |
57436.7 350924

Time:0
Last Iter:10
Last Update:10
Tabu:0
Last Time0
17
109 147 48 80 73 50 141 82 101 69 84 |58 44 28 117 127 29 87 |169 166 193 102 164 27 191 75 130 91 176 163 70 |95 97 149 36 22 96 113 90 40 123 145 93 99 128 200 140 |55 26 42 71 186 168 137 170 11 188 16 134 47 190 155 |67 76 121 57 66 3 33 118 46 159 104 83 9 115 172 |120 59 132 187 86 4 63 125 60 92 126 12 81 150 88 129 174 194 |142 45 34 107 195 62 2 85 154 41 37 133 143 131 157 138 112 165 23 10 |25 39 18 32 74 146 167 151 51 15 189 177 178 183 |108 114 162 24 14 19 43 119 111 31 182 105 17 179 153 173 ||171 122 110 185 196 30 |6 139 |20 156 |49 197 |94 21 116 |180 |192 89 5 |158 |77 64 78 |35 13 1 |100 68 |8 72 |7 181 54 61 |148 135 |65 199 152 |144 38 52 160 |106 198 |124 175 136 |184 56 |79 161 |98 53 |103 |
15076.6 1.18964e+06
155 115 44 96 47 36 29 200 15 195 99 117 |78 129 150 140 111 31 180 18 |21 88 19 119 97 134 63 66 3 59 153 105 10 |7 182 95 24 93 |196 60 50 156 173 184 40 83 138 102 164 |62 70 114 81 165 42 198 174 183 157 9 86 145 28 73 118 |101 113 133 39 190 172 75 194 181 100 161 112 6 148 87 116 168 46 45 41 123 69 |128 185 107 137 94 186 26 43 147 23 131 58 187 176 32 |141 159 14 11 126 175 162 20 92 34 142 192 85 1 82 132 90 76 84 163 |130 38 54 160 104 169 22 8 146 57 152 16 151 108 125 167 189 55 91 79 109 ||30 106 177 |136 122 170 188 |124 149 5 191 |178 68 |25 49 |77 33 |17 179 120 |89 199 65 2 110 |166 197 144 |80 53 |143 13 52 61 |154 74 56 171 |103 |135 51 35 |139 72 37 67 |121 |71 27 |12 158 |127 4 |193 98 48 |64 |
15465.1 1.09242e+06
143 25 179 120 3 162 114 200 91 182 |55 198 112 58 29 108 99 63 93 187 40 190 9 |128 111 60 50 73 95 26 78 140 138 147 155 183 105 86 96 176 84 163 28 146 |159 71 134 169 101 115 195 118 |66 10 192 151 62 70 122 125 97 104 131 44 32 174 |117 102 6 43 177 116 14 81 15 107 170 |171 16 85 47 59 39 22 157 109 130 |161 150 79 54 75 82 30 76 67 45 11 126 24 137 129 141 |196 185 92 188 166 189 88 168 19 165 87 42 53 160 83 36 164 123 69 90 18 132 172 |127 119 144 133 145 1 154 41 4 7 194 153 199 142 12 ||31 27 |38 173 |148 94 106 193 52 |180 61 |2 158 156 |64 77 46 |56 152 121 |68 178 |110 57 89 167 |181 100 103 |37 113 |65 |51 33 136 191 |80 186 124 |8 139 49 74 |135 149 5 98 |48 |17 |34 |23 |175 |21 |184 72 197 13 |35 20 |
20281.3 1.01859e+06
140 109 182 155 10 130 115 105 194 9 153 131 |138 119 111 91 174 147 183 157 83 104 |59 123 69 76 84 176 145 93 47 82 169 36 |195 44 190 187 40 86 39 133 90 18 101 132 96 172 22 |32 163 41 63 66 85 146 28 |99 3 16 118 45 142 29 164 |50 108 114 135 188 122 31 77 64 46 34 20 11 129 141 88 150 15 24 189 137 97 95 102 |156 78 162 26 42 60 125 134 152 |70 62 14 117 37 87 107 200 ||168 65 120 73 112 55 48 165 184 126 160 159 ||89 |12 51 92 170 196 |175 71 94 30 |149 98 6 106 81 |158 199 173 |7 143 8 1 191 |5 110 128 151 |177 186 116 148 |103 61 38 181 |79 80 |124 185 2 167 |139 197 49 |43 |56 57 136 |193 35 58 75 166 |33 171 |21 19 |198 53 |161 |68 |179 25 54 27 |100 |72 121 |67 4 127 |13 113 144 154 |74 192 |17 180 |23 178 52 
21768.8 654978
14 78 112 111 109 65 31 152 77 64 46 34 122 188 135 147 48 160 120 145 |115 20 114 126 107 11 200 45 118 142 73 |159 176 76 84 32 163 41 93 63 146 |140 117 55 165 91 174 182 155 183 10 130 105 22 47 28 |123 69 37 90 133 39 190 172 169 36 |42 26 87 119 138 157 83 194 9 153 131 104 |129 141 88 150 15 24 189 137 97 95 102 |156 195 162 108 50 60 125 134 29 |70 62 16 3 99 66 85 164 |168 44 40 187 86 18 132 101 184 59 96 82 ||89 |12 51 92 170 196 |175 71 94 30 |149 98 6 106 81 |158 199 173 |7 143 8 1 191 |5 110 128 151 |177 186 116 148 |103 61 38 181 |79 80 |124 185 2 167 |139 197 49 |43 |56 57 136 |193 35 58 75 166 |33 171 |21 19 |198 53 |161 |68 |179 25 54 27 |100 |72 121 |67 4 127 |13 113 144 154 |74 192 |17 180 |23 178 52 
24338.3 572160
138 91 119 43 87 165 129 14 42 97 95 102 |23 55 180 155 10 130 194 153 9 105 44 172 22 36 |4 115 123 41 65 63 146 28 164 |111 18 127 76 117 163 49 32 176 120 145 93 47 82 |7 84 40 86 179 187 190 39 133 197 144 90 69 184 101 132 59 96 169 |112 26 78 159 141 88 150 81 189 |168 182 68 109 174 147 48 183 157 83 131 104 |152 56 99 66 85 125 118 45 142 73 |140 195 175 114 126 107 11 200 15 24 137 |60 50 108 162 70 62 151 16 3 134 29 ||5 |149 122 |192 34 33 |185 |54 181 167 |20 |6 128 |98 116 186 21 |79 143 |25 113 30 |160 148 106 71 77 |46 124 110 |100 103 17 166 193 |154 89 2 |57 |170 92 156 |177 19 |31 198 80 |58 |53 178 |64 188 |8 199 |173 1 75 38 52 |74 171 136 |94 13 |135 51 35 |139 72 37 67 |121 |161 61 |27 |12 158 191 196 
24973.2 451469
183 62 70 195 162 11 200 137 |24 15 107 126 114 108 50 60 45 118 142 |76 101 190 44 83 153 22 13 |63 41 163 139 59 82 169 131 104 |129 10 14 26 87 55 78 159 140 168 88 141 150 189 73 |68 165 157 130 174 109 182 155 48 147 91 111 119 138 112 42 97 95 102 |85 66 152 56 99 3 16 125 134 29 164 |90 69 18 133 39 132 96 172 36 |9 194 105 115 40 187 86 123 93 28 146 |84 117 32 176 145 47 ||5 37 |149 122 |171 |192 34 33 |185 |54 181 167 |158 51 20 12 |6 128 |98 116 186 21 |79 143 |25 113 30 |160 148 106 71 77 |46 124 135 110 |100 103 17 166 193 |154 89 2 |74 121 57 |170 92 156 |177 19 |67 |31 198 80 |52 58 |53 178 |64 188 |8 199 |173 1 75 |136 94 |161 38 35 |43 23 61 |65 120 184 191 27 |175 151 196 |180 7 |49 127 197 |179 72 |81 |144 4 |
29071.7 436718
55 129 14 137 45 118 142 29 |66 99 195 158 108 50 60 125 73 149 |93 145 69 101 132 18 133 39 190 44 172 75 22 169 36 |141 140 168 159 165 87 26 42 102 |126 59 76 84 176 32 163 117 41 74 63 146 28 47 82 |138 48 147 79 182 155 10 130 183 157 83 104 |109 174 91 111 119 112 |24 15 88 150 189 97 95 |200 11 107 114 162 70 62 16 3 85 134 164 |96 123 90 86 187 40 115 105 194 9 153 131 ||61 |19 81 |191 94 |186 |98 23 |181 178 80 |53 106 196 |143 175 135 |58 6 |103 1 167 |110 27 30 173 |78 5 |199 152 121 65 56 |148 198 177 160 |34 170 20 |100 161 |144 127 49 |124 122 8 |68 |4 |156 |13 35 166 184 |116 |192 151 92 |113 197 193 |71 46 |180 |188 128 |43 136 185 |139 72 154 2 |171 33 12 51 |21 64 77 |179 120 57 |25 17 7 52 54 |38 89 |31 |37 67 |
29790.1 411475
176 41 66 85 125 118 73 |50 114 108 126 107 11 45 142 |174 140 88 168 159 55 165 26 129 14 42 112 97 95 102 |150 76 117 163 32 145 93 63 146 28 47 |109 189 87 119 91 111 138 147 182 155 10 130 183 157 83 131 166 |137 24 15 200 162 60 34 29 164 |101 18 90 37 84 69 123 59 82 |195 156 70 62 16 3 99 134 |75 44 40 179 86 197 144 133 96 172 22 169 36 |141 187 132 39 190 115 105 9 194 153 104 ||135 |152 |7 17 |171 57 121 |35 5 94 21 186 |173 89 8 191 27 |148 113 120 |124 33 122 92 |98 6 78 13 |1 154 181 |106 43 53 |46 19 |178 31 |196 128 72 |51 20 |199 49 |192 2 151 136 |30 149 185 110 |184 67 127 |68 79 |80 198 |161 |56 74 167 193 |77 188 |158 12 175 170 |38 61 58 143 |100 160 54 52 |65 103 |116 81 71 |48 25 |4 139 |23 180 |64 177 |
30150.5 411364
138 91 111 119 165 189 137 |15 126 114 195 70 62 162 108 50 60 125 45 118 142 73 29 |187 40 115 105 194 9 153 131 104 |147 174 109 182 155 10 130 183 157 83 |200 11 107 16 3 99 85 66 63 146 134 164 |24 168 140 88 150 14 129 42 97 95 |55 159 141 26 87 112 102 |101 132 18 86 133 39 190 44 22 169 |90 123 176 145 93 28 47 82 |41 32 163 117 84 76 69 59 96 172 36 ||37 30 |158 128 |13 |192 |21 |68 |175 149 |186 34 122 167 |181 7 25 54 |160 72 |106 71 77 |46 5 |100 103 17 166 193 |154 89 2 185 |27 121 57 120 |171 156 110 |177 19 |67 144 |78 |56 |31 61 98 |52 179 |53 180 |188 |8 197 |43 196 191 |184 38 35 |178 198 |64 135 12 |74 113 139 1 |81 170 136 |23 79 161 |173 199 151 |58 48 |4 127 |75 49 |92 94 |148 124 |80 |65 |6 116 143 |33 152 |51 20 |
31609.9 389918
140 109 182 122 10 130 115 105 194 9 153 131 |138 119 111 91 174 147 183 157 83 104 |59 123 69 76 84 176 145 93 47 82 169 36 |195 155 44 190 187 40 86 39 133 90 18 101 132 96 172 22 |32 163 41 63 66 85 146 28 |99 3 16 118 45 142 29 164 |50 108 114 126 107 11 200 73 |62 70 162 60 125 134 |117 159 168 141 88 150 15 24 189 137 95 |55 165 87 26 129 14 42 112 97 102 ||31 |144 |52 |196 166 |56 |53 |127 |193 27 |98 100 25 |116 106 46 |81 |135 57 35 |68 160 |2 170 167 149 |148 77 136 |181 79 48 |175 51 151 |71 64 177 |113 49 121 74 |37 |179 |156 |7 |19 21 30 |185 8 173 13 143 |23 |197 |43 |20 188 |110 199 128 191 |158 33 1 |72 152 |139 75 80 |186 94 78 |154 |124 |17 6 5 |184 34 |92 38 |192 12 171 |67 |54 |58 |65 89 |198 |61 |103 |4 |180 |178 161 |120 |
32441.6 378490
140 109 182 155 10 130 115 105 194 9 153 131 |138 119 111 91 174 147 183 157 83 104 |59 123 69 76 84 176 145 93 47 82 169 36 |195 44 190 187 40 86 39 133 90 18 101 132 96 172 22 |32 163 41 63 66 85 146 28 |99 3 16 118 45 142 29 164 |50 108 114 126 107 11 200 73 |62 70 162 60 125 134 |117 159 168 141 88 150 15 24 189 137 95 |55 165 87 26 129 14 42 112 97 102 ||78 |7 |196 |144 |13 56 166 |89 |110 |61 |103 |113 75 181 |128 185 6 |175 20 92 34 |38 54 160 8 1 |30 106 177 94 148 |136 122 170 188 |124 149 5 191 |178 68 100 |25 49 57 |152 151 167 |79 23 |192 |186 43 116 |58 |161 |46 71 81 |198 |77 33 |17 179 120 |154 |35 184 |173 |19 |64 21 98 193 |2 |171 |135 51 |139 72 |12 52 |48 53 |31 |67 121 |180 80 |127 143 |156 158 |65 199 |74 37 |4 |27 197 
33157.1 367062
140 109 182 155 10 130 115 105 194 9 153 131 |138 119 111 91 174 147 183 157 83 104 |59 123 69 76 84 176 145 93 47 82 169 36 |195 44 190 187 40 86 39 133 90 18 101 132 96 172 22 |32 163 41 63 66 85 146 28 |99 3 16 118 45 142 29 164 |50 108 114 126 107 11 200 73 |62 70 162 60 125 134 |117 159 168 141 88 150 15 24 189 137 95 |55 165 87 26 129 14 42 112 97 102 ||64 |144 |81 |196 |67 |191 31 |75 113 181 |6 175 92 185 |38 54 34 |20 128 |8 167 |152 56 57 193 |160 148 106 71 98 |52 |184 |1 |30 177 94 |136 122 170 188 |124 149 5 |110 |25 49 27 |127 |79 68 |192 33 |186 43 116 |58 48 |161 |46 |198 |151 |17 |77 |89 179 |120 |23 |199 65 2 |197 |80 53 |12 166 |103 |37 |121 |61 |171 |135 51 35 |139 |7 143 |13 |19 |21 |74 |72 |154 |180 |178 |4 |100 |156 158 |173 |78 |
34843.5 359690
140 109 182 155 10 130 115 105 194 9 153 131 |138 119 111 91 174 147 183 157 83 104 |59 123 69 76 84 176 145 93 47 82 169 36 |195 44 190 187 40 86 39 133 90 18 101 132 96 172 22 |32 163 41 63 66 85 146 28 |99 3 16 118 45 142 29 164 |50 108 114 126 107 11 200 73 |62 70 162 60 125 134 |117 159 168 141 88 150 15 24 189 137 95 |55 165 87 26 129 14 42 112 97 102 ||31 |144 |52 |196 166 |56 |53 |127 |193 27 |71 81 |77 |75 |128 185 6 |175 20 92 34 |38 54 160 8 1 |30 106 177 94 148 |136 122 170 188 149 |25 49 57 191 |152 151 167 |79 23 5 |192 98 |186 43 116 |58 181 100 |161 178 |46 124 |198 |68 |113 |48 |184 |33 |17 179 120 |89 199 65 2 110 |197 |80 |12 156 |103 |37 |121 |61 |171 |135 51 35 |139 |7 143 |78 13 |19 |21 |74 |72 |67 |180 |173 |154 |64 |158 |4 |
36610.8 357623
140 109 182 155 10 130 115 105 194 9 153 131 |138 119 111 91 174 147 183 157 83 104 |59 123 69 76 84 176 145 93 47 82 169 36 |195 44 190 187 40 86 39 133 90 18 101 132 96 172 22 |32 163 41 63 66 85 146 28 |99 3 16 118 45 142 29 164 |50 108 114 126 107 11 200 73 |62 70 162 60 125 134 |117 159 168 141 88 150 15 24 189 137 95 |55 165 87 26 129 14 42 112 97 102 ||78 |110 13 |7 |196 156 |81 |113 75 |53 |127 |34 27 |71 |77 |2 |128 185 6 |175 20 92 |38 54 160 8 1 |30 106 177 94 148 193 |136 122 170 188 149 |79 23 61 5 |192 |143 |186 43 116 |58 181 191 |161 48 |166 |46 |25 100 |68 |49 57 89 |152 151 |80 103 |65 120 |17 |51 |179 |184 |199 |98 |197 |198 |33 |12 124 |37 |121 |144 |171 |135 |35 |139 |31 |56 |52 |19 |21 |74 |72 |178 |180 |173 67 |154 |64 |158 |4 |167 |
36862.4 354494
140 109 182 155 10 130 115 105 194 9 153 131 |138 119 111 91 174 147 183 157 83 104 |59 123 69 76 84 176 145 93 47 82 169 36 |195 44 190 187 40 86 39 133 90 18 101 132 96 172 22 |32 163 41 63 66 85 146 28 |99 3 16 118 45 142 29 164 |50 108 114 126 107 11 200 73 |62 70 162 60 125 134 |117 159 168 141 88 150 15 24 189 137 95 |55 165 87 26 129 14 42 112 97 102 ||78 |110 13 |7 |196 |81 |113 |75 |53 |127 |34 |27 |71 170 |77 |2 |128 185 6 |175 20 92 |38 54 160 8 1 |106 177 94 193 30 |122 188 149 |79 61 5 |192 136 |148 |143 186 116 |58 181 191 |161 48 |43 |166 |46 |68 100 |49 57 89 |152 151 |80 103 |25 65 |17 120 |23 |51 |179 |184 |199 |98 |197 |198 |33 |12 124 |37 |121 |144 |171 |135 |35 |139 |31 |56 |52 |19 |21 |74 |72 |156 |178 |180 |173 67 |64 |158 154 |4 |167 |
40010.6 351022
140 109 182 155 10 130 115 105 194 9 153 131 |138 119 111 91 174 147 183 157 83 104 |59 123 69 76 84 176 145 93 47 82 169 36 |195 44 190 187 40 86 39 133 90 18 101 132 96 172 22 |32 163 41 63 66 85 146 28 |99 3 16 118 45 142 29 164 |50 108 114 126 107 11 200 73 |62 70 162 60 125 134 |117 159 168 141 88 150 15 24 189 137 95 |55 165 87 26 129 14 42 112 97 102 ||31 |144 |78 |196 166 |191 |113 75 |181 185 |98 128 |127 |193 27 |170 |71 |5 77 |175 20 |38 54 160 8 1 |136 94 148 30 |92 149 |67 143 |156 |177 106 6 |7 |57 34 |89 56 |79 |80 167 |158 192 |198 100 |152 49 |58 61 |161 23 |116 81 |65 120 25 |17 |151 |68 |37 |178 52 |51 33 12 |179 |188 46 |199 |110 |197 |184 |4 |171 |122 35 |173 186 |53 |135 |103 |13 |19 124 |139 72 |21 |43 |2 |180 |154 |121 |74 |48 |64 |
57436.7 350924

