Time:12
Last Iter:10
Last Update:10
Tabu:0
Last Time12
16
143 148 177 70 86 94 81 154 152 78 93 87 57 |197 145 178 51 92 155 181 83 111 198 90 9 22 108 180 |174 125 42 48 79 84 119 175 189 168 85 25 109 11 |132 195 12 123 2 156 194 104 133 29 |193 49 32 128 43 121 99 110 6 112 17 18 77 171 186 |162 21 28 149 44 184 72 130 100 190 105 5 113 |179 71 69 167 151 14 182 165 35 10 65 196 74 41 150 170 59 |199 80 20 137 122 138 73 97 82 88 103 40 98 115 |67 116 30 36 101 60 163 118 144 4 66 31 64 95 106 7 91 26 |185 19 23 46 89 139 134 114 62 159 16 15 39 153 33 157 13 136 75 140 50 ||173 27 107 192 1 |124 169 |126 38 |158 |142 |68 |96 127 45 |129 187 191 |3 37 |61 135 |141 |52 131 |24 |117 172 47 161 146 188 |8 |147 58 |160 164 |176 54 120 76 |55 |34 56 200 ||166 183 |53 63 102 |
16042.1 1.26305e+06
101 110 166 150 41 121 9 106 113 119 77 100 148 |82 84 90 104 162 181 192 145 156 12 94 |183 127 55 28 78 36 144 155 67 105 33 115 50 |4 51 75 138 79 81 74 |200 19 130 46 199 117 109 57 44 93 198 76 26 38 22 48 18 70 |53 125 175 37 58 56 27 80 69 134 72 193 66 32 194 16 103 87 111 |17 30 98 184 6 14 54 159 171 135 178 42 190 |40 182 133 126 88 86 39 64 31 122 185 29 85 136 |165 118 152 10 92 170 73 97 108 186 7 114 112 139 20 71 177 5 168 197 |59 123 23 173 25 116 167 83 11 60 154 132 124 180 189 164 99 196 ||131 43 |174 1 |13 137 |163 24 62 |153 |142 96 |45 65 128 |179 34 |63 157 |95 91 15 |61 |141 |52 160 195 49 |188 161 3 |158 |191 140 |143 107 |68 |21 187 151 89 |169 176 8 |149 35 129 146 |2 102 47 |147 172 |120 |
16064.7 1.19631e+06
39 94 131 154 165 127 177 136 |166 76 74 186 31 115 155 19 71 67 112 |125 92 49 132 193 22 78 114 40 98 17 25 80 85 148 168 5 33 18 194 |105 102 56 46 51 63 58 197 143 167 50 196 |77 97 82 7 91 141 160 81 159 103 41 133 44 69 23 178 10 152 |170 135 171 106 9 79 66 144 110 14 24 87 |83 11 89 181 184 93 198 163 118 99 8 43 113 61 156 70 145 59 100 130 123 86 |104 150 38 16 119 180 189 147 2 42 199 20 29 48 |149 111 120 90 52 84 96 134 139 57 109 173 190 12 108 |47 107 179 191 68 36 26 121 88 169 128 95 32 153 175 ||64 73 195 129 |27 157 |6 54 |142 |75 |174 124 15 |122 172 161 |188 45 65 62 |158 162 |13 53 |34 72 |101 |126 |183 |137 37 146 4 |1 192 |21 60 151 28 |138 164 176 |140 116 117 |200 3 |55 182 187 35 185 |30 |
17383.1 1.16949e+06
68 21 169 176 8 149 35 129 146 2 102 47 147 172 120 |101 180 110 166 150 41 121 9 106 113 119 77 100 148 59 |82 84 90 104 162 181 192 145 156 12 94 132 |183 11 127 78 36 144 155 67 105 33 115 83 50 25 23 |4 51 75 138 79 81 74 99 154 |200 196 19 130 46 199 117 109 57 44 93 198 26 38 22 48 18 70 |53 167 125 175 37 58 56 27 80 69 134 193 66 32 194 16 103 87 111 |17 98 184 14 54 159 171 135 178 42 190 |40 133 88 86 39 31 185 29 85 136 123 |189 165 118 152 10 92 170 97 108 186 7 114 112 139 20 71 177 5 168 197 ||173 116 60 |131 43 |174 1 |13 137 |163 24 62 164 |153 124 |142 |45 65 128 |63 157 |95 91 15 |61 |141 |52 160 195 |161 3 |158 |30 179 |76 55 182 |96 |140 |49 73 64 122 |107 34 |6 191 |126 28 187 |188 89 72 151 |143 
18950.2 1.06996e+06
17 106 22 144 42 70 15 86 88 165 40 57 83 |143 77 177 5 172 116 25 69 173 155 10 132 156 |118 12 31 135 7 99 59 71 148 197 105 |115 114 51 161 100 56 130 199 58 50 11 152 79 81 121 |24 180 62 93 133 176 52 82 190 19 85 112 110 189 |186 78 21 35 66 9 39 108 170 175 178 123 168 181 139 |61 150 113 171 128 195 45 146 92 67 13 37 18 46 29 80 111 198 90 196 16 84 |43 136 91 194 94 138 154 185 193 60 44 184 98 33 87 |47 192 145 75 3 124 153 119 32 |159 14 74 103 41 104 36 48 20 23 167 109 ||147 |200 53 97 |117 134 |101 65 |102 157 |127 183 |131 |162 158 |141 95 |174 63 169 |54 26 166 163 |8 38 |68 |142 |129 125 2 1 27 |120 149 160 |4 137 140 |30 179 |76 55 182 |96 |164 |49 73 64 122 |107 34 |6 191 |126 28 187 |188 89 72 151 |
20164 1.06468e+06
68 21 169 176 8 149 35 109 146 2 198 47 147 172 165 114 120 |101 180 110 166 150 41 121 9 106 113 119 77 100 148 168 177 5 59 |197 82 84 90 104 162 181 192 145 156 12 94 132 10 |183 11 127 78 36 144 155 67 105 33 115 83 50 25 71 23 |4 51 75 136 79 81 74 99 154 152 |200 196 19 130 46 199 117 186 57 44 93 102 26 38 22 48 18 70 |189 53 167 139 112 20 |175 7 37 58 56 27 80 69 134 193 66 32 194 16 103 87 111 |17 98 184 14 54 159 171 108 135 170 178 42 190 |40 133 88 86 39 31 185 29 85 125 92 123 ||118 97 |173 116 60 |131 43 |174 1 |13 137 |163 24 62 164 |153 124 |142 |138 |129 |45 65 128 |63 157 |95 91 15 |61 |141 |52 160 195 |161 3 |158 |30 179 |76 55 182 |96 |140 |49 73 64 122 |107 34 |6 191 |126 28 187 |188 89 72 151 |143 
24040.2 1.02892e+06
149 34 124 60 38 159 176 196 121 84 126 16 88 91 7 169 9 106 128 |17 186 194 32 82 86 171 39 77 108 61 113 73 132 66 48 |11 139 184 112 110 21 78 165 187 122 |119 50 40 44 57 98 83 167 181 69 29 20 144 185 10 |130 46 85 199 33 170 31 115 193 |105 14 133 142 87 41 103 74 90 150 99 160 81 79 22 |93 198 55 104 26 166 154 |36 182 114 111 28 35 152 |25 109 80 71 23 190 42 178 51 123 92 12 129 |70 94 175 180 156 18 189 136 145 147 197 58 168 148 177 5 67 59 100 155 19 ||102 |6 |120 |24 62 |118 |65 |164 |163 |117 |141 |153 15 95 |131 195 |188 97 174 53 |52 |37 157 2 200 3 |8 43 49 |146 4 125 56 27 173 |134 72 30 |137 89 179 |1 143 172 |127 101 |96 183 |68 |13 75 |107 |116 |158 162 76 54 |63 64 |151 191 |140 |135 |192 47 161 138 45 
24184.7 479658
133 119 194 94 186 86 171 39 77 108 113 32 106 |34 180 197 136 145 33 18 175 92 115 170 31 132 66 12 |57 6 191 199 148 168 177 5 67 105 59 100 190 42 178 51 123 |82 126 28 |188 20 29 69 72 83 11 139 151 112 48 |150 90 41 103 74 159 99 10 |70 88 121 196 16 84 7 9 81 79 22 154 |189 87 104 111 198 114 78 165 152 |156 93 98 50 17 167 181 25 109 80 71 85 46 130 155 23 19 |184 44 40 14 36 110 144 193 ||15 |172 |118 135 |24 62 176 |21 35 |128 195 45 146 |43 91 185 |47 3 124 |131 164 |49 125 89 122 |174 73 61 161 |56 192 58 107 |141 |169 153 |187 173 60 |147 37 |143 |52 |13 138 |101 158 |142 96 |116 137 |2 53 63 |75 |65 162 134 |200 97 95 |117 102 157 |127 183 |129 1 27 |120 149 160 |4 140 |30 179 |76 55 182 163 |54 26 166 |8 38 |68 |64 
25376.2 435312
94 112 139 57 184 40 21 28 154 152 |104 164 176 159 99 22 10 |133 117 199 71 25 80 109 50 17 83 11 167 181 69 29 20 |98 18 170 156 180 175 33 3 178 42 190 155 130 85 46 23 19 |55 198 114 93 14 36 110 35 |44 70 148 145 136 189 197 168 177 5 67 105 59 100 51 123 193 |108 77 39 186 86 171 82 32 106 66 |90 150 74 103 41 87 111 78 165 48 144 |7 16 196 121 84 9 81 79 |88 194 119 113 132 31 115 92 12 ||131 |76 |102 58 |97 91 |135 |163 24 |160 52 |37 157 2 200 ||8 43 49 |146 4 125 56 27 173 |134 72 140 |137 89 151 179 |1 143 172 |182 127 |96 138 |30 68 |101 162 |141 |107 63 |191 116 |185 118 187 |192 |142 120 26 |60 158 |6 166 |161 61 128 |126 38 54 45 |183 149 |147 47 129 |169 95 153 |64 73 195 174 |75 188 |124 15 |122 65 62 |13 53 |34 |
29235.3 418970
145 136 197 168 177 5 1 59 100 190 |39 14 104 87 150 90 41 103 74 159 196 121 99 81 79 22 154 |113 97 31 178 56 85 46 130 23 19 |84 111 198 114 93 44 40 36 110 78 165 48 144 |119 86 171 77 108 170 115 92 51 123 |156 180 175 18 70 33 105 67 42 |189 148 199 155 193 |71 80 109 25 11 139 112 152 |133 184 57 50 98 83 167 181 69 29 20 |17 186 94 194 88 16 9 7 106 82 32 132 66 12 10 ||73 |153 |43 95 |37 185 |38 21 |68 |101 30 |52 120 |91 |174 146 122 163 |128 54 55 |89 117 172 |182 26 |61 135 124 |75 107 |141 |142 183 |116 192 179 |137 58 |195 65 164 169 |3 64 |76 162 6 |2 |131 15 |53 151 |34 |158 62 |125 147 |126 8 28 |129 49 4 187 |72 |45 157 102 188 |143 27 173 |127 60 35 |13 161 138 |96 24 |63 |191 140 |176 166 160 |149 |200 118 |134 47 
32074.9 411482
145 68 133 198 114 93 14 78 165 152 10 |136 119 171 39 77 108 156 180 170 115 31 132 12 |98 57 184 44 40 36 110 144 |186 148 175 18 70 197 168 177 5 33 105 67 59 100 155 190 123 193 |189 86 94 194 88 113 82 32 106 66 |9 7 84 16 196 121 159 99 81 79 22 |111 104 87 41 103 74 90 150 154 |50 17 83 11 139 112 48 |199 80 109 25 167 181 69 29 20 |71 85 46 130 23 19 42 51 178 92 ||55 163 |15 |172 |118 |24 62 176 |21 35 |128 195 45 146 |91 185 |47 3 124 |131 164 |49 125 89 122 |174 73 61 161 |56 192 58 107 |141 |169 153 |187 173 60 |147 37 |143 |52 |13 |8 26 |34 |43 138 |101 158 |142 96 |116 137 |2 53 63 135 |75 |65 162 134 |200 97 95 |117 102 157 |127 183 |129 1 27 |120 149 160 |4 140 |30 179 |76 54 28 166 |72 188 |38 126 |182 151 |191 |64 |6 |
32169.4 393197
196 36 40 139 184 57 98 50 17 83 167 181 69 29 20 |156 180 175 18 70 189 136 145 33 92 |115 170 105 67 59 100 155 190 |198 93 114 14 78 110 165 48 144 |177 112 148 199 80 109 25 71 85 46 130 23 19 |31 108 77 113 82 32 106 10 |84 121 16 88 7 9 22 154 |44 194 94 186 86 171 39 119 132 66 12 193 |11 133 111 104 87 41 103 74 90 150 159 99 81 79 152 |197 168 5 178 42 51 123 ||62 |64 |161 |129 55 |120 |35 |160 45 138 122 187 |118 126 169 128 |65 182 24 166 |147 58 102 |135 47 |91 61 |151 6 34 |63 |142 54 |76 21 |164 |163 |117 |141 |153 15 95 |131 195 |188 97 174 53 |52 |37 157 2 200 3 |8 43 49 |146 4 125 56 27 173 |134 72 30 |137 89 179 |1 143 172 |127 101 |96 183 |68 |13 75 |107 |116 |158 162 |176 28 60 |140 185 |124 |38 26 |192 |73 |191 |149 |
32494.4 387820
196 36 40 139 184 57 98 50 17 83 167 181 69 29 20 |156 180 175 18 70 189 136 145 33 92 |115 170 105 67 59 100 155 190 |198 93 114 14 78 110 165 48 144 |177 112 148 199 80 109 25 71 85 46 130 23 19 |31 108 77 113 82 32 106 10 |84 121 16 88 7 9 22 154 |44 194 94 186 86 171 39 119 132 66 12 193 |11 133 111 104 87 41 103 74 90 150 159 99 81 79 152 |197 168 5 178 42 51 123 ||15 |188 13 102 |172 |64 |191 |140 1 |53 |26 |157 27 |143 |120 166 195 |107 2 137 173 |45 34 |138 153 135 |58 129 |128 162 163 187 |37 |68 |28 |131 |141 |21 176 |125 |56 |174 3 35 |60 160 95 |169 |179 |96 183 142 |62 24 118 |185 151 134 89 |122 161 |97 146 4 |117 116 |52 73 |127 |63 |200 49 |149 |65 |75 |43 61 |101 76 |126 |124 |72 6 |164 |8 38 54 |182 |158 |55 |147 192 47 |30 |91 |
34059 380063
196 36 40 139 184 57 98 50 17 83 167 181 69 29 20 |156 180 175 18 70 189 136 145 33 92 |115 170 105 67 59 100 155 190 |198 93 114 14 78 110 165 48 144 |177 112 148 199 80 109 25 71 85 46 130 23 19 |31 108 77 113 82 32 106 10 |84 121 16 88 7 9 22 154 |44 194 94 186 86 171 39 119 132 66 12 193 |11 133 111 104 87 41 103 74 90 150 159 99 81 79 152 |197 168 5 178 42 51 123 ||15 |153 56 |13 102 |172 |96 |72 |64 |191 |140 |26 53 |157 27 |143 45 |120 166 |195 |49 107 2 137 |138 200 ||58 129 |128 173 187 |162 163 |68 34 |28 |131 |169 |176 185 |21 |125 |174 3 188 35 |60 54 160 95 |142 |183 |1 |141 97 |62 24 118 |134 |89 116 |126 |122 161 |135 146 4 |179 63 |52 73 |127 |151 |149 |65 164 |75 |101 76 |43 61 |124 |37 |8 38 |182 |117 |6 55 |147 192 47 |30 |91 |158 |
40490.2 377581
196 36 40 139 184 57 98 50 17 83 167 181 69 29 20 |156 180 175 18 70 189 136 145 33 92 |115 170 105 67 59 100 155 190 |198 93 114 14 78 110 165 48 144 |177 112 148 199 80 109 25 71 85 46 130 23 19 |31 108 77 113 82 32 106 10 |84 121 16 88 7 9 22 154 |44 194 94 186 86 171 39 119 132 66 12 193 |11 133 111 104 87 41 103 74 90 150 159 99 81 79 152 |197 168 5 178 42 51 123 ||62 126 |55 |96 |72 56 |37 |35 |58 45 |43 91 138 |143 |174 162 |172 2 49 |30 |164 |28 118 |21 101 |3 47 173 4 |13 157 |195 52 |151 128 |185 |64 |122 8 176 |160 125 161 |153 188 129 |76 54 24 65 |116 107 146 |68 134 |15 |63 |26 166 187 |140 |141 |179 |137 |89 |149 |73 169 |27 |200 ||97 |95 |53 |102 |127 120 |1 |183 |131 |142 |124 61 |191 6 |34 |60 38 |182 |117 |135 |147 192 |158 163 |75 |
43514.1 375485
196 36 40 139 184 57 98 50 17 83 167 181 69 29 20 |156 180 175 18 70 189 136 145 33 92 |115 170 105 67 59 100 155 190 |198 93 114 14 78 110 165 48 144 |177 112 148 199 80 109 25 71 85 46 130 23 19 |31 108 77 113 82 32 106 10 |84 121 16 88 7 9 22 154 |44 194 94 186 86 171 39 119 132 66 12 193 |11 133 111 104 87 41 103 74 90 150 159 99 81 79 152 |197 168 5 178 42 51 123 ||62 |185 |135 56 |96 |34 |91 35 |45 |138 |143 174 |2 49 107 |164 162 |28 118 |187 173 |30 |131 146 |75 |169 60 |120 |64 128 |179 172 |176 122 |53 125 161 |153 |129 |195 |24 65 |3 134 |15 |26 21 |160 52 166 |137 68 |27 |142 |191 151 |140 116 |141 |13 63 |188 |89 |149 |73 4 |43 |200 ||97 |95 |58 |102 157 |127 |1 |183 |101 76 |126 |124 61 |72 6 |37 |8 38 54 |182 |117 |55 |147 192 47 |158 163 |
45664.8 373570

Time:12
Last Iter:10
Last Update:10
Tabu:0
Last Time12
20
176 81 128 66 144 130 46 189 |191 68 50 109 177 168 157 145 193 48 165 36 133 150 159 9 |141 194 131 32 113 63 156 175 42 110 87 142 196 |185 118 60 21 40 44 167 140 80 71 148 77 94 90 41 198 |61 64 97 86 88 38 96 78 112 20 19 92 33 199 152 |153 39 171 119 7 43 16 99 103 111 28 14 57 23 100 197 70 |29 69 139 184 34 162 24 62 122 22 12 31 53 190 67 5 136 121 |74 104 154 195 106 73 108 180 18 170 125 155 192 17 98 |30 83 181 89 134 101 114 79 95 84 45 10 4 115 161 85 179 25 |11 151 93 120 26 54 52 82 132 186 123 51 178 59 117 105 ||1 107 37 |187 182 |124 15 49 |200 147 |8 91 |116 27 2 174 |138 169 160 163 |13 |158 |183 |146 143 |164 126 |173 72 |3 58 |172 |149 127 |137 |135 166 |55 76 65 35 |129 188 56 47 102 |6 |75 |
15462.8 1.20943e+06
160 128 22 122 24 150 96 16 39 156 199 80 83 |70 33 147 168 130 31 108 171 194 106 99 121 104 198 133 |74 90 159 87 84 66 152 92 100 167 |101 134 139 11 184 57 140 23 155 42 178 115 180 145 136 5 148 67 9 |79 48 188 59 71 17 50 98 40 14 76 103 |82 95 7 88 196 81 26 149 187 51 77 |186 86 141 169 12 10 123 102 105 189 27 85 69 181 25 109 165 111 114 |72 36 78 93 54 38 43 195 138 200 53 175 18 75 153 |157 58 197 107 173 20 112 110 44 162 62 120 35 193 174 132 32 119 94 |46 19 190 161 177 143 29 144 154 4 49 170 135 113 131 126 41 55 183 ||117 192 37 |158 |116 34 |68 191 151 |89 182 |142 45 185 |60 125 |61 91 |8 146 |56 1 |176 28 163 129 |137 2 3 |172 |73 97 |127 |15 |65 164 166 118 |52 |179 13 |63 124 64 |47 30 |6 21 |
16206.5 1.20422e+06
100 161 67 145 58 148 23 69 11 50 40 66 115 156 77 113 |26 81 32 141 42 46 177 17 57 110 152 |179 137 112 139 6 34 98 172 31 39 186 194 84 87 |196 99 79 12 193 190 71 80 198 103 88 86 108 |5 147 175 92 123 19 130 20 154 165 36 14 121 |41 133 127 158 28 22 10 29 181 167 59 105 189 94 |126 43 164 163 78 21 187 93 182 149 184 83 25 168 37 170 |2 200 51 85 27 117 1 197 13 18 180 53 132 95 160 159 16 104 120 111 96 44 48 144 |107 192 136 109 162 114 55 9 106 61 |82 119 171 153 7 74 90 150 54 118 35 155 178 33 70 143 199 ||140 146 45 |76 176 169 |185 49 60 |91 15 129 |122 188 24 62 |68 |72 30 134 |56 102 3 |101 |75 |142 183 |124 157 |195 65 166 8 |38 |131 97 73 |135 |138 128 |52 |89 116 173 4 |125 63 64 |151 191 |174 47 |
16221.7 1.20008e+06
1 192 197 75 109 17 66 32 108 170 |184 134 112 68 85 107 168 92 81 88 183 133 |35 48 163 111 87 38 159 99 121 52 132 178 51 59 155 71 50 |72 140 89 36 74 7 86 39 156 18 67 |57 11 181 23 116 177 105 189 180 115 113 106 |103 41 196 9 169 65 144 29 110 40 93 190 42 123 31 70 5 |14 78 60 118 22 79 95 49 19 100 199 148 136 69 167 83 139 16 194 |157 37 2 125 12 10 138 84 150 24 165 151 98 46 |77 135 124 119 186 94 141 176 8 120 198 114 158 44 30 25 80 145 152 154 |33 175 58 143 130 20 193 187 21 28 104 90 43 82 171 ||191 6 |128 91 |166 62 26 101 |146 3 27 173 137 |142 96 |76 164 160 188 |53 63 97 |117 |126 |131 |162 149 127 |15 |47 172 |13 147 102 56 |200 179 |122 45 185 4 129 195 73 |182 |153 64 61 174 |161 |54 55 |34 |
17139.1 1.16719e+06
14 93 184 112 167 80 50 100 67 193 152 |171 91 52 159 111 40 11 59 5 168 148 189 |107 47 58 37 18 63 77 10 79 90 74 |136 70 156 170 115 12 42 106 113 196 103 133 198 36 110 |39 15 108 141 9 164 99 104 87 55 183 165 144 20 123 92 145 139 |75 175 178 190 19 56 172 69 82 119 84 |160 169 131 132 66 154 26 6 68 140 46 51 33 105 177 |32 97 64 61 186 88 7 16 176 81 54 41 114 48 29 25 71 199 197 57 |194 43 121 65 166 78 21 101 44 134 181 83 72 30 98 109 130 31 |94 86 135 124 180 157 155 23 85 27 17 34 146 22 150 142 ||38 8 76 |185 122 116 |147 143 161 |53 102 192 |138 |200 174 95 |24 |117 13 |45 195 49 |89 158 182 187 |35 28 127 |96 |173 188 4 125 118 |128 153 |162 149 |191 137 |2 |60 163 120 |73 3 179 |1 129 |62 151 |126 |
17874.4 1.14316e+06
176 81 128 66 144 130 46 189 105 51 123 |191 59 |50 132 109 177 168 157 145 193 48 165 36 133 150 159 9 |141 93 194 131 32 113 63 156 175 42 110 87 142 196 |186 185 118 60 21 40 44 167 140 80 71 148 77 94 90 41 198 |61 64 97 86 88 38 96 78 112 20 19 92 33 199 152 |153 11 39 171 119 7 43 16 99 103 111 28 14 57 23 100 197 70 |29 69 139 184 34 162 24 149 122 22 12 31 53 190 67 5 136 121 |74 178 104 154 195 106 73 108 180 18 170 125 155 192 17 98 |30 82 83 181 89 134 101 114 79 95 84 45 10 4 115 161 85 179 25 ||151 26 54 |1 107 37 |187 182 |124 15 49 |200 147 117 |8 91 |172 |127 |116 27 2 174 |138 169 160 137 |13 |158 |183 |146 143 |164 126 |173 72 |3 58 |52 55 |68 |62 120 163 |135 166 |76 65 35 |129 188 56 47 102 |6 |75 |
20923 1.09238e+06
136 28 26 96 65 79 7 132 170 108 51 100 59 177 181 83 29 |20 10 154 9 94 156 33 145 184 14 |176 84 171 86 19 39 67 5 155 23 48 40 114 133 104 |24 87 121 113 167 178 69 42 46 139 |61 105 32 66 174 130 17 57 111 150 103 81 16 194 119 |101 175 198 99 45 152 12 49 73 53 197 168 143 71 25 |102 161 3 115 144 137 110 163 93 183 126 70 82 180 186 148 50 98 |189 112 11 44 78 162 182 120 41 160 169 88 22 123 85 80 |18 159 37 92 190 199 172 109 193 35 118 165 36 158 |62 90 74 38 196 106 77 31 ||124 97 122 |107 27 116 185 |4 138 128 43 |91 131 |47 192 58 |141 |127 149 |2 |142 |200 157 13 |134 89 140 179 |146 52 |56 173 |187 |6 151 30 72 |76 60 21 |166 |147 129 195 |125 64 153 |8 |54 164 |75 |34 191 68 188 |95 15 |135 |63 |117 1 |55 |
22446.7 1.09237e+06
198 182 87 74 22 144 69 11 17 177 197 189 115 31 94 |141 119 81 150 104 127 114 78 110 48 178 105 |12 152 154 106 170 85 148 57 111 194 66 |45 174 82 77 180 18 99 36 40 112 |140 156 72 191 139 6 44 20 199 132 39 91 196 90 79 |100 190 146 188 173 130 181 83 1 124 32 171 186 16 159 103 |136 168 5 192 19 |33 9 145 175 135 64 86 88 7 41 93 165 23 46 25 109 80 92 |27 70 179 155 59 42 51 200 67 117 4 49 113 108 84 14 184 98 50 167 |34 134 101 158 28 54 121 133 138 10 193 123 29 71 ||58 75 |63 61 129 |131 97 |118 8 |2 161 147 |137 116 89 |73 |143 172 |149 |142 183 |126 176 166 187 |125 3 102 56 |76 162 151 |30 60 |65 169 26 |38 |107 |185 128 |47 157 13 |122 35 21 62 120 163 |52 55 |68 |153 15 95 195 |53 37 |24 96 |160 164 43 |
23914.8 1.06465e+06
50 119 150 90 41 38 103 74 159 99 111 78 110 165 |137 27 71 80 116 199 59 42 51 190 193 |132 73 113 108 61 135 53 12 |87 168 148 177 107 5 70 18 175 170 31 66 10 |186 14 88 194 39 86 171 82 32 106 7 84 16 196 121 9 81 79 22 154 152 |94 133 104 198 114 93 40 139 11 83 181 69 29 |36 44 167 109 25 20 |17 98 57 184 112 48 144 |75 138 96 34 72 6 19 23 85 46 130 155 100 161 178 123 |149 195 197 49 15 77 156 180 189 136 145 67 105 33 92 115 ||172 192 47 |185 |97 131 91 |142 120 |182 122 |128 43 160 |127 163 |37 3 2 4 |183 35 |52 62 |125 |101 |102 143 117 |124 |58 |141 |169 |158 162 |176 126 |200 157 13 |134 21 164 |166 95 129 |140 30 |8 |68 |89 |60 146 |151 |187 76 |63 153 64 |173 56 188 174 |1 147 |179 24 28 |65 26 55 54 |191 118 45 
24042.9 502615
37 112 14 78 165 |24 104 41 87 96 198 111 152 |160 99 164 16 43 84 81 79 22 10 |199 148 168 177 5 67 59 100 42 190 193 |150 90 159 196 121 9 106 154 |50 88 194 86 39 77 108 156 180 175 115 66 12 |18 103 74 94 186 171 119 82 32 113 132 31 170 92 |114 70 136 189 197 145 33 105 178 51 123 |133 7 110 36 40 44 184 57 98 11 167 181 69 29 20 23 19 |139 93 83 17 109 80 25 71 85 46 130 155 144 48 ||182 |127 |45 174 |147 |72 191 188 |107 |27 4 129 138 49 |47 192 58 |141 97 |34 101 118 |75 161 |63 61 73 |8 28 |6 137 |116 172 117 |131 |2 |52 |142 |200 157 13 |134 89 140 179 |146 |56 |173 1 102 |54 149 158 |143 125 |183 166 |135 64 124 |185 128 91 169 |126 176 187 |122 35 21 62 120 163 |55 76 162 60 |68 151 |3 65 |30 |26 38 |153 15 95 195 |53 
26546 431853
104 41 87 96 198 111 152 |160 99 164 16 43 84 81 79 22 10 |199 148 168 177 5 67 59 100 42 190 193 |150 90 159 196 121 9 106 154 |50 88 194 86 39 77 108 156 180 175 115 66 12 |18 103 74 94 186 171 119 82 32 113 132 31 170 92 |70 136 189 197 145 33 105 178 51 123 |133 7 110 36 40 44 184 57 98 11 167 181 69 23 19 |139 83 17 109 80 25 71 85 46 130 155 144 48 |114 93 14 78 165 112 29 20 ||182 |127 |45 174 |147 |72 191 188 |107 |27 4 129 138 49 |47 192 58 |141 97 |34 101 118 |75 161 |63 61 73 |8 28 |6 137 |116 172 117 |131 |2 |52 |142 |200 157 13 |134 89 140 179 |146 |56 173 1 102 |54 149 158 |143 125 |183 166 |135 64 124 |185 128 91 169 |126 176 187 |122 35 21 62 120 163 |55 76 162 60 |68 151 |3 65 |30 |26 38 |153 15 95 195 |53 37 |24 
28821.4 419747
99 150 90 103 41 87 104 111 76 154 48 144 |181 167 17 83 11 139 112 |69 29 20 23 85 46 130 56 155 19 |88 25 109 80 71 199 102 59 100 42 51 123 193 |194 50 98 184 44 40 36 14 93 198 114 78 110 165 152 |94 145 136 157 197 168 148 177 5 67 178 190 |39 186 86 171 119 32 79 22 |57 74 159 121 196 16 84 7 9 81 |106 82 113 77 108 132 66 10 |133 189 105 33 70 18 175 180 156 170 31 115 92 12 ||153 |68 |21 169 |125 173 60 122 4 |58 75 |63 61 129 138 195 |131 97 49 |118 27 179 200 ||2 161 147 117 |137 116 89 |73 134 |143 172 192 |34 101 |142 183 28 |54 55 162 24 |8 91 |124 64 |127 96 |140 47 |126 176 166 187 |62 163 |141 95 |188 26 149 35 |30 |52 65 128 |146 158 |135 |15 |43 120 |191 |6 |45 107 |72 |38 |182 174 |37 1 |160 151 |185 |53 |13 3 |164 |
29091.7 400762
106 9 7 84 16 196 121 159 99 10 |111 41 103 74 81 79 22 |133 87 104 150 90 154 152 |44 184 112 71 19 155 190 193 |108 57 25 80 109 17 98 11 139 83 167 181 69 29 20 |33 145 105 67 59 100 42 178 51 123 |50 92 136 197 168 5 177 148 199 85 46 130 23 |189 198 88 194 94 86 171 39 119 82 32 113 132 66 |186 77 70 156 180 18 175 170 31 115 12 |78 114 93 14 40 36 110 165 48 144 ||183 |141 |124 61 169 |138 |187 |60 |35 |151 137 |118 126 |129 188 37 |21 73 |120 96 |62 28 65 24 |161 3 107 102 |26 128 |58 192 |55 |162 |116 |101 |131 |176 |2 |142 |52 |200 ||157 13 |134 89 |95 97 146 |127 |140 |34 122 |47 53 |30 |64 |63 |125 173 |76 |54 38 166 |91 |191 |72 185 4 |147 |49 |43 |158 6 |149 |135 |45 |179 |27 |117 |1 172 |182 174 |163 |160 |8 |143 |68 |56 153 |15 195 |164 |75 
32957.1 383088
106 9 7 84 16 196 121 159 99 10 |111 41 103 74 81 79 22 |133 87 104 150 90 154 152 |44 184 112 71 19 155 190 193 |108 57 25 80 109 17 98 11 139 83 167 181 69 29 20 |33 145 105 67 59 100 42 178 51 123 |50 92 136 197 168 5 177 148 199 85 46 130 23 |189 198 88 194 94 86 171 39 119 82 32 113 132 66 |186 77 70 156 180 18 175 170 31 115 12 |78 114 93 14 40 36 110 165 48 144 ||183 |141 |124 61 169 |191 138 |135 187 |35 60 |151 137 |118 |37 |126 129 188 |21 73 |120 96 |62 24 28 65 |3 107 102 192 161 |149 26 |128 |58 |55 |101 158 162 |176 |131 |2 |52 |142 |200 157 13 |134 89 140 |146 |95 97 |127 |68 |34 122 |47 53 |30 |64 |63 125 |75 |76 |38 166 |54 173 |91 |147 |72 185 4 |49 |43 |6 |45 179 |27 |117 1 172 |182 174 |163 |160 |8 |116 143 |153 15 195 |56 |164 |
34220.8 382091
106 9 7 84 16 196 121 159 99 10 |111 41 103 74 81 79 22 |133 87 104 150 90 154 152 |44 184 112 71 19 155 190 193 |108 57 25 80 109 17 98 11 139 83 167 181 69 29 20 |33 145 105 67 59 100 42 178 51 123 |50 92 136 197 168 5 177 148 199 85 46 130 23 |189 198 88 194 94 86 171 39 119 82 32 113 132 66 |186 77 70 156 180 18 175 170 31 115 12 |78 114 93 14 40 36 110 165 48 144 ||141 |187 138 |169 49 |195 166 60 |35 158 45 |188 |162 179 |95 |129 160 173 |89 |142 96 |161 192 |62 76 |63 97 73 |183 24 |3 |149 |128 |126 |64 131 |102 |68 |127 |58 |61 |176 |163 |191 |65 118 122 137 |1 |52 26 |134 151 2 146 |143 53 200 ||124 135 |37 107 |21 120 28 |55 101 |157 13 |34 140 |47 |30 |125 |75 |38 |54 |91 |147 |72 185 4 |43 |6 |27 |117 172 |182 174 |8 |116 |153 15 |56 |164 |
37363.5 381267
106 9 7 84 16 196 121 159 99 10 |111 41 103 74 81 79 22 |133 87 104 150 90 154 152 |44 184 112 71 19 155 190 193 |108 57 25 80 109 17 98 11 139 83 167 181 69 29 20 |33 145 105 67 59 100 42 178 51 123 |50 92 136 197 168 5 177 148 199 85 46 130 23 |189 198 88 194 94 86 171 39 119 82 32 113 132 66 |186 77 70 156 180 18 175 170 31 115 12 |78 114 93 14 40 36 110 165 48 144 ||75 |141 |140 |191 |1 187 |127 60 |101 151 137 |176 166 162 45 |126 95 188 |21 |195 |192 2 161 122 |118 |96 |62 24 28 65 |3 107 102 |97 |160 128 |58 143 |116 |35 |147 |73 |131 |124 169 138 |52 38 |49 125 47 |157 13 53 200 ||134 185 |146 163 4 |179 89 |142 76 |63 64 61 |37 |182 149 |68 |158 |56 173 |129 |54 |15 |30 34 |8 |72 |172 |6 |135 153 |120 26 164 174 |91 43 |183 |27 |117 |55 |
39077.5 380175
106 9 7 84 16 196 121 159 99 10 |111 41 103 74 81 79 22 |133 87 104 150 90 154 152 |44 184 112 71 19 155 190 193 |108 57 25 80 109 17 98 11 139 83 167 181 69 29 20 |33 145 105 67 59 100 42 178 51 123 |50 92 136 197 168 5 177 148 199 85 46 130 23 |189 198 88 194 94 86 171 39 119 82 32 113 132 66 |186 77 70 156 180 18 175 170 31 115 12 |78 114 93 14 40 36 110 165 48 144 ||183 |141 |140 |191 |1 187 |127 60 |101 151 137 |176 166 162 45 |126 95 188 |21 |195 |192 2 161 122 |118 |96 |62 24 28 65 |3 107 102 |97 |160 128 |58 143 |116 |35 |147 |73 |131 |124 169 138 |52 38 |49 125 47 |157 13 53 200 ||134 185 |146 163 4 |179 89 |142 76 |63 64 61 |37 |182 149 |68 |158 |56 173 |129 |54 |15 |30 34 |8 |72 |172 |6 |135 153 |120 26 |117 |174 |43 164 |75 |91 |55 |27 
39240.3 377753
106 9 7 84 16 196 121 159 99 10 |111 41 103 74 81 79 22 |133 87 104 150 90 154 152 |44 184 112 71 19 155 190 193 |108 57 25 80 109 17 98 11 139 83 167 181 69 29 20 |33 145 105 67 59 100 42 178 51 123 |50 92 136 197 168 5 177 148 199 85 46 130 23 |189 198 88 194 94 86 171 39 119 82 32 113 132 66 |186 77 70 156 180 18 175 170 31 115 12 |78 114 93 14 40 36 110 165 48 144 ||183 |141 |124 61 |169 138 |187 191 |35 60 |151 137 |118 |37 129 188 |58 3 |49 126 |89 |131 64 73 |116 172 179 173 45 |96 120 122 |75 102 161 |127 158 162 |63 95 |125 |13 1 200 ||176 76 24 62 |101 182 |163 |52 26 |97 |65 160 164 |43 |2 |53 146 |21 30 |195 192 107 |142 |143 |134 |128 |140 34 |38 |68 |91 |8 |28 166 |4 185 |56 47 |15 135 |149 |147 117 |174 |72 6 |157 |153 |27 |55 |54 |
39598.7 376980
106 9 7 84 16 196 121 159 99 10 |111 41 103 74 81 79 22 |133 87 104 150 90 154 152 |44 184 112 71 19 155 190 193 |108 57 25 80 109 17 98 11 139 83 167 181 69 29 20 |33 145 105 67 59 100 42 178 51 123 |50 92 136 197 168 5 177 148 199 85 46 130 23 |189 198 88 194 94 86 171 39 119 82 32 113 132 66 |186 77 70 156 180 18 175 170 31 115 12 |78 114 93 14 40 36 110 165 48 144 ||183 |141 |187 169 |138 |1 60 |143 137 |158 |49 45 |126 129 188 |91 195 |160 173 179 |89 |142 96 163 |131 43 |64 |62 134 |8 |68 118 |52 95 125 |176 149 24 122 |135 3 161 |191 34 |63 124 128 |13 146 |172 58 |182 26 162 |127 |37 |151 |53 |97 |65 164 |2 140 |35 |30 101 21 |192 107 102 |120 |6 |61 |200 ||76 28 166 |4 185 |174 |72 |47 |15 |38 |116 |56 |73 |147 |54 |27 |157 |153 |75 |55 |117 |
44133.4 376492
106 9 7 84 16 196 121 159 99 10 |111 41 103 74 81 79 22 |133 87 104 150 90 154 152 |44 184 112 71 19 155 190 193 |108 57 25 80 109 17 98 11 139 83 167 181 69 29 20 |33 145 105 67 59 100 42 178 51 123 |50 92 136 197 168 5 177 148 199 85 46 130 23 |189 198 88 194 94 86 171 39 119 82 32 113 132 66 |186 77 70 156 180 18 175 170 31 115 12 |78 114 93 14 40 36 110 165 48 144 ||135 |58 |64 |183 |187 169 138 |158 137 60 |63 3 |49 179 129 |141 95 |13 125 |1 |120 |173 161 |62 118 45 |162 24 |122 73 |6 |101 182 |131 126 |116 172 |96 |75 102 |127 |176 |188 |151 200 ||157 |163 |52 26 |53 97 |65 160 164 |43 |124 2 35 |30 146 |89 21 |195 192 107 |142 |38 |37 143 |191 134 |140 34 |68 |61 |149 |76 28 166 |4 185 |174 |72 |47 |15 |8 |56 |147 |54 |27 |128 |153 |117 |55 |91 |
45055.2 376149

Time:19
Last Iter:10
Last Update:10
Tabu:0
Last Time19
13
176 196 81 103 149 114 93 181 59 42 177 148 18 156 |115 178 100 29 25 17 136 84 99 111 |20 89 50 71 46 155 5 37 108 77 152 78 36 14 198 150 |80 116 83 191 30 48 113 145 74 133 |90 41 26 166 79 32 170 143 69 167 |65 22 169 7 16 194 131 171 63 175 3 92 51 190 168 112 184 57 98 |195 106 9 160 159 126 119 94 180 33 67 123 144 165 110 40 44 11 |8 38 104 10 193 19 23 199 109 34 132 |73 31 125 66 138 154 122 163 76 164 52 95 82 186 56 172 75 189 |105 157 13 197 70 61 15 39 86 88 121 87 55 120 142 12 130 85 139 ||4 188 35 118 28 62 |174 53 47 27 |140 192 |129 161 173 187 |24 162 101 |45 2 147 |134 102 |141 |200 124 135 153 |6 158 182 |97 64 |54 |91 |60 151 72 |117 107 1 |183 |21 185 146 179 |128 43 |127 96 |58 49 |137 68 |
16078.8 1.21872e+06
141 39 15 108 16 142 96 127 114 23 19 71 199 136 |34 57 20 67 105 145 180 |51 125 124 70 119 186 7 81 150 198 165 112 193 |65 164 22 49 115 61 113 82 171 18 197 100 |139 167 17 25 80 137 190 12 152 122 187 111 87 41 84 94 |129 170 3 56 155 143 147 132 97 32 86 79 133 14 40 184 11 98 |91 131 196 159 99 160 163 76 10 29 69 181 50 178 5 |110 60 21 162 101 36 44 104 38 126 9 66 144 48 130 46 85 59 33 175 156 31 92 |140 109 148 177 168 189 200 42 161 123 4 154 118 93 90 103 121 88 77 |63 174 146 89 83 72 75 106 194 74 78 ||182 158 134 173 |45 95 8 |179 30 |102 192 47 |73 157 |58 |135 64 138 185 |26 54 |1 37 |195 28 |153 53 |169 52 |166 120 35 |27 172 |43 |191 116 |117 107 |24 |149 62 188 |2 13 |151 6 128 |176 55 |183 |68 |
16543.9 1.16487e+06
149 198 114 111 24 104 90 52 91 186 92 67 197 152 154 |112 83 71 179 130 47 148 143 145 33 123 156 81 74 78 |192 107 157 42 180 108 119 86 88 16 9 99 165 139 98 |35 10 193 4 12 51 155 1 199 80 109 181 50 |142 38 160 22 66 59 69 36 14 |55 41 121 132 115 175 136 177 11 |25 27 100 102 172 29 68 189 31 77 39 194 106 150 |79 65 164 103 76 162 158 93 57 184 173 23 46 116 170 |58 168 37 105 178 85 20 144 48 129 195 32 82 113 64 171 94 141 131 169 84 196 110 40 44 167 17 |7 159 87 120 133 182 21 151 137 19 190 146 5 147 70 18 ||187 118 138 128 |89 97 |96 |188 174 125 |15 |75 13 161 |122 49 73 200 2 185 |56 140 134 |101 45 |124 153 |163 26 54 |3 53 63 135 |28 6 |34 30 60 |62 127 |176 8 |43 95 |117 |72 191 |166 183 |61 |126 |
18092.5 1.15349e+06
176 105 196 81 103 149 114 93 181 59 42 177 148 18 156 |115 178 100 29 25 17 136 84 121 99 111 |86 20 89 50 71 46 155 5 54 108 77 152 78 36 14 198 150 |80 88 72 83 191 30 48 113 145 74 133 87 |90 41 26 166 79 32 170 143 130 85 69 167 |70 65 22 169 7 16 194 131 171 39 63 175 |92 51 190 168 112 184 57 98 139 |197 195 106 9 160 159 126 119 94 180 33 67 123 144 165 110 40 44 11 |8 38 104 10 193 19 23 199 109 34 132 12 |73 31 151 66 138 154 122 163 76 164 60 95 82 186 56 172 75 189 ||157 13 |4 188 35 118 28 62 |174 53 47 27 |140 192 |129 161 173 187 |24 162 101 |61 15 |55 120 |142 |45 2 147 |134 102 |141 |200 124 135 153 |6 158 182 |97 64 3 |116 117 125 |52 |37 107 |1 |91 |183 |21 185 146 179 |128 43 |127 96 |58 49 |137 68 |
21960.8 1.04937e+06
50 180 59 109 80 71 199 85 46 130 100 155 23 19 |5 168 197 156 113 132 12 |177 148 25 184 44 40 36 21 165 48 185 |128 43 31 170 115 92 190 193 |127 65 122 49 73 163 172 126 195 160 137 167 83 98 30 11 139 181 69 29 20 |57 32 103 104 87 41 74 176 159 90 150 166 154 152 |17 119 77 108 39 171 86 186 94 194 88 84 99 164 81 79 22 10 |76 111 198 114 93 14 78 110 112 144 |121 196 52 16 7 169 9 106 95 66 |133 82 18 175 70 189 37 136 145 67 105 33 3 178 42 51 123 ||63 125 |34 |89 |116 |149 8 |191 |96 |143 |131 |75 56 |157 13 |4 188 35 118 28 62 |174 53 47 27 |192 |129 173 187 |24 101 |61 15 |55 120 |142 |45 |134 102 |141 |200 124 135 |179 60 |140 |58 |68 |162 26 138 |151 |107 147 1 161 2 |97 |38 146 |153 |6 158 182 |64 91 |54 |72 117 |183 |
23364.9 543023
97 13 174 195 95 126 149 72 191 158 78 155 1 47 102 59 100 190 |148 168 197 189 136 145 33 92 |133 87 104 156 180 18 5 105 178 42 51 123 193 |177 67 199 80 71 85 46 130 19 |40 44 184 181 167 109 25 23 |70 57 98 50 17 83 11 139 112 69 29 20 144 |111 198 114 93 14 36 110 165 48 |32 82 186 86 171 119 113 31 170 115 12 |79 88 194 94 39 77 108 132 66 10 |175 30 16 81 99 74 103 41 150 90 159 196 121 84 9 7 106 22 154 152 ||118 |142 |116 |137 |129 |131 |34 89 60 45 |27 4 |8 26 62 76 |125 173 |55 127 |161 147 58 |101 |140 |68 |75 |91 |182 162 21 187 |28 120 169 |43 52 |15 153 |143 |53 124 56 185 |65 163 138 188 |2 134 |141 |63 135 49 200 ||117 192 37 |122 128 |179 107 |164 160 24 |3 157 146 |35 73 64 61 |96 183 166 |6 151 |172 |54 176 38 
25163.9 514095
171 18 186 15 39 77 64 108 135 100 155 130 19 |194 34 167 109 80 25 71 85 46 23 |86 98 17 83 11 139 181 69 29 20 144 48 |70 120 54 150 41 38 103 159 196 121 84 9 79 10 |88 134 36 101 14 93 114 198 111 76 62 24 152 |180 57 184 44 40 6 112 110 78 165 |199 177 5 67 105 33 170 115 66 12 |189 163 133 183 104 87 90 74 176 99 81 22 154 |50 175 145 13 136 197 168 148 59 178 51 123 193 |94 156 106 52 16 43 7 119 113 82 32 132 31 92 42 190 ||162 |68 |107 116 |157 161 |124 27 |151 89 72 |53 37 58 |47 137 60 |65 97 125 |187 166 173 |102 143 |91 164 |30 191 |96 149 |192 |75 |127 |73 95 128 129 122 118 |200 3 117 |147 |131 146 |179 56 172 |141 |63 61 153 195 |45 28 126 138 |185 174 2 |21 158 182 188 |140 |1 4 49 |8 160 169 35 |55 142 26 
25164.5 474042
72 141 117 135 37 164 64 128 132 31 170 115 192 157 1 56 146 |104 87 41 90 150 159 99 154 48 |133 143 77 108 61 32 82 113 119 39 171 86 186 94 194 88 7 106 66 10 |103 74 196 121 16 84 9 81 79 22 |14 93 114 198 111 78 165 35 152 |110 36 40 44 184 11 139 112 144 |156 80 109 17 50 98 83 167 181 69 29 20 |25 71 19 23 85 46 130 155 190 |57 180 18 175 70 5 197 189 136 145 33 105 178 92 12 193 |199 148 168 177 67 59 100 42 51 123 ||102 13 |158 |195 |54 38 149 |55 |62 176 |118 |116 27 |147 137 173 |97 131 |30 179 |142 183 28 |58 |101 60 |140 191 |68 134 |15 91 45 |24 96 |8 49 |182 |125 |75 |162 26 138 |151 |107 |3 |65 122 95 188 |53 161 47 129 4 |126 76 166 |120 127 163 |89 34 200 2 |169 |73 |172 |6 |187 21 |160 43 52 185 |153 124 63 174 
28770.4 472904
57 132 77 108 156 180 175 170 31 115 66 12 |104 87 41 90 150 159 99 154 48 |133 18 32 82 113 119 39 171 86 186 94 194 88 7 106 10 |70 103 74 196 121 16 84 9 81 79 22 |14 93 114 198 111 78 165 152 |110 36 40 44 184 11 139 112 144 |80 109 17 50 98 83 167 181 69 29 20 |25 71 19 23 85 46 130 155 190 |5 197 189 136 145 33 105 178 92 193 |199 148 168 177 67 59 100 42 51 123 ||163 |6 56 |13 |172 |164 28 |166 8 52 |43 195 |97 61 4 129 |1 174 185 |176 |158 134 173 |45 26 |72 |179 |192 47 |73 157 |58 75 |38 65 160 |49 |102 |91 131 169 |54 21 101 |140 161 125 |182 |142 |187 |146 |153 64 |143 107 |96 183 |53 124 137 |147 |138 188 |116 |141 |162 |95 |200 ||117 37 |122 76 |3 |63 135 |2 89 27 |34 30 60 |62 127 120 |15 126 |128 24 |191 |149 |151 |35 55 |118 |68 |
28879.2 373038
104 87 41 90 150 159 99 154 48 |133 32 82 113 119 39 171 86 186 94 194 88 7 106 10 |103 74 196 121 16 84 9 81 79 22 |14 93 114 198 111 78 165 152 |110 36 40 44 184 11 139 112 144 |80 109 17 50 98 83 167 181 69 29 20 |25 71 19 23 85 46 130 155 190 |5 197 189 136 145 33 105 178 92 193 |199 148 168 177 67 59 100 42 51 123 |57 70 18 175 180 156 77 108 170 115 31 132 66 12 ||34 72 |58 |157 187 |192 |95 118 |158 |102 3 |24 76 137 |182 164 |147 179 |174 143 47 |4 |126 38 |131 61 |53 153 135 124 |89 |8 91 |173 21 |183 96 |68 |63 |75 13 161 |49 73 200 2 185 |56 140 134 |101 45 |107 138 195 |169 52 |64 |1 37 |28 |163 43 128 35 122 |60 120 188 |30 6 |54 160 |141 |149 |26 |27 |176 65 |97 129 |151 146 |55 162 |191 |127 |117 125 |62 166 |172 116 |15 |142 |
35358.4 372615
104 87 41 90 150 159 99 154 48 |133 32 82 113 119 39 171 86 186 94 194 88 7 106 10 |103 74 196 121 16 84 9 81 79 22 |14 93 114 198 111 78 165 152 |110 36 40 44 184 11 139 112 144 |80 109 17 50 98 83 167 181 69 29 20 |25 71 19 23 85 46 130 155 190 |5 197 189 136 145 33 105 178 92 193 |199 148 168 177 67 59 100 42 51 123 |57 70 18 175 180 156 77 108 170 115 31 132 66 12 ||163 |72 137 |166 149 21 |13 |187 |76 |131 97 |188 143 53 |146 138 |102 173 118 |43 |141 |47 3 157 |169 49 |91 128 |174 116 27 |1 147 |6 |95 |158 101 129 |164 |89 30 |172 |37 |75 161 |65 122 |61 15 125 |64 |24 |8 52 195 |56 140 45 |34 134 4 |182 |120 162 |192 179 |58 |2 |63 |62 |28 |185 |68 |96 |26 |54 |38 |60 126 |127 |176 160 |124 107 |135 |153 |200 ||35 |151 |117 |55 |73 |183 |191 |142 
38328.7 368620
57 132 77 108 156 180 175 170 31 115 66 12 |104 87 41 90 150 159 99 154 48 |133 18 32 82 113 119 39 171 86 186 94 194 88 7 106 10 |70 103 74 196 121 16 84 9 81 79 22 |14 93 114 198 111 78 165 152 |110 36 40 44 184 11 139 112 144 |80 109 17 50 98 83 167 181 69 29 20 |25 71 19 23 85 46 130 155 190 |5 197 189 136 145 33 105 178 92 193 |199 148 168 177 67 59 100 42 51 123 ||183 |53 |35 |164 |28 |166 21 |43 200 ||73 146 |4 118 173 |47 191 |157 |158 76 |27 1 2 |176 52 169 |64 174 |116 117 |61 95 49 |101 |15 |37 |124 |72 |65 |13 161 |162 |56 122 |185 |125 188 |24 195 |120 129 |192 89 |34 140 |134 182 |126 160 |60 179 |91 131 |8 |58 |3 |63 |62 |141 |149 |75 |68 |96 |26 |54 138 |38 |147 45 |127 |97 107 102 |172 |135 |153 |151 187 |6 128 |143 |55 163 |137 |30 |142 
47448.1 363660
104 87 41 90 150 159 99 154 48 |133 32 82 113 119 39 171 86 186 94 194 88 7 106 10 |103 74 196 121 16 84 9 81 79 22 |14 93 114 198 111 78 165 152 |110 36 40 44 184 11 139 112 144 |80 109 17 50 98 83 167 181 69 29 20 |25 71 19 23 85 46 130 155 190 |5 197 189 136 145 33 105 178 92 193 |199 148 168 177 67 59 100 42 51 123 |57 70 18 175 180 156 77 108 170 115 31 132 66 12 ||164 |163 137 |166 |21 28 |187 6 |43 |30 |143 53 146 |4 118 173 |47 |157 |158 76 |27 1 2 |176 52 169 |64 174 |116 117 |61 95 49 |101 |15 |37 |124 |72 |65 |13 161 |162 |56 122 |185 |125 188 |24 195 |120 129 |192 89 |34 140 |134 182 |126 160 |60 179 |91 131 |8 |58 |3 |63 |62 |141 |149 |75 |68 |96 |26 |54 138 |38 |147 45 |127 |97 107 102 |172 |135 |153 |200 ||35 |151 |128 |55 |73 |183 |191 |142 
47982.4 363203

Time:27
Last Iter:10
Last Update:10
Tabu:0
Last Time27
15
128 43 91 183 57 17 167 19 100 177 145 33 70 18 175 156 115 12 |23 130 29 80 116 199 124 77 82 32 81 99 |85 89 34 110 48 152 154 31 108 171 74 105 148 |71 140 191 139 112 190 136 180 39 113 7 9 196 103 88 |79 160 195 66 118 187 25 75 189 41 |22 122 165 78 24 104 90 127 151 11 50 109 155 42 178 119 94 |159 121 52 132 4 92 3 5 58 197 27 179 69 36 198 |123 146 193 10 144 188 20 181 184 44 40 60 111 55 166 65 84 176 106 15 |67 102 13 135 131 194 141 138 35 14 87 150 133 |51 59 56 46 173 83 98 172 117 168 170 61 64 86 186 16 114 93 ||62 162 158 21 45 |6 30 |125 107 143 |53 63 |8 |101 76 |47 192 161 |153 |26 38 |96 |169 49 174 |72 |149 |157 147 137 185 |164 |142 |73 97 95 200 ||2 1 37 129 |134 68 |163 28 120 54 |126 |182 |
15493.4 1.22464e+06
15 171 119 106 7 150 87 104 44 112 46 92 168 197 |8 196 169 97 108 86 152 155 177 98 36 14 198 |80 71 130 190 199 13 170 32 82 79 154 94 |200 67 145 70 156 66 10 69 9 121 16 194 |40 151 11 181 109 50 27 85 47 117 178 51 125 12 48 81 93 |139 6 17 68 172 5 147 189 18 180 115 39 84 |101 110 118 22 193 174 95 153 186 159 41 20 25 167 184 |61 63 113 131 88 103 182 158 144 29 33 |42 100 105 192 148 136 132 128 129 122 35 165 162 76 111 120 90 176 133 57 |138 31 135 77 175 102 59 56 19 23 173 146 123 116 83 21 78 114 149 74 99 ||164 52 28 |124 37 157 |107 |30 195 |166 54 38 62 |89 72 60 185 4 |161 3 53 |75 |142 183 26 |137 58 |191 |43 73 49 |134 |64 |141 |65 163 24 45 |143 |2 1 179 188 |187 55 160 |140 |126 91 |96 127 |34 |
16254.3 1.22166e+06
2 92 170 31 128 154 139 50 145 39 |32 132 195 48 60 134 151 30 25 23 123 178 105 37 58 168 18 180 88 90 |53 156 119 9 150 111 198 40 110 69 130 199 67 5 109 |112 167 46 117 116 115 84 16 121 74 93 |38 103 81 79 106 91 94 171 175 190 71 17 11 36 |65 22 152 174 73 113 15 108 70 75 100 181 44 114 159 196 |83 98 80 85 20 51 66 82 86 104 87 189 |165 182 68 29 19 42 59 33 147 63 61 77 194 12 193 |186 97 7 176 142 133 162 187 118 144 185 10 56 177 148 184 |191 34 57 14 78 122 35 49 200 155 136 197 169 99 41 ||125 124 153 |164 |27 107 157 |13 |131 188 |140 |96 149 |179 172 143 |160 8 54 120 76 |135 |141 |183 62 |129 1 102 161 47 |173 72 |28 24 55 |101 |126 |45 4 146 137 163 |3 192 |89 6 158 21 |166 52 95 138 |64 43 |26 127 |
16357.9 1.20354e+06
83 71 143 197 32 171 150 111 110 112 40 57 |127 133 198 103 106 82 92 190 155 130 144 136 |119 84 159 22 12 20 100 148 145 184 14 93 |124 180 175 42 10 29 139 167 80 |27 47 192 1 23 125 132 7 81 99 121 114 |30 173 19 85 178 2 67 177 70 170 108 48 |18 13 5 117 59 46 123 200 193 152 66 79 16 88 86 113 74 41 104 78 165 181 109 |172 199 168 189 3 31 97 186 43 126 9 160 154 69 98 |161 51 102 33 157 156 135 64 39 141 194 169 65 195 138 87 36 11 25 50 |107 105 37 56 179 17 44 101 162 60 146 115 77 15 94 196 90 ||55 96 |174 49 131 |176 8 52 |158 76 62 28 |183 26 118 |185 4 153 61 73 |128 164 24 122 |188 34 68 |38 |166 54 182 |134 116 |147 58 |75 |95 91 |142 |89 151 6 35 |137 21 |63 53 129 45 |187 163 120 149 |140 72 191 |
17672.2 1.16324e+06
96 192 95 82 32 132 31 170 115 105 107 67 102 59 100 190 155 130 85 46 19 23 69 29 20 |112 36 14 158 81 79 106 128 66 |11 141 194 88 183 142 133 198 93 114 78 163 152 |7 43 16 87 104 28 |57 94 113 97 77 108 135 156 180 18 175 2 92 12 |41 38 103 74 176 99 164 22 10 |9 84 126 196 121 159 90 150 54 154 |171 139 189 199 71 25 80 109 181 167 83 50 17 98 30 191 184 44 40 6 110 60 |186 86 119 127 149 55 111 76 62 24 165 48 144 |39 177 179 117 148 5 168 197 147 145 136 70 33 3 178 42 51 123 193 ||160 188 |37 118 |8 65 45 |143 116 |162 26 |52 91 |146 173 200 125 |61 |1 172 |34 |134 151 101 |49 124 153 |140 |157 13 |187 182 |89 161 56 47 27 |185 122 129 73 64 |137 72 |53 63 |68 |166 120 21 |138 15 131 |58 75 4 |35 195 169 174 
17962.1 549256
71 172 116 199 59 100 155 42 123 152 |7 43 126 52 84 160 9 106 95 |41 70 175 18 189 168 177 148 192 85 46 130 23 29 20 |98 94 141 186 86 171 97 113 82 32 132 66 |93 92 5 197 136 145 147 67 105 178 51 190 4 193 |57 131 194 88 16 121 196 8 74 159 99 81 79 22 10 |133 80 140 11 139 184 44 40 36 101 14 158 78 165 154 |96 112 114 198 55 150 90 87 104 111 76 28 110 187 48 144 |103 33 25 109 50 68 83 167 181 69 19 |17 119 39 77 108 63 156 180 170 31 115 174 12 ||89 6 |129 |120 149 |21 176 |30 200 ||102 107 |1 117 27 179 |13 124 |61 2 |127 62 |60 185 161 3 |164 53 |142 183 166 |134 34 |26 73 |15 |58 |37 75 |118 191 |54 38 162 |182 |169 135 |157 |65 163 |24 |91 195 49 |64 153 |72 56 146 45 |138 128 |188 |151 137 173 122 35 |143 47 125 
25889.7 465338
50 84 119 194 94 141 186 86 171 39 77 108 156 180 170 31 115 12 |44 18 90 22 79 81 99 14 93 198 111 114 162 78 165 122 154 |181 167 72 83 11 139 89 69 29 |17 34 98 184 134 112 144 |70 57 40 101 36 110 48 |116 199 85 46 130 23 173 20 |33 143 148 177 5 102 161 178 92 123 193 |133 175 160 87 104 150 41 103 74 159 121 196 16 88 7 106 82 32 113 73 132 66 10 |25 140 109 80 71 59 100 155 19 152 |168 9 197 189 136 145 147 157 105 67 42 51 190 ||4 |128 |55 |2 3 |191 |183 127 |176 |179 |76 158 |107 49 |120 |15 195 |137 |169 |174 |28 54 60 |153 95 |142 |192 117 |68 |52 43 |64 |149 |30 21 185 |61 135 56 |24 182 6 151 |58 200 ||75 37 |1 |8 |27 172 |187 163 166 |35 38 65 |96 |97 124 |188 164 26 62 |126 |91 |131 146 129 |63 138 118 45 |47 13 53 125 
27639.6 460399
9 84 7 194 86 171 119 132 66 12 |175 18 70 189 136 145 33 178 42 51 123 47 |186 35 87 41 103 74 90 150 159 99 81 79 146 |50 196 121 133 198 55 104 111 22 154 |197 105 2 3 170 31 115 92 193 |94 112 98 191 11 17 109 80 25 71 23 19 |180 156 108 77 113 82 32 106 10 |88 114 93 14 40 139 83 167 181 69 29 20 144 48 |16 199 148 168 177 5 67 59 100 85 46 130 155 190 |39 57 184 44 36 110 78 165 152 ||192 |176 |127 |179 |62 76 158 |107 95 49 |8 120 166 |53 27 195 |124 137 |169 21 |174 101 |163 28 54 187 60 |56 117 58 |162 160 |15 135 64 97 |141 |43 126 91 |13 75 |173 |183 26 118 |185 4 153 61 73 |128 164 24 122 |188 34 68 |140 30 45 |157 147 37 200 125 |182 6 134 151 |38 142 |96 149 |116 143 102 |52 |65 |1 |161 |172 129 |72 89 |63 138 |131 |
28171.1 450408
16 88 192 194 191 7 84 9 81 79 22 154 |50 133 98 40 44 14 36 110 165 48 152 |41 148 199 168 177 5 67 105 42 59 46 130 155 190 |94 186 86 171 113 132 |196 57 184 83 11 139 112 181 69 29 20 144 |167 17 80 109 25 71 85 100 23 19 193 |18 121 99 159 103 90 150 87 104 198 111 93 114 78 |175 180 156 77 108 170 115 31 66 |39 119 82 32 106 10 |74 197 189 136 70 145 33 92 178 51 123 12 ||137 |183 127 |102 117 179 |24 28 163 60 |107 |135 97 169 |30 6 |160 3 188 |37 172 |8 45 |143 |162 26 120 149 |52 91 43 |146 173 200 125 |61 164 |1 147 |34 |68 |96 142 |38 54 |126 |141 |151 |49 |140 |157 13 |187 182 |58 174 4 185 |134 72 118 35 |63 2 53 |116 |75 |101 65 166 |176 73 95 |131 195 122 |47 138 129 |153 124 128 |161 62 |27 56 89 |64 15 |55 76 21 |158 |
28268.5 444542
16 192 194 191 88 7 84 9 81 79 22 154 |133 50 98 44 40 14 36 110 165 48 152 |41 199 148 168 177 5 67 105 42 59 46 130 155 190 |94 186 86 171 113 132 |196 57 184 83 11 139 112 181 69 29 20 144 |167 17 80 109 25 71 85 100 23 19 193 |18 121 99 159 103 90 150 87 104 111 198 93 114 78 |175 180 156 77 108 170 115 31 66 |39 119 82 32 106 10 |74 197 189 136 70 145 33 92 178 51 123 12 ||137 |183 127 |102 117 179 |24 28 163 60 |107 |135 97 169 |30 6 |160 188 |37 172 |8 45 |143 116 |162 26 120 149 |52 91 43 |146 173 200 125 |61 |1 147 |34 |68 |96 142 |38 54 |158 |126 |141 |134 151 |49 |140 |157 13 |187 182 |58 174 4 185 |72 118 35 |63 2 3 53 |124 15 95 128 |75 |101 65 166 |176 73 |131 195 122 |47 138 129 |55 62 76 21 |153 161 |27 56 89 |164 64 |
28739 425197
20 29 69 199 148 177 5 178 42 51 123 152 |33 145 105 67 59 100 155 190 |112 139 11 83 167 109 80 25 71 85 46 130 23 19 |156 180 115 31 132 10 |168 197 189 136 175 170 92 12 |14 93 114 198 133 111 78 48 144 |16 181 17 50 98 57 184 44 40 36 110 165 |18 104 87 150 90 41 103 74 196 121 159 99 81 79 22 154 |70 9 84 7 88 194 171 86 39 119 113 32 106 |82 94 186 77 108 66 193 ||95 |63 |138 195 163 4 |131 |169 |160 188 |37 172 |8 45 |143 116 |162 26 120 149 |52 91 43 |146 173 200 125 |61 |1 147 |34 68 |96 142 |38 54 |158 |126 |141 |134 151 |49 |140 |157 13 |187 182 |89 161 56 47 27 |185 129 73 64 |137 72 122 |118 62 76 101 |164 176 60 |124 53 |179 3 |35 |15 97 135 174 |102 2 28 |30 191 6 21 |127 183 |75 107 |153 65 |128 166 |192 58 |117 |24 |55 |
29627.2 412648
16 88 194 131 7 84 9 81 79 22 154 |133 50 98 44 40 14 36 110 165 48 152 |41 199 148 168 177 5 67 105 42 59 46 130 155 190 |94 186 86 171 113 132 |196 57 184 83 11 139 112 181 69 29 20 144 |167 17 80 109 25 71 85 100 23 19 193 |18 121 99 159 103 90 150 87 104 111 198 93 114 78 |175 180 156 77 108 170 115 31 66 |39 119 82 32 106 |74 197 189 136 70 145 33 92 178 51 123 12 10 ||58 |49 |60 47 |63 |24 179 4 |166 55 162 195 |2 102 107 1 |191 |137 56 3 174 |127 21 |141 15 |173 27 89 118 |95 153 135 124 |64 91 169 |160 164 120 |8 176 |192 |149 163 |52 43 128 |172 |140 30 |34 |101 |76 62 |54 |53 138 |72 35 187 |97 28 |13 185 |183 45 |157 147 37 200 125 |6 |151 |38 142 |96 26 |116 143 |68 188 |65 |161 |134 182 |75 129 |122 73 |61 |146 117 |126 |158 |
31124.1 404658
40 44 151 112 137 20 23 193 |133 148 18 175 180 156 129 170 31 115 92 178 123 10 |7 98 50 17 109 80 25 71 85 46 130 155 19 |99 74 103 41 87 104 149 198 111 154 |184 139 11 83 167 181 69 29 144 48 |78 93 14 36 110 165 22 152 |108 77 39 113 82 32 106 |57 88 194 94 186 86 171 119 132 66 12 |150 90 159 121 196 16 84 9 81 79 |114 70 199 5 177 168 197 189 136 145 33 105 67 59 100 42 51 190 ||191 89 |120 |30 173 187 |13 117 200 ||172 |161 102 157 195 138 |107 37 56 146 |55 96 |21 |49 131 |176 8 52 169 65 |158 76 62 28 60 |179 101 |162 160 |140 |141 97 |43 126 |135 64 |183 26 |147 |153 61 73 |164 24 122 |188 34 68 |58 174 4 185 |72 118 35 |63 2 3 53 |124 15 95 128 |75 |192 1 |116 27 47 125 |127 142 166 |91 163 |143 45 |6 54 |134 182 |38 |
31359 395628
40 44 151 112 137 20 23 193 |133 148 18 175 180 156 63 170 31 115 92 178 123 10 |7 98 50 17 109 80 25 71 85 46 130 155 19 |99 74 103 41 87 104 149 198 111 154 |184 139 11 83 167 181 69 29 144 48 |78 93 14 36 110 165 22 152 |108 77 39 113 82 32 106 |57 88 194 94 186 86 171 119 132 66 12 |150 90 159 121 196 16 84 9 81 79 |114 70 199 5 177 168 197 189 136 145 33 105 67 59 100 42 51 190 ||191 89 |120 |30 173 2 |13 117 200 ||143 3 |161 102 157 195 138 |107 122 146 |55 96 |174 49 131 |176 52 169 65 |158 76 62 28 60 |179 101 |162 160 |15 135 64 97 |141 |43 126 |68 |56 |183 26 118 |1 147 185 |8 4 |153 61 73 128 |34 24 |164 |37 |27 172 |187 163 166 |35 38 21 |192 58 188 |124 95 129 |6 125 |134 182 |75 |91 54 |53 116 |72 45 |140 47 |142 127 |
34814.4 391298
180 98 112 36 110 78 165 48 |67 133 196 121 84 9 81 79 22 |159 74 103 41 87 104 152 |70 57 14 40 44 184 139 11 17 83 167 181 69 29 20 144 |93 114 198 111 150 90 99 154 10 |16 50 23 199 80 109 25 71 85 46 130 155 100 59 42 190 |186 19 156 175 18 5 177 148 168 197 189 136 145 33 105 178 51 |32 82 119 31 170 115 92 123 193 |108 77 39 86 171 113 132 66 12 |94 194 88 7 106 ||89 |158 |169 195 |129 53 173 118 |72 |143 107 |134 60 |101 174 49 |3 2 73 95 45 |52 54 76 |157 179 4 |162 146 |138 |15 |63 |127 |140 34 137 |176 55 |47 117 147 |141 |43 64 |153 |65 |192 |68 |149 |30 21 185 |61 135 56 |97 |58 200 ||75 37 |1 |8 |182 6 151 |124 188 |166 35 27 |96 62 |172 |187 163 160 |142 38 |164 26 24 |116 |126 |91 |131 |122 120 |191 |28 |13 |128 |161 |102 |125 |183 |
36696.9 390100

Time:25
Last Iter:10
Last Update:10
Tabu:0
Last Time25
15
18 70 156 49 15 88 81 78 29 85 199 109 50 |200 12 10 48 79 106 7 186 108 75 177 167 184 114 74 |168 5 148 80 23 92 175 16 196 111 44 |56 144 152 31 97 180 84 104 11 98 |4 129 66 118 60 83 55 41 94 141 77 145 |27 59 190 102 67 192 189 115 64 82 95 195 65 90 133 93 40 112 17 |155 130 19 107 1 105 136 197 58 53 124 153 39 171 138 154 99 150 158 57 |87 38 176 52 9 22 24 198 151 68 25 69 179 46 178 131 |194 121 103 182 36 165 139 181 71 20 42 51 33 132 |149 127 183 159 166 110 134 14 140 47 117 100 123 193 170 113 32 119 86 ||163 76 162 21 35 185 146 |73 160 |126 |72 30 187 |54 120 8 |101 |45 128 2 137 |89 34 6 |172 147 |142 |169 61 |174 3 37 188 |122 62 164 |135 |96 28 |43 |191 |161 143 |26 |91 |63 |13 157 125 |173 116 |
16266.6 1.27018e+06
118 35 48 187 110 134 112 69 17 148 67 170 119 84 196 74 87 198 114 |135 171 186 94 88 79 159 144 20 25 80 199 136 |56 59 4 95 81 99 90 76 36 57 181 86 |129 193 10 122 22 65 78 29 167 98 51 33 18 77 |62 24 162 158 21 6 139 89 191 116 5 66 152 132 150 |14 93 40 83 173 19 117 168 189 61 12 104 |34 50 109 179 130 2 177 197 180 156 108 113 7 9 121 103 111 165 |101 120 166 45 92 178 42 3 105 145 85 46 71 91 194 |70 107 192 100 23 11 184 151 182 149 26 54 8 133 106 82 39 31 115 |16 160 32 124 175 37 102 155 190 123 174 154 163 44 41 ||137 185 146 200 53 |97 |1 157 13 |38 127 |195 43 |64 |161 47 |169 131 |58 75 |138 128 126 |72 30 60 |142 183 |27 172 125 |63 153 |96 |68 |141 |140 |147 143 188 |49 15 73 |28 55 164 |176 52 |
16342.2 1.2505e+06
194 94 113 32 61 84 74 144 20 69 85 |10 178 105 180 131 99 198 83 |22 79 82 108 141 123 51 190 23 112 110 |176 121 16 7 88 86 171 39 64 115 152 29 25 143 168 197 |195 154 146 3 102 1 177 170 63 156 77 15 119 9 90 40 98 |169 106 73 18 70 37 157 47 19 36 57 50 159 196 133 |49 66 193 42 100 67 5 199 189 175 186 103 41 14 44 |149 104 87 38 142 183 78 4 12 132 124 145 136 148 59 71 181 17 |46 27 172 107 13 153 95 128 138 45 118 187 188 139 68 114 111 |80 109 167 11 184 151 165 163 76 93 182 150 81 97 31 92 33 155 130 48 ||117 56 161 53 174 |28 54 120 21 122 |179 72 |52 43 |75 |55 166 |191 30 34 89 60 |24 62 126 |91 160 |140 |26 164 137 |125 173 |135 |162 127 |8 |96 65 |129 35 134 6 101 |200 2 58 |158 185 |192 147 |116 |
16538.3 1.2055e+06
98 17 140 71 199 59 19 193 144 32 186 90 93 |16 91 131 39 108 92 67 85 20 11 50 |55 133 150 8 160 77 180 189 42 190 23 130 48 112 40 |182 162 198 120 38 126 81 165 29 123 178 175 |52 176 164 166 62 158 14 110 151 30 181 46 10 154 119 156 145 |78 187 45 195 73 82 194 84 41 87 111 183 139 83 |18 136 197 5 177 105 170 174 49 128 9 65 76 44 69 |74 163 152 12 132 106 61 155 167 143 168 |79 99 159 121 196 104 88 94 171 31 115 3 51 100 148 13 109 184 57 |7 86 113 64 153 135 66 22 28 24 114 149 54 103 36 25 80 33 70 ||1 107 56 27 185 122 |35 26 |75 |137 179 |15 |142 96 |188 118 169 |200 ||127 |191 21 4 |47 117 172 116 |58 147 157 125 129 |95 43 97 |173 192 53 |89 72 68 |161 102 |141 138 |146 2 37 |60 34 134 6 |101 |124 63 |
16692.9 1.19395e+06
47 46 179 137 144 22 121 108 70 189 178 42 80 167 |104 54 159 74 81 91 170 123 33 69 11 184 98 14 111 |5 168 197 199 59 51 156 106 154 99 90 41 196 |148 177 58 157 37 75 18 115 31 66 82 87 29 23 100 71 |171 131 16 142 76 48 112 50 155 190 105 |102 147 136 116 85 20 92 77 39 78 93 40 57 133 |38 150 55 127 114 162 165 152 10 12 188 130 25 109 17 83 44 79 32 119 180 145 |132 73 64 94 84 35 163 110 36 182 181 |13 153 175 56 9 172 139 4 128 7 |120 198 151 134 30 140 19 193 67 53 63 113 86 186 194 88 103 ||169 138 129 118 |2 200 45 60 |24 101 89 |27 72 34 |158 |1 192 143 146 |166 62 |97 65 |191 |26 164 126 |161 3 107 122 |141 195 |174 49 61 |160 176 43 |21 149 |96 |95 15 135 125 |185 187 28 6 |173 117 |68 |124 |52 8 |183 |
17366.4 1.18987e+06
47 39 46 20 29 80 51 12 77 171 82 16 74 87 104 198 |13 175 145 168 26 34 93 114 121 81 22 |133 2 76 149 159 106 100 59 67 181 167 83 112 36 165 |98 33 178 161 19 144 115 132 138 196 41 90 |50 14 140 184 110 21 101 185 154 123 23 130 105 1 177 58 189 63 186 150 |71 191 192 30 70 156 53 31 108 86 94 7 84 |44 197 122 152 10 193 195 79 176 111 60 40 69 155 42 92 73 18 136 5 |65 190 85 173 |57 45 66 170 64 113 32 15 37 68 148 172 199 109 78 99 103 |11 139 17 25 116 125 180 153 119 194 88 9 48 ||151 89 28 163 |38 4 |102 97 174 |169 43 160 126 |8 55 166 |52 |135 56 |137 146 27 |128 54 |72 |147 143 |96 |49 131 |141 |124 61 95 |188 179 107 3 |157 75 |118 162 158 6 134 |91 |200 129 35 187 |24 183 |127 |117 |164 120 62 |182 |142 |
20190.3 1.03394e+06
166 158 124 2 6 34 30 8 126 131 138 146 52 88 91 16 196 74 103 38 159 160 79 |134 110 114 162 165 187 |148 194 94 86 171 39 119 82 32 113 73 132 66 10 |41 105 108 178 67 33 145 136 37 70 18 175 180 156 170 31 115 92 12 193 |164 99 150 87 104 55 120 111 62 154 |168 133 198 182 93 14 78 152 |197 5 90 176 121 84 7 106 9 81 22 45 |186 189 59 19 23 71 80 109 17 50 98 83 11 139 60 |177 36 40 44 57 184 151 112 29 20 48 144 |77 69 181 167 25 85 199 46 130 155 100 42 51 190 123 ||140 |183 |174 49 128 65 |163 61 |3 13 |64 153 135 63 |1 107 56 27 185 122 |35 26 28 24 54 |75 |137 179 143 |15 |142 96 76 |149 101 |188 118 169 |200 ||127 |191 21 4 |47 117 172 116 |58 147 157 125 129 |95 43 97 |173 192 53 |89 72 68 |161 102 |141 195 
21545 596117
80 108 199 109 25 71 5 177 168 189 197 147 157 125 12 129 |95 43 159 193 |173 192 53 145 93 14 44 40 36 112 29 20 |89 72 138 134 34 30 102 161 195 131 92 178 2 175 180 156 124 170 31 115 |88 91 7 84 9 66 |184 194 16 52 196 121 99 81 79 22 154 152 |17 77 141 94 186 39 113 106 10 |57 86 119 18 70 136 33 105 67 19 23 85 46 130 155 100 59 42 51 190 123 |133 50 98 181 167 83 11 139 69 132 171 82 32 |148 41 74 103 90 150 87 104 111 198 114 78 110 165 48 144 ||146 |6 158 166 |38 |68 |126 |8 |37 |164 55 120 62 |182 |60 |151 |140 |183 |174 49 128 65 |163 61 |3 13 |64 135 63 |1 107 56 27 185 122 |35 28 24 54 |75 |137 179 143 |142 96 |149 101 |188 118 169 |200 ||191 21 4 |47 117 172 116 |97 15 45 |26 |153 73 |176 76 162 |187 |127 160 |58 
22148.8 593513
50 182 198 133 87 104 93 114 14 78 165 48 144 |147 17 13 136 70 18 180 156 77 108 31 12 |150 90 41 103 74 159 99 81 106 |194 94 186 86 15 95 10 |171 71 189 143 148 5 177 168 197 145 67 105 33 2 178 161 42 51 123 |39 25 112 110 36 40 44 184 72 11 139 167 181 69 29 20 |119 88 16 84 9 79 22 154 152 |196 121 7 82 |111 32 92 199 19 23 85 46 130 155 190 193 |175 57 98 83 109 80 59 100 115 170 113 132 66 ||60 187 89 |53 |158 24 122 |43 54 |1 58 188 |153 |160 |126 |61 |141 |65 |47 |149 127 76 |120 96 |135 |37 137 |101 162 118 166 |151 62 |4 3 63 124 |27 146 200 35 |28 38 128 |64 163 |191 34 140 |52 26 |102 |142 183 |169 131 |68 |8 164 |73 195 21 |30 |75 |185 91 |134 6 |107 117 172 116 |176 |157 125 45 129 |173 56 97 138 |192 179 174 |49 55 
25232.9 459900
98 40 111 196 150 90 159 99 81 22 154 152 |57 44 184 71 17 109 25 167 11 139 112 165 10 |133 16 87 41 38 103 74 121 84 9 |83 80 156 18 175 180 115 170 31 132 66 |50 181 108 113 119 82 32 106 |69 155 100 59 67 105 178 51 42 190 123 193 |104 198 114 78 14 36 110 29 144 48 |93 177 168 148 199 85 46 130 19 23 20 |70 39 77 171 86 186 94 194 88 7 79 |5 197 189 136 37 145 33 92 12 ||15 |164 |166 120 128 |28 188 |8 24 |176 54 62 187 |149 55 76 122 185 |107 75 |142 96 |143 13 |160 91 131 |183 |158 |30 |153 73 |126 |163 118 169 |64 |49 200 61 |191 21 4 |47 117 172 116 |162 127 |134 182 |1 |58 147 157 125 129 |95 43 97 |173 192 53 |89 72 68 |161 102 |26 56 |140 34 137 |27 3 179 |52 138 174 |6 151 195 |63 65 |141 |2 124 |101 60 |35 45 |135 146 |
27458.3 435758
40 93 14 36 110 165 152 |78 44 184 139 112 48 144 |108 167 17 80 109 25 71 85 46 130 23 19 193 |115 31 170 156 180 175 33 105 178 92 123 |50 18 70 136 177 148 199 59 100 155 190 |145 189 197 168 5 67 42 51 |133 77 106 7 88 194 94 186 86 171 39 119 82 32 113 132 66 12 |74 103 38 41 87 104 198 114 111 154 |99 150 90 159 196 121 84 9 81 79 22 10 |16 57 98 11 83 181 69 29 20 ||65 2 |34 |146 |164 |166 120 128 |28 188 |8 24 |176 54 62 187 |149 55 76 122 185 |107 75 |142 96 |143 13 |160 91 131 |183 |158 |30 |153 73 |126 |163 118 169 |64 |49 200 61 |191 21 4 |47 117 172 116 |162 127 |134 182 |1 |58 147 157 125 129 |95 43 97 |173 192 53 |89 72 68 |161 102 |26 179 137 |138 60 174 |56 35 |52 |195 6 |151 140 |124 135 3 |63 |45 |27 |141 |101 |37 |15 
29607.2 393839
40 93 14 36 110 165 152 |78 44 184 139 112 48 144 |108 167 17 80 109 25 71 85 46 130 23 19 193 |115 31 170 156 180 175 33 105 178 92 123 |50 18 70 136 177 148 199 59 100 155 190 |145 189 197 168 5 67 42 51 |133 77 106 7 88 194 94 186 86 171 39 119 82 32 113 132 66 12 |74 103 41 87 104 198 114 111 154 |99 150 90 159 196 121 84 9 81 79 22 10 |16 57 98 11 83 181 69 29 20 ||26 |138 |2 125 |45 |91 |162 73 |141 |55 158 24 |117 3 173 |182 |72 |56 |27 |160 |37 |131 97 195 |63 53 200 4 129 |192 179 188 137 |120 163 65 35 |102 107 146 174 |166 38 128 |127 96 118 |21 76 185 |124 161 47 |28 176 52 |153 135 64 49 |134 149 |13 157 |54 151 |61 95 |140 |62 |183 |75 |169 |164 |191 |172 116 |60 |101 |187 89 |68 122 |43 |6 |1 58 |143 |142 |126 |15 |8 |30 |34 |147 
33955.4 376899
40 93 14 36 110 165 152 |78 44 184 139 112 48 144 |108 167 17 80 109 25 71 85 46 130 23 19 193 |115 31 170 156 180 175 33 105 178 92 123 |50 18 70 136 177 148 199 59 100 155 190 |145 189 197 168 5 67 42 51 |133 77 106 7 88 194 94 186 86 171 39 119 82 32 113 132 66 12 |74 103 41 87 104 198 114 111 154 |99 150 90 159 196 121 84 9 81 79 22 10 |16 57 98 11 83 181 69 29 20 ||26 |138 |2 125 |45 |91 |162 73 |141 |55 158 24 |117 3 173 |182 |72 |56 |27 |160 |37 |131 97 195 |63 53 200 4 129 |192 179 188 137 |120 163 65 35 |102 107 146 174 |166 38 128 |127 96 118 |21 76 185 |183 |68 |64 61 |95 124 |134 |147 58 157 |75 |143 |149 |13 |116 |142 |191 |34 |101 60 187 |8 |30 |89 |28 151 |6 |169 135 |122 |43 62 |1 |153 161 |47 140 |164 |52 |49 |54 |15 |126 |172 |176 |
34913 374443
40 93 14 36 110 165 152 |78 44 184 139 112 48 144 |108 167 17 80 109 25 71 85 46 130 23 19 193 |115 31 170 156 180 175 33 105 178 92 123 |50 18 70 136 177 148 199 59 100 155 190 |145 189 197 168 5 67 42 51 |133 77 106 7 88 194 94 186 86 171 39 119 82 32 113 132 66 12 |74 103 41 87 104 198 114 111 154 |99 150 90 159 196 121 84 9 81 79 22 10 |16 57 98 11 83 181 69 29 20 ||176 |91 |157 125 |173 |188 6 163 166 118 |134 |124 |151 |60 |172 200 ||117 56 107 |122 |27 |137 179 |96 54 |52 138 174 |185 |34 |192 146 |72 49 |182 24 62 |95 73 63 |162 160 |58 13 |61 |131 |183 142 |158 |75 |21 55 |65 128 |2 |102 |191 |161 169 |141 |37 |127 149 |116 129 |187 101 |30 |47 |135 |26 |3 |53 35 |140 |153 97 |43 |38 |68 89 |1 4 |28 |143 |76 126 |15 |8 |195 |164 120 |147 |45 |64 
38466.2 371839
40 93 14 36 110 165 152 |78 44 184 139 112 48 144 |108 167 17 80 109 25 71 85 46 130 23 19 193 |115 31 170 156 180 175 33 105 178 92 123 |50 18 70 136 177 148 199 59 100 155 190 |145 189 197 168 5 67 42 51 |133 77 106 7 88 194 94 186 86 171 39 119 82 32 113 132 66 12 |74 103 41 87 104 198 114 111 154 |99 150 90 159 196 121 84 9 81 79 22 10 |16 57 98 11 83 181 69 29 20 ||188 |6 163 |134 |166 91 |124 125 |60 47 129 |200 ||117 |107 137 122 |27 |13 174 |96 54 |64 138 |56 179 |61 97 |162 55 |45 151 |8 52 |135 |63 4 |58 3 185 |126 160 195 |95 73 |68 89 |24 49 |37 |75 147 157 |21 76 |65 128 |2 |102 |191 |169 |116 143 |149 |141 |153 |183 142 |173 |101 28 |187 |30 |35 |26 |53 |140 |158 |146 |43 38 |192 |1 |131 |182 |176 |72 |127 |161 62 |172 |120 |164 |118 15 |34 
47669.4 371053

Time:24
Last Iter:10
Last Update:10
Tabu:0
Last Time24
14
36 44 30 68 140 69 100 67 192 177 5 148 37 77 113 32 154 114 |31 66 110 139 180 |86 194 43 153 92 33 71 29 48 14 50 |24 120 55 165 112 98 190 42 144 106 81 94 |160 65 8 41 104 76 101 6 17 85 59 105 168 197 108 82 10 |188 173 46 56 199 89 134 158 182 96 159 99 196 9 79 175 189 |186 171 15 39 64 61 132 95 84 74 38 26 78 152 11 178 18 70 |149 166 150 7 119 170 115 125 51 161 155 146 22 83 80 57 |63 156 97 49 174 12 35 19 130 109 167 181 184 111 87 90 103 121 88 |20 23 179 25 72 40 60 162 93 198 133 183 54 164 16 45 193 123 145 136 ||141 |137 2 3 107 |73 135 169 |52 |13 |62 118 |176 |131 126 |122 138 195 124 53 |4 200 27 |157 58 143 |191 151 21 163 |28 127 |47 116 |75 |142 |102 147 |128 91 185 |187 172 |1 117 |34 129 |
15591.6 1.28449e+06
107 19 123 180 32 16 111 110 139 83 |89 11 112 101 166 99 164 81 9 7 39 108 190 100 130 109 48 |67 145 13 148 156 66 106 84 196 87 194 |63 170 200 5 189 70 80 17 50 57 104 74 |44 158 55 38 121 82 113 31 92 51 10 69 181 25 71 175 |15 171 86 94 91 52 54 24 114 93 36 40 167 59 178 12 152 |45 163 28 198 133 41 159 176 186 64 132 3 42 20 197 |126 103 150 96 60 151 98 179 46 23 155 199 168 147 136 18 105 115 22 |184 29 56 102 33 125 124 77 119 169 120 177 |192 172 85 161 2 135 141 88 95 128 79 8 90 26 78 165 14 154 144 193 ||146 195 118 62 35 |65 183 |30 |37 143 |122 187 21 134 |72 |191 34 68 173 |129 174 97 43 |27 47 |127 138 |4 61 |116 1 |73 153 |149 182 |131 |157 75 |76 162 6 137 |160 |140 117 188 185 |49 53 |142 |58 |
15599.4 1.10242e+06
148 87 168 197 47 25 109 34 22 10 92 170 82 |189 91 99 103 198 165 69 59 42 190 |128 79 81 38 88 142 132 31 39 105 155 112 19 199 |115 41 51 67 5 46 147 13 136 29 44 83 93 |48 14 111 55 |96 159 86 176 78 57 98 18 171 94 |156 70 26 145 177 143 107 2 152 138 32 7 121 150 120 114 139 65 80 71 |131 175 1 192 146 12 144 154 9 73 141 104 133 17 50 167 23 193 |186 45 74 196 106 113 108 119 77 84 180 33 75 130 11 184 40 36 110 20 |194 134 187 185 66 195 54 90 16 63 178 123 100 85 181 ||30 72 |174 15 200 ||52 43 95 129 |122 161 3 125 |4 188 179 21 |127 182 |151 6 160 |97 169 8 |53 135 61 |166 56 |172 140 173 |164 64 |137 24 |28 163 35 49 |117 157 27 |58 |124 37 |162 149 |126 |89 68 |153 118 |60 101 62 |183 |191 158 |102 |116 |76 |
21628.8 1.08705e+06
134 15 90 176 64 98 61 6 76 152 |72 160 113 156 170 12 193 |78 124 119 99 87 41 103 81 |94 3 100 47 173 69 191 55 159 32 180 136 33 178 51 92 |57 175 147 67 148 155 130 23 190 25 17 110 14 |58 16 181 70 199 71 80 109 140 34 68 40 165 48 10 20 19 82 84 150 133 |38 86 74 54 166 22 79 97 108 31 112 36 |171 44 123 42 137 144 163 26 120 127 93 83 177 18 39 186 7 9 106 |196 145 52 194 132 174 53 75 116 85 46 11 139 184 114 111 |141 167 131 88 121 104 198 182 21 154 66 115 77 105 59 5 197 189 168 50 29 ||43 126 164 45 129 |13 1 2 185 |128 95 65 24 138 |101 149 162 122 |118 179 |183 |158 |153 |8 62 28 188 |4 200 102 157 56 |63 135 49 146 |27 30 |143 |60 187 35 195 169 |151 |37 192 |172 |91 73 125 |161 107 |117 |89 |142 96 |
22893.3 1.03498e+06
15 96 187 142 171 98 125 170 90 81 |160 57 72 167 29 12 49 119 99 41 87 |3 100 91 173 69 191 55 159 32 180 136 145 33 178 51 92 193 |175 103 147 67 148 155 130 23 190 25 17 110 14 |58 78 70 199 71 80 109 140 34 68 40 165 48 10 20 19 82 84 150 133 |38 156 74 54 146 22 79 97 108 31 112 36 |123 16 42 137 144 163 26 28 127 93 83 177 18 39 86 186 94 7 9 106 |196 52 194 113 132 |53 75 64 85 46 11 139 184 44 114 111 152 |141 181 56 88 121 104 198 8 21 154 66 115 77 105 59 5 197 189 168 50 ||43 126 24 |13 192 2 129 |30 185 45 138 |101 149 122 |118 179 |183 62 |143 |95 135 153 |158 |161 27 35 195 |65 169 164 |166 120 |134 162 182 |37 157 1 47 188 |6 151 |116 |128 61 124 63 174 |131 |102 89 60 |200 107 |176 |73 |172 |76 4 |117 |
23948 1.01906e+06
156 180 18 175 170 115 173 185 |70 189 136 56 35 152 |47 145 33 105 102 123 |81 163 135 153 146 184 98 17 143 178 92 31 132 66 12 |104 41 133 139 162 86 40 114 87 150 90 103 74 159 99 22 |93 39 77 108 97 113 82 32 106 78 14 36 110 48 144 |168 88 59 67 100 5 177 148 199 116 80 109 167 83 11 57 44 101 165 |197 196 119 171 141 186 94 194 16 126 121 84 7 9 79 |50 26 181 25 71 85 46 69 29 20 23 130 155 42 51 190 19 193 |112 198 111 120 154 10 ||73 64 15 |53 75 |37 157 137 |63 |62 |30 191 118 122 |60 2 128 |54 164 129 138 |179 27 72 89 |6 151 134 187 45 |140 21 |34 68 |61 3 |160 176 52 8 |76 149 55 |96 142 |147 192 |28 166 65 195 |169 131 |38 127 |1 13 |43 |91 125 |161 200 124 49 |24 95 |172 58 |4 107 117 174 188 |183 |158 182 |
25620.6 595130
139 83 167 109 25 69 29 23 20 144 |199 148 168 177 5 67 102 178 42 51 123 193 |57 91 88 194 94 186 171 39 77 108 113 119 82 32 |111 104 150 90 159 99 81 79 22 154 |17 121 196 74 103 38 41 87 149 198 114 78 |86 93 14 36 40 44 184 98 50 11 181 112 48 |133 70 136 189 197 58 145 105 59 100 155 190 |7 16 84 9 106 110 165 152 |80 71 85 46 130 19 92 132 66 |33 18 175 180 156 170 31 115 12 10 ||128 131 |2 |35 28 |138 |146 117 107 192 |26 |134 187 185 195 |30 72 27 |45 174 15 97 |52 43 95 129 |161 151 6 122 |4 188 179 21 |127 182 |200 3 125 65 |169 160 8 54 |63 |75 |116 |53 135 61 |166 56 |172 140 173 |164 64 |137 24 |163 60 49 |153 124 |141 |183 96 118 |62 158 76 |157 47 |126 176 |73 1 |89 34 68 191 |162 101 120 |37 13 147 |142 55 |143 |
25725.1 429172
98 145 136 189 70 175 180 156 170 132 66 193 |114 178 33 105 67 197 168 177 5 148 199 47 59 100 155 190 |97 113 82 32 95 126 9 10 |57 94 186 86 171 39 77 108 31 115 92 12 |119 194 88 16 84 7 106 |159 74 196 121 81 79 22 |104 133 87 41 103 90 150 99 154 152 |111 198 93 14 36 78 110 165 |85 71 25 80 109 17 50 83 11 139 112 48 144 |18 40 44 184 167 181 69 29 20 46 130 23 19 42 51 123 ||122 |188 117 |72 |153 |13 3 173 |102 147 174 |172 137 |187 118 24 54 |6 60 163 120 |179 21 146 |96 166 35 |4 27 28 |37 107 192 |134 140 |157 125 200 ||38 43 128 195 |1 143 |34 30 |141 |176 160 |142 149 |101 162 45 138 185 |26 8 65 129 |158 182 89 |164 52 91 169 |55 49 |68 151 |183 76 |124 161 53 |73 135 64 2 |131 15 |62 |61 63 |127 |56 191 |116 |58 |75 
28976.3 428103
57 70 189 136 145 33 67 59 100 155 85 46 130 190 |103 74 159 99 81 79 22 |121 196 16 84 9 7 106 10 |108 77 39 86 171 119 32 |184 186 94 194 88 82 113 66 |175 156 180 170 115 31 132 12 |114 93 40 36 110 112 23 19 |18 14 44 139 11 83 98 50 17 109 80 71 25 167 181 69 29 20 144 48 |165 78 111 198 104 87 41 90 150 154 152 |133 199 197 168 148 177 5 105 42 51 178 92 123 193 ||1 |142 |4 21 |102 49 |107 172 45 |96 118 185 |15 3 200 129 |179 174 60 |161 2 160 138 |24 162 6 122 |89 166 120 |195 128 153 61 |141 |37 143 188 |68 137 |53 |34 |173 146 56 |131 |13 |124 |169 91 |76 182 158 101 |38 |116 |151 35 187 |72 30 |126 43 8 |127 149 55 |157 147 192 |75 58 |64 |47 117 134 |163 28 |135 63 |62 54 |27 |125 |183 |26 |65 73 |52 176 |140 191 |164 97 |95 
30807.5 392102
70 111 16 88 194 94 186 86 171 119 113 82 32 106 66 10 |189 133 198 104 87 41 103 74 90 150 99 159 196 121 84 7 9 81 79 22 |132 77 108 156 180 18 175 170 31 115 12 |148 177 5 67 59 100 51 123 193 |168 197 136 145 33 105 42 190 |85 199 155 178 92 154 152 |80 109 25 71 46 130 23 19 144 |39 11 40 93 114 14 36 110 78 165 |167 17 50 98 83 112 48 |44 57 184 139 181 69 29 20 ||122 |62 |153 128 |54 |60 120 |188 117 |166 |174 13 |195 140 |97 |21 146 |38 |15 |137 56 95 |118 163 |147 192 1 |176 |102 |72 191 |96 127 |27 143 |34 30 |141 |43 160 |142 149 |101 162 45 138 185 |26 8 |129 |158 182 89 |164 52 91 169 |55 49 |68 151 |183 76 |124 161 53 |73 135 64 2 |131 |172 |3 75 |61 200 ||47 107 |63 157 |126 125 4 |58 37 |28 179 173 |6 134 |65 |116 |187 35 |24 
34439.8 385313
70 111 16 88 194 94 186 86 171 119 113 82 32 106 66 10 |189 133 198 104 87 41 103 74 90 150 99 159 196 121 84 7 9 81 79 22 |132 77 108 156 180 18 175 170 31 115 12 |148 177 5 67 59 100 51 123 193 |168 197 136 145 33 105 42 190 |85 199 155 178 92 154 152 |80 109 25 71 46 130 23 19 144 |39 11 40 93 114 14 36 110 78 165 |167 17 50 98 83 112 48 |44 57 184 139 181 69 29 20 ||89 |35 37 |138 |131 164 |117 146 |49 43 |58 192 |166 45 |188 |4 |158 |185 53 |120 137 |169 |163 |60 126 |64 |75 |8 |54 26 |65 129 |160 21 |2 |125 |182 118 |73 15 |68 72 |38 142 |24 |61 128 |140 172 |127 |13 179 |47 |95 |52 |96 183 |174 |1 |191 27 56 |200 157 102 |135 153 97 |141 |107 195 |116 161 |91 28 |101 62 |124 |34 |187 151 30 |173 63 |147 |176 55 |3 |134 |143 |162 6 |76 |149 |122 |
39819.6 377696
70 111 16 88 194 94 186 86 171 119 113 82 32 106 66 10 |189 133 198 104 87 41 103 74 90 150 99 159 196 121 84 7 9 81 79 22 |132 77 108 156 180 18 175 170 31 115 12 |148 177 5 67 59 100 51 123 193 |168 197 136 145 33 105 42 190 |85 199 155 178 92 154 152 |80 109 25 71 46 130 23 19 144 |39 11 40 93 114 14 36 110 78 165 |167 17 50 98 83 112 48 |44 57 184 139 181 69 29 20 ||89 |140 2 |192 |164 |179 49 146 |56 166 |58 53 |153 45 |188 |4 |158 |65 118 62 120 26 |125 95 |28 |75 |137 64 |8 |138 54 24 |127 |131 |43 |149 129 |169 38 |68 173 |182 163 |15 |27 13 102 |117 |61 |172 200 ||142 55 |135 |96 183 |174 |97 |191 72 |141 128 |21 101 |34 |37 |157 47 |91 195 |116 161 |176 185 35 |151 30 187 |63 124 |6 |1 |147 |3 |134 |143 |126 |73 |76 |60 107 |162 |52 122 |160 
40807.8 374775
70 111 16 88 194 94 186 86 171 119 113 82 32 106 66 10 |189 133 198 104 87 41 103 74 90 150 99 159 196 121 84 7 9 81 79 22 |132 77 108 156 180 18 175 170 31 115 12 |148 177 5 67 59 100 51 123 193 |168 197 136 145 33 105 42 190 |85 199 155 178 92 154 152 |80 109 25 71 46 130 23 19 144 |39 11 40 93 114 14 36 110 78 165 |167 17 50 98 83 112 48 |44 57 184 139 181 69 29 20 ||37 |140 2 |192 |164 |179 49 146 |166 |58 53 |153 45 |188 |4 |158 |65 118 62 120 26 |125 95 |28 |75 |137 64 |8 |138 56 |127 54 |24 |131 |43 |149 129 |169 38 |68 173 |182 163 |15 |27 13 102 |117 |61 |172 200 ||142 55 |135 |96 183 |174 |97 |191 72 |141 128 |21 101 |89 |34 |157 47 |91 195 |116 161 |176 185 35 |151 30 187 |63 124 |6 |1 |147 |3 |134 |143 |126 |73 |76 |60 107 |162 |52 122 |160 
41641.2 373121
70 111 16 88 194 94 186 86 171 119 113 82 32 106 66 10 |189 133 198 104 87 41 103 74 90 150 99 159 196 121 84 7 9 81 79 22 |132 77 108 156 180 18 175 170 31 115 12 |148 177 5 67 59 100 51 123 193 |168 197 136 145 33 105 42 190 |85 199 155 178 92 154 152 |80 109 25 71 46 130 23 19 144 |39 11 40 93 114 14 36 110 78 165 |167 17 50 98 83 112 48 |44 57 184 139 181 69 29 20 ||89 |179 |164 |146 |43 |56 |166 53 |13 58 |188 |137 4 45 |158 |163 |126 65 |26 |125 |75 |21 62 54 |131 |149 129 |183 |38 |68 173 |117 2 |138 |118 |27 102 |61 |120 95 |55 142 |135 |24 |140 47 |192 |127 |191 72 |101 128 |8 174 |37 172 |97 |28 |200 34 |64 161 |91 49 35 |30 187 |157 195 |63 153 |124 |176 |6 151 |1 116 |147 |3 169 |134 |96 |141 15 |143 |182 |73 |162 60 |76 185 |107 |52 122 |160 |
49549.7 371137

Time:26
Last Iter:10
Last Update:10
Tabu:0
Last Time26
14
30 72 83 181 89 69 29 19 46 27 199 148 177 189 180 194 9 159 |44 101 149 87 41 196 121 77 178 42 5 197 17 |164 55 96 98 113 186 |40 21 62 166 12 31 92 51 100 67 33 145 109 82 119 39 94 |84 195 10 20 155 105 125 63 171 86 103 133 |24 28 78 54 81 79 7 88 15 132 115 175 156 66 193 48 154 190 23 59 167 |36 151 112 11 57 80 71 130 192 157 70 18 153 74 198 93 |163 76 104 99 160 106 95 32 97 108 53 49 152 144 22 110 25 136 |165 122 4 123 200 170 47 168 140 34 137 6 14 158 114 111 183 16 |184 139 191 50 85 173 60 118 150 90 174 37 ||26 162 45 185 |73 64 124 |68 |141 |56 147 |188 129 35 187 134 |2 161 179 |91 |58 |120 127 |182 |169 126 146 |3 102 1 117 |172 |61 |116 |65 8 52 |75 13 |107 143 |135 |131 43 128 138 |176 38 |142 |
16066.5 1.29973e+06
60 112 6 25 23 146 12 152 77 175 197 |63 156 170 132 10 155 33 17 44 103 88 |71 140 181 68 14 104 96 99 79 84 121 113 115 92 123 105 144 |168 177 145 189 70 18 171 91 41 36 184 139 98 29 48 |100 42 46 80 1 136 53 180 131 194 9 22 110 |165 28 166 26 54 55 74 16 81 106 39 58 130 109 50 57 |187 21 114 111 159 126 7 186 135 195 19 85 59 178 67 |174 66 154 188 20 190 47 27 167 5 37 32 196 142 93 78 40 |34 89 69 137 35 73 82 94 141 150 87 127 3 199 |11 83 101 198 133 183 90 52 119 86 153 108 124 31 51 193 148 ||38 176 24 |185 122 118 129 95 |200 75 4 |45 173 191 30 |102 192 |160 65 138 |117 116 |149 163 |128 164 |134 151 158 |56 107 157 147 |49 61 15 |182 |13 |172 |169 62 162 |64 97 43 |2 179 |76 120 8 |125 161 143 |72 |
16312.5 1.23078e+06
3 115 190 197 82 81 78 114 57 50 |43 131 31 124 123 42 145 109 167 17 10 111 |67 33 178 170 108 119 32 94 159 74 103 133 144 69 181 |65 9 91 196 176 8 93 165 44 184 20 130 85 71 177 136 |18 37 13 148 199 117 59 100 51 48 154 79 7 88 150 41 112 |183 55 198 90 152 19 92 175 180 156 70 39 171 139 11 |84 126 106 132 12 193 125 161 56 46 23 134 101 5 168 189 77 86 |73 49 4 122 60 162 121 95 15 186 194 105 29 83 98 |191 80 172 58 147 200 174 195 22 160 26 120 104 163 14 158 36 40 |113 61 135 2 155 25 110 35 66 99 16 87 96 ||146 107 |166 24 76 6 45 |138 164 |30 72 151 |62 |143 |47 27 137 188 129 |118 28 21 182 |75 |142 38 |153 |53 169 |187 149 |68 |127 |102 1 192 116 |34 |128 97 64 63 |185 54 52 |173 179 89 140 |141 |157 |
16405.1 1.2193e+06
19 155 178 200 37 109 167 112 152 154 171 |143 179 80 11 50 111 79 86 39 |69 151 191 187 10 12 66 132 113 123 51 5 136 18 |156 77 31 42 47 147 145 110 14 186 |64 97 94 52 164 81 104 57 17 67 33 177 168 |98 72 139 44 93 55 41 32 194 144 130 71 199 |126 9 82 91 8 103 87 133 96 198 158 78 165 48 193 22 190 59 197 181 83 |16 88 131 106 95 195 28 24 114 159 74 29 23 46 25 70 180 |38 90 150 99 160 196 76 6 20 56 105 3 92 170 135 175 189 148 |40 36 184 34 116 27 85 100 161 102 117 115 73 108 124 119 169 7 84 121 ||182 162 |15 43 |183 118 |129 2 157 173 |1 192 |75 |13 53 185 |89 120 |142 |107 |30 |176 54 65 138 35 |4 146 122 60 101 |149 127 163 |188 137 21 49 |140 172 |68 |61 153 63 125 174 |128 62 |134 |58 |141 45 |166 26 |
16763 1.16311e+06
135 99 108 39 194 7 16 74 10 193 66 132 130 17 40 177 70 |199 179 51 115 124 180 67 5 30 98 139 44 |86 181 125 2 175 18 136 157 168 172 165 152 22 79 88 119 77 |198 96 111 93 20 46 85 155 190 42 59 197 170 32 |37 33 117 109 11 34 57 158 114 104 87 48 82 |186 92 123 19 173 80 56 102 145 75 153 113 94 84 150 154 144 |21 55 90 121 52 169 138 178 29 69 |41 23 103 176 9 128 12 146 31 156 171 166 133 110 112 184 83 167 |25 50 148 105 189 4 |106 36 81 159 196 126 43 73 49 53 3 200 100 71 147 58 134 78 14 ||64 137 |60 118 |47 13 107 |149 26 |95 |89 72 191 151 |1 |61 |62 182 |129 45 35 28 54 |97 |192 |101 |127 24 163 |140 |68 |8 |63 195 |27 116 |164 38 76 |15 131 91 |183 142 |162 120 65 160 |188 |174 161 |143 185 122 |141 |6 |187 |
20122.3 1.07862e+06
74 148 199 23 163 122 |103 57 112 184 44 40 14 93 114 198 111 166 154 |41 90 181 98 50 17 140 109 80 71 179 85 46 130 155 100 19 |180 156 135 113 82 32 73 132 66 |15 171 86 39 77 153 108 170 31 174 12 |123 133 99 196 121 159 87 62 78 110 165 48 152 |94 36 21 139 11 83 167 25 69 29 20 144 185 |150 186 175 18 70 37 168 177 5 107 59 161 42 51 190 146 193 |106 119 131 194 88 91 7 84 9 81 79 22 10 |16 104 105 67 197 75 189 136 145 33 178 200 92 125 115 ||143 |187 |28 120 |157 58 1 56 |72 60 118 |53 49 129 137 |27 116 134 |151 191 30 45 |141 195 |55 182 162 |101 6 65 |160 43 126 |149 |64 |169 128 138 164 |47 102 |127 183 |63 3 |13 |61 |52 176 38 35 |173 |142 96 76 |24 54 |89 34 68 |158 |188 2 147 |26 8 |124 97 95 |4 172 117 192 
21754.2 475129
50 189 18 156 180 170 31 115 123 51 42 19 144 |16 112 143 148 199 80 109 25 71 85 46 130 23 69 29 20 |62 111 198 14 36 78 110 60 187 48 |132 113 82 32 26 54 |175 70 136 145 33 178 92 12 10 |17 142 96 133 87 104 150 99 22 152 |77 98 181 167 83 11 139 57 184 44 40 93 114 165 |41 103 74 90 159 121 81 79 154 |171 196 108 39 119 86 186 94 194 88 7 84 9 106 66 |105 197 168 177 5 67 59 100 155 190 193 ||131 91 |53 |166 183 |179 |76 95 146 |2 3 157 117 |188 192 |1 125 195 |129 49 64 161 |128 73 15 97 |134 6 34 |141 |200 107 27 |30 140 |55 28 163 |43 135 |75 |120 52 |153 124 |149 176 |68 137 45 |122 127 138 |89 101 151 185 |37 174 35 |160 38 118 |116 47 102 56 |182 21 158 162 |61 164 65 |58 147 13 |169 8 |172 |72 191 173 |4 |63 |24 126 |
29863.4 448490
91 55 98 44 184 11 139 112 144 48 152 |71 25 80 109 83 167 181 69 29 20 |92 199 85 46 130 155 23 19 |17 121 196 74 41 87 111 14 36 110 165 |133 93 114 78 198 104 103 150 90 159 99 81 79 22 154 |50 16 88 194 94 39 113 132 10 |57 9 84 7 186 86 171 119 82 32 106 |40 70 189 136 197 168 177 5 67 59 100 190 193 |77 108 148 145 33 105 178 42 51 123 |156 180 18 175 115 170 31 66 12 ||161 |200 137 |1 |195 138 |188 |172 53 |60 149 |127 158 |160 43 |28 122 134 |157 75 |6 191 140 |73 21 |96 183 |185 163 |61 49 125 |65 26 76 162 24 |141 128 |146 27 |142 |52 |64 153 |120 182 |116 192 |147 |62 54 176 8 |129 4 2 102 56 |58 143 107 |169 35 45 |118 |135 15 97 174 |164 179 |63 37 |131 126 |166 151 187 |72 30 68 34 89 |95 101 |47 |173 |117 3 |124 |38 |13 |
30071 407064
105 33 18 175 156 180 170 |77 108 31 115 12 |139 11 50 98 184 44 112 144 48 152 |71 25 80 109 83 167 181 69 29 20 |92 178 51 42 199 85 46 130 155 23 19 |17 121 196 74 41 87 111 14 36 110 165 |133 93 114 78 198 104 103 150 90 159 99 81 79 22 154 |148 16 88 194 94 39 113 132 66 10 |57 9 84 7 186 86 171 119 82 32 106 |40 70 189 136 145 197 168 177 5 67 59 100 190 123 193 ||183 |161 |149 |122 |125 116 |160 43 |138 |61 |26 53 |1 |195 |172 |120 |49 |3 163 185 |8 |76 |54 62 |30 68 |47 |174 |37 |95 |151 |38 166 |124 |24 |75 |173 72 |146 |127 142 |117 65 |141 |129 4 2 102 56 |58 143 |137 34 |131 |179 |118 64 73 |147 157 13 |21 158 164 |35 60 101 187 |126 |28 52 |128 188 |107 192 27 200 ||169 97 63 |96 45 |191 140 89 |15 135 |6 |134 |91 |162 |55 |153 |176 |182 |
32386.6 394445
70 111 184 57 50 17 80 109 25 71 85 46 130 23 19 |199 148 168 177 5 67 42 51 |74 197 189 136 145 33 105 59 100 155 190 193 |156 180 18 175 92 178 123 |86 171 119 77 108 31 170 115 12 |113 36 110 98 11 83 167 69 29 20 144 48 |39 186 94 194 88 32 132 66 10 |133 7 103 159 150 90 41 87 104 198 114 93 14 78 165 154 152 |181 82 99 121 196 16 84 9 81 79 22 |40 44 139 112 106 ||120 |157 |122 |128 |153 160 |8 163 |192 27 |61 97 43 |49 95 |68 188 |135 174 195 |164 26 55 28 |89 3 146 |182 65 |140 2 |52 169 |118 |172 60 |127 101 |37 |147 117 107 |30 116 |124 |72 |141 |1 161 125 |21 158 |38 142 |96 |129 4 |102 187 |64 |137 34 |131 |179 |62 54 |58 75 |191 35 45 |56 |143 |134 |63 |149 166 |76 173 |138 |53 24 185 |126 176 |183 |200 151 6 |162 |47 |15 |13 |73 |91 
33828.2 392383
105 33 18 175 156 180 170 |77 108 31 115 12 |139 11 50 98 184 44 112 144 48 152 |71 25 80 109 83 167 181 69 29 20 |92 178 51 42 199 85 46 130 155 23 19 |17 121 196 74 41 87 111 14 36 110 165 |133 93 114 78 198 104 103 150 90 159 99 81 79 22 154 |148 16 88 194 94 39 113 132 66 10 |57 9 84 7 186 86 171 119 82 32 106 |40 70 189 136 145 197 168 177 5 67 59 100 190 123 193 ||183 |161 |149 |200 137 |187 116 |160 43 |138 |61 |27 1 53 |195 |172 |120 |6 |143 13 |158 163 185 |8 |76 |89 54 35 |30 68 191 |47 2 174 |37 |15 95 |135 107 |38 118 |101 24 164 |169 63 |58 146 |127 142 |117 65 |64 131 |34 |179 102 129 122 |166 151 21 60 |72 28 |26 |140 56 188 |49 97 73 |3 |126 62 |192 125 |75 |55 182 162 |124 |4 |157 173 |45 |141 |128 |134 |91 |96 |147 |153 |176 52 |
35442.9 389605
16 36 112 184 98 83 139 11 167 181 69 29 20 |57 104 133 198 114 93 78 110 165 48 144 |14 111 87 41 150 90 159 99 22 10 |103 74 196 121 84 7 9 81 79 154 152 |44 88 194 94 186 86 171 39 119 113 82 32 106 66 |132 77 108 156 180 18 175 115 170 31 12 |199 148 177 5 33 92 123 |197 105 67 59 100 190 193 |70 189 136 145 178 42 51 |168 40 50 17 80 109 25 71 85 46 130 155 23 19 ||160 146 |120 |68 |97 185 65 |151 164 |55 24 95 |101 72 |140 2 3 |75 37 200 ||172 60 |127 163 195 |169 53 |107 13 |183 76 |63 153 64 61 |126 38 |26 174 |182 128 |143 173 |43 21 |147 129 122 |166 187 4 |131 125 |118 162 149 |157 102 192 |176 8 |47 |142 |138 1 161 188 |45 73 124 |34 134 |28 6 158 |116 |54 35 |27 135 |52 |191 |62 89 |30 |56 |141 |15 |58 117 |179 137 |49 |91 |96 |
37528.5 388412
139 11 50 98 184 44 112 144 48 152 |71 25 80 109 83 167 181 69 29 20 |92 199 85 46 130 155 23 19 |17 121 196 74 41 87 111 14 36 110 165 |133 93 114 78 198 104 103 150 90 159 99 81 79 22 154 |16 88 194 94 39 113 132 10 |57 9 84 7 186 86 171 119 82 32 106 |40 70 189 136 197 168 177 5 67 59 100 190 193 |77 108 148 145 33 105 178 42 51 123 |156 180 18 175 115 170 31 66 12 ||183 |52 |141 |149 |137 |187 188 |160 43 |128 138 125 |27 |53 |62 |195 61 |172 |120 28 |143 13 |153 |176 91 |8 |76 |60 35 |72 30 68 191 |47 2 174 |37 |126 73 |135 107 |21 118 |101 24 |56 |169 63 |75 |146 |127 142 |117 |64 131 |34 162 |3 |179 6 |192 49 4 |134 |95 122 |97 15 |55 96 |124 |140 151 |157 173 |45 |182 158 |89 129 |116 1 200 ||164 54 65 |38 163 |161 |185 |147 58 |166 26 |102 |
44202.5 386361
40 111 103 16 7 9 84 196 121 159 99 81 79 22 |78 36 44 57 184 11 139 29 20 144 48 |70 14 93 114 198 104 87 41 90 150 154 |3 132 113 82 32 106 66 10 |98 50 17 83 167 181 112 110 165 152 |69 80 109 25 71 85 46 130 23 19 |199 148 168 177 5 67 42 51 |74 197 189 136 145 33 105 59 100 155 190 193 |156 180 18 175 92 178 123 |133 194 88 94 186 86 171 119 39 77 108 31 170 115 12 ||173 |35 |149 160 |52 169 95 |192 117 27 56 |128 60 6 |118 188 76 163 |195 102 |65 137 |64 |30 191 146 |131 174 |158 138 |1 172 2 |89 134 |127 |164 120 |63 135 |183 |68 |8 |107 116 |34 |141 |179 |129 |166 21 122 |200 151 187 |72 28 |26 4 |124 147 |140 49 |97 73 61 |62 161 |38 55 185 |153 53 125 |13 157 |91 43 |182 162 24 |75 |96 142 |54 176 |58 143 |45 |15 |37 |126 |101 |47 |
44346.3 381815

Time:25
Last Iter:10
Last Update:10
Tabu:0
Last Time25
20
24 62 76 120 162 134 25 80 33 81 |21 28 55 176 12 59 85 167 184 57 40 |169 106 195 138 144 11 98 17 109 148 145 119 186 88 16 87 |66 115 53 123 42 130 199 5 105 32 84 99 14 36 |75 58 102 92 170 108 113 171 22 150 93 139 69 50 |190 161 107 1 177 70 156 63 124 49 128 79 121 103 104 194 39 |60 112 29 137 20 179 116 172 67 157 180 77 86 73 7 152 48 111 |27 155 100 193 132 82 153 18 13 140 181 78 |46 23 56 51 178 31 97 64 15 9 196 38 41 133 110 154 10 147 136 189 |19 173 71 83 191 44 151 165 158 114 198 90 159 74 43 94 175 197 168 ||174 185 122 187 163 |37 118 |52 |142 96 |129 89 |68 |131 126 |125 200 135 61 |143 |34 72 |65 160 166 149 |3 117 47 45 |6 |8 |127 26 54 |4 146 95 164 |2 192 |91 188 |30 |183 35 |101 182 |141 |
15851.9 1.28178e+06
173 4 161 117 199 109 139 165 14 87 79 9 119 141 180 70 |17 50 191 184 11 89 181 134 152 193 19 33 13 189 108 171 90 111 |177 67 25 34 101 104 99 66 113 194 |197 178 190 23 112 6 36 93 115 31 156 39 186 88 |167 69 71 148 123 22 81 84 52 41 198 78 86 |60 144 10 45 160 8 7 128 32 82 76 114 57 80 5 168 51 |110 29 20 85 59 92 170 73 126 150 183 83 145 136 |53 175 64 77 132 49 174 12 154 100 179 98 103 196 121 |159 176 16 106 166 28 163 26 55 127 133 96 40 44 30 46 130 42 147 18 |120 74 182 48 185 138 61 15 94 105 157 143 155 ||158 |47 140 |91 131 |142 |153 |102 |162 21 24 35 129 |95 43 97 |107 172 |135 124 |75 |58 137 |122 187 151 195 |63 |27 116 192 |72 |1 56 2 146 188 |118 65 54 62 |149 38 164 |169 125 200 3 |68 |37 |
15873.9 1.28119e+06
147 199 109 57 110 165 78 79 159 196 123 92 100 155 180 |96 198 76 120 74 106 171 170 51 33 175 11 40 |150 103 28 158 112 139 25 130 190 59 105 189 10 152 86 94 |163 21 114 54 41 88 156 70 19 50 |23 42 67 107 197 53 16 81 133 93 36 |8 38 127 149 162 65 9 84 32 77 178 29 71 |104 87 99 176 22 195 48 118 187 137 89 17 116 136 18 31 113 186 |181 69 140 191 6 14 111 62 154 12 146 2 161 102 192 5 148 58 132 194 |184 44 151 134 167 80 46 117 177 168 145 13 75 64 97 119 141 121 193 144 |20 179 85 172 83 30 98 182 24 90 164 7 82 39 108 63 115 66 ||129 4 125 47 |60 52 |15 |142 183 55 |45 122 166 188 |174 95 160 126 |26 |72 |153 |157 37 200 49 |135 |128 43 131 |35 34 |1 |68 |169 61 |124 138 |173 185 101 |56 27 |91 73 |3 143 |
15919.6 1.25318e+06
51 179 25 177 124 132 10 144 78 196 86 |92 3 145 37 70 18 108 77 32 186 9 81 99 41 133 110 48 |19 155 100 47 192 1 123 12 66 170 29 112 93 104 150 |191 34 50 139 71 190 42 82 |152 35 14 134 11 98 109 85 172 148 67 53 180 189 88 74 |197 75 56 188 154 174 115 97 119 171 16 121 54 87 55 198 114 184 |153 39 194 84 79 159 103 120 76 182 60 69 17 68 31 |178 105 156 131 7 52 90 62 165 36 181 80 130 23 |33 161 5 168 157 63 61 15 94 95 193 111 127 44 57 83 |106 169 113 135 175 136 147 58 102 59 46 20 167 199 122 22 21 40 ||117 143 185 |195 128 160 176 |28 38 |43 |141 |162 |146 129 49 64 |27 |164 26 149 |126 91 |89 72 |166 96 |8 65 118 4 |125 73 |24 158 101 |140 6 |13 |137 173 187 163 |2 107 116 |183 |200 138 45 |151 30 |142 |
15985.2 1.18519e+06
111 14 6 167 68 172 170 180 156 32 154 |13 102 59 190 109 83 132 82 171 39 |89 11 98 17 80 46 155 123 67 5 112 150 74 9 88 94 |57 34 139 29 179 71 193 12 66 22 106 31 186 141 99 159 198 78 |191 44 93 137 116 199 18 7 16 196 |121 81 169 113 15 77 108 175 145 197 178 92 144 25 184 40 36 87 |43 128 10 48 35 165 76 114 54 103 20 23 85 100 148 136 70 |163 28 24 104 41 90 110 138 61 115 51 33 105 157 168 177 189 |143 37 2 42 161 47 130 19 152 49 64 153 119 194 91 84 126 176 142 183 133 |30 50 140 181 69 187 79 164 52 131 86 107 ||166 62 122 60 |174 125 200 56 27 |1 173 185 45 |26 158 |72 129 |192 |63 3 |147 124 |120 55 149 |38 |162 21 134 151 188 4 |146 73 97 135 |65 160 |127 |117 58 |53 75 |118 195 95 |101 182 |8 |96 |
15992.4 1.17735e+06
116 25 140 167 30 110 144 154 106 194 105 130 |180 135 51 117 5 147 193 16 |73 132 170 153 39 94 88 121 90 36 181 46 |184 6 112 14 150 99 10 19 71 92 70 197 108 |168 143 1 172 85 178 139 57 104 81 186 |191 83 68 134 114 38 103 196 82 119 77 156 31 123 155 152 |98 34 29 33 189 15 7 9 22 87 198 93 |187 48 129 12 49 113 32 141 84 74 111 127 133 40 11 17 50 80 23 20 190 67 177 148 145 136 18 |47 199 59 102 3 175 63 171 86 52 160 41 78 165 44 |182 159 79 138 66 115 53 200 2 42 100 27 109 69 89 192 157 13 ||37 137 185 |151 164 |43 176 62 |76 |75 |96 142 |173 21 101 |54 126 169 |91 97 64 |61 124 |125 56 179 188 |166 163 122 174 |161 107 58 |8 35 45 146 |72 |26 120 24 28 4 |195 118 60 162 |149 55 65 |128 95 131 |158 |183 |
19385.8 1.14166e+06
69 |111 14 6 167 68 172 170 180 156 32 154 |13 102 59 190 109 83 132 82 171 39 |89 86 11 98 17 80 46 155 123 67 5 112 150 74 9 88 94 |57 34 139 29 179 71 193 12 66 22 106 31 186 141 99 159 198 78 |191 44 93 137 116 199 18 7 16 196 |121 50 81 169 113 15 77 108 175 145 197 178 92 144 25 184 40 36 87 |43 181 128 10 48 35 165 76 114 54 103 20 23 85 100 148 136 70 |163 28 24 104 41 90 110 138 61 115 51 33 105 157 168 177 189 |143 79 37 2 42 161 47 130 19 152 49 64 153 119 194 91 84 126 176 142 183 133 ||140 187 |166 62 122 60 |174 125 200 56 27 |1 173 185 45 |26 158 |164 52 |131 |107 |72 129 |192 |63 3 |147 124 |120 55 149 |38 |101 151 |30 |162 21 134 188 4 146 |73 97 135 |65 160 |127 |117 58 |53 75 |118 195 95 |182 |8 |96 |
20122.2 1.08036e+06
116 25 140 167 30 110 144 154 106 194 105 100 130 |180 135 51 117 5 147 193 16 79 |73 109 132 170 153 39 94 88 121 90 36 181 69 85 46 |184 6 112 14 150 99 10 19 71 92 70 197 108 |168 143 1 172 42 |178 139 57 104 81 186 66 |191 83 68 134 114 38 103 196 82 119 77 156 31 115 123 155 152 |98 34 29 33 189 15 7 9 22 87 198 93 |187 48 129 12 49 113 32 141 84 74 111 127 133 40 11 17 50 80 23 20 190 67 177 148 145 136 18 |47 159 199 59 102 3 175 63 171 86 52 160 41 78 165 44 ||182 138 |37 137 185 |151 164 |43 176 62 |76 200 2 |75 53 |27 89 |192 157 13 |96 142 |173 21 101 |54 126 169 |91 97 64 |24 |124 |125 56 179 188 |163 122 120 |161 107 58 |8 35 45 146 |72 |26 |166 162 |174 61 128 4 |195 118 60 |149 55 65 |28 95 |158 |183 |131 |
21493.6 1.0035e+06
16 80 36 14 93 114 78 110 29 20 123 |44 109 184 50 17 83 167 25 71 69 46 130 23 144 48 |172 199 85 181 11 139 112 165 118 |73 97 160 164 22 |24 158 162 187 198 70 189 136 145 33 105 178 92 51 42 190 193 |98 75 197 168 5 177 148 67 59 100 155 19 |111 104 87 41 103 159 99 81 79 10 |133 40 9 88 194 94 186 86 171 39 119 113 82 32 132 66 |106 7 84 121 196 74 90 150 166 154 152 |57 77 108 156 180 18 175 170 31 115 12 ||182 6 |140 27 |76 |72 68 |89 134 191 |200 161 37 |146 174 125 2 47 173 |52 65 138 |169 49 135 |53 129 4 |43 188 |21 101 |58 107 56 |34 179 |8 |153 64 124 |38 127 |96 142 |30 |61 63 |102 192 3 |185 35 195 |55 |141 |183 |91 126 128 |120 |15 131 |163 62 26 |151 |117 143 |95 |54 176 60 |137 116 122 45 |149 28 |1 157 147 13 |
24586.5 469164
46 40 157 184 57 85 71 161 130 23 19 |186 197 199 148 143 168 5 67 59 100 155 190 |177 107 105 178 42 51 123 |173 98 30 83 11 139 112 144 |97 86 171 39 77 153 108 132 66 10 |189 87 99 90 150 41 103 74 159 196 121 16 43 84 9 81 79 22 154 |44 94 106 88 194 119 82 32 113 31 170 115 12 |133 156 180 175 18 70 136 145 33 92 193 |181 167 17 80 109 25 69 29 20 |50 7 104 111 198 114 93 14 36 78 110 165 48 152 ||49 |38 127 |1 47 |117 172 140 |182 128 138 |37 2 200 53 174 |169 52 187 |188 61 135 45 |137 21 101 4 |89 129 56 |34 116 179 |149 8 65 |64 124 73 |118 134 72 |96 142 |147 58 |158 |54 176 |60 |102 192 13 3 |185 35 195 95 |55 |141 |183 |63 |91 126 |120 |15 131 122 |163 28 62 26 |151 162 |75 |160 |24 27 |68 |166 146 |76 |6 |164 125 |191 |
25932.8 431792
198 70 189 145 33 105 178 92 51 42 190 193 |98 75 197 168 5 177 148 67 59 155 19 |111 104 87 41 103 159 99 81 79 10 |133 9 88 194 94 186 86 171 39 119 113 82 32 132 66 |106 7 84 121 196 74 90 150 166 154 152 |57 77 108 156 180 18 175 170 31 115 12 |80 109 25 71 23 20 144 48 |78 114 93 182 14 36 6 110 165 22 |136 40 44 184 112 139 11 83 167 181 69 29 |16 50 17 140 199 27 85 46 130 100 123 ||76 |72 68 |89 134 191 |200 161 37 157 |146 174 125 2 47 173 |52 54 65 138 |169 49 135 |53 129 60 4 |43 176 45 188 |137 21 101 |1 58 107 56 |34 116 179 |149 8 |153 64 124 |38 127 |96 142 |147 |30 |61 63 185 |102 192 13 3 |95 35 195 |183 55 |141 |91 126 128 |120 |15 131 122 |163 28 62 26 |151 |117 143 |172 118 |73 97 160 164 |24 158 162 187 
29010.3 412270
44 109 80 25 |74 70 199 71 42 51 123 193 |88 40 11 184 57 98 50 17 83 167 181 69 85 46 130 23 19 |145 139 136 189 197 168 148 177 5 67 105 59 100 155 190 |108 113 132 31 170 115 66 12 |103 156 180 175 18 33 178 92 29 20 144 |198 114 93 14 36 110 152 |99 159 121 196 16 84 7 9 81 79 22 10 |90 150 133 41 87 104 111 78 165 48 |112 77 194 94 186 86 171 39 119 82 32 106 154 ||138 174 |125 37 |2 89 |192 146 188 |52 176 |13 27 179 |1 187 |117 157 |164 38 45 |53 200 102 173 35 |129 191 140 |141 95 |34 72 116 |147 172 |127 142 |49 135 124 |43 |101 134 6 |149 |151 158 118 |183 54 |75 58 |128 73 122 4 |161 76 28 |96 120 166 |143 107 195 |137 21 162 65 |3 163 |126 26 62 |182 |131 91 |8 |153 15 |169 55 |63 |24 |30 |60 |160 61 97 |185 |68 |64 |47 |56 |
33558 408890
84 57 184 44 40 14 93 114 78 165 154 152 |189 194 94 186 86 171 15 119 106 66 |198 18 70 136 37 145 33 105 178 42 51 123 193 |39 25 17 50 98 83 11 139 112 36 110 48 |133 88 16 121 196 74 103 41 87 104 150 90 159 99 81 79 22 10 |9 7 82 32 113 132 170 115 |77 108 156 180 31 12 |175 92 190 167 181 69 29 20 144 |111 197 80 109 71 85 46 130 23 |199 148 168 177 5 67 59 100 155 19 ||146 174 135 |127 |126 52 |38 8 |27 172 |120 2 |141 |173 140 122 |151 182 62 |153 124 125 200 ||185 45 35 54 176 65 |97 137 187 |76 96 |147 143 56 |61 43 |63 |75 |91 |183 |162 101 6 |49 73 53 |169 |116 |157 13 47 188 |118 24 60 129 |30 72 161 |55 163 164 |107 192 102 1 179 |64 128 |89 191 |142 |166 21 |131 |158 134 |4 34 |68 |149 28 |195 95 26 |3 58 117 |138 160 
33782.3 406225
151 184 98 30 83 11 139 112 48 144 |194 104 142 133 198 93 114 111 78 110 165 152 |77 74 121 16 88 94 186 86 171 119 113 82 32 106 66 |132 108 156 180 18 175 170 31 115 12 |148 177 5 67 59 155 19 |87 57 50 17 167 181 85 46 130 23 |199 80 109 71 25 69 29 20 |14 36 40 44 100 190 |168 7 84 196 103 41 150 90 159 99 9 81 79 22 154 10 |39 92 70 197 189 136 145 33 105 178 42 51 123 193 ||124 |3 37 |126 |157 |137 60 |128 169 |182 6 |89 21 187 |129 |15 153 61 49 |135 102 |185 147 117 |73 |160 176 122 |28 38 54 |43 53 |101 34 |1 143 47 |2 |192 |140 134 |172 |75 |76 62 |68 191 |24 52 |63 97 118 |127 |64 |27 |164 |13 |91 |96 |125 56 179 188 |166 173 |161 107 58 |8 35 45 146 |72 |131 195 |162 149 55 65 |183 26 |158 95 |120 |141 |174 163 |116 |200 138 4 
34635.7 404506
94 114 104 87 41 103 74 90 150 159 99 81 79 22 152 |70 184 57 44 40 36 110 165 48 |139 11 167 181 85 46 130 155 19 |71 17 50 98 83 112 144 |16 105 67 5 177 168 197 189 136 145 33 92 |23 199 80 109 25 69 29 20 |111 198 93 14 78 154 10 |133 88 194 186 86 171 39 77 108 156 180 18 175 170 31 66 |148 196 32 82 119 113 178 51 42 59 100 190 123 193 |121 84 7 9 106 132 115 12 ||73 |21 |142 |61 |182 76 |60 35 |8 128 |116 140 27 |64 65 185 |2 117 1 179 |166 62 38 45 |125 124 56 |24 127 187 |34 72 30 118 |183 138 |141 95 |164 160 176 43 |135 63 153 |143 107 3 |68 6 |101 151 |102 47 147 |37 |191 |126 163 122 |161 58 157 174 |28 146 |52 |97 15 |13 173 |188 |129 169 |91 |137 172 192 |200 ||131 195 |162 149 55 |49 26 4 |158 89 |120 |96 |54 |75 53 |134 
35067.8 396087
84 57 184 44 40 14 93 114 78 165 154 152 |189 194 94 186 86 171 15 119 106 66 |198 18 70 136 37 145 33 105 178 42 51 123 193 |39 25 17 50 98 83 11 139 112 36 110 48 |133 88 16 121 196 74 103 41 87 104 150 90 159 99 81 79 22 10 |9 7 82 32 113 132 170 115 |77 108 156 180 31 12 |175 92 190 167 181 69 29 20 144 |111 197 80 109 71 85 46 130 23 19 |199 148 168 177 5 67 59 100 155 ||128 73 |45 |179 188 122 118 |13 161 2 4 |76 |143 107 195 |141 |142 127 |151 182 62 |153 124 125 |185 146 35 54 |65 38 |97 21 |187 140 |147 |56 |61 95 |63 |75 |191 |183 |176 |96 |27 |43 |162 101 6 |49 53 |89 |116 |157 |47 |126 24 |60 |30 72 |55 163 164 |166 |64 |102 1 |135 |52 |174 173 |129 169 |91 |137 172 192 |200 ||158 134 |8 |68 34 |131 |149 28 |120 |26 |3 58 117 |138 160 
36176.4 390950
44 25 109 80 71 199 42 51 190 123 193 |88 40 11 184 57 98 50 17 83 167 181 69 85 46 130 23 19 |145 139 136 189 197 168 148 177 5 67 105 59 100 155 |108 113 132 31 170 115 66 12 |156 180 175 18 33 178 92 29 20 144 |198 114 93 14 36 110 |16 84 7 9 79 10 |70 133 41 87 104 111 78 165 48 |112 77 194 94 186 86 171 39 119 82 32 106 154 |99 150 90 103 74 159 196 121 81 22 152 ||157 |128 73 |142 54 |179 188 122 118 |13 75 2 4 |76 96 |143 107 195 |158 187 137 |38 120 45 |43 161 |182 138 |37 200 53 174 |65 52 |117 |47 27 49 |124 15 |185 |3 192 |63 125 |34 72 60 |101 151 |102 146 |164 55 26 28 163 |61 56 |176 |8 |21 |126 169 |91 97 |166 160 |172 140 |134 149 |135 |30 |1 |162 |183 35 |95 173 |141 |191 116 |62 |89 |153 |58 |127 |68 |147 |64 |24 |131 |6 |129 |
39620.3 387843
88 40 11 184 57 98 50 17 83 167 181 69 85 46 130 23 19 |145 139 136 189 197 168 148 5 67 105 59 155 |108 113 132 31 170 115 66 12 |156 180 175 18 33 178 92 29 20 144 |198 114 93 14 36 110 |16 84 7 9 79 10 |133 41 87 104 111 78 165 48 |112 77 194 94 186 86 171 39 119 82 32 106 154 |99 150 90 103 74 159 196 121 81 22 152 |44 70 177 199 80 109 25 71 100 190 42 51 123 193 ||157 |128 73 |142 54 |179 188 122 118 |13 75 2 4 |76 96 |143 107 195 |158 187 137 |38 120 45 |43 161 |182 138 |37 200 53 174 |65 52 |117 |47 27 49 |124 15 |185 |3 192 |63 125 |34 72 60 |101 151 |102 146 |164 55 26 28 163 |61 56 |176 |8 |173 21 |126 169 |91 97 |166 160 |172 140 |134 149 |135 |30 |141 |162 |191 35 |116 |95 62 |89 |153 |183 |58 |127 |68 |147 |64 |24 |131 |1 |6 |129 |
40997.9 387775
119 88 169 |199 148 168 177 5 105 59 155 23 19 |108 93 36 40 44 184 167 181 69 29 20 |92 175 18 180 156 170 31 115 12 |50 7 194 94 186 86 171 39 113 82 32 106 132 66 |9 84 16 121 196 74 159 99 81 79 22 154 10 |77 133 103 41 90 150 87 104 111 198 114 14 78 110 165 152 |25 109 80 71 85 46 130 100 190 193 |17 70 136 189 197 145 33 67 178 42 51 123 |57 98 83 11 139 112 48 144 ||91 |89 2 |96 |182 |38 195 |129 |76 35 |8 128 |116 56 47 |64 |185 102 137 |1 143 |120 166 |26 |134 62 |3 |147 75 |55 176 65 |191 68 34 30 |15 43 |37 157 200 ||6 162 149 |140 60 |117 27 172 |131 52 |151 158 118 |183 54 |141 |58 |161 124 135 |72 125 |126 163 21 |28 146 45 138 122 |24 101 187 |97 153 160 |164 95 |107 |174 |179 |4 188 173 |73 |192 13 |127 |63 |142 |53 |61 49 
44206.5 385698
57 98 83 11 139 112 48 144 |119 88 169 |199 148 168 177 5 105 59 155 23 19 |108 93 36 40 44 184 167 181 69 29 20 |92 175 18 180 156 170 31 115 12 |50 7 194 94 186 86 171 39 113 82 32 106 132 66 |9 84 16 121 196 74 159 99 81 79 22 154 10 |77 133 103 41 90 150 87 104 111 198 114 14 78 110 165 152 |25 109 80 71 85 46 130 100 190 193 |17 70 136 189 197 145 33 67 178 42 51 123 ||91 |89 2 |96 |182 |38 195 |129 |76 35 |8 128 |116 56 |64 |185 102 137 |1 143 |120 166 |26 |134 62 |3 |147 75 |55 176 65 |191 68 34 30 |15 43 |37 157 200 ||6 162 149 |140 60 |117 27 172 |131 52 |151 158 118 |183 54 |141 |58 |161 124 135 |72 125 |126 163 21 |28 146 45 138 122 |24 101 187 |97 153 160 |164 95 |107 |174 |179 |4 188 173 |73 |192 13 |127 |63 |47 |142 |53 |61 49 
45215.1 385100

Time:26
Last Iter:10
Last Update:10
Tabu:0
Last Time26
13
49 53 178 190 69 14 198 171 145 |3 2 157 168 177 20 114 111 127 7 113 86 |95 195 154 35 4 42 170 39 91 99 183 93 36 57 98 83 |56 130 46 19 123 152 24 162 149 87 41 150 84 88 70 80 167 |9 54 120 55 101 139 29 25 17 48 59 33 136 197 |179 85 47 102 58 37 18 175 153 15 186 94 82 16 196 159 103 110 |181 173 23 66 22 78 76 38 133 194 119 32 77 108 156 180 115 |189 5 192 199 71 100 193 10 138 106 169 79 81 65 164 176 8 163 112 31 |185 144 12 132 92 51 155 67 105 109 11 40 165 28 62 104 90 74 141 |166 122 187 158 182 44 184 30 50 27 107 1 148 125 121 ||140 191 |21 134 129 |13 75 |68 |52 |135 73 160 |188 6 72 |43 128 |151 34 118 |172 161 200 ||137 63 |126 26 |142 96 |64 |174 146 45 60 |89 116 117 |61 131 |97 124 |143 147 |
15109.4 1.30233e+06
105 168 70 92 29 184 68 114 84 88 |21 165 93 44 139 17 25 71 19 145 180 |133 127 111 14 110 12 123 31 196 74 |41 121 43 9 82 119 186 132 170 190 130 85 48 78 198 40 |144 35 22 193 129 146 178 67 177 37 77 113 116 72 50 |79 65 138 45 154 115 51 161 33 13 136 58 148 199 69 7 171 86 141 |150 159 81 87 96 91 194 94 39 108 59 155 20 181 57 |23 4 10 66 106 99 90 120 101 6 151 83 167 34 30 2 18 |60 187 36 89 179 27 117 192 147 197 189 61 128 24 55 104 103 183 |152 137 46 100 42 102 107 5 157 175 156 124 135 32 16 38 76 162 112 11 98 109 80 ||200 174 64 |173 134 26 |176 126 160 166 |182 |140 |54 62 158 |169 52 8 |143 |142 |153 |56 47 172 49 |118 195 95 97 |63 |131 |75 |73 53 125 3 188 |163 28 |1 |191 185 122 |15 164 |149 |
15335.5 1.28241e+06
200 51 42 155 172 177 50 36 196 171 |62 120 26 149 182 78 110 134 98 140 130 84 74 94 |91 32 22 66 48 112 181 25 199 5 105 92 190 111 198 93 104 |114 44 109 80 67 100 193 144 79 106 7 121 |38 55 24 6 89 23 179 85 152 169 88 194 119 175 70 189 168 33 |156 63 18 3 157 116 184 154 10 31 77 186 |54 159 103 160 16 86 97 153 180 2 178 12 20 167 57 14 |147 145 192 59 123 115 49 132 95 9 99 41 21 11 71 |128 81 76 133 142 4 137 29 69 46 170 108 113 39 |19 161 125 136 197 148 17 34 191 83 139 40 162 28 165 150 90 87 52 82 ||101 151 173 |118 187 8 |73 126 138 129 |122 188 102 1 |72 30 68 |75 45 |164 |47 117 143 |166 127 |64 15 |141 |195 35 60 158 |146 53 124 |176 |183 96 163 |61 131 |107 37 185 |27 135 |174 56 65 |43 |13 58 |
15701.1 1.1859e+06
107 192 136 200 178 51 123 66 9 82 108 78 110 11 167 103 |101 36 40 134 144 154 12 170 18 77 81 41 23 71 |183 96 90 159 84 16 194 31 193 48 29 139 67 105 168 197 |161 199 69 20 181 17 62 99 106 132 180 175 88 |157 37 189 5 33 53 119 89 80 50 44 |125 42 190 155 100 188 60 6 14 182 198 74 196 7 91 86 79 |142 158 8 121 52 169 113 186 94 46 85 |102 148 34 68 22 150 104 171 |38 87 26 164 176 133 114 184 83 25 109 19 59 177 145 70 10 |130 4 152 187 165 21 24 111 93 112 57 98 140 147 92 115 156 39 32 ||162 28 54 195 |61 |149 55 120 |117 172 |191 |122 35 166 126 138 |49 73 64 153 |1 116 27 129 |47 58 |75 |151 30 179 |146 2 124 63 135 |143 |15 97 |43 131 |56 173 185 118 163 |95 160 65 128 45 |76 127 |72 137 174 |3 13 |141 |
16162.9 1.18058e+06
34 85 165 87 9 22 |75 7 168 5 102 33 42 190 48 110 198 81 79 106 132 83 |16 80 160 90 97 152 144 155 46 69 181 25 178 31 113 94 77 156 180 175 145 |88 124 73 123 161 148 143 37 17 139 112 40 111 150 |159 126 95 119 153 146 100 131 70 147 189 136 |173 39 29 71 140 50 14 99 103 12 115 170 92 51 105 67 108 86 186 171 32 |176 84 65 120 133 142 114 93 78 |129 82 18 177 199 59 130 23 193 |194 44 66 10 154 188 137 20 19 125 197 109 72 57 36 104 41 74 196 121 |11 167 191 98 68 184 ||169 38 8 |52 |63 195 138 185 |118 28 166 43 |127 |56 47 172 3 2 200 ||64 49 |27 179 116 |128 135 122 |187 76 89 |58 13 |21 162 182 164 |30 |141 |91 |96 |61 15 |151 158 |117 192 45 |163 24 62 26 |6 |101 174 |60 54 |35 |55 149 |107 1 157 4 |134 53 |183 |
21340.9 940731
11 98 30 109 80 25 71 179 23 |156 131 32 7 74 159 121 99 81 79 10 |58 5 177 148 67 59 100 190 |108 93 44 139 184 57 68 50 17 83 167 181 69 29 20 |133 189 136 33 92 115 170 31 132 66 12 152 |103 197 70 18 175 105 178 42 51 123 193 |145 112 82 119 39 171 86 186 94 194 88 16 84 9 106 22 154 |168 199 85 46 130 155 19 |77 180 196 90 150 41 87 104 111 198 114 78 165 48 144 |40 36 14 110 113 ||183 |3 75 |172 116 27 161 |49 153 61 97 |137 |53 |146 129 157 |147 143 47 |34 191 6 21 60 122 |141 |162 166 54 164 160 |38 8 52 126 |107 185 |135 |174 65 |43 |62 26 |140 |55 169 |63 195 138 |127 158 163 |188 4 35 28 187 |118 45 95 73 128 |149 120 24 |125 200 2 124 |176 91 |102 1 192 117 173 |37 |142 |64 15 |101 72 |182 134 89 |96 |76 151 |56 13 
24426.2 446582
111 87 150 90 41 103 74 159 99 81 22 |189 78 112 139 11 167 181 69 29 20 195 45 152 |57 33 145 37 136 197 168 143 5 67 59 100 42 51 190 |178 105 177 148 199 130 155 19 144 48 |70 40 184 83 98 50 17 109 80 25 71 85 46 23 |156 180 18 175 170 115 92 123 193 |36 14 93 114 198 133 104 154 |31 108 77 82 32 7 106 |44 88 194 94 186 86 171 39 119 113 132 66 12 |110 165 121 196 16 84 9 79 10 ||128 76 |149 21 |172 47 1 |6 134 191 188 |187 28 129 2 |200 13 27 |120 65 60 185 |89 137 101 |53 146 161 125 |91 52 95 |141 |169 153 124 |142 164 |43 131 |127 |75 |63 179 |116 |182 55 |102 |15 97 49 138 |163 166 62 26 |140 72 34 |64 |54 24 158 118 |174 160 176 8 |183 |192 173 35 122 |147 58 117 56 |151 162 |68 30 |126 73 |96 |61 107 |157 3 |38 |135 |4 
28877.3 418569
111 87 150 90 41 103 74 159 99 81 22 |189 78 112 139 11 167 181 69 29 20 195 45 152 |57 33 145 37 136 197 168 143 5 67 59 100 42 51 190 |178 105 177 148 199 130 155 19 144 48 |70 40 184 83 98 50 17 109 80 25 71 85 46 23 |156 180 18 175 170 115 92 123 193 |36 14 93 114 198 133 104 154 |31 108 77 82 32 7 106 |44 88 194 94 186 86 171 39 119 113 132 66 12 |110 165 121 196 16 84 9 79 10 ||128 76 |149 21 |172 47 |6 134 191 188 |200 13 27 |120 65 60 185 |89 137 101 187 |53 146 161 125 129 |91 52 95 |141 97 |169 153 124 |142 164 |43 131 |127 28 |75 1 |63 179 |116 2 |182 55 |102 |15 |49 138 |163 166 62 26 |140 72 34 |64 |54 24 158 118 |174 160 176 8 |183 |192 173 35 122 |147 58 117 56 |151 162 |68 30 |126 73 |96 |61 107 |157 3 |38 |135 |4 
28890.1 413845
108 110 165 48 |16 4 87 9 84 121 196 74 104 41 103 150 90 159 99 81 79 22 10 |184 98 83 11 139 112 144 |50 7 106 100 70 175 180 170 31 115 12 |199 148 177 5 67 105 59 42 51 123 193 |194 18 156 77 39 94 186 86 171 119 113 82 32 132 66 |80 109 25 71 85 46 130 155 190 |78 36 14 93 114 198 111 154 152 |88 40 44 57 17 167 181 69 29 20 23 19 |133 168 197 189 136 145 33 178 92 ||140 |146 43 |187 55 195 45 |37 143 |128 76 |149 21 |172 47 1 |6 134 191 188 |28 129 2 |200 13 27 |120 65 60 185 |89 137 101 |53 161 125 |91 52 95 |141 |169 153 124 |142 164 |131 |127 |75 |63 179 |116 |182 |102 |15 97 49 138 |163 166 62 26 |72 34 |64 |54 24 158 118 |174 160 176 8 |183 |192 173 35 122 |147 58 117 56 |151 162 |68 30 |126 73 |96 |61 107 |157 3 |38 |135 |
31095.4 406305
90 103 74 16 84 9 22 154 152 |57 104 133 87 41 150 159 196 121 99 81 79 |7 94 186 86 171 39 113 132 66 12 |115 31 170 108 77 119 82 32 106 10 |194 83 98 50 17 80 109 25 71 85 130 19 |156 180 175 18 70 33 105 178 42 51 92 123 193 |78 198 111 114 93 14 112 48 |88 189 136 199 46 23 69 29 20 |145 197 168 148 177 5 67 59 100 155 190 |181 167 11 139 184 44 40 36 110 165 144 ||163 |160 164 |58 13 |135 53 |21 151 30 |34 187 |1 89 |91 169 |141 97 |188 2 107 37 |60 134 72 191 |4 49 61 73 146 |47 |161 138 |76 |6 125 |75 |64 102 |52 62 |127 158 162 |153 |55 54 8 |101 |68 |137 173 185 45 122 128 |174 26 129 |15 43 |95 65 118 |124 63 195 |192 143 179 |38 142 |116 140 |176 |172 3 |96 183 |117 |35 28 182 |157 147 |149 |126 |200 ||27 |166 120 |56 24 |131 |
32776.4 401779
84 50 109 80 25 71 85 46 130 23 19 |150 90 159 9 106 115 92 193 |189 16 7 88 194 94 186 86 171 108 170 31 12 |77 39 119 113 82 32 132 66 10 |199 133 104 87 41 103 74 196 121 99 81 79 22 154 |197 184 44 14 93 114 198 111 78 165 152 |156 180 175 18 70 136 145 33 178 42 51 123 |148 168 177 5 67 105 59 100 155 190 |17 83 167 181 69 29 20 |110 36 40 57 98 11 139 112 48 144 ||135 |118 |38 |63 157 |128 76 |149 21 |172 47 |6 134 191 188 |200 13 27 |120 65 60 185 |89 137 101 187 |53 146 161 125 129 |91 52 95 |141 97 |169 153 124 |142 164 |43 126 54 |61 73 |163 140 |55 28 |183 |143 116 |72 |34 173 138 |158 |2 192 3 |35 179 |147 56 |58 122 |102 107 |24 62 8 |45 162 |117 49 174 |182 |160 176 |195 37 |15 |75 |127 |26 151 |96 166 |64 4 |30 68 |1 |131 |
34484.2 387900
84 50 109 80 25 71 85 46 130 23 19 |150 90 159 9 106 115 92 193 |189 16 7 88 194 94 186 86 171 108 170 31 12 |77 39 119 113 82 32 132 66 10 |199 133 104 87 41 103 74 196 121 99 81 79 22 154 |197 184 44 14 93 114 198 111 78 165 152 |156 180 175 18 70 136 145 33 178 42 51 123 |148 168 177 5 67 105 59 100 155 190 |17 83 167 181 69 29 20 |110 36 40 57 98 11 139 112 48 144 ||107 |55 |63 3 |127 160 |56 |192 |149 |72 173 45 |76 |161 62 |157 |43 169 95 |6 134 60 122 185 |151 101 |191 174 |26 28 118 146 |2 162 187 |179 13 37 |166 8 54 |182 49 |53 124 73 61 |52 176 |75 |15 135 |131 |89 |125 188 102 4 |91 164 195 |142 38 |158 21 24 120 |35 126 138 |64 153 |143 172 |30 |128 47 |96 65 |140 117 |183 |1 |200 137 |141 |163 |129 |147 |27 |68 |97 |58 |34 116 |
36418.9 382509
112 139 57 40 36 110 48 144 |84 98 50 109 80 25 71 85 46 130 23 19 |150 90 159 9 106 115 92 193 |189 16 7 88 194 94 186 86 171 108 170 31 12 |77 39 119 113 82 32 132 66 10 |199 133 104 87 41 103 74 196 121 99 81 79 22 154 |197 184 44 14 93 114 198 111 78 165 152 |156 180 175 18 70 136 145 33 178 42 51 123 |148 168 177 5 67 105 59 100 155 190 |11 17 83 167 181 69 29 20 ||135 |91 |107 |55 |63 3 |127 160 |56 |192 |149 |72 173 45 |161 195 |157 |43 169 95 |6 134 60 122 185 |13 75 102 |28 21 35 |34 191 89 179 |131 97 128 |153 124 2 |73 26 24 |116 143 |142 54 118 |117 147 174 |53 61 146 |52 176 187 |151 101 162 166 |15 49 |37 |182 62 |8 65 |125 188 4 |164 |38 163 |126 138 |64 |1 27 129 |47 58 |68 |140 |183 |172 137 |141 |200 ||158 |96 |30 |120 |76 |
36666.8 371163

Time:20
Last Iter:10
Last Update:10
Tabu:0
Last Time20
15
48 85 109 124 39 9 84 159 103 |118 152 12 49 132 61 136 199 17 11 133 |169 95 82 15 22 144 110 83 25 155 51 178 67 148 197 |145 33 70 180 63 135 131 91 104 111 114 184 98 139 181 23 130 177 |65 164 121 196 7 106 113 66 92 157 71 50 44 194 |86 186 94 43 74 41 24 162 165 137 173 193 115 175 18 156 77 5 |168 190 123 29 112 21 78 120 26 160 79 126 88 108 |174 10 128 16 176 38 87 93 14 36 57 167 69 20 100 80 189 |54 150 90 99 81 45 154 28 46 161 42 102 105 37 75 170 31 171 |141 119 32 125 59 19 89 40 198 127 143 ||107 117 1 3 |8 52 138 |6 |147 |142 183 |96 55 |60 134 151 101 |140 191 |182 76 166 35 122 |172 |58 13 200 129 |187 163 158 |47 34 30 |4 2 179 |73 |68 |146 188 185 195 97 |53 192 |62 149 |72 116 27 |56 64 |153 |
15953.5 1.2154e+06
6 40 191 83 19 157 197 170 32 7 99 111 |18 3 67 5 147 12 66 22 106 113 41 133 110 |45 10 193 185 122 23 51 192 168 58 75 189 70 180 |178 42 53 175 129 144 48 154 78 93 74 121 84 88 80 50 |183 142 104 55 150 103 176 16 79 15 108 115 100 109 11 136 |102 177 143 37 92 31 135 97 169 194 186 29 181 167 184 44 |127 14 163 159 138 119 86 141 123 155 130 46 199 17 139 |89 98 68 57 158 198 96 54 166 65 81 196 82 132 77 171 59 |152 4 190 161 125 156 145 1 117 172 25 140 30 165 114 87 90 9 |39 94 118 162 36 134 112 20 69 85 71 148 105 33 ||24 28 60 35 |128 160 73 |63 153 |131 64 |61 |116 |13 |151 187 188 |200 56 27 |149 76 62 164 |195 38 |72 2 |49 174 95 43 |52 |182 173 146 |124 107 |179 |8 126 91 |21 26 101 |137 47 |34 |120 |
16241.6 1.18766e+06
177 100 155 25 193 152 132 170 39 171 84 99 74 103 104 |181 167 34 68 40 165 29 92 106 186 94 5 148 197 |129 138 154 81 90 115 180 156 70 59 130 19 199 109 |82 113 7 41 36 57 67 105 |89 139 46 190 2 53 175 37 124 61 86 194 16 78 114 93 |9 79 128 48 23 200 147 72 98 184 182 198 183 |141 91 97 73 66 144 20 179 51 145 75 77 112 87 |10 12 123 3 33 18 136 189 117 173 69 11 191 44 101 14 150 160 32 119 31 |65 22 21 158 121 88 131 108 125 178 58 85 71 80 17 50 83 |168 1 161 42 27 30 110 111 133 159 164 196 52 ||157 13 49 |166 76 176 |43 126 54 163 |187 60 151 28 |127 |137 185 45 4 |134 26 |47 |96 142 |188 24 38 |135 15 |153 174 |116 172 122 |195 95 169 64 |149 |107 |8 120 162 35 |146 118 6 |143 192 102 56 |62 55 |63 |140 |
17376.9 1.15402e+06
8 149 182 110 66 113 94 180 42 100 59 19 |101 21 195 99 84 194 61 92 123 33 109 17 20 |197 93 198 28 36 57 50 29 10 106 41 178 145 168 175 |74 70 16 86 171 31 170 115 155 48 69 11 139 136 |75 14 143 47 23 188 144 22 81 52 88 150 87 104 165 105 51 |148 114 1 117 27 71 83 72 78 162 4 152 12 132 186 119 79 |18 196 108 39 7 43 159 62 111 183 40 181 25 130 67 5 177 190 154 |77 76 166 55 90 103 38 121 9 30 |156 189 199 85 112 44 |65 98 169 32 82 64 135 129 193 137 46 80 140 167 34 184 151 116 133 ||146 173 120 |54 164 24 138 |49 97 95 |192 200 174 |163 191 |56 124 73 |102 2 |179 147 |53 63 |37 172 |35 15 |134 |161 185 118 |160 |126 26 |125 60 |158 127 |107 |153 |91 131 |141 |128 45 122 |176 |142 96 |157 13 58 3 |187 6 89 |68 |
20045.5 1.06305e+06
89 11 139 112 36 101 14 21 78 165 152 |16 156 119 82 7 88 194 94 186 86 171 39 77 108 135 61 31 132 113 32 106 195 66 12 129 |184 98 30 72 83 167 181 23 19 |198 114 93 182 40 151 6 110 48 144 |180 44 68 50 17 71 85 46 130 155 42 51 123 |199 80 140 109 25 69 29 20 137 188 |189 99 133 183 96 142 87 41 38 103 74 90 150 159 196 121 84 9 81 79 22 |162 104 111 76 62 28 166 154 10 |105 67 148 143 168 177 5 1 117 59 100 190 |57 115 170 175 18 70 136 13 197 58 157 145 33 3 178 92 193 ||169 52 |27 |34 |64 43 |146 173 120 |54 164 24 138 |49 97 95 187 |192 200 174 4 |163 191 |56 124 73 |75 |149 55 |47 116 |102 2 |179 147 |53 63 |37 172 |35 15 |134 |161 185 118 |160 |126 26 |125 60 |158 127 |107 |153 |91 131 |141 |128 45 122 |176 65 8 
21404.3 487247
21 79 81 99 26 101 22 154 |137 199 47 59 130 155 193 |34 77 115 31 170 156 180 18 175 67 105 42 178 51 123 |16 197 189 136 145 33 3 100 190 12 |92 109 71 85 46 19 |5 168 177 148 80 25 23 |133 108 132 113 32 82 119 39 171 86 186 94 194 88 7 9 106 66 10 |11 98 50 17 83 167 181 69 29 20 |110 36 40 44 57 184 139 112 48 144 |70 103 121 84 196 159 74 90 150 41 87 104 111 198 114 93 14 78 165 152 ||120 |54 |157 192 |45 122 53 |1 117 27 4 188 |183 142 |102 143 |127 163 138 |89 68 72 |56 160 |176 187 |65 |166 97 |38 28 |63 64 |128 15 |131 |30 |75 |172 |162 |153 |151 |35 169 125 |140 2 |62 149 158 |134 191 |61 195 |96 24 |135 37 |141 |116 |76 55 |161 49 73 129 185 |52 118 60 |147 200 146 |124 |6 |164 |58 13 |174 95 43 |182 173 |107 179 |8 126 91 
26695.6 450383
7 84 9 21 36 110 48 144 |189 44 40 14 182 93 114 198 111 78 165 152 |77 183 87 41 90 159 99 81 79 22 |71 116 80 109 25 167 181 69 138 10 |16 121 196 74 103 104 150 154 |133 184 57 98 17 83 11 139 112 29 20 23 19 193 |132 31 170 156 180 18 175 178 100 155 190 |130 46 85 199 67 59 42 51 123 12 |50 108 70 145 136 197 168 177 5 105 33 92 115 |148 88 194 94 186 86 171 39 119 113 82 32 106 66 ||188 27 140 |118 157 |58 |195 192 |37 75 200 4 |127 55 35 45 |187 126 43 |24 65 137 185 |62 76 162 134 122 |174 129 |34 72 89 |61 64 153 97 95 |166 28 60 158 |13 63 |142 149 |173 191 151 146 |135 124 2 49 |179 143 47 |91 54 |3 |141 |107 |117 1 102 56 |160 169 52 |26 120 |15 |53 |101 |68 |8 |73 125 |6 |38 176 |30 |96 163 |164 128 |131 |172 |147 |161 
28567 422175
11 142 111 198 114 93 14 36 110 78 165 |40 44 57 184 139 112 69 29 20 |70 18 175 180 156 170 31 115 92 144 |108 77 39 171 119 113 132 66 10 |98 87 104 41 103 196 121 84 9 81 79 22 48 12 |86 186 94 194 88 82 32 106 |133 181 167 83 50 17 109 80 25 71 85 46 130 23 19 |197 189 136 145 33 105 178 42 51 123 |7 16 159 74 90 150 99 154 152 |67 5 168 177 148 199 59 100 155 190 193 ||56 160 |1 143 129 |163 182 |176 26 28 |127 76 65 |116 53 |49 97 64 3 |38 8 120 |95 15 131 |47 117 13 |30 173 161 |75 157 |141 |34 179 27 |43 126 52 91 |73 124 |140 2 125 |62 149 146 |134 89 72 |96 24 |188 195 |191 68 |174 200 58 |185 35 138 169 |21 |135 37 |172 |101 |151 6 60 162 118 122 |55 164 166 |158 4 |102 128 |61 107 |63 153 |187 |183 |147 |192 137 |45 |54 
29868.5 405332
103 199 25 109 80 71 59 100 155 130 85 46 23 19 190 |98 50 17 83 167 181 69 29 20 48 144 |36 40 44 57 184 11 139 112 110 152 |45 196 121 159 99 66 10 |189 74 150 90 41 87 104 111 198 114 93 14 78 165 |133 39 88 194 195 94 186 86 171 119 32 106 |16 84 7 9 81 79 22 154 |82 113 77 108 132 31 170 115 |156 180 175 18 70 157 33 178 42 51 123 193 |67 5 148 177 168 197 136 145 105 92 12 ||2 |21 188 179 56 |187 34 151 |173 1 37 |72 122 |62 38 8 |53 43 |128 76 54 166 |97 141 |58 192 102 |172 140 |30 28 35 |96 55 24 |135 169 49 |176 52 |15 |75 |60 158 162 |142 |160 73 |63 153 64 61 |131 |116 |65 |147 |124 |138 164 163 |120 149 101 |146 47 |126 |68 |127 |117 125 95 |182 118 185 |200 161 |129 |27 4 |134 |174 |13 |26 |107 |143 |137 |3 89 |6 191 |91 |183 |
30290.6 403773
186 94 194 88 7 106 10 |11 98 50 17 83 167 181 69 29 20 |110 36 40 44 57 184 139 112 48 144 |87 104 111 198 114 93 14 78 165 152 |121 196 90 150 103 74 159 99 81 79 22 154 |16 84 9 82 32 31 12 |133 67 105 70 18 175 180 156 77 108 170 115 92 193 |39 86 171 119 113 132 66 |41 197 33 145 136 189 168 5 177 148 199 59 42 178 51 123 |19 23 25 109 80 71 85 46 130 155 100 190 ||45 |68 |28 |124 |52 160 |1 |27 162 |34 |163 127 76 |116 53 |49 97 64 3 |38 8 120 26 |95 15 65 |47 117 13 |30 173 161 |75 157 |141 |43 126 129 |91 |176 |179 |102 143 |140 |182 |73 |131 |2 125 |62 149 146 |134 89 72 |96 24 |188 195 35 138 187 122 |153 63 61 174 |147 58 107 4 |135 37 |128 101 60 |191 200 ||164 137 |55 54 |192 172 |185 169 |142 |183 |118 166 |6 151 |21 158 |56 |
33532.2 384706
186 94 194 88 7 106 10 |11 98 50 17 83 167 181 69 29 20 |110 36 40 44 57 184 139 112 48 144 |87 104 111 198 114 93 14 78 165 152 |121 196 90 150 103 74 159 99 81 79 22 154 |16 84 9 82 32 31 12 |133 67 105 70 18 175 180 156 77 108 170 115 92 193 |39 86 171 119 113 132 66 |41 197 33 145 136 189 168 5 177 148 199 59 42 178 51 123 |19 23 25 109 80 71 85 46 130 155 100 190 ||101 |8 |6 |188 |187 76 38 |24 45 |55 |1 173 |128 60 |166 158 |131 61 |97 49 |147 143 |96 |28 |56 192 161 53 |63 169 |182 127 |73 125 |157 |191 68 |91 43 |142 183 |102 58 129 |62 120 54 138 195 |52 |30 |13 37 47 179 |172 116 2 |135 15 153 |72 151 21 |146 117 |34 118 185 |200 160 95 |75 |65 |122 |27 4 |134 |174 |64 |124 |141 |26 126 35 |3 140 |162 176 164 |89 107 |149 163 |137 |
33984.8 377555
186 94 194 88 7 106 10 |11 98 50 17 83 167 181 69 29 20 |110 36 40 44 57 184 139 112 48 144 |87 104 111 198 114 93 14 78 165 152 |121 196 90 150 103 74 159 99 81 79 22 154 |16 84 9 82 32 31 12 |133 67 105 70 18 175 180 156 77 108 170 115 92 193 |39 86 171 119 113 132 66 |41 197 33 145 136 189 168 5 177 148 199 59 42 178 51 123 |19 23 25 109 80 71 85 46 130 155 100 190 ||153 |169 |157 |45 56 2 |191 |1 172 |188 151 |187 34 |102 21 |55 |127 |116 |47 107 |146 49 |179 195 |158 |60 |173 76 54 |97 141 |58 |62 |142 |128 160 |126 95 |30 72 122 |131 15 |96 |53 37 147 |8 38 |63 |135 |61 |35 65 24 |73 64 124 |75 |138 164 166 28 163 |120 149 101 |192 |52 |68 |117 125 |182 118 185 |200 161 |129 176 |27 4 |134 |174 |13 |162 |26 |43 |143 |137 |3 89 |6 140 |91 |183 |
34345.3 377239
186 94 194 88 7 106 10 |11 98 50 17 83 167 181 69 29 20 |110 36 40 44 57 184 139 112 48 144 |87 104 111 198 114 93 14 78 165 152 |121 196 90 150 103 74 159 99 81 79 22 154 |16 84 9 82 32 31 12 |133 67 105 70 18 175 180 156 77 108 170 115 92 193 |39 86 171 119 113 132 66 |41 197 33 145 136 189 168 5 177 148 199 59 42 178 51 123 |19 23 25 109 80 71 85 46 130 155 100 190 ||120 |157 45 |129 |122 140 |151 |13 |4 188 |62 55 |183 |143 |163 2 138 |187 89 30 |169 162 |160 64 135 |68 |56 27 |195 |127 |166 |38 28 |174 128 97 |131 |65 95 54 |58 1 107 |15 141 |153 |158 182 |191 |72 |52 |102 |142 |35 61 125 53 |24 |149 |60 |134 |75 37 |76 164 |176 118 |200 117 192 |147 161 |101 |96 |63 49 |116 |73 |173 146 |179 185 |124 |43 |91 |6 |8 126 26 |21 |137 47 |34 |3 |172 
38932.7 375705
186 94 194 88 7 106 10 |11 98 50 17 83 167 181 69 29 20 |110 36 40 44 57 184 139 112 48 144 |87 104 111 198 114 93 14 78 165 152 |121 196 90 150 103 74 159 99 81 79 22 154 |16 84 9 82 32 31 12 |133 67 105 70 18 175 180 156 77 108 170 115 92 193 |39 86 171 119 113 132 66 |41 197 33 145 136 189 168 5 177 148 199 59 42 178 51 123 |19 23 25 109 80 71 85 46 130 155 100 190 ||120 |157 192 |45 |122 |129 |188 117 |4 |27 1 172 |127 163 138 |89 68 |131 |149 160 |30 140 |76 142 |97 |55 |164 |143 37 |116 |166 56 |38 28 |63 64 |53 15 |182 |73 |75 161 |141 |13 |162 |135 153 |91 52 |183 |35 169 |174 2 102 |200 ||124 60 |134 191 72 |96 24 118 |47 58 125 |147 |6 158 |61 |151 49 |176 95 |62 173 146 |43 |107 |179 |187 |195 |65 |128 |185 |8 126 |21 26 101 |137 54 |34 |3 |
39321.1 375681
186 94 194 88 7 106 10 |11 98 50 17 83 167 181 69 29 20 |110 36 40 44 57 184 139 112 48 144 |87 104 111 198 114 93 14 78 165 152 |121 196 90 150 103 74 159 99 81 79 22 154 |16 84 9 82 32 31 12 |133 67 105 70 18 175 180 156 77 108 170 115 92 193 |39 86 171 119 113 132 66 |41 197 33 145 136 189 168 5 177 148 199 59 42 178 51 123 |19 23 25 109 80 71 85 46 130 155 100 190 ||157 45 |129 56 2 |52 |151 |188 |183 |62 187 |55 21 |30 163 |102 |89 |135 |200 ||169 162 |28 195 |47 27 60 |127 |97 |54 |141 |107 58 |160 |122 95 |1 |128 38 |96 149 |153 125 |191 72 |182 158 |147 |131 15 |142 |8 |53 |35 61 |65 24 |73 64 124 |75 37 4 |164 76 166 138 |101 118 |68 |63 49 |116 117 161 |173 192 |146 |179 185 |176 |134 |174 |13 |126 |26 |43 |143 |137 |3 |6 140 |34 |91 |120 |172 
39836.8 368994

Time:0
Last Iter:10
Last Update:10
Tabu:0
Last Time0
15
48 85 109 124 39 9 84 159 103 |118 152 12 49 132 61 136 199 17 11 133 |169 95 82 15 22 144 110 83 25 155 51 178 67 148 197 |145 33 70 180 63 135 131 91 104 111 114 184 98 139 181 23 130 177 |65 164 121 196 7 106 113 66 92 157 71 50 44 194 |86 186 94 43 74 41 24 162 165 137 173 193 115 175 18 156 77 5 |168 190 123 29 112 21 78 120 26 160 79 126 88 108 |174 10 128 16 176 38 87 93 14 36 57 167 69 20 100 80 189 |54 150 90 99 81 45 154 28 46 161 42 102 105 37 75 170 31 171 |141 119 32 125 59 19 89 40 198 127 143 ||107 117 1 3 |8 52 138 |6 |147 |142 183 |96 55 |60 134 151 101 |140 191 |182 76 166 35 122 |172 |58 13 200 129 |187 163 158 |47 34 30 |4 2 179 |73 |68 |146 188 185 195 97 |53 192 |62 149 |72 116 27 |56 64 |153 |
15953.5 1.2154e+06
6 40 191 83 19 157 197 170 32 7 99 111 |18 3 67 5 147 12 66 22 106 113 41 133 110 |45 10 193 185 122 23 51 192 168 58 75 189 70 180 |178 42 53 175 129 144 48 154 78 93 74 121 84 88 80 50 |183 142 104 55 150 103 176 16 79 15 108 115 100 109 11 136 |102 177 143 37 92 31 135 97 169 194 186 29 181 167 184 44 |127 14 163 159 138 119 86 141 123 155 130 46 199 17 139 |89 98 68 57 158 198 96 54 166 65 81 196 82 132 77 171 59 |152 4 190 161 125 156 145 1 117 172 25 140 30 165 114 87 90 9 |39 94 118 162 36 134 112 20 69 85 71 148 105 33 ||24 28 60 35 |128 160 73 |63 153 |131 64 |61 |116 |13 |151 187 188 |200 56 27 |149 76 62 164 |195 38 |72 2 |49 174 95 43 |52 |182 173 146 |124 107 |179 |8 126 91 |21 26 101 |137 47 |34 |120 |
16241.6 1.18766e+06
177 100 155 25 193 152 132 170 39 171 84 99 74 103 104 |181 167 34 68 40 165 29 92 106 186 94 5 148 197 |129 138 154 81 90 115 180 156 70 59 130 19 199 109 |82 113 7 41 36 57 67 105 |89 139 46 190 2 53 175 37 124 61 86 194 16 78 114 93 |9 79 128 48 23 200 147 72 98 184 182 198 183 |141 91 97 73 66 144 20 179 51 145 75 77 112 87 |10 12 123 3 33 18 136 189 117 173 69 11 191 44 101 14 150 160 32 119 31 |65 22 21 158 121 88 131 108 125 178 58 85 71 80 17 50 83 |168 1 161 42 27 30 110 111 133 159 164 196 52 ||157 13 49 |166 76 176 |43 126 54 163 |187 60 151 28 |127 |137 185 45 4 |134 26 |47 |96 142 |188 24 38 |135 15 |153 174 |116 172 122 |195 95 169 64 |149 |107 |8 120 162 35 |146 118 6 |143 192 102 56 |62 55 |63 |140 |
17376.9 1.15402e+06
8 149 182 110 66 113 94 180 42 100 59 19 |101 21 195 99 84 194 61 92 123 33 109 17 20 |197 93 198 28 36 57 50 29 10 106 41 178 145 168 175 |74 70 16 86 171 31 170 115 155 48 69 11 139 136 |75 14 143 47 23 188 144 22 81 52 88 150 87 104 165 105 51 |148 114 1 117 27 71 83 72 78 162 4 152 12 132 186 119 79 |18 196 108 39 7 43 159 62 111 183 40 181 25 130 67 5 177 190 154 |77 76 166 55 90 103 38 121 9 30 |156 189 199 85 112 44 |65 98 169 32 82 64 135 129 193 137 46 80 140 167 34 184 151 116 133 ||146 173 120 |54 164 24 138 |49 97 95 |192 200 174 |163 191 |56 124 73 |102 2 |179 147 |53 63 |37 172 |35 15 |134 |161 185 118 |160 |126 26 |125 60 |158 127 |107 |153 |91 131 |141 |128 45 122 |176 |142 96 |157 13 58 3 |187 6 89 |68 |
20045.5 1.06305e+06
89 11 139 112 36 101 14 21 78 165 152 |16 156 119 82 7 88 194 94 186 86 171 39 77 108 135 61 31 132 113 32 106 195 66 12 129 |184 98 30 72 83 167 181 23 19 |198 114 93 182 40 151 6 110 48 144 |180 44 68 50 17 71 85 46 130 155 42 51 123 |199 80 140 109 25 69 29 20 137 188 |189 99 133 183 96 142 87 41 38 103 74 90 150 159 196 121 84 9 81 79 22 |162 104 111 76 62 28 166 154 10 |105 67 148 143 168 177 5 1 117 59 100 190 |57 115 170 175 18 70 136 13 197 58 157 145 33 3 178 92 193 ||169 52 |27 |34 |64 43 |146 173 120 |54 164 24 138 |49 97 95 187 |192 200 174 4 |163 191 |56 124 73 |75 |149 55 |47 116 |102 2 |179 147 |53 63 |37 172 |35 15 |134 |161 185 118 |160 |126 26 |125 60 |158 127 |107 |153 |91 131 |141 |128 45 122 |176 65 8 
21404.3 487247
21 79 81 99 26 101 22 154 |137 199 47 59 130 155 193 |34 77 115 31 170 156 180 18 175 67 105 42 178 51 123 |16 197 189 136 145 33 3 100 190 12 |92 109 71 85 46 19 |5 168 177 148 80 25 23 |133 108 132 113 32 82 119 39 171 86 186 94 194 88 7 9 106 66 10 |11 98 50 17 83 167 181 69 29 20 |110 36 40 44 57 184 139 112 48 144 |70 103 121 84 196 159 74 90 150 41 87 104 111 198 114 93 14 78 165 152 ||120 |54 |157 192 |45 122 53 |1 117 27 4 188 |183 142 |102 143 |127 163 138 |89 68 72 |56 160 |176 187 |65 |166 97 |38 28 |63 64 |128 15 |131 |30 |75 |172 |162 |153 |151 |35 169 125 |140 2 |62 149 158 |134 191 |61 195 |96 24 |135 37 |141 |116 |76 55 |161 49 73 129 185 |52 118 60 |147 200 146 |124 |6 |164 |58 13 |174 95 43 |182 173 |107 179 |8 126 91 
26695.6 450383
7 84 9 21 36 110 48 144 |189 44 40 14 182 93 114 198 111 78 165 152 |77 183 87 41 90 159 99 81 79 22 |71 116 80 109 25 167 181 69 138 10 |16 121 196 74 103 104 150 154 |133 184 57 98 17 83 11 139 112 29 20 23 19 193 |132 31 170 156 180 18 175 178 100 155 190 |130 46 85 199 67 59 42 51 123 12 |50 108 70 145 136 197 168 177 5 105 33 92 115 |148 88 194 94 186 86 171 39 119 113 82 32 106 66 ||188 27 140 |118 157 |58 |195 192 |37 75 200 4 |127 55 35 45 |187 126 43 |24 65 137 185 |62 76 162 134 122 |174 129 |34 72 89 |61 64 153 97 95 |166 28 60 158 |13 63 |142 149 |173 191 151 146 |135 124 2 49 |179 143 47 |91 54 |3 |141 |107 |117 1 102 56 |160 169 52 |26 120 |15 |53 |101 |68 |8 |73 125 |6 |38 176 |30 |96 163 |164 128 |131 |172 |147 |161 
28567 422175
11 142 111 198 114 93 14 36 110 78 165 |40 44 57 184 139 112 69 29 20 |70 18 175 180 156 170 31 115 92 144 |108 77 39 171 119 113 132 66 10 |98 87 104 41 103 196 121 84 9 81 79 22 48 12 |86 186 94 194 88 82 32 106 |133 181 167 83 50 17 109 80 25 71 85 46 130 23 19 |197 189 136 145 33 105 178 42 51 123 |7 16 159 74 90 150 99 154 152 |67 5 168 177 148 199 59 100 155 190 193 ||56 160 |1 143 129 |163 182 |176 26 28 |127 76 65 |116 53 |49 97 64 3 |38 8 120 |95 15 131 |47 117 13 |30 173 161 |75 157 |141 |34 179 27 |43 126 52 91 |73 124 |140 2 125 |62 149 146 |134 89 72 |96 24 |188 195 |191 68 |174 200 58 |185 35 138 169 |21 |135 37 |172 |101 |151 6 60 162 118 122 |55 164 166 |158 4 |102 128 |61 107 |63 153 |187 |183 |147 |192 137 |45 |54 
29868.5 405332
103 199 25 109 80 71 59 100 155 130 85 46 23 19 190 |98 50 17 83 167 181 69 29 20 48 144 |36 40 44 57 184 11 139 112 110 152 |45 196 121 159 99 66 10 |189 74 150 90 41 87 104 111 198 114 93 14 78 165 |133 39 88 194 195 94 186 86 171 119 32 106 |16 84 7 9 81 79 22 154 |82 113 77 108 132 31 170 115 |156 180 175 18 70 157 33 178 42 51 123 193 |67 5 148 177 168 197 136 145 105 92 12 ||2 |21 188 179 56 |187 34 151 |173 1 37 |72 122 |62 38 8 |53 43 |128 76 54 166 |97 141 |58 192 102 |172 140 |30 28 35 |96 55 24 |135 169 49 |176 52 |15 |75 |60 158 162 |142 |160 73 |63 153 64 61 |131 |116 |65 |147 |124 |138 164 163 |120 149 101 |146 47 |126 |68 |127 |117 125 95 |182 118 185 |200 161 |129 |27 4 |134 |174 |13 |26 |107 |143 |137 |3 89 |6 191 |91 |183 |
30290.6 403773
186 94 194 88 7 106 10 |11 98 50 17 83 167 181 69 29 20 |110 36 40 44 57 184 139 112 48 144 |87 104 111 198 114 93 14 78 165 152 |121 196 90 150 103 74 159 99 81 79 22 154 |16 84 9 82 32 31 12 |133 67 105 70 18 175 180 156 77 108 170 115 92 193 |39 86 171 119 113 132 66 |41 197 33 145 136 189 168 5 177 148 199 59 42 178 51 123 |19 23 25 109 80 71 85 46 130 155 100 190 ||45 |68 |28 |124 |52 160 |1 |27 162 |34 |163 127 76 |116 53 |49 97 64 3 |38 8 120 26 |95 15 65 |47 117 13 |30 173 161 |75 157 |141 |43 126 129 |91 |176 |179 |102 143 |140 |182 |73 |131 |2 125 |62 149 146 |134 89 72 |96 24 |188 195 35 138 187 122 |153 63 61 174 |147 58 107 4 |135 37 |128 101 60 |191 200 ||164 137 |55 54 |192 172 |185 169 |142 |183 |118 166 |6 151 |21 158 |56 |
33532.2 384706
186 94 194 88 7 106 10 |11 98 50 17 83 167 181 69 29 20 |110 36 40 44 57 184 139 112 48 144 |87 104 111 198 114 93 14 78 165 152 |121 196 90 150 103 74 159 99 81 79 22 154 |16 84 9 82 32 31 12 |133 67 105 70 18 175 180 156 77 108 170 115 92 193 |39 86 171 119 113 132 66 |41 197 33 145 136 189 168 5 177 148 199 59 42 178 51 123 |19 23 25 109 80 71 85 46 130 155 100 190 ||101 |8 |6 |188 |187 76 38 |24 45 |55 |1 173 |128 60 |166 158 |131 61 |97 49 |147 143 |96 |28 |56 192 161 53 |63 169 |182 127 |73 125 |157 |191 68 |91 43 |142 183 |102 58 129 |62 120 54 138 195 |52 |30 |13 37 47 179 |172 116 2 |135 15 153 |72 151 21 |146 117 |34 118 185 |200 160 95 |75 |65 |122 |27 4 |134 |174 |64 |124 |141 |26 126 35 |3 140 |162 176 164 |89 107 |149 163 |137 |
33984.8 377555
186 94 194 88 7 106 10 |11 98 50 17 83 167 181 69 29 20 |110 36 40 44 57 184 139 112 48 144 |87 104 111 198 114 93 14 78 165 152 |121 196 90 150 103 74 159 99 81 79 22 154 |16 84 9 82 32 31 12 |133 67 105 70 18 175 180 156 77 108 170 115 92 193 |39 86 171 119 113 132 66 |41 197 33 145 136 189 168 5 177 148 199 59 42 178 51 123 |19 23 25 109 80 71 85 46 130 155 100 190 ||153 |169 |157 |45 56 2 |191 |1 172 |188 151 |187 34 |102 21 |55 |127 |116 |47 107 |146 49 |179 195 |158 |60 |173 76 54 |97 141 |58 |62 |142 |128 160 |126 95 |30 72 122 |131 15 |96 |53 37 147 |8 38 |63 |135 |61 |35 65 24 |73 64 124 |75 |138 164 166 28 163 |120 149 101 |192 |52 |68 |117 125 |182 118 185 |200 161 |129 176 |27 4 |134 |174 |13 |162 |26 |43 |143 |137 |3 89 |6 140 |91 |183 |
34345.3 377239
186 94 194 88 7 106 10 |11 98 50 17 83 167 181 69 29 20 |110 36 40 44 57 184 139 112 48 144 |87 104 111 198 114 93 14 78 165 152 |121 196 90 150 103 74 159 99 81 79 22 154 |16 84 9 82 32 31 12 |133 67 105 70 18 175 180 156 77 108 170 115 92 193 |39 86 171 119 113 132 66 |41 197 33 145 136 189 168 5 177 148 199 59 42 178 51 123 |19 23 25 109 80 71 85 46 130 155 100 190 ||120 |157 45 |129 |122 140 |151 |13 |4 188 |62 55 |183 |143 |163 2 138 |187 89 30 |169 162 |160 64 135 |68 |56 27 |195 |127 |166 |38 28 |174 128 97 |131 |65 95 54 |58 1 107 |15 141 |153 |158 182 |191 |72 |52 |102 |142 |35 61 125 53 |24 |149 |60 |134 |75 37 |76 164 |176 118 |200 117 192 |147 161 |101 |96 |63 49 |116 |73 |173 146 |179 185 |124 |43 |91 |6 |8 126 26 |21 |137 47 |34 |3 |172 
38932.7 375705
186 94 194 88 7 106 10 |11 98 50 17 83 167 181 69 29 20 |110 36 40 44 57 184 139 112 48 144 |87 104 111 198 114 93 14 78 165 152 |121 196 90 150 103 74 159 99 81 79 22 154 |16 84 9 82 32 31 12 |133 67 105 70 18 175 180 156 77 108 170 115 92 193 |39 86 171 119 113 132 66 |41 197 33 145 136 189 168 5 177 148 199 59 42 178 51 123 |19 23 25 109 80 71 85 46 130 155 100 190 ||120 |157 192 |45 |122 |129 |188 117 |4 |27 1 172 |127 163 138 |89 68 |131 |149 160 |30 140 |76 142 |97 |55 |164 |143 37 |116 |166 56 |38 28 |63 64 |53 15 |182 |73 |75 161 |141 |13 |162 |135 153 |91 52 |183 |35 169 |174 2 102 |200 ||124 60 |134 191 72 |96 24 118 |47 58 125 |147 |6 158 |61 |151 49 |176 95 |62 173 146 |43 |107 |179 |187 |195 |65 |128 |185 |8 126 |21 26 101 |137 54 |34 |3 |
39321.1 375681
186 94 194 88 7 106 10 |11 98 50 17 83 167 181 69 29 20 |110 36 40 44 57 184 139 112 48 144 |87 104 111 198 114 93 14 78 165 152 |121 196 90 150 103 74 159 99 81 79 22 154 |16 84 9 82 32 31 12 |133 67 105 70 18 175 180 156 77 108 170 115 92 193 |39 86 171 119 113 132 66 |41 197 33 145 136 189 168 5 177 148 199 59 42 178 51 123 |19 23 25 109 80 71 85 46 130 155 100 190 ||157 45 |129 56 2 |52 |151 |188 |183 |62 187 |55 21 |30 163 |102 |89 |135 |200 ||169 162 |28 195 |47 27 60 |127 |97 |54 |141 |107 58 |160 |122 95 |1 |128 38 |96 149 |153 125 |191 72 |182 158 |147 |131 15 |142 |8 |53 |35 61 |65 24 |73 64 124 |75 37 4 |164 76 166 138 |101 118 |68 |63 49 |116 117 161 |173 192 |146 |179 185 |176 |134 |174 |13 |126 |26 |43 |143 |137 |3 |6 140 |34 |91 |120 |172 
39836.8 368994

