Time:40
Last Iter:10
Last Update:10
Tabu:0
Last Time40
14
72 167 19 158 53 35 68 118 29 43 176 10 51 62 27 |60 160 136 113 85 100 36 34 4 119 73 168 18 13 22 6 |12 135 38 40 174 141 111 25 79 188 108 189 184 |74 131 95 9 124 106 28 154 11 93 57 |120 169 152 55 24 78 65 2 142 104 153 63 177 37 151 50 163 |42 179 197 107 8 75 117 83 110 5 132 67 126 187 133 |20 88 161 130 70 156 32 45 99 164 109 71 56 190 58 155 148 166 |1 77 59 91 17 89 49 84 61 48 178 182 147 165 86 138 |82 125 112 26 87 64 98 80 149 41 3 173 15 96 181 69 139 143 |116 94 145 76 114 105 101 195 54 193 159 180 30 140 21 ||66 |39 137 |192 128 194 |134 |198 183 |102 122 |186 |146 199 |103 |123 |162 185 |129 144 172 |81 |16 7 46 33 |150 175 191 |121 |196 14 97 |44 |52 |92 |90 170 |115 200 127 |23 31 |157 |47 |171 |
20819.7 1.58659e+06
165 179 183 82 151 31 1 67 85 |184 21 140 32 141 133 50 13 193 120 |93 147 153 155 176 110 57 138 10 83 148 104 128 35 46 194 154 29 100 80 170 26 87 |105 116 53 89 96 18 91 42 152 169 180 59 |34 177 37 109 188 51 71 79 178 182 143 63 189 56 9 115 190 136 124 146 |5 61 195 160 62 164 25 95 48 45 131 111 139 186 27 23 99 132 113 |86 43 49 20 126 174 156 191 54 |108 36 11 117 8 4 145 65 167 38 94 3 12 135 73 75 166 19 158 181 106 |162 78 119 40 168 92 66 15 17 173 102 107 192 28 98 68 64 118 |41 70 6 22 163 130 161 74 88 187 84 159 69 ||101 |2 |171 |76 |121 112 39 |175 150 16 |114 77 |14 |60 |134 142 |72 |52 |149 |44 137 |90 7 |103 122 |55 123 |24 144 198 |97 125 200 ||127 196 |33 |81 197 |129 47 |30 |199 157 172 |58 185 
22608.8 699753
40 97 146 186 159 180 103 169 69 77 170 |196 115 195 80 26 |89 38 93 105 117 148 83 138 10 57 34 110 43 86 184 176 155 36 162 153 29 154 100 68 64 |41 116 19 166 94 3 135 73 75 107 119 167 65 4 35 98 28 118 |78 156 161 126 84 74 88 20 42 152 18 66 168 173 17 179 197 59 181 106 |5 49 13 187 130 163 22 6 70 50 133 32 140 21 48 45 61 121 132 113 85 |96 11 104 165 147 160 56 9 124 |53 193 51 71 79 109 25 164 62 177 190 136 |145 108 188 178 182 143 63 189 82 |141 60 37 95 139 131 111 27 99 151 1 54 67 ||101 |200 ||171 |14 |142 |15 158 |44 125 39 87 33 |128 102 |91 |47 127 |90 7 194 46 |24 |30 |52 |149 |58 |31 23 150 |129 144 |92 |198 8 |172 191 120 |174 |134 2 |199 |12 |185 |175 81 157 |55 123 |122 |72 76 114 |183 137 |192 16 112 
27593.9 686963
53 51 160 63 189 143 182 178 71 79 108 188 109 37 25 164 62 1 |141 61 56 9 177 95 139 99 82 |165 104 145 72 76 114 |183 54 151 137 67 |147 192 40 193 159 180 103 169 69 124 170 |136 190 196 195 80 26 |89 38 93 11 105 117 148 83 138 10 57 34 110 43 86 184 176 155 36 153 29 154 100 68 64 |41 116 19 166 94 3 135 73 75 107 119 167 65 4 35 98 28 118 |78 156 161 126 84 74 88 20 42 152 18 96 168 173 17 179 59 181 106 |5 49 13 187 130 163 22 6 70 50 133 32 140 21 48 45 131 111 27 132 113 85 ||197 |146 112 16 |97 115 |142 |162 |186 |77 121 |14 |15 158 |44 125 39 87 33 |128 102 |91 171 |47 127 |90 7 194 46 |24 |30 |200 ||66 |60 |31 23 150 |129 144 |101 |52 |92 |198 8 |172 191 120 |174 |149 |58 |134 2 |199 |12 |185 |175 81 157 |55 123 |122 |
27990.2 680883
130 109 153 147 165 36 155 184 176 43 110 34 57 10 83 148 104 41 142 35 100 68 |5 138 117 105 11 72 145 65 4 98 64 118 |32 40 18 42 152 180 59 |189 163 22 6 70 133 50 13 193 159 103 169 |131 78 53 89 96 168 173 17 179 181 |166 19 107 106 |188 93 29 154 167 38 94 3 135 73 75 119 28 |116 140 21 54 1 82 177 56 9 190 136 124 26 |141 108 95 139 111 45 48 61 156 187 161 74 88 49 20 84 126 69 |51 86 80 195 160 63 143 182 178 71 79 37 25 164 62 27 151 99 132 113 67 85 ||125 |47 |162 |194 7 |39 200 ||101 |30 |144 198 87 |174 191 |33 114 97 |81 |91 |24 |185 |44 128 90 |12 |121 23 |66 |146 192 |123 |127 31 137 150 |183 77 172 |196 |186 |60 |197 55 102 199 129 |170 2 |52 16 |58 |175 157 158 |115 14 112 |15 122 |171 |149 |92 |8 76 46 |120 |134 
30006.6 628692
147 11 38 94 3 135 73 75 106 |165 89 42 18 96 168 40 166 28 98 118 64 26 |78 63 105 93 117 83 138 10 57 34 110 43 104 148 41 153 29 80 100 68 |184 5 51 177 37 109 79 71 178 182 143 189 56 9 190 136 124 |155 25 62 164 139 48 45 131 111 27 99 132 113 |188 141 140 32 21 61 151 82 85 |176 116 49 20 74 161 130 163 22 6 70 133 50 156 54 1 |36 59 179 17 173 19 181 |86 53 152 180 169 126 187 13 193 159 69 |95 67 84 88 108 160 195 154 35 145 4 65 167 119 107 ||191 |198 39 |33 |97 |120 |144 114 7 |30 |14 112 |46 142 |87 |174 |194 |134 |47 |91 103 |171 |200 ||162 |92 |72 |185 |44 128 90 |12 |121 23 |24 |66 |146 192 |123 |127 31 137 150 |183 77 172 |196 |186 |60 |197 55 102 199 129 |170 2 |52 16 |58 |101 |125 |76 |115 |175 158 |157 122 |15 |81 |8 |149 
31063.9 621585
182 133 88 74 161 130 163 22 6 70 50 156 54 |49 57 104 34 110 36 155 86 184 176 43 52 153 29 154 100 68 64 |53 149 165 147 188 79 37 109 189 56 160 195 190 136 124 |5 78 42 179 152 169 159 20 84 126 187 13 193 69 |71 141 21 95 139 111 131 45 48 61 151 137 1 |143 63 75 73 135 38 94 167 65 145 4 119 107 144 |116 80 115 9 177 25 164 62 27 99 82 132 113 67 85 |51 3 93 138 10 83 148 41 117 105 11 35 98 28 90 118 |108 89 18 96 168 40 166 17 173 19 181 198 106 |178 140 32 180 59 87 26 ||55 |24 |97 |91 |186 |174 191 |8 158 |162 |92 |66 |15 102 |192 |12 |23 |101 |2 |171 |76 |121 112 39 |175 150 16 |114 77 |14 |60 |134 142 |197 123 |128 170 |44 200 ||72 |7 |58 |196 33 129 |183 |185 |199 157 |146 46 194 |122 81 |103 172 120 |30 |31 125 |47 127 |
32261.9 611629
96 13 156 193 169 180 59 |93 22 139 95 25 160 63 143 182 178 71 79 109 177 9 190 136 124 |6 5 108 188 62 164 189 56 195 26 |147 89 53 3 135 94 119 167 65 145 4 28 |148 141 50 133 140 61 32 21 48 45 131 111 27 151 99 44 82 132 113 |138 179 168 40 166 73 75 107 106 |70 80 7 76 35 98 64 118 |51 38 86 165 36 184 176 43 110 34 57 10 83 105 11 117 41 104 153 29 154 100 68 |155 78 42 152 122 18 15 17 173 19 181 |116 37 49 20 88 74 161 130 163 187 84 126 159 69 54 1 67 85 ||90 198 129 |14 112 |46 |87 121 |174 |123 102 |66 |47 |127 31 |171 |200 ||162 |186 |72 |134 |39 199 172 |58 |60 |30 |92 |101 |197 |196 146 |52 |103 |191 120 150 |137 |125 |194 8 |115 |16 |142 2 33 |81 157 |144 12 |175 77 183 |192 170 |128 114 158 |97 |23 |91 55 |185 |24 |149 |
33325.1 610723
174 165 95 177 164 25 37 109 188 79 71 178 182 143 63 189 160 56 9 190 136 124 26 |51 173 123 166 19 181 |53 13 193 152 169 183 120 54 1 67 85 |5 141 30 32 140 21 131 61 48 45 111 139 27 151 99 82 132 113 |42 155 11 105 117 83 138 10 148 104 41 134 35 98 |195 89 96 18 168 17 179 180 59 |108 40 133 50 70 6 22 163 130 187 161 74 88 49 20 84 126 159 69 |156 116 78 135 73 75 65 119 107 106 |57 3 38 94 167 145 4 28 118 |93 62 147 36 34 110 43 86 184 176 153 29 154 80 100 68 64 ||101 |112 76 |162 |185 16 |114 87 39 |196 198 |24 199 |127 23 146 |197 90 128 |150 44 129 |33 192 144 102 |2 170 |125 121 |52 194 46 |149 |191 |103 81 172 |72 |77 |58 |158 |31 |186 |47 |60 |142 7 |92 |175 |14 |137 200 ||8 |115 |15 |12 |55 |157 |171 |122 |97 |91 |66 
33400.4 601873
174 165 95 177 164 25 37 109 188 79 71 178 182 143 63 189 160 56 9 190 136 124 26 |51 173 123 166 19 181 |53 13 193 152 169 183 120 54 1 67 85 |5 141 30 32 140 21 131 61 48 45 111 139 27 151 99 82 132 113 |42 155 11 105 117 83 138 10 148 104 41 134 35 98 |195 89 96 18 168 17 179 180 59 |108 40 133 50 70 6 22 163 130 187 161 74 88 49 20 84 126 159 69 |156 116 78 135 73 75 65 119 107 106 |57 3 38 94 167 145 4 28 118 |93 62 147 36 34 110 43 86 184 176 153 29 154 80 100 68 64 ||101 |112 76 |162 |185 16 |114 87 39 |196 198 |24 199 |127 23 146 |197 90 128 |7 |58 |122 |2 170 |125 121 150 |52 194 46 |149 |191 |103 81 172 |72 |33 77 129 |192 |158 |31 44 |186 |47 |60 |142 |92 |175 |14 |137 200 ||144 8 |115 |15 |12 |55 |157 |171 |102 |97 |91 |66 
35821.9 599442
41 95 71 51 5 108 188 79 109 37 25 164 62 82 |78 56 160 147 165 36 155 136 124 |178 190 182 143 63 189 177 9 195 100 80 26 |187 57 104 148 117 105 11 35 98 28 118 |139 93 83 10 34 110 43 86 184 176 153 29 154 68 64 |141 54 4 145 65 167 119 107 106 |138 53 116 94 3 135 73 75 166 19 181 |70 96 89 40 168 173 17 179 152 42 169 180 59 |38 50 6 22 163 130 161 74 88 49 20 84 126 13 193 159 69 |18 1 156 133 32 140 21 111 131 45 48 61 151 27 99 132 113 67 85 ||120 |174 |112 76 |66 |123 102 |114 87 39 |196 198 |24 199 |127 23 146 |197 90 128 |162 185 |16 134 |7 |58 |122 |2 170 |125 121 150 |52 194 46 |149 |101 |191 |103 81 172 |72 |33 77 129 |192 |158 |31 44 |186 |47 |60 |142 |92 |175 |14 |137 200 ||144 8 |115 |15 |12 |55 |157 |171 |183 |97 |30 |91 
36120.2 587458
134 41 95 51 5 108 188 79 109 37 25 164 62 82 |78 147 165 36 155 162 100 80 26 |187 57 104 148 117 105 11 35 98 28 118 |139 83 10 34 110 43 86 184 176 153 29 154 68 64 |141 54 4 145 65 167 119 107 106 |138 53 116 94 3 135 73 75 166 19 181 |70 96 89 40 168 173 17 179 152 42 169 180 59 |38 50 6 22 163 130 161 74 88 49 20 84 126 13 193 159 69 |18 1 156 133 32 140 21 111 131 45 48 61 151 27 99 132 113 67 85 |93 177 9 71 178 182 143 63 189 56 160 195 190 136 124 ||174 |197 158 |121 |123 |101 |15 |8 |128 170 |191 77 172 175 |23 125 39 146 |52 194 46 |30 |103 122 199 |72 114 90 33 |185 |2 192 198 |149 |144 102 |200 44 |91 183 |127 |196 |81 |16 31 |120 |92 |112 47 |14 |137 |58 |129 142 |115 |150 |12 |87 7 76 |55 |157 |171 |60 |66 |24 |97 |186 
42697.2 576458
41 95 51 5 108 188 79 109 37 25 164 62 82 |78 147 165 36 155 128 100 80 26 |187 57 104 148 117 105 11 35 98 28 118 |139 83 10 34 110 43 86 184 176 153 29 154 68 64 |141 54 4 145 65 167 119 107 106 |138 53 116 94 3 135 73 75 166 19 181 |70 96 89 40 168 173 17 179 152 42 169 180 59 |38 50 6 22 163 130 161 74 88 49 20 84 126 13 193 159 69 |18 1 156 133 32 140 21 111 131 45 48 61 151 27 99 132 113 67 85 |93 177 9 71 178 182 143 63 189 56 160 195 190 136 124 ||174 |197 103 |121 |123 |46 |196 39 146 129 |112 44 200 ||162 170 |8 |2 72 |114 134 |76 7 |58 |15 |16 33 |183 192 |92 |185 |175 199 157 |101 |194 |122 81 |158 172 77 |30 150 |31 23 125 |186 |47 127 |60 |142 |52 |149 |14 |137 120 |144 |115 |90 |12 198 |87 |55 |191 |171 |24 102 |97 |91 |66 
44292.9 572785
41 95 51 5 108 188 79 109 37 25 164 62 82 |78 147 165 36 155 162 100 80 26 |187 57 104 148 117 105 11 35 98 28 118 |139 83 10 34 110 43 86 184 176 153 29 154 68 64 |141 54 4 145 65 167 119 107 106 |138 53 116 94 3 135 73 75 166 19 181 |70 96 89 40 168 173 17 179 152 42 169 180 59 |38 50 6 22 163 130 161 74 88 49 20 84 126 13 193 159 69 |18 1 156 133 32 140 21 111 131 45 48 61 151 27 99 132 113 67 85 |93 177 9 71 178 182 143 63 189 56 160 195 190 136 124 ||174 |197 158 |121 |123 |101 |15 |8 |128 170 |44 200 ||2 72 |114 134 |76 7 |58 |196 16 33 129 |112 183 192 |92 |185 |175 199 157 |146 46 194 39 |122 81 |103 172 77 120 |30 150 |31 23 125 |186 |47 127 |60 |142 |52 |149 |14 |137 |144 |115 |90 |12 198 |87 |55 |191 |171 |24 102 |97 |91 |66 
44377.6 569303

Time:40
Last Iter:10
Last Update:10
Tabu:0
Last Time40
14
105 11 154 155 36 178 61 69 17 73 89 96 |149 101 41 117 138 57 72 4 106 124 1 156 133 161 74 20 152 25 |110 34 148 68 64 80 160 189 71 37 164 95 99 70 49 40 |46 134 104 10 65 59 42 54 151 50 22 177 108 51 147 |107 119 114 129 150 180 181 75 94 53 195 109 |18 92 78 3 167 35 184 86 136 9 182 48 67 126 84 6 |33 39 172 169 122 91 15 24 123 38 93 165 188 131 45 13 163 |103 174 88 141 140 21 111 139 200 60 63 83 118 166 168 116 |162 153 100 170 115 56 143 5 47 62 127 82 132 113 32 187 179 19 135 145 |193 159 157 197 102 55 173 171 130 27 79 190 85 26 98 28 29 43 176 ||23 44 |76 |121 |186 |183 199 192 |144 12 |185 |77 120 |158 |196 |52 |30 |16 194 2 128 |175 137 31 |125 14 |198 81 |191 112 146 |90 |97 |8 |58 |66 |87 7 |142 |
21578.4 1.74831e+06
112 67 183 59 122 91 84 156 111 95 62 190 149 83 138 93 167 |104 57 11 145 35 98 166 69 1 27 189 160 188 88 161 |58 86 80 68 119 3 116 96 13 130 6 48 37 182 63 108 |25 79 71 143 195 147 176 43 110 34 105 38 73 19 173 168 18 126 70 32 54 26 124 |197 42 174 121 137 113 132 85 136 118 107 94 135 153 165 51 139 |78 24 92 181 28 100 154 101 41 117 99 133 |177 56 178 5 45 21 50 141 74 20 49 193 169 17 66 89 106 148 |187 120 191 140 61 151 109 14 170 64 29 36 65 179 |162 97 82 172 159 180 40 75 128 |53 123 144 4 72 46 194 185 184 155 10 9 164 131 22 163 152 ||158 55 15 |44 127 200 ||23 |142 |52 |146 2 114 90 33 |87 16 115 |150 |186 |7 134 |192 8 |125 196 129 |31 |30 |47 |60 |157 102 |12 |198 199 77 175 |171 |39 103 |76 |81 |
21752.6 1.64834e+06
79 190 23 151 169 19 167 96 148 176 |174 187 1 62 143 182 178 5 80 68 38 104 57 138 |98 35 154 36 93 145 65 119 180 69 141 27 177 56 |43 142 11 105 64 118 124 132 25 95 140 161 152 173 53 116 78 |76 90 181 91 84 130 150 137 9 51 147 155 184 86 10 117 |168 55 102 157 126 49 50 6 48 45 113 136 109 71 108 106 28 107 4 3 |60 37 131 61 32 133 22 88 20 13 193 159 172 179 66 18 135 100 29 83 |26 85 67 54 99 111 21 70 92 158 134 |195 160 63 188 127 82 170 129 199 59 197 40 89 73 94 153 185 165 110 34 |166 75 17 122 42 74 163 156 139 164 47 189 58 41 ||72 |77 191 |121 |12 198 |7 194 2 |101 |33 114 146 |103 |171 |162 |149 |8 |30 |120 81 |97 200 ||192 |15 |39 125 196 14 |123 24 |52 |31 44 112 87 |183 175 16 |115 |186 |128 144 |46 |
22440 1.60078e+06
135 167 148 93 147 37 45 85 49 22 6 |165 162 101 29 41 94 78 18 180 106 67 99 27 140 9 190 182 79 5 51 |95 48 177 60 54 159 13 96 53 28 10 57 138 |71 108 25 56 160 155 119 75 19 17 42 69 132 131 70 74 |198 129 100 4 157 169 172 126 20 156 141 151 139 62 189 63 124 113 |181 192 107 33 145 166 84 187 133 178 136 110 34 83 117 105 |82 31 121 32 21 175 59 152 66 88 163 118 154 104 43 184 86 11 195 |146 35 2 65 153 109 50 130 179 168 40 89 |173 55 15 91 193 161 116 38 98 68 80 58 176 36 143 188 |164 186 111 61 1 174 81 26 64 90 76 73 12 3 24 ||77 183 39 16 |47 |30 |97 115 |114 144 |72 |149 |92 |112 44 120 |103 197 |191 |102 |171 |150 199 87 |170 14 |128 8 46 |122 |52 |185 |158 123 |7 194 |125 127 23 |137 |142 134 |196 200 ||
22834.5 1.58334e+06
169 173 28 |163 130 84 20 171 122 197 59 181 118 80 83 135 166 53 177 189 188 |48 16 87 35 153 34 57 145 152 88 50 156 131 139 99 82 |37 114 107 96 42 74 6 54 190 182 178 108 147 165 36 184 43 117 98 |49 126 103 91 168 73 38 78 105 148 10 93 29 85 132 9 63 25 45 61 21 141 22 |119 161 72 154 46 129 146 44 137 31 23 111 62 109 51 195 187 |27 94 121 191 157 180 17 55 18 75 4 100 176 86 |149 162 110 8 19 92 89 69 67 26 136 160 71 151 140 1 |40 155 101 52 138 68 33 106 144 167 3 116 179 159 133 70 32 5 56 124 |143 64 65 11 41 104 115 127 164 95 79 113 193 13 ||120 112 39 |47 |12 198 |170 200 ||2 194 |66 |172 |76 |58 |123 192 |199 77 175 |125 |15 |196 |174 |185 |24 102 |81 |30 |134 |186 |90 128 7 97 |150 |14 |142 |60 |183 158 |
24922.1 1.53546e+06
125 33 142 197 127 198 144 15 92 109 60 177 170 90 |132 82 80 184 83 19 173 78 |43 153 117 75 116 181 126 27 139 190 136 |108 98 118 7 138 38 85 63 161 |93 191 156 13 159 20 88 96 89 73 4 106 100 29 86 189 182 164 62 45 48 |110 169 42 18 102 69 26 195 41 34 11 145 187 70 6 133 54 |49 79 188 160 196 155 176 52 10 64 167 94 135 168 59 130 32 61 111 |25 17 37 51 151 67 150 157 180 152 179 28 65 105 57 154 |193 163 74 199 91 66 3 119 107 35 68 147 148 9 143 178 71 5 95 131 |141 40 166 55 53 84 22 50 140 21 99 113 1 124 56 165 36 104 ||101 |134 |114 128 |183 97 39 |16 44 |31 23 137 |115 |24 |121 |47 |171 |112 200 ||149 |8 |30 |175 192 |120 |14 146 129 |76 |58 185 |2 72 |81 172 |174 |12 |162 |77 103 |158 123 |87 46 194 |122 |186 |
25450 1.44286e+06
53 96 197 42 152 169 157 |108 165 46 14 195 190 |66 188 37 25 164 95 139 111 131 45 48 61 21 140 32 156 13 193 69 |116 5 36 151 27 99 62 177 56 189 109 79 71 178 182 143 63 160 9 44 82 129 |192 158 60 102 58 146 101 103 159 113 132 124 136 |141 51 147 162 11 145 65 4 119 107 28 35 98 64 118 |185 78 3 19 179 180 59 26 |89 74 18 20 126 187 88 161 130 163 22 6 70 50 133 54 1 67 85 |49 80 135 167 38 94 75 73 166 123 24 40 168 17 173 181 106 |105 84 155 104 117 41 148 83 93 138 10 57 34 110 43 86 184 176 149 52 153 29 154 100 68 ||171 |16 |31 127 |81 120 |199 114 90 198 |183 77 97 |55 15 |76 |92 |8 |115 |144 |150 |91 |12 |194 |170 |47 |142 |121 |112 39 172 175 |122 |23 |33 |191 174 |30 |186 |137 128 |72 2 |196 200 125 |134 7 87 
26019.3 762120
188 114 107 75 73 166 19 88 84 126 69 |5 135 165 36 155 86 184 176 43 153 29 154 46 68 |108 38 162 147 9 56 189 63 143 182 178 109 37 25 95 131 111 139 27 62 99 132 82 |48 3 94 119 167 65 145 72 105 104 100 80 87 |79 177 54 113 39 124 16 26 |78 45 130 20 74 163 187 13 193 159 169 158 181 106 |141 164 49 161 22 70 156 50 133 32 140 21 61 151 1 67 85 |51 195 71 160 190 136 194 76 35 |40 137 31 146 11 42 152 18 116 53 89 96 168 92 66 173 17 179 180 59 |6 93 138 110 34 57 10 83 117 148 41 134 4 8 28 98 64 118 ||55 102 |186 |123 |47 |58 185 |121 191 |90 172 |125 7 |157 |15 |115 |14 |174 |200 ||23 77 |197 175 |101 |30 |192 103 |149 |97 170 196 |12 |142 2 |127 |24 |52 |122 |198 144 128 |44 |171 91 |150 120 |60 |183 |81 199 129 |112 33 
26202.1 752794
160 36 138 185 102 162 165 80 |53 195 41 11 117 148 83 10 57 34 110 86 155 184 176 43 104 153 29 154 100 68 |70 116 96 18 171 42 152 179 180 169 |105 40 166 135 73 75 119 35 98 64 26 |22 89 3 94 38 167 65 145 4 28 118 106 |140 168 107 19 173 17 59 181 |93 109 141 6 156 126 84 49 20 88 74 161 130 163 187 13 193 159 69 |78 133 32 99 139 61 48 45 131 111 27 151 1 54 67 |50 188 177 37 95 25 164 62 82 132 113 85 |21 147 51 5 108 79 71 178 182 143 63 189 56 9 190 136 124 ||72 |12 |103 |30 |197 |115 |92 |55 |125 127 |91 |134 142 129 |31 120 |175 137 44 39 |33 192 198 90 16 |15 158 |186 |150 112 |24 |14 |66 |194 76 |58 |123 87 |121 183 172 |170 196 97 146 |191 |2 144 |114 8 46 7 |60 |23 77 |200 47 |52 |128 157 199 |81 122 |101 |149 |174 |
27944.7 623028
22 160 51 5 108 188 109 79 178 182 143 63 189 56 9 177 25 164 62 99 132 113 |71 50 193 156 32 140 21 61 48 131 111 139 27 151 1 54 67 85 |70 37 45 133 13 187 163 130 161 74 88 20 49 42 152 169 69 |126 78 18 96 168 40 19 181 |6 53 3 135 75 73 166 173 17 179 180 59 |116 11 4 145 38 94 65 167 119 107 106 |141 95 82 64 35 98 28 118 |84 104 41 153 29 100 80 26 |89 105 117 93 138 83 10 57 34 110 148 154 68 |159 43 86 184 176 155 36 165 147 195 190 136 124 ||194 |102 |24 123 144 |58 |158 91 |31 127 |81 120 |199 114 90 198 |183 77 97 |15 |121 |55 |76 |92 |8 |52 |47 |12 |149 |142 |103 146 |162 170 |171 |16 150 |60 |115 |112 39 172 175 |122 |23 |33 |191 174 |30 |186 |137 128 |72 2 |196 200 125 |134 7 87 |197 157 |46 14 |66 |44 129 |192 |185 |101 
30258.3 595553
163 89 168 96 18 42 152 169 180 59 |116 21 140 141 22 70 50 156 13 187 84 126 193 159 69 54 1 67 |164 130 74 20 49 135 73 107 |88 53 3 94 167 119 28 118 |177 11 38 65 145 4 35 98 64 |161 40 75 166 19 173 17 179 181 106 |32 105 110 93 138 10 83 117 41 148 104 153 29 154 100 68 |6 195 160 51 71 79 178 182 143 63 189 56 9 190 136 124 |133 5 108 188 109 37 25 95 139 61 45 48 131 111 27 151 99 132 82 113 85 |78 62 147 57 34 43 176 184 86 155 36 165 80 26 ||66 |197 183 |162 |39 125 14 |101 |194 142 |115 |44 137 |81 198 |146 170 33 114 |149 |77 172 157 103 |76 46 |23 31 |60 |102 158 55 |2 134 |12 |15 |30 |72 |8 |129 |186 |171 |192 |199 |123 24 |97 47 |196 |121 191 |144 |120 |174 |185 |87 128 |16 7 |122 91 |58 |92 |175 |200 ||52 |112 127 150 |90 
36339.6 594191
163 89 168 96 18 42 152 169 180 59 |116 21 140 141 22 70 50 156 13 187 84 126 193 159 69 54 1 67 |164 130 74 20 49 135 73 107 |88 53 3 94 167 119 28 118 |177 11 38 65 145 4 35 98 64 |161 40 75 166 19 173 17 179 181 106 |32 105 110 93 138 10 83 117 41 148 104 153 29 154 100 68 |6 195 160 51 71 79 178 182 143 63 189 56 9 190 136 124 |133 5 108 188 109 37 25 95 139 61 45 48 131 111 27 151 99 132 82 113 85 |78 62 147 57 34 43 176 184 86 155 36 165 80 26 ||66 |197 |162 |115 125 |101 |171 |194 142 |44 137 |81 198 |146 170 33 114 |149 |77 |157 103 |76 46 |23 31 |60 |102 158 55 |30 |15 |12 |183 |72 2 |134 |8 |129 14 |186 |39 |199 |123 24 |47 |196 |121 |144 97 |120 192 |174 172 |87 128 |185 |16 7 |122 91 |92 |191 |58 |175 |200 ||52 |112 127 150 |90 
36359.1 590886
138 36 165 160 195 196 80 |53 41 11 117 148 83 10 57 34 110 86 155 184 176 43 104 153 29 154 100 68 |70 116 96 18 122 42 152 179 180 169 |105 40 166 135 73 75 119 35 98 64 26 |22 89 3 94 38 167 65 145 4 28 118 106 |140 168 107 19 173 17 59 181 |93 109 141 6 156 126 84 49 20 88 74 161 130 163 187 13 193 159 69 |78 133 32 99 139 61 48 45 131 111 27 151 1 54 67 |50 188 177 37 95 25 164 62 125 82 132 113 85 |21 147 51 5 108 79 71 178 182 143 63 189 56 9 190 136 124 ||191 |12 |123 |174 |47 |194 142 |115 |44 137 |81 198 |8 33 114 |149 |77 172 157 103 |76 |171 197 |23 31 |129 |102 158 55 |15 |30 |14 170 |72 2 |134 |146 |60 |186 |46 192 |92 |199 128 |150 |121 |90 16 |120 |66 |101 |52 |112 39 97 |91 175 |185 |200 127 |24 |87 |144 |162 |58 |7 183 
37330.7 588286
138 36 165 160 195 196 80 |53 41 11 117 148 83 10 57 34 110 86 155 184 176 43 104 153 29 154 100 68 |70 116 96 18 171 42 152 179 180 169 |105 40 166 135 73 75 119 35 98 64 26 |22 89 3 94 38 167 65 145 4 28 118 106 |140 168 107 19 173 17 59 181 |93 109 141 6 156 126 84 49 20 88 74 161 130 163 187 13 193 159 69 |78 133 32 99 139 61 48 45 131 111 27 151 1 54 67 |50 188 177 37 95 25 164 62 82 132 113 85 |21 147 51 5 108 79 71 178 182 143 63 189 56 9 190 136 124 ||72 |12 |123 |186 |102 197 |158 15 |121 23 |47 44 |122 198 192 |115 97 |172 114 |101 |194 128 |149 |146 127 125 |134 |103 |157 137 |60 |30 |183 |24 |142 |58 |92 |174 191 |8 |91 150 |199 76 |46 |77 |90 16 |120 |66 |55 |175 |7 |52 |14 112 |200 31 |2 |185 |87 33 144 |162 |81 129 |39 170 
44115.4 586516

Time:46
Last Iter:10
Last Update:10
Tabu:0
Last Time46
10
96 161 193 159 169 152 42 91 179 17 173 123 166 19 144 107 192 106 |138 196 147 36 165 46 68 64 |51 6 45 21 140 133 70 50 30 151 82 132 113 |61 93 155 10 83 148 41 104 43 184 176 58 149 101 153 29 154 100 26 |141 73 5 188 79 109 164 127 62 200 177 9 56 160 115 195 190 |89 116 168 40 94 80 170 97 136 124 39 |74 78 18 163 130 84 20 49 88 187 126 13 174 156 54 1 67 85 |53 3 38 167 112 129 181 59 180 69 183 |32 75 86 110 34 57 117 105 11 142 72 145 65 119 4 35 98 28 118 |22 135 108 71 178 182 143 63 189 37 25 95 186 139 48 131 111 27 23 99 31 ||199 |92 |102 |162 |16 146 44 |120 81 |76 194 87 |90 2 8 |172 122 |66 |24 55 |185 |150 191 |157 103 |134 |137 121 |171 |114 175 |125 47 |12 |60 |77 |14 |52 7 |15 197 198 |158 128 33 
19346.5 716340
78 108 188 79 109 37 177 127 62 164 139 27 23 99 82 132 113 67 85 |110 70 151 111 131 45 48 61 21 140 32 133 50 30 156 54 1 150 |95 93 138 86 36 155 184 176 58 153 29 64 |25 11 117 148 10 57 34 43 149 165 147 80 26 |5 69 162 195 160 178 182 143 63 189 56 9 190 136 170 124 |51 41 104 101 100 68 |71 154 107 119 145 2 35 98 128 28 118 |115 97 83 53 116 167 65 38 94 3 135 75 73 166 40 17 173 19 181 106 |105 89 168 96 18 42 152 179 59 |6 4 141 22 163 130 161 126 84 49 20 74 88 187 13 193 159 169 180 ||185 |14 |60 |186 |72 |183 125 |144 158 |52 |31 |24 |90 |55 |134 142 |81 |46 192 |200 137 |197 103 77 |146 44 196 |172 157 |92 |120 191 |121 |47 |66 |76 |123 |112 7 33 |8 |12 |194 |122 102 |174 39 |171 199 |15 129 |114 198 16 87 |175 91 
24508.6 660100
43 38 110 11 105 117 83 138 10 57 34 148 41 104 153 29 154 194 35 98 118 |130 86 36 165 147 108 188 178 182 143 63 189 160 195 80 100 68 64 |22 156 95 25 164 62 127 |141 21 6 70 50 133 32 140 61 139 48 45 131 111 151 67 85 |54 1 27 23 99 82 |161 176 184 155 5 51 71 79 109 56 9 190 136 124 26 |37 119 107 169 159 13 187 74 88 49 20 84 126 193 69 |132 113 181 198 106 129 |177 78 40 116 53 89 96 168 18 42 152 180 59 |93 163 19 179 171 91 15 17 102 173 166 75 73 135 3 94 167 65 145 4 114 28 87 ||199 |16 |30 150 |58 |149 |162 170 |101 |2 128 |115 97 |185 |14 |60 |186 |72 |183 125 |144 158 |52 |31 |24 |90 |55 |134 142 |81 |46 192 |200 137 |197 103 77 |146 44 196 |172 157 |92 |120 191 |121 |47 |66 |76 |123 |112 7 33 |8 |12 |175 122 |174 39 
29758.5 650204
133 116 89 40 168 96 18 171 42 152 169 180 59 |53 83 88 84 20 49 74 161 130 163 187 13 193 159 172 183 175 69 |6 126 102 19 144 107 106 |3 99 62 182 143 63 189 195 100 46 68 64 |110 44 27 151 32 140 21 48 45 131 111 61 121 1 54 67 |34 51 178 5 108 188 71 79 109 60 177 82 132 113 85 |141 147 38 94 167 75 73 166 173 17 179 197 181 |105 70 50 139 186 95 164 25 37 160 56 9 190 136 124 |22 93 11 138 57 10 41 117 148 104 43 165 36 155 86 184 176 101 153 29 154 80 26 |156 92 78 135 4 145 65 119 28 35 98 118 ||191 |23 31 150 |90 192 |91 103 |24 |200 47 |81 122 |55 15 |185 |115 125 170 87 |12 |76 39 |66 |52 |30 |97 14 |8 114 112 |123 199 129 |77 157 |174 |194 142 |58 |137 120 |198 33 7 |158 |128 16 146 |196 127 |72 2 |162 |149 |134 
30143.8 642997
37 53 105 110 34 138 10 83 117 41 148 104 43 165 36 155 86 184 176 58 185 153 29 100 68 |57 79 109 111 139 95 25 164 177 9 |89 169 84 20 49 171 42 152 179 17 19 181 |78 59 180 151 27 62 127 136 124 146 |93 156 96 168 15 173 166 135 3 38 94 73 75 167 65 145 4 119 107 106 |178 141 193 13 50 6 70 22 163 130 161 74 88 187 126 159 172 69 |18 71 196 147 154 46 64 35 98 28 118 |40 133 32 140 21 48 131 45 61 121 1 54 67 |11 190 99 132 82 113 85 |116 51 5 108 188 182 143 63 189 56 160 195 80 26 ||112 129 183 |199 |92 |31 44 |134 |123 |2 |144 |192 16 |142 |162 |128 114 97 |87 125 47 |52 |66 |60 |175 122 197 |158 103 |174 |77 157 |30 |149 |120 33 |115 170 |191 137 |23 150 |90 |91 |200 ||81 |55 |194 |12 |186 |76 198 |39 14 |7 8 |72 |101 |24 102 
30446.3 635703
160 22 32 141 6 70 50 13 193 120 69 |93 1 35 104 41 148 117 138 10 57 110 43 153 29 154 64 |133 176 184 155 165 100 68 |156 116 89 40 96 18 168 173 17 179 181 |147 78 166 135 73 75 65 145 4 107 106 |34 105 19 3 94 38 167 119 28 98 118 |86 54 5 51 108 188 109 79 71 178 182 143 63 189 56 9 190 136 124 26 |53 11 80 195 164 25 37 177 62 132 113 67 85 |36 140 21 61 48 45 131 111 95 139 27 151 99 82 |83 84 159 126 187 163 130 161 74 88 20 49 42 152 169 180 59 ||125 192 |81 |24 123 |186 |185 |171 |129 |174 191 |170 |196 |175 |52 |200 ||146 |7 |157 158 |14 |55 |12 |198 197 122 |47 97 |33 8 128 |194 134 |162 |137 77 |44 121 |60 |58 |127 |101 |2 72 |76 39 87 |142 46 |150 23 31 |15 102 |172 144 |149 |103 91 |30 |92 |183 |66 |115 |112 114 |16 |90 |199 |
31025.1 592194
160 22 32 141 6 70 50 13 193 120 69 |93 1 35 104 41 148 117 138 10 57 110 43 153 29 154 64 |133 176 184 155 165 100 68 |156 116 89 40 96 18 168 173 17 179 181 |147 78 166 135 73 75 65 145 4 107 106 |34 105 19 3 94 38 167 119 28 98 118 |86 54 5 51 108 188 109 79 71 178 182 143 63 189 56 9 190 136 124 26 |53 11 80 195 164 25 37 177 62 132 113 67 85 |36 140 21 61 48 45 131 111 95 139 27 151 99 82 |83 84 159 126 187 163 130 161 74 88 20 49 42 152 169 180 59 ||125 |137 |30 |127 |185 |171 |129 |174 191 |170 |196 |175 |52 |200 ||146 |7 |157 158 |14 |123 55 |12 192 |198 197 122 |47 97 |33 8 128 |194 134 |162 |81 77 |44 121 |60 |58 |186 |101 |2 72 |76 39 87 |142 46 |150 23 31 |15 102 |172 144 |149 |103 91 |24 |92 |183 |66 |115 |112 114 |16 |90 |199 |
34349.9 590761
160 22 32 141 6 70 50 13 193 172 69 |93 1 35 104 41 148 117 138 10 57 110 43 52 153 29 154 64 |133 176 184 155 165 100 68 |156 116 89 40 96 18 168 173 17 179 181 |147 78 166 135 73 75 65 145 4 107 106 |34 105 19 3 94 38 167 119 28 98 118 |86 54 5 51 108 188 109 79 71 178 182 143 63 189 56 9 190 136 124 26 |53 11 80 195 164 25 37 177 62 132 113 67 85 |36 140 21 61 48 45 131 111 95 139 27 151 99 82 |83 84 159 126 187 163 130 161 74 88 20 49 42 152 169 180 59 ||125 |191 137 129 |23 150 |90 192 199 197 |91 103 157 |170 |158 |24 123 |47 112 |81 122 |7 77 |115 87 |12 |174 |194 |30 |14 |55 15 |162 185 |200 ||76 198 |39 97 |183 |92 |44 |149 |120 33 |114 2 |142 |171 |60 |121 175 |58 |196 |144 |66 |146 |128 |46 |134 |31 127 |16 8 |72 |101 |186 |102 
35223.1 590385
160 22 32 141 6 70 50 13 193 120 69 |93 1 35 104 41 148 117 138 10 57 110 43 153 29 154 64 |133 176 184 155 165 100 68 |156 116 89 40 96 18 168 173 17 179 181 |147 78 166 135 73 75 65 145 4 107 106 |34 105 19 3 94 38 167 119 28 98 118 |86 54 5 51 108 188 109 79 71 178 182 143 63 189 56 9 190 136 124 26 |53 11 80 195 164 25 37 177 62 132 113 67 85 |36 140 21 61 48 45 131 111 95 139 27 151 99 82 |83 84 159 126 187 163 130 161 74 88 20 49 42 152 169 180 59 ||125 |191 137 129 |23 150 |90 192 199 197 |91 103 157 |170 |158 |24 123 |47 112 |81 122 |7 77 |115 87 |12 |174 |194 |30 |14 |55 15 |162 185 |200 ||76 198 |39 97 |149 |33 128 16 |196 |72 |142 |2 |146 |102 |127 |114 8 144 |52 |31 |92 |171 |172 183 |175 |66 |134 46 |44 |121 |58 |186 |101 |60 |
36971.9 588061
160 22 32 141 6 70 50 13 193 120 69 |93 1 35 104 41 148 117 138 10 57 110 43 153 29 154 64 |133 176 184 155 165 100 68 |156 116 89 40 96 18 168 173 17 179 181 |147 78 166 135 73 75 65 145 4 107 106 |34 105 19 3 94 38 167 119 28 98 118 |86 54 5 51 108 188 109 79 71 178 182 143 63 189 56 9 190 136 124 26 |53 11 80 195 164 25 37 177 62 132 113 67 85 |36 140 21 61 48 45 131 111 95 139 27 151 99 82 |83 84 159 126 187 163 130 161 74 88 20 49 42 152 169 180 59 ||125 |137 |30 |127 |185 |171 |129 |174 191 |170 |196 |175 |52 |200 ||146 |194 |157 158 |14 |123 55 |33 192 |198 197 183 150 |162 |12 144 |8 7 |97 128 |60 |58 |186 |101 |81 77 |134 |44 121 |2 72 |76 39 87 |142 46 |23 31 |15 102 |172 |149 |103 91 |24 |92 |122 |66 |47 |115 |112 114 |16 |90 |199 |
37711.6 588053

Time:37
Last Iter:10
Last Update:10
Tabu:0
Last Time37
14
194 68 80 58 160 63 182 5 139 181 94 53 |129 28 119 3 116 168 17 49 20 25 37 147 104 41 117 57 34 93 |144 107 167 75 24 173 92 18 42 69 193 140 61 189 108 29 10 |1 113 82 85 62 178 195 83 84 130 141 |187 74 163 32 45 111 186 177 190 188 51 86 153 148 138 145 179 59 152 |99 27 137 77 159 161 15 40 73 19 106 64 124 79 155 |150 132 136 9 56 143 71 164 131 50 70 96 166 98 35 100 36 105 |30 156 22 21 151 31 172 157 158 198 118 8 4 135 89 165 176 |81 175 171 78 65 192 7 11 43 200 109 48 |170 26 67 54 120 13 126 88 6 133 95 169 103 180 38 154 110 184 ||12 |183 197 122 |16 46 134 |97 90 128 |149 |102 |101 |44 125 |191 174 |2 |91 |185 146 |196 14 |47 |60 |112 87 114 |199 55 |115 |121 23 |72 |52 |33 76 |123 |142 |162 |66 |39 127 |
21901 1.78476e+06
22 50 20 66 53 3 98 118 106 67 113 139 131 43 104 117 |130 133 69 59 18 89 78 135 38 41 68 195 56 188 147 |116 96 19 119 138 143 178 108 164 151 132 |137 121 21 156 13 152 26 124 9 177 100 154 10 155 |183 193 126 81 171 173 12 28 153 184 86 165 136 190 82 99 5 70 163 |74 169 179 24 75 142 105 148 29 63 109 37 27 32 140 |72 65 167 40 42 181 35 101 51 79 189 54 6 141 |93 34 2 64 97 160 182 47 48 174 159 49 88 17 166 107 |57 149 58 134 33 94 123 15 161 1 85 115 60 25 62 95 111 45 61 |175 120 30 187 84 103 180 102 168 73 4 145 11 83 110 176 36 80 71 ||23 |128 46 |185 |92 |198 55 |77 |125 |76 |186 |192 8 |52 |162 |197 157 172 |39 7 194 |191 150 112 |87 90 170 |199 144 |16 |91 158 129 |146 114 |127 200 44 |122 |31 |196 14 |
22298.1 1.54567e+06
24 12 158 185 47 170 194 122 192 90 197 17 173 19 123 166 73 75 119 8 106 |78 163 159 193 156 22 141 6 50 32 140 21 61 121 1 54 |70 109 37 95 23 139 48 45 131 111 27 151 99 132 85 112 |130 93 41 134 107 167 65 145 4 76 35 98 28 118 |18 105 165 147 9 56 160 196 97 80 100 68 26 |161 138 148 117 83 10 57 34 110 43 86 36 155 184 176 52 153 29 154 46 7 64 |133 11 5 108 188 79 71 178 182 143 63 189 177 25 164 62 82 113 67 150 |13 104 38 94 3 135 40 53 89 96 168 92 179 180 59 181 |51 116 187 74 88 126 84 20 49 171 91 42 152 169 69 183 |115 195 190 136 124 39 ||144 2 |72 |149 |14 |81 |33 |174 |66 |60 |175 120 |114 198 199 |191 31 |58 |77 137 44 |102 15 |103 157 |30 |200 ||55 128 |16 125 |101 |186 |129 146 172 |127 |142 |162 87 
22940.7 747190
145 65 167 |13 86 147 80 113 85 |107 109 11 35 |36 22 130 163 49 20 74 88 187 193 159 69 169 180 59 181 119 106 |84 126 177 132 99 27 151 31 1 54 67 |93 156 182 165 155 184 176 58 149 43 110 34 10 138 83 117 148 41 104 153 29 154 100 68 64 |141 57 51 5 108 188 79 71 178 143 63 189 56 9 160 195 190 136 26 |105 161 6 70 50 133 32 61 48 45 131 111 139 186 95 37 25 164 62 82 124 |140 18 42 152 179 166 40 96 66 92 168 17 173 158 19 33 |21 89 53 116 78 135 73 75 3 94 38 4 8 114 28 98 118 ||122 103 |174 183 |30 |197 |102 123 |12 |172 191 112 |81 120 150 |97 44 170 |2 134 |200 ||91 146 |7 |47 115 196 |60 |72 |14 |127 |76 |171 |198 137 |125 23 |87 90 46 |185 |15 |128 144 55 |129 194 |162 |39 192 |157 |175 77 |121 |24 |142 |101 |16 |52 |199 
27384 690869
187 93 138 10 148 104 41 98 28 118 |53 70 20 88 74 161 130 163 6 50 156 183 69 172 159 193 13 126 84 81 169 180 59 181 |78 140 49 18 42 152 179 17 173 40 166 19 65 4 76 35 68 129 |168 105 145 38 94 3 135 12 73 75 167 119 107 106 |96 5 108 51 147 165 52 153 29 |141 95 36 155 184 176 58 100 |57 22 133 54 1 151 27 99 25 62 9 160 195 190 136 124 |89 34 32 21 61 48 45 111 131 139 164 56 189 63 143 182 178 71 79 109 37 177 82 132 113 67 85 |116 11 117 83 110 80 26 |188 86 43 154 64 ||174 175 150 |199 55 |186 |15 |125 |60 |90 194 |23 |144 |46 87 146 |170 |157 |112 |7 134 33 |122 91 |127 115 |196 |92 |123 |66 |137 |142 |72 |16 128 39 |14 44 |200 97 |171 |158 77 |162 185 |47 |114 102 |103 120 |121 31 |30 |101 |24 |191 |197 198 192 |8 2 |149 
29325.4 685808
74 86 80 35 145 65 167 119 107 106 |11 109 177 132 99 27 151 31 1 67 |93 182 165 155 184 176 58 149 43 110 34 10 138 83 117 148 41 104 153 29 154 100 68 64 |57 51 5 188 79 71 178 143 63 189 56 9 160 195 190 136 26 |105 161 32 61 48 45 131 111 139 186 95 37 25 164 62 82 124 |140 18 166 40 96 66 92 168 17 173 158 19 33 |21 89 53 116 135 73 3 94 38 4 8 114 28 98 118 |108 78 181 59 179 122 152 42 103 169 180 |36 75 126 84 49 20 88 187 130 163 22 141 6 70 133 50 156 174 13 193 69 |147 159 54 113 85 ||120 |52 |77 |46 |171 |183 197 |192 |76 |55 |44 |191 |127 115 |185 162 |87 16 |101 |196 97 |170 39 172 |7 2 128 |134 146 |198 24 |30 |102 123 |200 14 |121 |12 |60 |47 |150 137 |157 81 |142 194 |90 144 |15 |91 175 |72 129 |199 |23 125 112 
29898.7 641637
86 80 35 145 65 167 119 107 106 |11 109 177 132 99 27 151 31 1 67 |93 182 165 155 184 176 58 149 43 110 34 10 138 83 117 148 41 104 153 29 154 100 68 64 |57 51 5 188 79 71 178 143 63 189 56 9 160 195 190 136 26 |105 161 32 61 48 45 131 111 139 186 95 37 25 164 62 82 124 |140 18 166 40 96 66 92 168 17 173 158 19 33 |21 89 53 116 135 73 3 94 38 4 8 114 28 98 118 |108 78 181 59 179 122 152 42 103 169 180 |36 75 20 130 163 22 6 70 133 50 156 174 193 69 183 |147 141 13 187 74 88 49 84 126 159 120 54 113 85 ||191 |192 |72 |144 76 |47 |55 |185 162 |44 46 |127 115 |197 87 16 |101 |196 97 |170 39 172 |7 2 128 |134 146 |198 24 |30 |102 123 |200 14 |121 |12 |60 |171 |150 137 |157 81 |142 194 |90 77 175 |15 |91 |52 129 |199 |23 125 112 
29915.9 637235
105 62 21 32 133 50 156 191 54 1 67 85 |37 147 155 184 101 26 |78 198 |70 3 86 93 138 10 57 34 110 43 104 148 83 117 41 153 29 154 35 28 98 64 68 118 |116 80 145 4 119 167 65 38 94 75 73 135 166 19 107 106 |163 176 165 9 164 25 95 139 151 132 61 48 45 131 111 27 99 82 113 |11 42 18 96 168 40 173 17 179 59 181 |89 141 6 22 88 74 161 130 187 13 193 69 |36 53 152 49 20 84 126 159 169 180 |140 100 177 51 5 108 188 79 109 71 178 182 143 63 189 56 160 195 190 136 124 ||122 |196 |171 |183 197 |44 172 |142 |87 157 103 |76 7 |77 175 150 129 |194 134 |81 120 |185 46 |55 |149 |170 162 |72 8 |92 |30 |199 144 146 |91 |127 |66 |12 |186 |39 16 33 128 |102 24 |115 |23 |60 |90 112 137 |125 200 ||52 |192 114 2 |14 47 |97 |158 |174 |15 |121 31 |123 |58 |
30039.8 633932
141 25 164 56 160 195 190 136 124 26 |105 9 163 22 6 70 50 156 193 13 187 161 74 88 49 20 84 126 159 |79 130 133 32 140 21 61 48 45 131 111 139 27 99 151 1 54 69 |41 116 53 96 18 42 152 169 180 59 |147 179 51 5 108 188 37 109 71 178 182 143 63 189 177 62 82 132 113 67 85 |17 173 19 181 |95 89 168 65 145 4 35 100 80 |165 75 73 166 107 106 |155 40 135 3 94 38 167 119 28 98 118 |78 36 11 117 104 148 83 93 138 10 57 34 110 43 86 184 176 153 29 154 68 64 ||198 170 |102 55 15 |47 |39 44 |2 142 87 |175 150 31 |194 134 7 |81 157 103 |185 46 |91 122 158 |162 |30 |66 |12 144 |16 76 |129 |121 183 |171 197 |101 |186 |24 |33 128 |149 |23 |60 |114 146 |172 199 |97 |115 196 14 |8 72 |127 |92 |191 |120 |77 |58 |52 |137 |125 200 ||90 192 112 |123 |174 |
30129.5 598394
105 51 160 5 25 164 177 37 109 79 71 178 182 143 63 189 56 9 190 136 124 |41 89 53 78 135 73 75 94 38 167 65 145 4 119 107 106 |108 62 95 139 111 151 1 54 118 |70 184 18 96 168 40 166 19 173 17 179 181 |3 152 49 20 74 161 88 84 126 159 169 180 |59 28 98 35 64 |11 50 32 140 21 61 48 45 131 27 99 82 132 113 67 85 |188 141 156 133 6 22 130 163 187 13 193 69 |116 104 117 148 83 93 10 57 34 110 43 86 176 153 29 154 100 68 |42 138 155 36 165 147 195 80 26 ||122 |146 |90 |197 |171 |101 |44 172 |102 55 15 |157 103 87 |2 76 198 |196 |77 175 150 129 |194 134 |81 120 |185 46 |91 |149 |170 162 |72 8 |92 |30 |66 |12 144 |186 |39 16 |24 |33 128 |115 |23 |60 |52 |174 191 |123 |14 7 |31 137 |127 200 ||112 114 |142 |125 192 |47 97 |158 |121 |199 |183 |58 
33683.5 585280
105 51 160 5 25 164 177 37 109 79 71 178 182 143 63 189 56 9 190 136 124 |41 89 53 78 135 73 75 94 38 167 65 145 4 119 107 106 |108 62 95 139 111 151 1 54 118 |70 42 18 96 168 40 166 19 173 17 179 181 |3 152 49 20 74 161 88 84 126 159 169 180 |59 28 98 35 64 |11 50 32 140 21 61 48 45 131 27 99 82 132 113 67 85 |188 141 156 133 6 22 130 163 187 13 193 69 |116 104 117 148 83 93 10 57 34 110 43 86 184 176 153 29 154 100 68 |138 155 36 165 147 195 80 26 ||199 |171 |146 197 |87 142 |8 |72 |58 |185 |120 |122 |102 |2 192 |129 |200 44 150 |114 183 172 |196 |134 7 |12 |46 39 |33 128 170 |175 |115 |81 103 |198 |125 23 |162 |92 |30 |90 |60 |112 |137 |55 |15 |144 |91 157 |194 52 |149 |66 |16 |47 |186 |174 |77 |191 |158 |127 |76 |97 31 |121 |101 |14 |123 24 
33887.4 581138
105 51 160 5 25 164 177 37 109 79 71 178 182 143 63 189 56 9 190 136 124 |41 89 53 78 135 73 75 94 38 167 65 145 4 119 107 106 |108 62 95 139 111 151 1 54 118 |70 18 96 168 40 166 19 173 17 179 181 |3 152 49 20 74 161 88 84 126 159 169 180 |59 28 98 35 64 |11 50 32 140 21 61 48 45 131 27 99 82 132 113 67 85 |188 141 156 133 6 22 130 163 187 13 193 69 |116 104 117 148 83 93 10 57 34 110 43 86 184 176 153 29 154 100 68 |42 138 155 36 165 147 195 80 26 ||122 |146 |90 |197 |171 |101 |44 172 |76 |157 |196 |77 175 150 129 |194 134 |81 120 |185 46 |91 55 |149 |170 162 |72 8 |92 |30 |66 |12 144 |186 |39 16 |102 24 |33 128 |115 |23 |60 |52 |174 191 |123 114 |112 97 14 |58 |2 198 |15 |200 31 |47 127 125 |103 192 |142 |158 |121 |199 |183 |7 |137 |87 
34181.8 578966
105 51 160 5 25 164 177 37 109 79 71 178 182 143 63 189 56 9 190 136 124 |41 89 53 78 135 73 75 94 38 167 65 145 4 119 107 106 |108 62 95 139 111 151 1 54 118 |70 42 18 96 168 40 166 19 173 17 179 181 |3 152 49 20 74 161 88 84 126 159 169 180 |59 28 98 35 64 |11 50 32 140 21 61 48 45 131 27 99 82 132 113 67 85 |188 141 156 133 6 22 130 163 187 13 193 69 |116 104 117 148 83 93 10 57 34 110 43 86 184 176 153 29 154 100 68 |138 155 36 165 147 195 80 26 ||199 |114 |122 |196 |171 |87 |76 |14 |39 |2 |175 |125 7 |197 102 |162 129 |185 46 |44 150 183 172 |66 |144 157 |134 194 |81 |12 |186 |170 |128 |33 |115 |23 77 |103 |60 |24 |146 |30 |149 |16 97 |120 |15 198 |92 |31 191 |123 55 |101 |8 |142 |90 |72 |58 |158 |121 137 |47 200 ||52 |192 |112 |127 |174 |91 
34664.3 574807
105 51 160 5 25 164 177 37 109 79 71 178 182 143 63 189 56 9 190 136 124 |41 89 53 78 135 73 75 94 38 167 65 145 4 119 107 106 |108 62 95 139 111 151 1 54 118 |70 42 18 96 168 40 166 19 173 17 179 181 |3 152 49 20 74 161 88 84 126 159 169 180 |59 28 98 35 64 |11 50 32 140 21 61 48 45 131 27 99 82 132 113 67 85 |188 141 156 133 6 22 130 163 187 13 193 69 |116 104 117 148 83 93 10 57 34 110 43 86 184 176 153 29 154 100 68 |138 155 36 165 147 195 80 26 ||199 |114 |196 |171 |87 |76 |14 |39 |175 |125 7 |197 102 |162 129 |185 46 |122 150 |158 183 172 |144 157 |134 194 |81 |66 |12 |186 |44 |2 |170 |128 |33 |115 |23 |103 |24 |146 |30 |149 |16 97 |120 |15 198 |31 |60 |123 55 |191 |101 |8 |142 |90 |92 |72 |58 |121 |77 137 |47 200 ||52 |192 |112 |127 |174 |91 
40866.5 573729

Time:38
Last Iter:10
Last Update:10
Tabu:0
Last Time38
12
165 162 43 57 80 124 63 193 13 159 130 |179 17 91 42 49 70 141 56 100 155 93 135 78 |34 147 189 177 95 48 21 140 32 161 84 180 96 89 94 28 26 82 |194 142 4 3 106 152 88 6 61 151 109 110 |164 127 136 16 154 185 11 65 24 168 18 20 67 143 108 |77 31 99 133 64 98 12 29 10 |90 118 87 68 35 76 8 145 167 75 107 181 59 173 66 92 74 163 126 132 45 104 148 |53 116 119 2 117 83 149 184 36 14 195 182 71 60 5 139 111 131 85 69 |38 73 19 40 169 137 113 27 62 25 37 79 9 115 190 153 176 138 105 |22 50 30 156 187 172 54 1 47 160 178 51 188 86 41 166 ||58 |183 103 |97 |102 199 |39 150 170 |192 |52 |72 |171 |101 |44 33 |114 55 |15 197 |146 23 |81 |191 174 |175 157 158 |112 125 198 |123 |128 7 |134 |144 129 |120 121 |122 |200 ||186 |46 196 |
21919.3 1.6533e+06
53 17 59 159 163 132 9 153 |74 187 20 42 152 173 28 100 165 85 113 156 21 |41 29 145 174 140 62 188 |150 120 175 157 135 65 4 64 36 63 37 51 111 131 32 |26 87 80 136 190 67 191 48 45 141 161 96 3 38 35 104 |73 19 168 122 180 106 1 6 88 195 56 149 86 10 148 117 154 |133 13 193 49 15 89 78 76 118 68 142 11 83 138 57 58 160 109 95 139 151 99 82 |169 84 18 92 55 107 12 94 116 105 110 176 182 178 5 27 61 54 |108 79 143 189 115 124 200 177 25 50 70 98 75 34 184 |164 71 147 155 43 93 72 167 119 192 181 199 179 66 40 24 123 166 69 126 130 22 ||46 129 |31 |186 |121 |47 |60 |194 |183 77 197 |23 |2 8 |91 102 158 |7 114 128 112 |172 103 |30 |90 125 |81 |171 |146 198 144 |14 |134 |185 |33 16 97 39 |44 196 |52 |162 170 |137 127 |101 |
22560.7 1.54644e+06
47 60 149 120 169 180 42 152 168 40 24 166 19 106 |116 11 145 173 135 73 75 3 94 38 167 65 4 119 107 |6 44 177 164 62 127 82 |89 184 95 200 25 37 109 188 79 71 178 182 143 63 189 56 9 115 190 136 124 |108 70 13 187 18 96 66 15 17 179 59 181 |78 141 50 133 32 140 21 61 48 45 186 139 131 111 27 151 99 67 85 |5 43 160 196 195 147 165 36 155 86 80 100 68 64 26 |51 93 176 134 110 34 57 10 138 83 117 148 41 104 153 29 154 35 98 28 118 |53 105 22 163 130 161 74 88 49 20 84 126 159 193 156 191 121 132 |113 1 54 172 69 183 ||185 |33 198 |123 |162 |144 |90 128 194 |150 112 137 |97 76 |2 142 |158 |12 |58 |23 |174 |30 |101 16 |170 14 |46 7 129 39 |31 |103 81 157 |199 197 |171 |192 102 |146 |91 122 77 |87 114 |125 175 |55 |92 |52 |72 |8 
24462 672816
149 95 139 27 99 62 164 25 37 60 177 47 195 196 |49 66 20 74 88 151 132 82 113 67 85 |138 107 38 94 3 135 73 75 167 65 119 8 4 145 72 2 35 98 28 118 |89 83 29 117 41 148 104 101 52 153 154 100 68 64 |93 12 116 53 40 15 42 152 169 180 |102 161 141 111 131 48 45 61 140 32 191 54 1 150 |23 6 21 13 193 156 133 50 70 22 163 130 187 84 126 159 69 183 |78 105 11 10 57 43 176 184 86 155 36 165 147 80 26 |110 96 18 168 17 166 19 173 179 59 181 106 |34 51 5 108 188 109 79 71 178 182 143 63 189 160 56 9 190 136 124 ||30 |127 |174 |142 |55 24 |199 |157 158 197 |7 |103 172 |123 |115 97 |112 44 175 |76 114 128 |162 |122 |120 121 31 |91 77 |137 200 ||170 |92 |58 |87 192 |186 |129 |39 |90 125 |81 |171 |146 198 144 |14 |134 |185 |33 16 194 46 
31626.5 662831
78 51 9 5 108 188 79 71 178 182 143 63 189 109 177 125 |13 86 117 41 148 104 98 118 |155 61 133 50 70 141 130 88 187 193 159 69 |36 54 140 32 27 151 99 132 82 113 85 |165 73 75 166 19 173 17 1 67 26 |21 147 48 45 131 111 139 95 37 25 164 62 56 160 195 190 136 124 |107 100 80 68 64 |168 83 145 11 105 93 138 10 57 34 110 43 184 176 153 29 154 35 28 |161 18 156 22 163 74 49 20 84 126 169 179 181 106 |6 4 119 65 167 38 94 3 135 40 116 53 89 96 171 42 152 180 59 ||77 |2 46 |14 |15 |149 |123 24 |142 |191 |192 7 |197 |137 172 157 |52 194 |81 199 |30 |175 103 198 |31 150 183 87 |90 144 8 |47 97 170 |128 114 72 |162 185 |58 |91 |186 |174 |200 115 |66 |44 16 33 129 |60 |120 122 |134 146 |92 |121 112 |76 |158 |12 |23 127 |101 |39 |102 55 |196 
31815.7 650914
79 96 163 126 84 49 20 161 74 88 187 13 193 172 69 |160 141 159 21 140 32 22 6 70 133 50 30 156 54 1 |52 179 17 173 168 18 152 169 180 59 181 |24 123 5 131 188 51 182 71 178 143 63 189 56 9 115 195 196 190 136 124 |108 42 40 3 38 167 65 145 4 119 28 |147 94 72 35 98 118 |139 11 105 117 104 148 41 154 153 29 100 68 64 |186 83 93 138 10 57 34 110 43 86 184 176 155 36 165 80 26 |130 116 53 78 135 75 73 166 19 107 106 |89 109 151 61 48 45 111 95 25 37 177 164 62 27 99 44 82 132 113 67 85 ||15 |191 |120 121 |127 |55 |47 |149 |200 ||60 |92 |162 |198 8 |134 33 |144 90 128 |150 112 137 183 |97 76 |2 142 |158 |12 |58 185 |194 |23 |174 |66 |101 16 |199 197 129 39 |31 |103 81 157 |170 14 |46 7 |171 |192 102 |146 |91 122 77 |87 114 |125 175 
31926.2 627353
51 155 36 176 184 86 34 110 43 100 80 26 |96 161 156 32 21 61 70 50 13 193 69 |27 99 132 113 85 |163 139 95 37 25 164 62 67 |78 165 147 195 160 56 177 82 |105 179 17 116 53 40 166 75 73 135 3 94 38 167 65 145 4 119 107 106 |6 19 168 18 152 42 49 20 74 88 187 84 126 159 169 180 59 181 |141 173 130 22 140 48 45 131 111 151 1 54 |133 5 108 188 79 109 71 178 182 143 63 189 9 190 136 124 |89 93 138 11 117 83 10 57 104 148 41 153 29 154 35 28 98 68 64 118 ||103 |186 |127 31 |115 |112 44 175 |142 114 |47 16 |171 |33 120 |125 |134 |76 |172 |2 90 |60 |77 197 |183 150 39 146 |128 46 7 |158 15 |185 87 |199 144 |137 121 |91 |24 |92 |149 |170 |81 |8 |102 |66 |72 192 129 |97 200 ||30 |174 191 |101 |23 |157 122 198 |52 |123 55 |12 |58 |196 |194 |14 |162 |
32115 605382
70 75 34 110 43 176 184 86 155 36 165 147 80 26 |152 93 138 57 10 83 148 104 153 29 154 100 68 |169 11 4 28 64 |18 51 79 109 177 37 25 164 62 82 132 113 85 |74 195 21 32 133 50 156 193 13 187 163 130 161 88 49 20 84 126 159 69 |40 141 140 95 139 111 131 45 48 61 151 27 99 1 54 67 |53 42 168 135 73 166 19 173 17 179 180 59 181 |6 96 89 116 78 3 94 38 145 65 167 119 107 106 |105 160 5 108 188 71 178 182 143 63 189 56 9 190 136 124 |22 117 41 35 98 118 ||183 |30 |146 |174 |142 |55 |199 |14 125 |158 197 |185 7 |103 172 |144 122 |24 123 |149 |15 |58 |77 81 |23 |2 8 |102 |12 192 |157 |186 |127 31 112 39 |115 97 16 87 129 |44 175 120 |66 |76 114 128 46 |72 198 |162 170 |90 137 150 |196 47 200 ||171 91 |52 194 |191 121 |134 33 |60 |92 |101 |
33586.6 577810
6 21 13 193 156 133 50 70 22 163 187 84 126 159 69 183 |78 57 43 176 184 86 155 36 165 147 80 26 |110 96 18 168 17 166 19 173 179 59 181 |34 51 5 188 109 79 71 178 182 143 63 189 160 56 9 190 136 124 |10 89 116 135 73 75 3 38 94 167 65 145 4 119 107 106 |40 138 83 117 148 104 153 29 100 68 |53 11 105 41 154 35 28 98 64 118 |93 95 139 61 48 45 131 111 27 151 1 54 67 85 |108 140 141 130 74 88 20 49 42 152 169 180 |161 32 195 177 37 25 164 62 99 132 82 113 ||30 |127 146 |174 |142 |55 24 |199 81 |14 125 |158 197 |185 7 |103 172 |144 122 |123 |149 |15 |58 |77 |23 |2 8 |102 |12 192 |157 |186 |31 112 39 |115 97 16 87 129 |44 175 120 |66 |76 114 128 46 |72 198 |162 170 |90 137 150 |196 47 200 ||171 91 |52 194 |191 121 |134 33 |60 |92 |101 |
35383 571306
6 21 13 193 156 133 50 70 22 163 187 84 126 159 69 183 |78 57 43 176 184 86 155 36 165 147 80 26 |110 96 18 168 17 166 19 173 179 59 181 |34 51 5 188 109 79 71 178 182 143 63 189 160 56 9 190 136 124 |10 89 116 135 73 75 3 38 94 167 65 145 4 119 107 106 |40 138 83 117 148 104 153 29 100 68 |53 11 105 41 154 35 28 98 64 118 |93 95 139 61 48 45 131 111 27 151 1 54 67 85 |108 140 141 130 74 88 20 49 42 152 169 180 |161 32 195 177 37 25 164 62 99 132 82 113 ||120 175 |191 |114 |92 |115 200 ||76 |134 |171 |128 |186 |121 |47 |194 142 |66 |24 123 |144 122 |149 |15 199 |174 112 |77 125 |137 31 |91 103 |2 170 |58 16 |46 192 |197 129 |39 81 |7 |14 97 |72 |127 |198 |101 87 |44 |150 33 |172 102 |157 |158 |90 8 |196 |162 185 |52 |146 |55 |60 |12 |30 |23 
40523.9 568839
6 21 13 193 156 133 50 70 22 163 187 84 126 159 69 183 |78 57 43 176 184 86 155 36 165 147 80 26 |110 96 18 168 17 166 19 173 179 59 181 |34 51 5 188 109 79 71 178 182 143 63 189 160 56 9 190 136 124 |10 89 116 135 73 75 3 38 94 167 65 145 4 119 107 106 |40 138 83 117 148 104 153 29 100 68 |53 11 105 41 154 35 28 98 64 118 |93 95 139 61 48 45 131 111 27 151 1 54 67 85 |108 140 141 130 74 88 20 49 42 152 169 180 |161 32 195 177 37 25 164 62 99 132 82 113 ||30 |144 146 |129 |142 |171 |199 87 |14 125 44 39 |31 112 |174 175 172 |23 |185 162 |81 122 |55 128 |92 |158 197 157 |76 192 |7 16 194 |103 |200 170 |127 |114 72 |24 |77 |58 |91 |186 |120 |97 115 |66 |123 33 |101 |15 102 198 |137 150 |46 2 |8 |90 |196 47 |12 |52 |191 |134 |60 |149 |121 
44155.5 568612
6 21 13 193 156 133 50 70 22 163 187 84 126 159 69 183 |78 57 43 176 184 86 155 36 165 147 80 26 |110 96 18 168 17 166 19 173 179 59 181 |34 51 5 188 109 79 71 178 182 143 63 189 160 56 9 190 136 124 |10 89 116 135 73 75 3 38 94 167 65 145 4 119 107 106 |40 138 83 117 148 104 153 29 100 68 |53 11 105 41 154 35 28 98 64 118 |93 95 139 61 48 45 131 111 27 151 1 54 67 85 |108 140 141 130 74 88 20 49 42 152 169 180 |161 32 195 177 37 25 164 62 99 132 82 113 ||30 |144 146 |129 |142 |171 |199 87 |14 125 44 39 |31 112 |174 175 172 |23 |185 162 |81 122 |55 128 |92 |157 158 197 |76 192 |7 16 194 |103 |200 170 |127 |114 |24 |77 |58 |91 |186 |120 |97 115 |66 |72 |123 33 |101 |15 102 198 |137 150 |46 2 |8 |90 |196 47 |12 |52 |191 |134 |60 |149 |121 
44376.7 567575

Time:38
Last Iter:10
Last Update:10
Tabu:0
Last Time38
14
22 178 120 137 9 56 109 60 37 164 62 45 48 61 21 140 32 121 191 54 150 |50 177 42 59 179 75 73 135 3 94 38 167 65 8 119 107 106 |189 18 152 19 166 40 53 89 96 168 66 15 17 173 102 158 181 199 |116 72 145 4 76 28 118 |16 170 195 196 190 136 124 |141 108 147 34 57 10 83 41 117 148 104 153 29 100 68 |6 24 93 110 43 149 176 184 86 155 36 185 162 165 80 26 |78 105 11 154 35 98 64 |70 51 160 63 143 182 71 79 5 188 95 139 131 111 27 151 99 1 132 113 67 85 |138 133 25 47 82 156 193 13 126 84 187 163 130 161 74 88 20 49 159 169 180 172 69 ||186 |12 |91 |197 |14 |87 192 |97 33 90 |2 134 |55 114 128 |7 |157 81 |174 |115 127 |23 |146 112 129 198 |125 46 |194 52 |183 77 175 103 |92 |142 |101 |58 |44 |171 |144 123 |200 31 |30 |122 39 
21422.7 711946
94 140 141 22 163 130 161 74 88 49 20 84 126 187 13 174 193 175 69 77 |145 5 108 25 37 109 79 71 178 182 143 63 189 177 164 27 23 62 44 82 67 85 |151 3 38 65 167 75 73 135 40 168 96 92 15 179 59 |53 119 190 9 56 160 195 147 165 36 155 86 184 176 58 185 153 29 154 68 |78 72 11 4 28 35 98 80 26 |21 107 19 166 24 123 173 17 181 |51 54 1 6 70 133 50 156 159 169 103 42 152 180 198 106 |18 188 95 139 111 131 45 48 61 32 31 99 132 113 125 136 124 |89 93 34 138 57 10 148 41 142 46 64 118 |116 83 105 117 104 110 43 101 52 100 ||91 |170 |47 |186 |60 |137 191 150 |196 183 |162 16 87 |199 144 8 114 |2 192 90 |121 120 172 |14 97 |76 |81 |158 |200 ||149 |129 33 128 194 |122 |134 |115 127 39 |197 |30 |171 |12 |66 |55 102 157 |7 146 112 
25576.6 689159
109 155 165 147 26 |116 169 99 151 27 23 62 125 |53 140 32 21 61 48 45 131 111 37 60 9 190 82 |12 163 187 88 74 49 20 84 126 54 1 132 113 67 85 |66 162 78 94 3 135 73 75 19 166 40 168 173 17 42 152 179 180 59 181 106 |96 139 95 25 164 177 56 160 195 196 136 124 |93 89 107 38 119 167 65 4 145 11 105 117 83 138 10 34 110 43 58 153 29 154 68 64 |57 51 189 5 188 79 71 178 182 143 63 97 |130 36 86 184 176 148 41 104 80 100 46 35 98 28 118 |108 15 18 161 22 141 6 70 133 50 156 13 193 159 69 ||157 |120 81 |134 |186 |115 |30 |102 199 87 |114 192 16 |72 |92 |194 |122 91 158 |123 |149 |191 174 |171 |121 |31 146 |7 142 |76 |197 55 |200 47 |101 |185 |150 137 |8 128 |14 44 129 |24 144 |103 175 77 183 112 |172 33 90 |170 127 39 |52 |2 198 
28953.4 670755
168 117 41 34 110 43 176 185 35 98 |131 |95 3 38 11 105 93 57 10 138 83 148 104 154 100 68 |94 5 139 111 27 9 37 109 178 182 143 63 189 56 190 136 124 |78 188 61 21 140 32 22 70 133 156 187 84 126 13 193 159 69 |89 50 108 71 79 177 99 151 132 82 113 67 85 |96 45 141 6 163 130 161 74 88 20 49 18 42 152 169 180 59 181 106 |53 48 160 36 165 147 195 80 26 |86 40 1 54 107 19 179 17 173 166 135 73 75 167 65 145 4 119 28 118 |116 51 155 184 153 29 25 164 62 64 ||150 137 |8 128 |14 |144 |175 77 112 |33 90 |127 |52 |2 198 |125 |12 |162 |23 |66 |24 |103 |121 |120 172 |44 115 |186 |60 |157 81 183 129 |39 97 196 170 |102 199 87 |114 192 16 |72 |92 |46 134 |15 |58 |30 |194 |122 91 158 |123 |149 |191 174 |171 |31 146 |7 142 |76 |197 55 |200 47 |101 
29218.5 663083
71 35 98 64 |74 78 53 18 179 69 |141 2 8 94 156 6 70 22 163 130 161 88 187 13 193 159 169 180 59 181 198 106 |5 89 96 168 166 135 3 73 75 38 145 65 167 119 4 28 118 |160 133 140 32 21 27 23 99 62 125 124 |116 108 56 189 63 143 182 178 95 164 25 37 109 60 177 9 82 113 67 85 |51 49 20 84 126 50 61 139 48 45 131 111 151 132 |188 93 138 36 162 165 147 195 190 136 80 26 |105 1 54 42 152 17 173 19 144 107 |79 40 11 155 104 148 41 117 83 10 57 34 110 43 86 184 176 58 153 29 154 100 68 ||81 |128 |46 |120 |134 |97 150 |15 |171 |158 |24 102 |127 44 146 |14 87 129 |33 183 137 |12 |66 |39 196 112 |185 |72 90 |92 |114 76 |186 |115 |121 |199 |192 16 |30 |194 |122 91 |123 |149 |191 174 |31 |7 142 |197 55 |200 47 |101 |157 |103 175 77 |170 172 |52 
29857 656522
94 6 70 22 13 193 159 169 180 59 181 198 106 |5 89 18 96 168 166 135 3 73 75 38 145 65 167 119 4 28 118 |53 160 133 140 32 21 27 23 99 62 125 124 |116 108 56 189 63 143 182 178 95 164 25 37 109 60 177 9 82 113 67 85 |51 50 61 139 48 45 131 111 151 132 |71 35 98 64 |188 93 138 36 162 165 147 195 190 136 80 26 |105 1 54 42 152 179 17 173 19 144 107 |79 40 11 155 104 148 41 117 83 10 57 34 110 43 86 184 176 58 153 29 154 100 68 |78 141 156 187 163 130 161 74 88 20 49 84 126 81 69 ||128 |46 |127 |120 |134 |97 |171 |31 77 172 |150 137 170 |76 129 |112 7 |66 |186 |14 115 |33 90 |196 |121 |30 |39 183 |12 |158 |24 |199 87 |114 192 16 |72 |92 |194 |122 91 |123 |149 |191 174 |146 |142 |102 |197 55 |200 47 |101 |157 |103 175 |185 |15 |44 |52 |2 8 
29890.8 621062
161 53 168 18 42 126 84 49 20 74 88 187 13 193 159 69 |176 139 95 37 25 164 62 200 177 9 190 136 124 |96 151 32 140 21 61 48 45 131 111 27 23 82 132 113 67 85 |116 43 165 36 155 86 184 149 154 68 |40 109 188 108 5 51 79 178 182 143 63 189 56 160 115 |71 110 34 93 138 57 10 83 148 41 104 153 29 100 |89 99 22 141 6 70 133 50 156 1 54 169 180 59 181 |195 147 80 26 |78 117 11 145 75 73 135 3 94 38 65 167 119 4 35 98 64 |105 163 130 152 179 17 173 166 19 107 28 118 106 ||39 |47 14 |81 |91 |87 52 |97 199 |31 77 172 |150 137 170 |76 129 |112 7 |66 |198 33 2 |194 8 |197 122 |92 |183 158 |101 |162 |12 |192 |44 120 |144 |185 46 |114 72 |102 55 |58 |15 |30 |60 |186 |125 127 |171 157 |175 191 |174 |24 123 |103 |121 |134 |142 128 90 |146 16 196 
31164.1 606906
161 53 168 18 42 126 84 49 20 74 88 187 13 193 159 69 |176 139 95 37 25 164 62 200 177 9 190 136 124 |96 151 32 140 21 61 48 45 131 111 27 23 82 132 113 67 85 |116 43 165 36 155 86 184 149 154 68 |40 109 188 108 5 51 79 178 182 143 63 189 56 160 115 |71 110 34 93 138 57 10 83 148 41 104 153 29 100 |89 99 22 141 6 70 133 50 156 1 54 169 180 59 181 |195 147 80 26 |78 117 11 145 75 73 135 3 94 38 65 167 119 4 35 98 64 |105 163 130 152 91 122 179 17 173 166 19 107 28 118 106 ||183 16 |14 39 |120 |158 |87 192 76 |52 |2 134 |58 |185 7 |137 33 129 |112 31 97 |66 |191 |127 47 |172 |144 |186 |196 |101 |15 198 |128 114 |171 |102 24 |44 121 |92 |150 |123 |146 |12 |46 |199 55 |81 |175 |30 |157 |103 |174 |77 |194 |60 |170 125 |72 8 |90 197 |162 |142 
32309.5 606502
143 156 88 49 20 84 126 159 169 180 59 |48 93 138 57 148 41 117 105 11 145 65 167 107 106 |147 53 116 78 38 94 3 135 75 73 166 19 |141 177 10 34 110 176 165 36 155 184 86 43 104 153 29 154 100 68 |83 42 119 4 28 98 35 64 118 |80 89 18 96 168 40 173 17 179 181 |79 152 74 50 133 70 22 163 130 161 187 13 193 69 |71 6 32 140 61 27 164 62 1 67 |51 54 82 9 56 160 195 190 136 124 26 |5 21 108 188 178 182 63 189 109 37 25 95 139 131 45 111 151 99 132 113 85 ||198 |90 8 2 |170 97 |134 |162 |171 |127 |81 |186 |23 |15 |66 |112 125 172 |157 77 150 |129 33 137 |196 44 |121 |30 |39 183 192 |12 |158 |24 |199 87 |114 144 16 |72 |92 |194 52 |122 91 |123 |149 |191 174 |31 146 |7 142 |76 |197 55 |200 47 |103 175 |185 46 |128 102 |58 |120 |115 14 |101 |60 |
33850.1 605641
161 53 168 18 42 126 84 49 20 74 88 187 13 193 159 69 |176 139 95 37 25 164 62 200 177 9 190 136 124 |96 151 32 140 21 61 48 45 131 111 27 23 82 132 113 67 85 |116 43 165 36 155 86 184 149 154 68 |40 109 188 108 5 51 79 178 182 143 63 189 56 160 115 |71 110 34 93 138 57 10 83 148 41 104 153 29 100 |89 99 22 141 6 70 133 50 156 1 54 169 180 59 181 |195 147 80 26 |78 117 11 145 75 73 135 3 94 38 65 167 119 4 35 98 64 |105 163 130 152 91 122 179 17 173 166 19 107 28 118 106 ||39 |47 14 |81 |198 |87 52 |97 199 |31 77 172 |150 137 146 |76 129 |112 7 |66 |120 |183 191 |127 |134 |144 |55 |186 |196 |101 |15 192 |128 33 |171 |102 24 |44 121 |92 |58 |123 |185 |12 |114 |46 |30 |175 |157 |158 |103 |174 |2 194 16 |60 |170 125 |72 8 |90 197 |162 |142 
34074.5 605391
161 53 168 18 42 126 84 49 20 74 88 187 13 193 159 69 |176 139 95 37 25 164 62 200 177 9 190 136 124 |96 151 32 140 21 61 48 45 131 111 27 23 82 132 113 67 85 |116 43 165 36 155 86 184 149 154 68 |40 109 188 108 5 51 79 178 182 143 63 189 56 160 115 |71 110 34 93 138 57 10 83 148 41 104 153 29 100 |89 99 22 141 6 70 133 50 156 1 54 169 180 59 181 |195 147 80 26 |78 117 11 145 75 73 135 3 94 38 65 167 119 4 35 98 64 |105 163 130 152 179 17 173 166 19 107 28 118 106 ||39 |47 14 |81 |91 |87 52 |97 199 |31 77 172 |150 137 170 |76 129 |112 7 |66 |8 144 |101 |191 |127 |134 |55 |186 |196 |174 |15 192 |128 33 |171 |102 24 |121 |44 |92 |58 |123 |30 |12 |175 114 |46 |185 |157 |162 |90 |2 194 16 |142 |60 |72 198 |146 125 183 |120 103 |158 197 122 
35081.6 601917
138 5 51 71 79 178 182 143 63 189 160 56 9 177 44 |93 165 104 57 10 148 41 117 105 11 35 98 28 118 |83 147 34 110 36 155 86 184 176 43 153 29 154 100 68 64 |6 166 167 4 145 65 38 94 3 135 73 75 119 |80 195 190 136 124 26 |50 108 95 60 109 37 25 164 62 27 99 1 54 67 |133 78 116 53 89 168 40 17 173 19 107 |21 96 18 42 152 179 59 181 106 |188 70 22 193 13 187 163 130 161 74 88 49 20 84 126 159 169 180 |141 69 156 32 140 139 111 131 45 48 61 151 132 82 113 85 ||15 |170 125 200 ||183 16 |14 39 |120 |158 172 |58 |196 127 |186 |23 |157 103 |191 174 |24 123 |2 |81 |149 |66 |114 198 |47 |102 |137 |171 122 |192 |146 76 128 |144 175 |72 |112 31 |134 142 |91 |92 |115 |55 |101 |129 90 |30 |121 |87 |185 46 |52 7 |97 199 |77 150 33 |194 |8 |197 |162 |12 
35973.3 592018
6 51 160 147 165 80 124 26 |50 108 95 60 25 164 62 27 99 1 54 67 |133 78 116 53 89 168 40 17 173 19 107 |21 42 152 179 59 181 106 |188 70 22 193 13 187 163 130 161 74 88 49 20 84 126 159 169 180 |141 69 156 32 140 139 111 131 45 48 61 151 132 82 113 85 |57 5 177 37 109 79 71 178 182 143 63 189 56 9 190 136 |10 195 36 155 86 184 176 43 110 34 148 41 153 29 100 |96 138 83 11 105 117 104 154 35 68 64 |93 18 166 75 73 135 3 94 38 167 65 145 4 119 28 98 118 ||15 |170 125 |183 16 |14 39 |120 |158 |87 192 76 |52 |2 134 |58 |185 7 |137 33 90 |46 114 |149 |24 |194 142 |162 |198 |127 47 115 |31 23 |123 |66 |122 |101 |200 ||144 128 |97 |157 55 |171 91 |103 175 77 |191 172 150 |44 121 |92 |112 196 |174 |186 |102 146 |81 |8 199 129 |197 |12 |72 |30 |
36502 590979
109 57 104 34 110 86 184 176 36 165 147 190 124 26 |139 93 10 11 105 138 83 148 41 153 154 100 35 98 64 68 |117 80 73 75 3 94 38 167 65 145 4 119 28 118 |29 78 135 40 168 17 173 166 19 107 106 |133 116 53 89 96 18 179 42 152 180 59 181 |141 111 6 70 187 84 126 13 193 159 69 |43 156 163 130 161 88 74 20 49 169 |108 50 151 131 45 48 61 21 140 32 54 1 67 85 |22 9 177 37 95 25 164 62 27 99 82 132 113 |155 5 188 51 71 79 178 182 143 63 189 56 160 195 136 ||186 |115 |192 |121 137 129 |24 158 |102 199 87 |114 16 39 |72 33 |92 |194 |122 91 183 |123 |149 |191 174 |171 |14 196 |30 |12 |31 146 |7 142 |76 |197 55 |200 47 |101 |157 |97 |90 |103 175 77 |185 |170 172 150 |44 |52 |66 |2 8 198 |23 125 |60 |112 |162 |144 |58 |81 |128 |46 |15 |127 |120 |134 
37526.8 585220

Time:33
Last Iter:10
Last Update:10
Tabu:0
Last Time33
15
2 134 46 162 124 113 60 61 22 84 |157 18 88 85 136 178 98 4 119 41 117 |13 74 20 91 168 116 73 64 67 139 189 63 182 147 86 |21 45 131 151 95 25 143 26 80 29 104 148 34 43 36 165 180 193 |65 145 76 100 44 164 188 48 140 133 163 187 1 152 17 89 3 38 |177 99 132 172 69 175 70 141 118 35 19 176 93 |66 15 40 135 167 72 7 194 83 138 57 155 56 109 79 108 5 82 130 |174 156 50 161 122 92 96 53 75 107 106 190 160 71 101 153 110 10 |42 81 159 126 32 111 62 9 14 51 128 28 105 166 173 78 |184 52 154 68 11 94 198 181 59 179 169 49 6 54 27 37 195 ||115 97 |102 24 |12 |121 191 |23 |47 |129 196 170 87 |33 199 158 |77 137 |171 |39 150 |30 |186 |192 114 197 |31 |185 |149 |183 120 |200 ||125 127 112 146 |144 |103 |142 90 |58 16 |8 |55 123 |
21765.8 1.63007e+06
148 52 58 86 153 100 98 75 17 168 54 132 151 62 56 22 |113 85 80 147 160 108 70 126 53 119 4 145 35 10 110 |155 184 185 34 57 136 1 156 141 48 111 5 59 |163 161 74 69 173 18 124 190 177 143 178 |6 50 13 180 171 107 106 118 64 104 36 189 164 95 82 |165 138 142 65 78 166 96 42 81 159 193 84 99 139 45 |40 89 66 15 55 158 19 181 169 49 88 130 21 67 25 37 63 29 154 3 |61 131 27 79 176 43 83 105 11 134 7 28 94 38 116 152 187 |117 93 16 68 167 123 102 103 20 30 32 188 71 182 51 |150 26 199 179 92 135 73 144 76 72 41 162 195 9 109 186 140 133 ||31 137 44 |90 128 170 |115 200 ||191 174 |91 |60 |196 33 |198 192 |125 |122 183 |87 46 194 114 |149 |101 |146 14 97 39 |2 |157 197 |127 |121 |175 112 |8 |12 |23 |47 129 |77 172 120 |24 |
22225.3 1.58421e+06
109 182 56 136 118 181 179 15 66 168 18 169 174 50 151 48 95 |24 166 19 167 4 90 64 11 117 143 1 54 126 84 152 |40 53 98 80 153 86 165 147 160 71 27 |119 72 148 57 110 184 185 190 9 25 5 85 140 180 59 17 |163 22 161 74 88 81 159 103 157 8 65 155 36 79 188 99 45 |107 75 173 42 193 6 141 186 62 189 108 104 105 145 116 89 96 |132 146 26 28 29 83 195 37 139 111 133 |3 94 12 135 55 106 33 35 100 154 101 41 10 138 93 63 177 51 131 61 21 70 13 69 67 |200 164 178 124 114 38 78 91 49 187 130 32 176 34 |43 149 68 14 60 82 113 156 20 73 ||125 196 |144 158 |121 23 |123 |171 |30 |47 150 |16 194 128 |122 197 172 |191 77 |199 |92 |137 192 |2 142 87 |39 97 198 |170 44 |52 |58 |183 175 120 31 112 |129 102 |115 127 |7 46 76 |134 |162 |
22899.3 1.57744e+06
114 4 65 73 53 181 13 133 61 131 27 164 37 5 |1 54 6 141 20 49 171 173 40 43 110 182 109 |135 89 91 88 50 32 21 48 111 95 177 68 98 106 83 |58 52 2 28 107 19 75 179 169 69 130 22 45 |86 36 93 142 128 17 168 152 193 156 67 132 99 143 178 71 |159 42 166 46 41 10 34 149 147 160 189 79 62 139 82 190 |108 188 136 124 80 76 119 3 92 126 187 30 85 155 138 117 |170 100 64 35 192 26 39 125 120 122 161 123 78 116 94 11 |7 154 148 57 105 8 167 38 24 15 18 180 77 84 60 63 165 |140 70 163 74 96 102 59 118 145 72 29 153 104 176 184 195 9 56 25 51 151 113 ||198 103 175 |14 |31 127 112 |87 158 |186 |97 47 |162 |196 115 129 |144 12 |194 |185 |101 |44 |23 146 |33 197 |81 |191 |200 ||134 |55 199 |16 90 |137 121 |157 |174 172 183 |150 |66 |
23090.1 1.56917e+06
192 23 75 168 49 159 50 140 21 48 99 67 85 160 |79 5 164 31 1 32 22 130 40 166 53 136 34 10 138 |184 4 176 57 93 195 106 107 19 89 18 187 141 111 |167 145 153 80 |128 68 101 94 135 179 180 126 |15 119 64 26 162 149 148 117 189 63 131 |177 38 73 173 17 59 157 181 118 154 29 41 82 151 139 62 25 109 71 143 108 70 |104 98 100 194 58 86 110 83 105 65 3 116 152 42 69 74 133 61 45 27 132 9 56 182 178 37 |14 24 96 198 28 43 165 51 188 113 54 13 84 20 161 6 156 |81 169 122 171 102 12 78 11 134 35 124 190 147 36 155 95 193 88 163 ||200 196 |72 87 |146 39 7 |121 |90 142 |137 |60 |2 |55 197 |186 |103 175 120 77 183 |129 97 170 46 |144 158 |185 |52 |199 172 |92 |112 44 125 115 |127 47 |30 |16 114 8 |150 33 |91 |123 |76 |191 174 |66 |
25296.8 1.50151e+06
40 140 21 48 95 37 25 164 62 177 47 56 9 190 136 124 26 |67 1 54 77 69 106 |53 88 20 49 18 96 179 158 |108 74 193 159 84 126 187 161 130 163 22 6 70 50 133 32 151 132 113 85 |5 184 2 147 36 155 86 176 43 110 34 57 10 83 105 11 142 41 153 29 154 35 98 118 |117 141 61 109 79 71 178 182 143 63 189 160 195 125 139 131 45 111 27 23 99 82 |156 107 19 42 152 169 157 180 59 |188 93 104 148 119 167 65 145 4 8 33 114 28 64 |51 138 165 80 100 68 75 73 166 123 24 173 |13 38 94 3 135 78 116 89 168 17 181 ||121 |72 |52 194 |149 |134 |191 |186 |15 |14 97 |170 |200 ||30 |55 |199 |101 |172 |196 |44 137 146 112 |150 175 103 |115 16 |183 174 |66 |92 |129 87 198 197 |120 81 |91 122 |12 144 |102 |171 |185 162 |76 90 |60 |127 31 |58 |128 192 |46 |7 |39 |
27245.5 696042
34 96 74 49 20 88 161 163 13 156 54 1 67 85 |141 147 125 99 139 111 131 45 48 32 140 21 61 27 151 31 132 82 113 |165 175 193 159 103 169 180 |5 6 70 133 50 187 126 84 42 152 158 106 |108 3 65 135 167 75 73 78 116 53 89 40 168 66 179 |51 145 117 93 138 10 83 148 41 104 110 43 86 36 155 184 176 185 153 29 154 7 100 68 64 |38 69 77 80 97 146 |22 9 95 177 62 164 25 37 188 71 79 109 60 178 182 143 63 189 56 160 195 190 136 124 26 |94 120 18 122 59 118 |130 57 105 11 35 98 28 4 119 107 19 166 123 173 17 102 181 ||92 |101 |112 87 |171 |142 2 |24 |12 |14 33 |8 90 |172 |115 200 ||81 183 |52 |191 |192 |39 46 |16 |194 |149 |170 162 |144 157 199 |198 128 |55 |76 |44 129 |91 |174 |30 |186 |127 47 |23 121 |134 |150 137 |196 |72 |58 |114 197 |15 |
30506.6 683873
86 152 42 49 20 84 126 159 193 156 61 21 140 32 54 1 67 85 |187 104 51 5 108 188 79 71 178 182 143 56 9 190 136 124 |138 22 163 69 100 153 29 154 194 35 98 118 |6 83 117 41 148 10 57 34 110 43 147 165 36 155 184 176 162 80 16 |7 46 142 28 |141 88 70 50 133 151 27 177 63 189 160 195 |130 13 111 48 45 131 139 95 109 37 25 164 62 99 132 82 113 |116 93 105 134 11 4 145 65 94 73 75 167 119 107 106 |74 38 3 135 78 53 89 40 96 168 173 17 59 169 157 180 |161 179 18 166 19 181 64 68 26 ||23 |52 |47 |24 123 |76 |44 |137 31 183 |15 102 |185 |58 |12 |112 125 14 |77 120 103 |198 158 91 |66 |92 |114 |121 |170 115 |199 122 |8 87 |127 |186 |101 |174 |33 192 55 |39 191 |197 150 |196 |30 |81 129 |171 |90 128 97 146 |172 144 |72 2 |149 |60 |200 ||175 |
31287 677180
51 11 105 93 138 83 117 104 148 41 2 35 98 118 |116 107 42 180 59 102 168 40 24 166 19 173 17 179 181 106 |49 89 96 53 78 135 3 94 38 167 65 145 4 119 114 28 |73 21 159 126 20 88 74 161 130 163 22 6 70 133 50 156 174 193 175 69 |169 165 147 160 14 195 80 26 |75 187 13 121 48 45 131 111 27 151 99 113 67 85 |18 140 32 61 139 95 25 164 62 200 82 |152 108 188 37 109 79 71 178 143 63 189 56 9 190 136 124 |141 5 182 177 132 1 54 |84 10 57 34 110 43 176 184 86 155 36 153 29 154 100 68 64 ||149 |162 |127 |47 |15 |58 |66 |44 |81 198 |97 16 87 146 112 |12 144 |192 194 |101 |30 |186 |171 91 122 |120 |92 |8 |55 |196 |33 199 158 |77 137 |76 |115 150 |123 129 |170 39 7 |185 |172 197 |23 125 |60 |142 90 |72 |52 |128 |31 |103 |134 |191 |157 183 |46 
32544.2 613992
188 41 148 104 154 35 98 28 118 |159 78 119 4 145 38 94 3 135 75 73 166 19 106 |93 65 116 53 40 168 173 17 179 181 |50 89 96 18 42 152 169 180 59 |108 32 141 22 70 163 161 74 88 20 49 84 126 187 13 193 69 |133 177 37 139 95 25 164 62 27 1 54 |167 6 156 140 21 61 48 45 131 111 151 99 113 85 |176 5 51 109 79 71 178 182 143 63 189 56 9 82 132 67 |130 86 155 36 165 147 160 195 190 136 124 80 26 |184 107 11 105 117 83 138 10 57 34 110 43 153 29 100 68 64 ||149 |162 |47 115 |15 |12 |191 172 |171 |142 128 |196 |114 |121 44 |175 103 |146 16 |183 174 |129 87 198 197 |81 |91 122 |101 |186 |123 |14 |185 |72 |66 |31 |33 194 97 |125 120 |200 ||46 |7 112 39 |77 199 192 |127 23 137 |58 |24 144 |90 8 2 76 |60 |55 157 |52 |150 158 |170 |92 |30 |134 |102 
32676.4 588038
159 78 119 4 145 38 94 3 135 75 73 166 19 106 |93 65 116 53 40 168 173 17 179 181 |50 89 96 18 42 152 169 180 59 |108 32 141 22 70 163 161 74 88 20 49 84 126 187 13 193 69 |133 177 37 139 95 25 164 62 27 1 54 |167 6 156 140 21 61 48 45 131 111 151 99 113 85 |176 5 51 109 79 71 178 182 143 63 189 56 9 82 132 67 |130 86 155 36 165 147 160 14 195 190 136 124 97 80 26 |184 107 11 105 83 10 57 34 110 43 153 29 100 68 64 |188 138 117 104 148 41 154 35 98 28 118 ||149 |87 |115 47 |15 |12 |91 122 146 |129 |58 |142 33 |44 200 112 39 |198 31 |158 123 144 |8 199 |66 |7 150 |196 |81 172 77 |101 |192 |127 23 |137 191 |60 |92 |55 |30 |125 90 |197 |194 |170 |185 |72 |16 |128 |103 |134 76 |120 |171 |52 |186 |121 |2 |157 |46 183 |102 |114 |24 |162 |175 174 
36038.3 583058
159 78 119 4 145 38 94 3 135 75 73 166 19 106 |93 65 116 53 40 168 92 173 17 179 181 |50 89 96 18 42 152 169 180 59 |108 32 141 22 70 163 161 74 88 20 49 84 126 187 13 193 69 |133 177 37 139 95 25 164 62 27 1 54 |167 6 156 140 21 61 48 45 131 111 151 99 113 85 |176 5 51 109 79 71 178 182 143 63 189 56 9 82 132 67 |130 86 155 36 165 147 160 195 190 136 124 80 26 |184 107 11 105 83 10 57 34 110 43 153 29 100 68 64 |188 138 117 104 148 41 154 35 98 28 118 ||149 |162 |127 |15 |115 |192 |197 122 |7 194 33 198 |14 |123 |31 191 |144 129 |196 |12 |97 |58 |172 121 |44 |72 |24 |60 |55 |101 |137 |199 |171 |91 |52 |30 |90 |23 |146 39 150 |47 |81 183 77 |158 |66 |142 |16 134 |200 ||103 |76 |128 |174 |120 |185 |186 |125 |157 |46 87 |2 |114 |8 |170 175 |102 |112 
36320.2 579694
159 78 119 4 145 38 94 3 135 75 73 166 19 106 |93 65 116 53 40 168 173 17 179 181 |50 89 96 18 42 152 169 180 59 |108 32 141 22 70 163 161 74 88 20 49 84 126 187 13 193 175 69 |133 177 37 139 95 25 164 62 27 1 54 |167 6 156 140 21 61 48 45 131 111 151 99 113 85 |176 5 51 109 79 71 178 182 143 63 189 56 9 82 132 67 |130 86 155 36 165 147 160 195 190 136 124 80 26 |184 107 11 105 83 10 57 34 110 43 153 29 100 68 64 |188 138 117 104 148 41 154 35 98 28 118 ||149 |162 |47 115 |15 |12 |91 122 146 |58 129 |33 |142 |200 44 112 39 |8 198 |66 |123 144 |199 7 |150 31 |196 127 125 |197 192 |60 |158 77 172 |137 191 |81 |121 23 |92 |90 |30 |72 |52 194 |170 |185 |55 |101 |16 |128 |134 |103 |186 |120 |76 |171 |183 |102 |46 |157 |174 |2 |24 |114 97 |14 87 
36524.2 577482
159 78 119 4 145 38 94 3 135 75 73 166 19 106 |93 65 116 53 40 168 173 17 179 181 |50 89 96 18 42 152 169 180 59 |108 32 141 22 70 163 161 74 88 20 49 84 126 187 13 193 69 |133 177 37 139 95 25 164 62 27 1 54 |167 6 156 140 21 61 48 45 131 111 151 99 113 85 |176 5 51 109 79 71 178 182 143 63 189 56 9 82 132 67 |130 86 155 36 165 147 160 195 190 136 124 80 26 |184 107 11 105 83 10 57 34 110 43 153 29 100 68 64 |188 138 117 104 148 41 154 35 98 28 118 ||149 |112 |127 |162 |47 115 |15 |33 |91 |7 129 |14 |158 |31 191 77 |123 199 |198 |44 |60 |24 |12 |144 192 |8 |196 |157 55 |137 23 |66 |197 122 87 |81 172 |58 |90 |39 |125 |170 194 |52 |146 121 150 |183 |101 |171 |72 |142 |128 16 |134 |103 |76 |186 |185 |120 |200 ||102 |46 |92 |30 |2 |114 |97 |174 |175 
36549.3 575023
159 78 119 4 145 38 94 3 135 75 73 166 19 106 |93 65 116 53 40 168 173 17 179 181 |50 89 96 18 42 152 169 180 59 |108 32 141 22 70 163 161 74 88 20 49 84 126 187 13 193 69 |133 177 37 139 95 25 164 62 27 1 54 |167 6 156 140 21 61 48 45 131 111 151 99 113 85 |176 5 51 109 79 71 178 182 143 63 189 56 9 82 132 67 |130 86 155 36 165 147 160 195 190 136 124 80 26 |184 107 11 105 83 10 57 34 110 43 153 29 100 68 64 |188 138 117 104 148 41 154 35 98 28 118 ||149 |162 |47 115 |101 |15 |91 146 |122 |7 129 |14 33 |196 112 |31 191 77 |199 198 192 |127 |58 |44 |24 123 |60 |12 |8 144 |81 172 |55 |157 |23 137 |2 |197 87 |39 |125 |52 194 |121 150 183 |66 |171 |158 |170 |142 |72 |16 128 |103 |76 |134 |120 |186 |185 |200 ||90 |92 |30 |46 |114 |174 175 |102 |97 
38143.1 572648

Time:37
Last Iter:10
Last Update:10
Tabu:0
Last Time37
15
97 39 183 199 59 15 96 53 29 41 148 147 189 131 |25 164 143 188 45 32 30 141 88 124 136 165 36 153 154 104 93 145 4 119 |49 22 50 150 23 177 178 182 160 184 43 83 75 78 |71 63 62 111 13 126 74 169 152 42 173 168 167 65 68 26 86 10 138 |28 98 64 87 80 170 162 185 149 110 105 38 135 40 20 140 21 48 95 79 108 |69 179 192 76 117 57 195 5 186 139 27 61 133 |155 196 115 56 190 125 127 99 151 137 67 106 107 166 66 18 89 180 159 |118 7 100 11 94 19 91 81 193 187 1 85 9 109 51 |6 163 161 103 181 73 116 194 34 82 132 113 |158 17 92 3 90 35 142 52 176 129 54 156 70 130 84 37 ||134 2 |114 8 |101 |47 |60 |77 175 120 |128 46 |14 |122 102 198 |144 24 |197 |12 |33 16 |157 55 |123 |44 |174 |146 172 |121 191 |171 |72 |112 31 |58 |200 ||
21669.4 1.65021e+06
164 25 109 189 56 177 23 85 193 161 19 135 53 89 11 138 184 |79 139 32 70 187 84 169 180 78 4 105 148 34 36 154 136 |6 88 49 17 166 73 94 65 68 82 62 27 178 71 160 155 176 93 |66 181 106 107 100 83 51 63 133 22 74 |126 174 156 191 132 99 125 9 143 95 48 171 92 29 41 10 43 |26 118 167 3 18 152 69 77 150 61 45 182 195 153 104 |40 38 158 179 157 199 172 81 20 13 151 37 188 86 |108 5 147 165 101 46 7 64 16 35 28 145 75 67 50 163 |141 130 42 168 116 192 98 194 80 110 57 54 131 |140 21 111 186 60 190 124 146 112 113 1 183 175 159 59 55 173 96 119 117 ||15 122 |170 162 |76 144 |30 |123 |134 33 |39 97 14 |120 |58 185 |127 47 200 ||115 |44 |103 91 |8 |52 |198 90 128 2 |197 102 |24 |196 87 |114 72 |12 |121 31 137 129 |142 |149 |
21679.9 1.63771e+06
167 75 152 32 177 189 79 51 154 148 93 |56 178 164 85 26 68 104 12 135 179 59 180 |53 96 73 94 28 98 80 41 110 63 139 111 131 61 126 169 42 |44 9 182 100 64 155 83 69 1 156 133 |82 127 62 60 71 147 153 194 11 105 65 106 54 48 163 49 |107 119 123 168 197 181 118 46 165 184 43 34 138 14 136 113 21 140 30 6 130 74 84 13 |95 188 143 195 132 67 99 174 159 81 17 116 3 38 35 117 10 36 |160 196 124 16 176 25 23 151 183 193 161 70 141 |37 45 115 190 97 29 86 2 72 4 144 19 173 40 89 18 20 187 |33 8 145 166 78 57 52 109 108 5 186 27 120 50 22 88 ||198 146 39 |142 |58 |149 |150 31 |200 ||191 |199 158 102 |112 125 128 |185 |15 129 |76 |162 |134 7 |90 157 172 |77 175 |47 |101 |66 |137 |87 170 192 |24 |92 |121 |122 91 103 |114 55 |171 |
21965.2 1.50814e+06
117 182 47 200 127 31 |105 122 121 196 170 80 26 |11 175 135 3 94 38 145 65 167 119 4 35 98 28 33 118 |183 197 179 17 173 181 198 |5 90 128 114 116 108 95 109 60 177 25 164 62 139 48 131 111 27 99 137 1 54 67 85 |45 78 18 66 15 168 40 166 73 75 19 107 192 106 |138 96 9 151 61 32 133 50 70 6 141 22 163 130 161 187 13 193 69 77 |93 21 51 147 165 36 155 86 184 176 104 41 148 83 10 57 34 110 43 101 52 153 29 154 46 100 68 64 |89 191 37 188 79 71 178 143 63 189 56 160 195 190 136 124 44 82 132 113 |53 140 156 74 88 49 20 84 126 159 81 42 152 169 157 180 59 ||158 102 |72 8 129 |134 76 |58 |123 144 |194 16 |14 |115 97 |91 171 |149 |39 125 |174 172 |162 185 |103 120 |30 |199 |186 |2 |146 55 |24 |92 |7 87 |12 |142 |23 150 112 
24837.1 726066
174 30 186 107 144 137 112 1 54 120 175 172 69 |53 138 105 11 117 148 83 10 57 34 110 43 86 184 176 155 36 162 100 68 |93 163 130 161 74 88 126 84 20 18 96 92 168 17 173 181 106 |89 22 159 169 180 42 152 122 91 179 59 |41 116 78 40 24 166 19 94 3 135 73 75 167 65 145 4 119 28 98 35 64 118 |38 171 6 193 13 156 50 70 133 32 140 21 131 27 23 99 82 |49 188 95 139 111 45 48 61 151 132 113 67 85 |187 5 108 178 182 143 63 189 56 160 195 136 124 |104 71 79 147 165 154 153 29 80 26 |141 51 109 37 25 164 62 177 9 190 ||194 7 39 |77 103 |196 115 |127 125 |2 192 198 |150 121 |14 |46 90 |81 157 |158 102 |44 |72 8 129 |134 76 |15 199 |123 |12 |60 |101 |33 |52 |191 |114 |58 185 |149 |142 146 |87 170 97 |16 31 |47 200 ||128 |55 197 183 |66 
27533.2 664806
7 162 158 112 183 121 132 113 |43 108 188 71 79 127 200 177 47 9 190 136 124 26 |5 36 165 195 160 56 189 63 143 182 178 109 37 25 164 62 27 23 99 82 |12 184 11 155 110 34 57 93 138 10 83 117 148 41 104 153 29 154 80 100 68 64 |51 86 145 38 94 3 135 73 75 167 65 119 4 28 35 98 118 |147 78 40 18 96 168 17 173 166 19 107 |105 53 180 169 42 152 179 59 181 106 |89 48 22 161 49 20 74 88 187 84 126 159 69 |116 141 6 130 163 13 193 54 1 67 85 |176 45 95 139 131 111 151 61 21 140 32 133 70 50 156 120 ||191 |123 |144 |39 175 |2 |197 199 |129 128 |92 |33 |149 |60 |97 14 125 |58 |55 102 122 |186 |72 |103 91 |194 52 |172 31 |15 |66 |192 170 |46 |44 |115 |81 |142 |101 |171 |24 |157 77 150 146 |114 8 |185 |30 |76 87 |137 196 |134 |174 |198 90 16 
28041.7 656220
182 127 108 51 63 71 189 178 188 143 79 109 37 25 164 62 177 200 82 |5 43 36 195 160 56 9 190 136 124 26 |184 11 155 110 34 57 93 138 10 83 117 148 41 104 153 29 154 80 100 68 64 |86 145 38 94 3 135 73 75 167 65 119 4 28 35 98 118 |147 78 40 18 96 168 17 173 166 19 107 |105 53 180 169 42 152 179 59 181 106 |89 22 161 49 20 74 88 187 84 126 159 69 |116 141 6 130 163 13 193 54 1 67 85 |176 151 140 32 133 70 50 156 |165 95 139 21 61 48 45 131 111 27 99 132 113 ||191 |123 |8 |144 114 |146 39 175 |134 2 |157 197 199 |129 128 76 |33 77 |60 |97 14 125 |58 185 |102 55 |186 |72 |103 91 |150 |194 |172 31 |15 |66 |122 90 |47 |52 |149 |92 |192 46 170 |101 16 |44 115 |196 198 |23 |171 |142 |81 |174 |30 |24 |120 87 |12 |7 |162 |158 112 |183 121 137 
28295.7 617414
51 36 195 160 177 190 136 124 26 |184 11 155 110 34 57 93 138 10 83 117 148 41 104 153 29 154 80 100 68 64 |86 145 38 94 3 135 73 75 167 65 119 4 28 35 98 118 |147 78 40 18 96 168 17 173 166 19 107 |105 53 180 169 42 152 179 59 181 106 |89 22 161 49 20 74 88 187 84 126 159 69 |116 141 6 130 163 13 193 54 1 67 85 |176 151 140 32 133 70 50 156 |165 95 164 62 139 21 61 48 45 131 111 27 99 132 113 |43 25 37 5 108 188 79 109 71 178 182 143 63 189 56 9 82 ||191 |55 |8 |33 |186 |175 |157 77 |129 47 |144 199 90 |198 2 76 |115 7 |92 |120 |30 |196 14 |72 |66 |58 |12 |102 |174 |162 |170 |31 |15 |60 |103 91 |101 |52 |23 44 |134 142 |114 194 |150 172 122 |125 |197 192 |16 |149 |128 |112 46 39 146 |123 24 158 |200 97 |81 183 |171 |185 |127 87 |137 121 
29636.2 592542
184 11 155 110 34 57 93 138 10 83 117 148 41 104 153 29 154 80 100 68 64 |86 145 38 94 3 135 73 75 167 65 119 4 28 35 98 118 |147 78 40 18 96 168 17 173 166 19 107 |105 53 180 169 42 152 179 59 181 106 |89 22 161 49 20 74 88 187 84 126 159 69 |116 141 6 130 163 13 193 54 1 67 85 |176 151 140 32 133 70 50 156 |165 95 139 21 61 48 45 131 111 27 99 132 113 |43 25 37 5 108 188 79 109 71 178 182 143 63 189 56 9 82 |36 51 62 164 177 160 195 190 136 124 26 ||191 |123 |8 |144 114 |146 39 175 |134 2 |198 197 199 |129 128 76 |33 77 |60 |97 14 125 |58 185 |102 55 |186 |72 |103 |81 |16 196 |194 52 |172 |47 |66 |192 46 170 |24 |44 115 |171 |101 |149 |30 |162 |137 31 120 |91 157 |158 122 |174 |15 |92 |7 87 |12 |142 |23 150 112 |183 90 |127 200 ||121 
30527.4 590496
121 184 11 155 110 34 57 93 138 10 83 117 148 41 104 153 29 154 80 100 68 64 |86 145 38 94 3 135 73 75 167 65 119 4 28 35 98 118 |147 78 40 18 96 168 17 173 166 19 107 |105 53 180 169 42 152 179 59 181 106 |89 22 161 49 20 74 88 187 84 126 159 69 |116 141 6 130 163 13 193 54 1 67 85 |176 151 140 32 133 70 50 156 |165 95 139 21 61 48 45 131 111 27 99 132 113 |43 25 37 5 108 188 79 109 71 178 182 143 63 189 56 9 82 |36 51 62 164 177 160 195 190 136 124 26 ||191 |123 |8 |144 114 |146 39 175 |134 2 |198 197 157 |199 129 |76 |128 77 |33 |60 |14 125 |97 |102 |55 122 |81 |186 |196 |72 |58 185 |194 52 |172 |66 |192 46 170 |24 |44 115 |171 |101 |149 |30 |174 |137 31 120 |91 |158 |16 |15 |47 |92 |162 |7 87 |12 |142 |23 150 112 |183 90 |127 200 ||103 
31475.5 590208
78 49 27 139 62 47 177 164 99 82 132 113 67 85 |11 89 40 19 75 73 135 3 94 38 65 145 4 119 107 106 |167 20 180 152 42 18 96 168 173 17 179 59 181 |53 105 117 93 138 57 10 83 148 104 153 29 154 100 68 |51 176 147 64 35 98 28 118 |188 41 34 110 43 86 184 155 36 165 80 26 |156 5 108 160 195 190 136 124 |116 141 21 95 25 109 37 79 178 182 143 63 189 56 9 |71 6 70 50 133 32 140 61 48 45 131 111 151 1 54 |166 22 193 88 74 161 130 163 187 13 126 84 159 169 69 ||199 158 |121 |129 144 114 |175 191 |171 197 |76 97 |134 128 |112 125 127 |157 |198 2 |137 150 |58 185 |102 55 122 |186 |72 |103 91 |162 |194 52 |172 31 |15 |66 |192 46 170 |24 |90 142 87 |12 |23 183 |174 120 |16 |30 |200 ||81 |146 |7 |196 |101 |33 |149 |44 |8 |39 77 |123 |60 |14 115 |92 
32227.9 588684
184 11 155 110 34 57 93 138 10 83 117 148 41 104 153 29 154 80 100 68 64 |86 145 38 94 3 135 73 75 167 65 119 4 28 35 98 118 |147 78 40 18 96 168 17 173 166 19 107 |105 53 180 169 42 152 179 59 181 106 |89 22 161 49 20 74 88 187 84 126 159 69 |116 141 6 130 163 13 193 54 1 67 85 |176 151 140 32 133 70 50 156 |165 95 139 21 61 48 45 131 111 27 99 132 113 |43 25 37 5 108 188 79 109 71 178 182 143 63 189 56 9 82 |36 51 62 164 177 160 195 190 136 124 26 ||191 |123 |8 |144 114 |146 39 175 |134 2 |198 197 157 |199 129 |76 |128 77 |33 |60 |14 125 |97 |102 |55 122 |103 |81 |186 |196 |72 |58 185 |194 52 |172 |66 |192 46 170 |24 |44 115 |171 |101 |149 |30 |174 |137 31 120 |91 |158 |16 |15 |47 |92 |162 |7 87 |12 |142 |23 150 112 |183 90 |127 200 ||121 
33497.9 585993
184 11 155 110 34 57 93 138 10 83 117 148 41 104 153 29 154 80 100 68 64 |86 145 38 94 3 135 73 75 167 65 119 4 28 35 98 118 |147 78 40 18 96 168 17 173 166 19 107 |105 53 180 169 42 152 179 59 181 106 |89 22 161 49 20 74 88 187 84 126 159 69 |116 141 6 130 163 13 193 54 1 67 85 |176 151 140 32 133 70 50 156 |165 95 139 21 61 48 45 131 111 27 99 132 113 |43 25 37 5 108 188 79 109 71 178 182 143 63 189 56 9 82 |36 51 62 164 177 160 195 190 136 124 26 ||191 |123 |8 |144 114 |146 39 175 |134 2 |198 197 157 |199 129 |76 |128 77 |33 |60 |125 14 97 |102 55 |186 |122 |58 185 |103 91 |72 |196 |149 |52 194 |172 |15 |66 |44 46 |170 115 |171 |24 192 |174 |101 |31 |142 |81 |30 |92 |90 16 |23 |47 |120 |87 7 |162 |137 150 112 |183 158 |127 200 ||121 |12 
34801.4 585914
184 11 155 110 34 57 93 138 10 83 117 148 41 104 153 29 154 80 100 68 64 |86 145 38 94 3 135 73 75 167 65 119 4 28 35 98 118 |147 78 40 18 96 168 17 173 166 19 107 |105 53 180 169 42 152 179 59 181 106 |89 22 161 49 20 74 88 187 84 126 159 69 |116 141 6 130 163 13 193 54 1 67 85 |176 151 140 32 133 70 50 156 |165 95 139 21 61 48 45 131 111 27 99 132 113 |43 25 37 5 108 188 79 109 71 178 182 143 63 189 56 9 82 |36 51 62 164 177 160 195 190 136 124 26 ||191 |123 |8 |144 114 |146 31 175 |134 2 |157 197 199 |128 129 |76 |77 |33 |60 |125 97 14 |58 |185 |122 55 |186 |103 |102 |91 |72 |194 52 |39 |172 |149 |66 |192 46 170 |24 |44 115 |81 |101 |30 |174 |171 |198 |142 |16 |23 |196 |15 |47 |92 |162 |7 87 |12 |120 |158 112 |137 183 150 |127 200 ||121 |90 
35174.9 583290
184 11 155 110 34 57 93 138 10 83 117 148 41 104 153 29 154 80 100 68 64 |86 145 38 94 3 135 73 75 167 65 119 4 28 35 98 118 |147 78 40 18 96 168 17 173 166 19 107 |105 53 180 169 42 152 179 59 181 106 |89 22 161 49 20 74 88 187 84 126 159 69 |116 141 6 130 163 13 193 54 1 67 85 |176 151 140 32 133 70 50 156 |165 95 139 21 61 48 45 131 111 27 99 132 113 |43 25 37 5 108 188 79 109 71 178 182 143 63 189 56 9 82 |36 51 62 164 177 160 195 190 136 124 26 ||192 |24 |8 |144 |146 16 |175 |134 2 128 |157 199 |76 |137 |129 97 |114 72 33 |170 46 |7 |77 197 |81 |102 |14 47 |122 |185 58 |66 |55 |60 |101 |186 |172 191 |52 |149 |39 |91 |92 |123 |30 |174 |44 |158 |120 |15 |125 198 90 |162 |196 |194 |115 |31 |171 |103 87 |12 |142 |127 23 |200 150 |183 112 |121 
39351.4 582408

Time:33
Last Iter:10
Last Update:10
Tabu:0
Last Time33
11
130 74 126 22 133 132 56 143 98 35 41 119 75 73 53 |192 28 19 66 69 1 99 48 140 108 160 86 93 117 |33 106 199 180 42 49 161 6 139 95 79 71 68 29 153 94 3 116 |11 83 57 145 38 181 169 152 13 187 70 85 82 136 51 |200 189 182 195 80 162 43 72 107 40 179 193 54 111 |64 26 67 113 44 127 62 164 25 188 23 21 191 18 168 78 167 104 138 165 |148 101 97 129 24 91 159 20 61 63 178 5 |84 88 81 156 177 9 124 170 16 118 4 154 147 173 89 |100 14 109 131 151 32 175 172 150 96 65 105 10 110 155 36 |190 87 198 114 2 142 134 34 176 184 37 186 27 45 50 141 163 59 17 166 135 ||103 122 183 |146 7 46 |115 47 |55 123 144 |194 |149 |128 76 112 |196 |121 |52 |30 |171 |92 |90 |157 |31 |137 |185 58 |12 |39 125 |8 |77 197 |120 174 |158 15 |60 |102 |
21588.1 1.72298e+06
32 191 156 163 69 132 45 189 160 68 64 100 29 43 110 86 145 94 75 |59 103 42 171 173 53 98 80 165 58 117 85 82 1 |84 81 175 199 17 3 78 9 56 182 5 111 141 |88 66 96 135 118 26 136 177 164 143 36 148 138 105 |18 168 166 107 4 38 176 184 178 25 99 61 50 6 74 20 126 |190 125 79 147 162 155 52 10 93 28 65 106 181 169 159 193 133 70 140 21 151 |187 49 122 73 12 167 153 104 34 57 113 54 108 51 |13 161 157 179 158 198 146 39 67 139 109 71 188 195 154 11 |121 131 62 47 60 63 149 194 142 128 119 19 40 116 152 180 130 22 |200 37 95 27 48 172 197 123 144 76 35 41 83 124 89 ||186 |15 |72 114 87 |77 137 |30 |31 23 150 |170 127 |8 |134 |101 |97 |92 |33 90 |14 |24 |7 46 2 |115 |185 |112 44 183 |55 91 |129 196 |120 174 |16 192 |102 |
21628.1 1.61088e+06
17 42 130 174 61 131 139 27 151 85 160 63 71 188 78 |143 182 60 177 9 124 113 13 126 161 73 98 10 138 147 |52 155 148 28 3 18 152 159 49 140 21 99 1 26 136 |176 93 11 4 119 106 173 168 20 156 32 48 37 109 6 |163 22 74 103 80 149 34 41 |84 70 23 25 82 100 64 35 65 167 19 179 83 43 184 86 |194 154 142 105 117 36 68 118 67 180 166 141 45 111 178 |57 110 162 153 134 2 145 94 107 192 169 187 50 95 108 5 189 195 |81 193 69 54 133 186 62 56 79 190 181 59 40 53 116 135 |102 66 96 89 12 75 38 114 29 104 58 165 51 164 132 88 ||47 115 146 |137 121 31 |16 46 |185 7 |33 90 |15 |24 |127 |128 8 |171 |129 198 39 |200 ||92 |55 197 199 |150 172 157 |170 196 125 |91 122 |191 |30 |120 175 77 112 |44 14 |76 72 |87 97 183 |158 123 144 |101 |
21772.1 1.53865e+06
96 133 50 70 6 22 163 130 161 74 88 49 20 84 126 159 69 |147 187 13 193 180 59 181 106 |103 89 178 71 188 60 9 190 136 124 |93 5 56 108 51 182 143 63 189 160 195 |141 116 73 138 105 72 38 94 167 65 145 4 119 107 28 35 98 64 118 |135 10 176 57 34 110 43 52 153 29 154 68 |78 117 148 104 165 36 155 86 184 101 100 80 26 |11 62 21 140 32 156 54 67 |53 41 3 168 40 75 166 19 173 17 179 152 42 169 1 27 99 132 82 |83 18 61 177 79 109 37 25 164 95 139 131 48 45 111 151 113 85 ||158 |186 |97 196 |194 128 |77 144 |197 199 |114 7 112 |174 146 |46 |127 31 |172 157 |92 |81 |125 |47 14 |102 91 |44 16 |171 |137 150 120 175 183 |191 39 87 |55 123 |30 |15 122 |76 |23 121 |58 |149 |162 170 |8 |142 |90 134 129 |192 198 |12 |115 200 ||185 |24 |2 33 |66 |
26595.9 647319
49 147 51 5 108 188 37 25 164 62 177 56 9 190 136 124 |96 141 20 70 50 22 163 130 161 74 88 187 84 126 13 193 159 69 |93 4 145 65 119 107 181 |143 38 117 138 10 57 34 110 104 153 29 154 35 98 28 118 |54 1 82 113 67 85 |53 6 133 32 140 21 61 48 45 131 111 139 27 151 99 132 |167 95 109 71 79 182 63 189 160 195 80 26 |178 11 83 41 148 43 176 184 86 155 36 165 100 68 64 |105 89 40 78 94 3 135 75 73 166 17 173 19 106 |156 116 168 18 179 42 152 169 199 180 59 157 ||192 |8 72 |66 |24 144 |170 |121 |120 |185 |2 90 16 |127 196 |46 183 |58 |158 15 |60 |149 |81 |30 |197 87 |33 |115 |191 |125 97 14 |47 |44 |175 |122 91 102 |150 174 |129 23 |194 134 |55 39 |7 114 |200 ||186 |171 |101 |77 172 103 112 |128 76 |142 |12 |92 |123 |162 |198 |137 |31 |52 |146 
30800.4 592277
51 49 169 42 152 18 168 179 180 59 |116 156 5 108 188 37 25 164 62 177 56 9 190 136 124 |96 141 20 70 50 22 163 130 161 74 88 187 84 126 13 193 159 69 |93 4 145 65 119 107 181 |143 38 117 138 10 57 34 110 104 153 29 154 35 98 28 118 |54 1 82 113 67 85 |53 147 6 133 32 140 21 61 48 45 131 111 139 27 151 99 132 |167 95 109 71 79 182 63 189 160 195 80 26 |178 11 83 41 148 43 176 184 86 155 36 165 100 68 64 |105 89 40 78 94 3 135 75 73 166 17 173 19 106 ||199 |8 72 |66 |142 |58 |170 144 |121 120 183 |2 90 16 |23 127 |158 |185 46 |149 |60 |15 |196 |146 81 |30 |197 87 |33 |115 |125 97 14 |47 |44 |175 |122 91 102 |150 174 |129 192 114 |194 134 |55 39 |7 |200 ||186 |171 157 |101 |77 172 103 112 |128 76 |24 |12 |92 |123 |162 |198 |137 |31 |52 |191 
30865.8 583657
49 147 51 5 108 188 37 25 164 62 177 56 9 190 136 124 |96 141 20 70 50 22 163 130 161 74 88 187 84 126 13 193 159 69 |93 4 145 65 119 107 181 |143 38 117 138 10 57 34 110 104 153 29 154 35 98 28 118 |54 1 82 113 67 85 |53 6 133 32 140 21 61 48 45 131 111 139 27 151 99 132 |167 95 109 71 79 182 63 189 160 195 80 26 |178 11 83 41 148 43 176 184 86 155 36 165 100 68 64 |105 89 40 78 94 3 135 75 73 166 17 173 19 106 |156 116 168 18 179 42 152 169 157 180 59 ||23 |46 196 |185 |142 33 |24 |183 191 150 |115 87 |8 144 90 |72 2 |134 76 |158 |101 |30 |197 123 |149 |58 |127 |66 |120 |55 |125 |44 |175 |91 171 |16 39 |129 192 112 |174 |146 114 198 |102 |200 ||47 |199 7 |97 194 |122 |15 |77 103 |128 |52 |60 |81 |121 |12 |92 |162 |14 |186 |31 172 |170 137 |
31807.5 575773
49 147 51 5 108 188 37 25 164 62 177 56 9 190 136 124 |96 141 20 70 50 22 163 130 161 74 88 187 84 126 13 193 159 69 |93 4 145 65 119 107 181 |143 38 117 138 10 57 34 110 104 153 29 154 35 98 28 118 |54 1 82 113 67 85 |53 6 133 32 140 21 61 48 45 131 111 139 27 151 99 132 |167 95 109 71 79 182 63 189 160 195 80 26 |178 11 83 41 148 43 176 184 86 155 36 165 100 68 64 |105 89 40 78 94 3 135 75 73 166 17 173 19 106 |156 116 168 18 179 42 152 169 157 180 59 ||72 |46 196 |185 |142 33 |120 |24 144 |76 90 87 |183 191 150 |115 |121 |16 |127 23 |134 2 |158 |39 7 |197 123 |58 |122 55 |66 |149 |125 |91 |44 |60 |175 |171 |30 |129 192 112 |8 |114 102 198 |47 |200 ||194 |199 97 |101 |15 |77 172 103 |128 |52 |14 |12 |92 |174 |162 |81 |186 |170 |137 |31 |146 
34104.3 573807
49 147 51 5 108 188 37 25 164 62 177 56 9 190 136 124 |96 141 20 70 50 22 163 130 161 74 88 187 84 126 13 193 159 69 |93 4 145 65 119 107 181 |143 38 117 138 10 57 34 110 104 153 29 154 35 98 28 118 |54 1 82 113 67 85 |53 6 133 32 140 21 61 48 45 131 111 139 27 151 99 132 |167 95 109 71 79 182 63 189 160 195 80 26 |178 11 83 41 148 43 176 184 86 155 36 165 100 68 64 |105 89 40 78 94 3 135 75 73 166 17 173 19 106 |156 116 168 18 179 42 152 169 157 180 59 ||192 |46 33 |194 |185 |12 |24 55 |150 44 |76 |97 183 |200 115 |81 |120 |134 2 |172 158 |142 |15 |149 |60 |103 |91 171 |191 175 146 |72 |197 90 |174 112 |137 31 23 39 |122 102 198 |87 8 128 |47 196 |66 |7 16 |52 |125 |92 |144 |121 |129 |123 |101 |30 |114 |127 |77 |14 |186 |170 |162 |58 |199 |
38056.4 571744
49 147 51 5 108 188 37 25 164 62 177 56 9 190 136 124 |96 141 20 70 50 22 163 130 161 74 88 187 84 126 13 193 159 69 |93 4 145 65 119 107 181 |143 38 117 138 10 57 34 110 104 153 29 154 35 98 28 118 |54 1 82 113 67 85 |53 6 133 32 140 21 61 48 45 131 111 139 27 151 99 132 |167 95 109 71 79 182 63 189 160 195 80 26 |178 11 83 41 148 43 176 184 86 155 36 165 100 68 64 |105 89 40 78 94 3 135 75 73 166 17 173 19 106 |156 116 168 18 179 42 152 169 157 180 59 ||192 |197 33 |46 |185 |12 144 |72 |24 |76 87 |125 183 150 |23 44 |81 |8 2 |134 |172 158 |101 |60 |200 115 |194 128 |55 122 |91 171 |191 175 146 |103 |90 16 39 |174 112 |137 |31 |114 102 198 |196 7 |149 |66 |120 199 |47 97 |15 |121 129 |123 |52 |127 |92 |142 |77 |14 |186 |170 |162 |58 |30 |
39031.1 571506
49 147 51 5 108 188 37 25 164 62 177 56 9 190 136 124 |96 141 20 70 50 22 163 130 161 74 88 187 84 126 13 193 159 69 |93 4 145 65 119 107 181 |143 38 117 138 10 57 34 110 104 153 29 154 35 98 28 118 |54 1 82 113 67 85 |53 6 133 32 140 21 61 48 45 131 111 139 27 151 99 132 |167 95 109 71 79 182 63 189 160 195 80 26 |178 11 83 41 148 43 176 184 86 155 36 165 100 68 64 |105 89 40 78 94 3 135 75 73 166 17 173 19 106 |156 116 168 18 179 42 152 169 157 180 59 ||23 |46 196 |185 |142 33 |120 |24 55 |76 90 87 |183 191 150 |115 |81 |8 144 |72 2 |134 |158 |101 |30 |197 123 |192 122 |97 127 |194 128 |77 |199 |137 175 |39 |198 |66 |15 |200 ||7 |121 |58 |31 |170 |91 171 |186 |47 |149 |16 |114 |92 |103 |172 112 |52 |44 125 146 |60 |12 129 |14 |174 |162 |102 |
39993.7 570037

Time:45
Last Iter:10
Last Update:10
Tabu:0
Last Time45
17
175 31 156 50 66 19 38 64 195 189 143 155 34 10 148 41 |133 13 152 18 92 168 53 78 3 106 43 51 25 |44 9 160 109 37 108 48 70 74 181 40 116 145 100 |99 62 188 5 196 136 29 104 58 86 105 119 135 22 6 |79 177 124 85 67 1 54 42 171 15 173 75 89 96 11 83 138 |90 28 98 154 117 110 176 97 146 27 131 141 130 20 174 180 166 |159 69 157 158 2 36 132 111 45 32 187 84 |147 162 57 76 94 179 169 126 88 30 151 113 190 80 56 63 71 95 |118 129 68 35 128 114 65 167 72 194 153 184 165 93 125 82 127 164 139 61 140 193 161 163 |4 107 73 12 17 59 172 183 26 7 182 178 21 49 ||134 142 87 |198 16 |115 47 |101 |185 |149 |91 103 |200 ||186 |112 150 |122 |24 102 |137 |77 121 |144 197 |52 |33 55 |39 170 14 |60 |23 |199 192 |120 191 |46 8 |81 |123 |
21937.2 1.68523e+06
58 162 10 64 94 17 168 42 169 20 50 141 188 108 |33 198 158 15 92 159 163 99 136 36 184 176 86 43 83 |165 185 153 117 65 167 53 85 190 56 182 79 37 25 95 156 70 |139 9 147 100 106 179 40 81 126 187 22 54 69 138 |103 157 180 181 19 173 24 38 4 2 41 80 118 82 195 63 143 140 133 161 |93 11 98 144 73 116 49 130 13 21 45 131 164 178 71 51 5 67 |90 35 8 145 72 105 148 57 34 160 189 109 132 113 1 193 88 59 166 75 |48 111 27 151 32 175 77 84 74 102 55 135 26 154 104 177 |68 28 192 107 134 29 52 110 62 |87 124 114 119 3 78 89 96 18 171 122 152 191 61 6 155 ||197 199 |23 |186 |112 97 16 |174 |60 |101 |14 |194 129 39 |183 91 |123 |12 |31 121 120 |146 150 |76 |196 115 |30 |128 46 |44 47 |200 127 125 |170 7 |137 172 |142 |66 |149 |
22188.3 1.6663e+06
155 86 117 145 38 173 179 42 13 54 113 82 45 178 5 |51 186 151 6 141 130 74 28 35 100 80 29 153 41 10 184 65 73 |95 21 163 18 181 98 167 11 176 195 189 |84 88 70 140 111 139 164 37 60 160 165 110 34 68 118 107 166 |4 94 66 91 193 50 48 27 56 108 93 |128 198 59 17 92 89 53 81 187 32 131 109 136 124 26 67 36 148 105 |144 192 106 85 1 120 172 69 159 20 49 161 133 152 168 40 43 188 |142 134 2 8 19 3 171 121 132 62 25 177 83 |78 135 119 72 194 154 162 57 143 182 190 30 126 169 96 |64 46 104 138 147 9 63 71 79 99 61 156 174 22 180 75 116 ||55 102 158 197 199 129 |33 170 |137 31 127 |14 47 |101 |185 |146 77 175 |90 114 |122 |52 |115 200 ||23 |58 |24 |44 16 7 87 |39 150 |149 |112 |123 |76 |183 125 |196 |12 |97 |157 103 |191 |15 |
22421.8 1.66573e+06
192 199 169 69 85 193 13 84 20 130 182 188 108 86 154 |116 171 81 174 22 106 41 147 |40 168 92 96 94 181 26 82 54 6 161 160 5 29 |144 19 158 24 66 53 78 145 68 153 176 165 57 195 56 178 95 48 32 |25 143 71 111 45 156 159 91 173 89 38 28 35 83 43 |107 75 55 17 179 180 172 191 30 141 151 99 139 51 155 110 34 64 |166 198 4 105 148 10 138 184 14 79 67 140 133 50 18 |126 49 74 103 42 15 167 128 118 129 124 132 1 131 109 104 117 |36 149 101 93 119 73 3 98 190 115 63 37 62 61 21 70 163 187 88 |164 177 9 189 186 27 113 150 157 59 152 135 65 11 58 185 100 80 136 ||102 197 |134 |60 |175 121 |47 |125 127 |114 8 72 |122 |142 |52 46 |76 |162 |112 87 44 |12 |183 31 |90 170 |123 |77 |2 97 |200 146 |33 7 194 |23 137 39 |16 196 |120 |
22519.8 1.6486e+06
28 64 101 43 184 143 182 25 27 156 187 130 180 181 173 89 3 94 |19 75 106 122 84 174 191 54 61 32 50 37 147 148 |17 179 193 85 82 62 111 48 51 176 104 29 |53 40 96 171 152 30 70 151 113 56 178 5 155 86 57 153 105 65 |59 199 175 120 126 20 49 74 163 6 168 26 136 9 189 63 109 188 165 36 |81 103 161 141 31 99 164 71 67 124 118 38 154 110 34 |138 117 41 2 98 192 107 135 78 24 42 69 22 45 139 108 160 190 100 |93 194 4 145 166 102 66 116 88 159 1 132 177 95 131 140 |76 33 68 7 80 39 121 186 79 13 18 11 10 |83 58 195 21 133 172 169 92 73 167 119 35 ||97 170 46 |183 87 114 |23 44 |150 16 |14 115 |60 |158 198 |127 47 |91 |142 |185 |149 |72 |112 |134 128 90 129 |8 |52 |162 |55 15 197 |144 157 |137 125 196 |146 77 |200 ||123 |12 |
22616.1 1.61521e+06
49 22 140 111 139 178 136 165 10 83 4 38 135 89 42 59 |187 191 131 95 25 109 71 82 96 41 57 138 176 |161 130 50 133 32 113 124 164 98 94 53 154 43 110 86 184 |174 156 126 163 103 54 1 67 61 56 160 143 36 58 148 11 145 73 166 |74 20 141 175 85 99 62 177 195 100 68 64 118 19 17 179 75 |12 173 157 69 159 193 70 186 60 182 80 29 104 106 |9 108 101 153 134 46 87 181 102 116 88 |167 65 72 105 93 155 63 151 122 107 3 78 |198 192 33 119 40 168 152 180 199 81 84 13 137 23 27 190 26 117 34 5 |147 185 170 39 132 125 189 79 188 37 51 45 48 21 121 6 169 18 28 35 ||194 7 128 |112 127 |14 |144 16 |44 200 ||162 |114 8 2 |183 197 |196 47 |129 |171 91 |77 97 |149 |92 |150 120 |158 |115 |142 146 |55 90 |30 |31 172 |76 |123 24 |15 |66 |52 |
22717.9 1.61414e+06
9 178 188 99 61 54 13 59 17 73 28 117 148 116 89 |35 118 107 179 180 92 20 45 177 189 160 195 |6 161 120 1 67 95 100 106 119 38 78 104 34 57 138 165 |183 137 136 64 167 96 42 152 70 71 108 155 |53 24 66 199 98 68 86 56 164 62 156 22 84 159 193 |11 72 80 97 63 37 131 187 126 74 169 |25 143 27 111 21 32 50 141 163 49 18 168 173 145 43 184 36 |197 15 171 81 30 133 140 121 186 127 124 196 29 83 93 3 166 19 |94 12 135 102 114 4 65 142 105 10 41 154 153 185 176 26 85 113 82 69 151 48 109 79 182 51 5 |2 110 147 170 190 115 132 139 130 88 122 181 75 40 ||123 |101 |172 157 |194 134 |39 8 |55 |33 146 |31 23 |191 77 |200 ||103 91 |125 44 47 |174 |14 7 |112 150 175 |192 |60 |149 |144 158 |198 90 76 46 87 |52 |162 |58 16 |129 128 |
23762.7 1.5639e+06
5 155 27 51 188 71 178 182 63 189 56 9 177 127 62 164 25 139 111 131 45 48 61 121 120 |147 141 32 6 70 133 50 30 156 163 130 161 74 88 49 20 84 126 81 159 69 183 |92 160 95 140 21 151 99 1 54 67 85 113 132 82 190 136 124 |195 3 73 135 123 106 |37 142 78 116 53 89 40 173 17 102 181 |79 36 165 80 96 168 15 179 59 |109 105 65 38 94 75 24 166 19 107 |143 13 187 18 171 42 152 122 169 180 |22 115 11 41 104 148 117 83 93 138 10 57 34 110 43 86 184 176 58 153 29 154 100 16 26 |108 193 197 167 119 145 4 28 128 98 35 68 64 118 ||137 |129 72 |12 |2 170 |196 |114 |186 |101 |172 157 |194 134 |39 8 |55 |185 |66 |33 146 |31 23 |191 77 |200 ||103 91 |125 44 47 |174 |14 7 |112 150 175 |192 |60 |149 |144 158 |198 90 76 46 87 |52 |162 |97 199 
24608.2 716949
141 194 46 2 35 62 164 25 177 200 125 |89 49 116 53 40 135 94 75 73 166 123 173 17 179 197 59 199 181 106 |168 32 21 61 95 186 139 48 45 131 111 27 151 99 82 132 113 |96 140 50 156 193 13 187 163 130 161 74 88 84 126 159 81 42 152 180 |3 6 22 103 169 69 54 1 67 85 |133 5 188 9 56 160 14 195 |18 51 71 37 109 79 178 182 143 63 189 190 136 124 26 |70 19 117 41 148 83 93 138 10 57 110 43 153 29 154 7 100 68 64 |78 108 147 165 36 155 86 184 176 58 185 80 87 |20 38 72 34 104 105 11 142 145 4 65 167 119 107 28 128 98 118 ||12 |8 76 |92 |175 77 |134 |90 |55 158 33 |121 137 112 |198 192 16 97 |196 47 |150 115 146 |52 |162 |114 183 |31 |174 |30 |127 23 |101 |191 |171 |66 |144 102 |170 172 |157 91 |24 |60 |15 |122 129 |39 44 120 |149 
26557.1 652872
74 32 130 163 22 141 6 70 133 21 61 27 151 1 54 67 |89 193 156 95 79 37 109 60 25 164 62 |145 20 88 187 50 140 48 45 131 111 139 186 99 132 |84 115 56 9 177 82 113 85 |13 51 5 108 188 71 178 182 143 63 189 160 195 190 136 124 |126 93 10 110 43 86 184 176 155 36 165 147 80 100 68 |168 83 104 153 29 154 35 98 64 26 |159 138 57 34 148 41 117 105 11 4 28 118 |161 181 18 96 116 53 135 73 75 3 94 38 65 167 119 107 106 |49 78 40 166 19 173 17 179 42 152 59 180 169 69 ||31 |158 |191 137 146 |185 |15 102 199 |30 |120 39 |194 7 128 |112 127 125 |14 170 |144 16 |44 200 ||162 |121 175 |103 |24 |58 |114 8 2 |183 197 |196 47 |129 |171 91 |77 97 |149 |92 |12 192 |55 123 |90 46 76 33 87 |72 |81 150 |122 157 172 |23 |134 142 |52 |174 |101 |66 |198 
31693.4 619552
53 107 78 3 94 75 135 40 168 173 17 179 59 106 |95 116 18 187 74 88 126 84 20 49 42 152 169 180 |96 141 130 163 22 6 70 133 50 156 13 193 159 69 |73 5 9 62 177 25 37 109 79 71 178 182 143 63 189 56 160 14 195 190 136 124 |188 194 104 52 153 29 154 100 |51 105 11 142 4 28 64 68 |65 161 32 140 21 61 48 45 131 111 139 27 151 99 82 132 113 |166 93 43 86 184 176 155 36 165 147 80 26 |89 164 110 34 57 10 138 83 117 148 41 35 98 118 |108 38 145 167 119 19 181 54 1 67 85 ||186 |114 |125 47 |174 |191 129 |87 103 |120 183 199 198 |115 33 |97 170 46 |58 185 |30 |60 |157 197 |12 192 |150 172 175 31 |158 123 |134 |81 |149 |121 |24 55 |92 |39 16 44 |102 15 |171 |90 76 |146 8 144 |91 112 |66 |200 137 |7 128 |2 |72 |77 122 |162 |127 23 |196 |101 
32191.4 611359
18 11 145 65 167 119 4 76 35 28 98 64 118 |20 95 62 164 25 37 109 177 9 125 82 |3 155 43 117 83 138 93 10 57 34 110 104 148 41 154 153 29 100 68 |36 38 94 135 12 75 73 166 19 107 106 |86 105 184 176 165 147 195 97 80 26 |157 103 69 54 1 67 |156 51 5 108 188 79 71 178 143 63 189 56 160 190 136 124 |161 78 116 53 40 96 168 15 173 17 179 42 152 59 181 |182 13 193 32 140 21 61 48 45 131 111 139 27 151 99 132 113 85 |89 141 22 6 70 133 50 163 130 187 88 74 49 84 126 159 169 180 ||60 |66 |198 81 |144 192 |134 |112 |194 90 |72 128 87 |102 146 |121 23 |186 |142 |8 |162 |30 |200 47 |171 91 |92 |183 172 |170 129 |31 191 120 |39 2 |174 |137 44 |58 |196 150 |77 175 |101 16 |149 |46 199 |123 55 158 |197 33 114 |127 115 |14 7 |185 |122 |52 |24 |
32871.4 599670
53 11 105 148 117 93 138 83 10 57 34 110 184 36 |135 165 155 86 176 153 29 154 80 26 |108 193 130 163 22 141 6 70 133 50 156 54 1 67 |78 32 140 21 61 48 45 131 111 139 27 151 99 132 113 |95 42 49 20 88 74 161 187 13 126 84 159 169 69 |3 43 41 107 19 173 17 179 180 59 181 106 |104 5 51 143 177 37 25 164 62 82 85 |116 152 18 96 168 40 166 73 75 94 167 119 65 145 4 28 118 |89 195 147 100 68 35 98 64 |38 109 188 79 71 178 182 63 189 160 56 9 190 136 124 ||122 |174 191 |171 |199 175 120 |81 103 |2 192 |194 |198 |102 |12 |144 |66 |8 |186 |60 |72 90 |112 183 172 |162 |30 |200 47 125 |91 |92 |142 134 |15 |23 |170 129 |31 97 |39 76 |121 |137 44 |58 |157 |196 150 |77 128 |101 16 |149 |46 146 |123 55 158 |197 33 114 |127 115 |14 7 |185 |87 |52 |24 |
33717.6 583247
53 11 105 148 117 93 138 83 10 57 34 110 184 36 |135 165 155 86 176 153 29 154 80 26 |108 193 130 163 22 141 6 70 133 50 156 54 1 67 |78 32 140 21 61 48 45 131 111 139 27 151 99 132 113 |95 42 49 20 88 74 161 187 13 126 84 159 169 69 |3 43 41 107 19 173 17 179 180 59 181 106 |104 5 51 143 177 37 25 164 62 82 85 |116 152 18 96 168 40 166 73 75 94 167 119 65 145 4 28 118 |89 195 147 100 68 35 98 64 |38 109 188 79 71 178 182 63 189 160 56 9 190 136 124 ||134 |174 |120 |200 ||137 |7 183 |76 |12 |102 128 |115 33 |97 170 46 |58 185 |30 150 |87 |8 |157 |72 |60 |24 192 |15 |114 16 39 |23 44 |14 |121 31 |197 |127 47 |91 |142 2 |103 |125 |144 158 55 |194 |149 |198 122 |171 |196 |123 199 |191 175 172 77 |92 |81 |186 |66 |52 129 |146 112 |101 |90 |162 |
35083.5 581554
147 89 116 19 73 75 167 65 119 107 |21 96 78 3 94 145 4 35 98 28 118 |18 38 135 166 40 168 173 17 179 59 181 |53 193 84 20 161 74 88 49 42 152 180 169 69 |70 95 139 45 61 131 111 27 151 99 106 |48 11 104 57 10 83 117 148 41 153 29 154 68 64 |32 93 138 34 110 43 86 176 184 155 36 165 80 100 26 |105 195 51 5 188 79 178 182 143 63 189 160 56 9 190 136 124 |140 108 71 25 37 177 164 62 82 132 113 |109 159 13 126 187 130 163 22 141 6 133 50 156 54 1 67 85 ||33 |77 |97 |125 |128 87 |129 |199 |144 |114 |91 |197 150 |12 192 |134 |157 158 |194 |149 |52 |185 170 |127 31 |142 |8 |66 |24 123 |186 |55 172 |121 175 |39 146 44 |102 |81 |171 |15 |76 |90 112 |120 122 |196 16 |92 |60 |200 137 |174 191 |30 |46 183 |2 |47 115 |72 |162 |103 |23 |7 |101 |198 |58 |14 
44295 581171
53 34 165 36 155 86 184 176 153 29 154 80 26 |108 193 130 163 22 141 6 70 133 50 156 54 1 67 |78 32 140 21 61 48 45 131 111 139 27 151 99 132 113 |95 42 49 20 88 74 161 187 13 126 84 159 169 69 |3 43 41 107 19 173 17 179 180 59 181 106 |104 5 51 143 177 37 25 164 62 82 85 |116 152 18 96 168 40 166 73 75 94 167 119 65 145 4 28 |89 195 147 100 68 64 |38 109 188 79 71 178 182 63 189 160 56 9 190 136 124 |135 110 57 93 138 10 83 148 117 105 11 35 98 118 ||122 |174 191 |171 |199 175 120 |81 103 |2 192 |194 |76 33 7 |58 |97 170 46 39 |183 87 114 |23 44 |150 16 |14 115 |60 |172 121 31 |92 |186 |102 24 |66 |30 |158 198 |127 47 |91 |142 |185 |149 |125 112 129 |197 144 128 |200 137 |134 |77 157 |12 |196 |123 |15 |72 8 |52 |101 |162 |146 55 |90 |
45340 580424
53 34 165 36 155 86 184 176 153 29 154 80 26 |108 193 130 163 22 141 6 70 133 50 156 54 1 67 |78 32 140 21 61 48 45 131 111 139 27 151 99 132 113 |95 42 49 20 88 74 161 187 13 126 84 159 169 69 |3 43 41 107 19 173 17 179 180 59 181 106 |104 5 51 143 177 37 25 164 62 82 85 |116 152 18 96 168 40 166 73 75 94 167 119 65 145 4 28 |89 195 147 100 68 64 |38 109 188 79 71 178 182 63 189 160 56 9 190 136 124 |135 110 57 93 138 10 83 148 117 105 11 35 98 118 ||122 |174 191 |171 |58 |81 103 175 |2 192 |146 120 |185 |15 102 199 |30 |183 87 114 |23 44 39 |14 115 16 |60 |172 121 31 |92 |186 |33 150 |24 |66 |97 170 46 |158 198 |127 47 |91 |142 |76 |149 |125 112 129 |197 144 128 |200 137 |134 |77 157 |12 |196 |123 |7 |72 8 |52 |101 |162 |194 |90 55 |
47580.2 578141

Time:0
Last Iter:10
Last Update:10
Tabu:0
Last Time0
17
175 31 156 50 66 19 38 64 195 189 143 155 34 10 148 41 |133 13 152 18 92 168 53 78 3 106 43 51 25 |44 9 160 109 37 108 48 70 74 181 40 116 145 100 |99 62 188 5 196 136 29 104 58 86 105 119 135 22 6 |79 177 124 85 67 1 54 42 171 15 173 75 89 96 11 83 138 |90 28 98 154 117 110 176 97 146 27 131 141 130 20 174 180 166 |159 69 157 158 2 36 132 111 45 32 187 84 |147 162 57 76 94 179 169 126 88 30 151 113 190 80 56 63 71 95 |118 129 68 35 128 114 65 167 72 194 153 184 165 93 125 82 127 164 139 61 140 193 161 163 |4 107 73 12 17 59 172 183 26 7 182 178 21 49 ||134 142 87 |198 16 |115 47 |101 |185 |149 |91 103 |200 ||186 |112 150 |122 |24 102 |137 |77 121 |144 197 |52 |33 55 |39 170 14 |60 |23 |199 192 |120 191 |46 8 |81 |123 |
21937.2 1.68523e+06
58 162 10 64 94 17 168 42 169 20 50 141 188 108 |33 198 158 15 92 159 163 99 136 36 184 176 86 43 83 |165 185 153 117 65 167 53 85 190 56 182 79 37 25 95 156 70 |139 9 147 100 106 179 40 81 126 187 22 54 69 138 |103 157 180 181 19 173 24 38 4 2 41 80 118 82 195 63 143 140 133 161 |93 11 98 144 73 116 49 130 13 21 45 131 164 178 71 51 5 67 |90 35 8 145 72 105 148 57 34 160 189 109 132 113 1 193 88 59 166 75 |48 111 27 151 32 175 77 84 74 102 55 135 26 154 104 177 |68 28 192 107 134 29 52 110 62 |87 124 114 119 3 78 89 96 18 171 122 152 191 61 6 155 ||197 199 |23 |186 |112 97 16 |174 |60 |101 |14 |194 129 39 |183 91 |123 |12 |31 121 120 |146 150 |76 |196 115 |30 |128 46 |44 47 |200 127 125 |170 7 |137 172 |142 |66 |149 |
22188.3 1.6663e+06
155 86 117 145 38 173 179 42 13 54 113 82 45 178 5 |51 186 151 6 141 130 74 28 35 100 80 29 153 41 10 184 65 73 |95 21 163 18 181 98 167 11 176 195 189 |84 88 70 140 111 139 164 37 60 160 165 110 34 68 118 107 166 |4 94 66 91 193 50 48 27 56 108 93 |128 198 59 17 92 89 53 81 187 32 131 109 136 124 26 67 36 148 105 |144 192 106 85 1 120 172 69 159 20 49 161 133 152 168 40 43 188 |142 134 2 8 19 3 171 121 132 62 25 177 83 |78 135 119 72 194 154 162 57 143 182 190 30 126 169 96 |64 46 104 138 147 9 63 71 79 99 61 156 174 22 180 75 116 ||55 102 158 197 199 129 |33 170 |137 31 127 |14 47 |101 |185 |146 77 175 |90 114 |122 |52 |115 200 ||23 |58 |24 |44 16 7 87 |39 150 |149 |112 |123 |76 |183 125 |196 |12 |97 |157 103 |191 |15 |
22421.8 1.66573e+06
192 199 169 69 85 193 13 84 20 130 182 188 108 86 154 |116 171 81 174 22 106 41 147 |40 168 92 96 94 181 26 82 54 6 161 160 5 29 |144 19 158 24 66 53 78 145 68 153 176 165 57 195 56 178 95 48 32 |25 143 71 111 45 156 159 91 173 89 38 28 35 83 43 |107 75 55 17 179 180 172 191 30 141 151 99 139 51 155 110 34 64 |166 198 4 105 148 10 138 184 14 79 67 140 133 50 18 |126 49 74 103 42 15 167 128 118 129 124 132 1 131 109 104 117 |36 149 101 93 119 73 3 98 190 115 63 37 62 61 21 70 163 187 88 |164 177 9 189 186 27 113 150 157 59 152 135 65 11 58 185 100 80 136 ||102 197 |134 |60 |175 121 |47 |125 127 |114 8 72 |122 |142 |52 46 |76 |162 |112 87 44 |12 |183 31 |90 170 |123 |77 |2 97 |200 146 |33 7 194 |23 137 39 |16 196 |120 |
22519.8 1.6486e+06
28 64 101 43 184 143 182 25 27 156 187 130 180 181 173 89 3 94 |19 75 106 122 84 174 191 54 61 32 50 37 147 148 |17 179 193 85 82 62 111 48 51 176 104 29 |53 40 96 171 152 30 70 151 113 56 178 5 155 86 57 153 105 65 |59 199 175 120 126 20 49 74 163 6 168 26 136 9 189 63 109 188 165 36 |81 103 161 141 31 99 164 71 67 124 118 38 154 110 34 |138 117 41 2 98 192 107 135 78 24 42 69 22 45 139 108 160 190 100 |93 194 4 145 166 102 66 116 88 159 1 132 177 95 131 140 |76 33 68 7 80 39 121 186 79 13 18 11 10 |83 58 195 21 133 172 169 92 73 167 119 35 ||97 170 46 |183 87 114 |23 44 |150 16 |14 115 |60 |158 198 |127 47 |91 |142 |185 |149 |72 |112 |134 128 90 129 |8 |52 |162 |55 15 197 |144 157 |137 125 196 |146 77 |200 ||123 |12 |
22616.1 1.61521e+06
49 22 140 111 139 178 136 165 10 83 4 38 135 89 42 59 |187 191 131 95 25 109 71 82 96 41 57 138 176 |161 130 50 133 32 113 124 164 98 94 53 154 43 110 86 184 |174 156 126 163 103 54 1 67 61 56 160 143 36 58 148 11 145 73 166 |74 20 141 175 85 99 62 177 195 100 68 64 118 19 17 179 75 |12 173 157 69 159 193 70 186 60 182 80 29 104 106 |9 108 101 153 134 46 87 181 102 116 88 |167 65 72 105 93 155 63 151 122 107 3 78 |198 192 33 119 40 168 152 180 199 81 84 13 137 23 27 190 26 117 34 5 |147 185 170 39 132 125 189 79 188 37 51 45 48 21 121 6 169 18 28 35 ||194 7 128 |112 127 |14 |144 16 |44 200 ||162 |114 8 2 |183 197 |196 47 |129 |171 91 |77 97 |149 |92 |150 120 |158 |115 |142 146 |55 90 |30 |31 172 |76 |123 24 |15 |66 |52 |
22717.9 1.61414e+06
9 178 188 99 61 54 13 59 17 73 28 117 148 116 89 |35 118 107 179 180 92 20 45 177 189 160 195 |6 161 120 1 67 95 100 106 119 38 78 104 34 57 138 165 |183 137 136 64 167 96 42 152 70 71 108 155 |53 24 66 199 98 68 86 56 164 62 156 22 84 159 193 |11 72 80 97 63 37 131 187 126 74 169 |25 143 27 111 21 32 50 141 163 49 18 168 173 145 43 184 36 |197 15 171 81 30 133 140 121 186 127 124 196 29 83 93 3 166 19 |94 12 135 102 114 4 65 142 105 10 41 154 153 185 176 26 85 113 82 69 151 48 109 79 182 51 5 |2 110 147 170 190 115 132 139 130 88 122 181 75 40 ||123 |101 |172 157 |194 134 |39 8 |55 |33 146 |31 23 |191 77 |200 ||103 91 |125 44 47 |174 |14 7 |112 150 175 |192 |60 |149 |144 158 |198 90 76 46 87 |52 |162 |58 16 |129 128 |
23762.7 1.5639e+06
5 155 27 51 188 71 178 182 63 189 56 9 177 127 62 164 25 139 111 131 45 48 61 121 120 |147 141 32 6 70 133 50 30 156 163 130 161 74 88 49 20 84 126 81 159 69 183 |92 160 95 140 21 151 99 1 54 67 85 113 132 82 190 136 124 |195 3 73 135 123 106 |37 142 78 116 53 89 40 173 17 102 181 |79 36 165 80 96 168 15 179 59 |109 105 65 38 94 75 24 166 19 107 |143 13 187 18 171 42 152 122 169 180 |22 115 11 41 104 148 117 83 93 138 10 57 34 110 43 86 184 176 58 153 29 154 100 16 26 |108 193 197 167 119 145 4 28 128 98 35 68 64 118 ||137 |129 72 |12 |2 170 |196 |114 |186 |101 |172 157 |194 134 |39 8 |55 |185 |66 |33 146 |31 23 |191 77 |200 ||103 91 |125 44 47 |174 |14 7 |112 150 175 |192 |60 |149 |144 158 |198 90 76 46 87 |52 |162 |97 199 
24608.2 716949
141 194 46 2 35 62 164 25 177 200 125 |89 49 116 53 40 135 94 75 73 166 123 173 17 179 197 59 199 181 106 |168 32 21 61 95 186 139 48 45 131 111 27 151 99 82 132 113 |96 140 50 156 193 13 187 163 130 161 74 88 84 126 159 81 42 152 180 |3 6 22 103 169 69 54 1 67 85 |133 5 188 9 56 160 14 195 |18 51 71 37 109 79 178 182 143 63 189 190 136 124 26 |70 19 117 41 148 83 93 138 10 57 110 43 153 29 154 7 100 68 64 |78 108 147 165 36 155 86 184 176 58 185 80 87 |20 38 72 34 104 105 11 142 145 4 65 167 119 107 28 128 98 118 ||12 |8 76 |92 |175 77 |134 |90 |55 158 33 |121 137 112 |198 192 16 97 |196 47 |150 115 146 |52 |162 |114 183 |31 |174 |30 |127 23 |101 |191 |171 |66 |144 102 |170 172 |157 91 |24 |60 |15 |122 129 |39 44 120 |149 
26557.1 652872
74 32 130 163 22 141 6 70 133 21 61 27 151 1 54 67 |89 193 156 95 79 37 109 60 25 164 62 |145 20 88 187 50 140 48 45 131 111 139 186 99 132 |84 115 56 9 177 82 113 85 |13 51 5 108 188 71 178 182 143 63 189 160 195 190 136 124 |126 93 10 110 43 86 184 176 155 36 165 147 80 100 68 |168 83 104 153 29 154 35 98 64 26 |159 138 57 34 148 41 117 105 11 4 28 118 |161 181 18 96 116 53 135 73 75 3 94 38 65 167 119 107 106 |49 78 40 166 19 173 17 179 42 152 59 180 169 69 ||31 |158 |191 137 146 |185 |15 102 199 |30 |120 39 |194 7 128 |112 127 125 |14 170 |144 16 |44 200 ||162 |121 175 |103 |24 |58 |114 8 2 |183 197 |196 47 |129 |171 91 |77 97 |149 |92 |12 192 |55 123 |90 46 76 33 87 |72 |81 150 |122 157 172 |23 |134 142 |52 |174 |101 |66 |198 
31693.4 619552
53 107 78 3 94 75 135 40 168 173 17 179 59 106 |95 116 18 187 74 88 126 84 20 49 42 152 169 180 |96 141 130 163 22 6 70 133 50 156 13 193 159 69 |73 5 9 62 177 25 37 109 79 71 178 182 143 63 189 56 160 14 195 190 136 124 |188 194 104 52 153 29 154 100 |51 105 11 142 4 28 64 68 |65 161 32 140 21 61 48 45 131 111 139 27 151 99 82 132 113 |166 93 43 86 184 176 155 36 165 147 80 26 |89 164 110 34 57 10 138 83 117 148 41 35 98 118 |108 38 145 167 119 19 181 54 1 67 85 ||186 |114 |125 47 |174 |191 129 |87 103 |120 183 199 198 |115 33 |97 170 46 |58 185 |30 |60 |157 197 |12 192 |150 172 175 31 |158 123 |134 |81 |149 |121 |24 55 |92 |39 16 44 |102 15 |171 |90 76 |146 8 144 |91 112 |66 |200 137 |7 128 |2 |72 |77 122 |162 |127 23 |196 |101 
32191.4 611359
18 11 145 65 167 119 4 76 35 28 98 64 118 |20 95 62 164 25 37 109 177 9 125 82 |3 155 43 117 83 138 93 10 57 34 110 104 148 41 154 153 29 100 68 |36 38 94 135 12 75 73 166 19 107 106 |86 105 184 176 165 147 195 97 80 26 |157 103 69 54 1 67 |156 51 5 108 188 79 71 178 143 63 189 56 160 190 136 124 |161 78 116 53 40 96 168 15 173 17 179 42 152 59 181 |182 13 193 32 140 21 61 48 45 131 111 139 27 151 99 132 113 85 |89 141 22 6 70 133 50 163 130 187 88 74 49 84 126 159 169 180 ||60 |66 |198 81 |144 192 |134 |112 |194 90 |72 128 87 |102 146 |121 23 |186 |142 |8 |162 |30 |200 47 |171 91 |92 |183 172 |170 129 |31 191 120 |39 2 |174 |137 44 |58 |196 150 |77 175 |101 16 |149 |46 199 |123 55 158 |197 33 114 |127 115 |14 7 |185 |122 |52 |24 |
32871.4 599670
53 11 105 148 117 93 138 83 10 57 34 110 184 36 |135 165 155 86 176 153 29 154 80 26 |108 193 130 163 22 141 6 70 133 50 156 54 1 67 |78 32 140 21 61 48 45 131 111 139 27 151 99 132 113 |95 42 49 20 88 74 161 187 13 126 84 159 169 69 |3 43 41 107 19 173 17 179 180 59 181 106 |104 5 51 143 177 37 25 164 62 82 85 |116 152 18 96 168 40 166 73 75 94 167 119 65 145 4 28 118 |89 195 147 100 68 35 98 64 |38 109 188 79 71 178 182 63 189 160 56 9 190 136 124 ||122 |174 191 |171 |199 175 120 |81 103 |2 192 |194 |198 |102 |12 |144 |66 |8 |186 |60 |72 90 |112 183 172 |162 |30 |200 47 125 |91 |92 |142 134 |15 |23 |170 129 |31 97 |39 76 |121 |137 44 |58 |157 |196 150 |77 128 |101 16 |149 |46 146 |123 55 158 |197 33 114 |127 115 |14 7 |185 |87 |52 |24 |
33717.6 583247
53 11 105 148 117 93 138 83 10 57 34 110 184 36 |135 165 155 86 176 153 29 154 80 26 |108 193 130 163 22 141 6 70 133 50 156 54 1 67 |78 32 140 21 61 48 45 131 111 139 27 151 99 132 113 |95 42 49 20 88 74 161 187 13 126 84 159 169 69 |3 43 41 107 19 173 17 179 180 59 181 106 |104 5 51 143 177 37 25 164 62 82 85 |116 152 18 96 168 40 166 73 75 94 167 119 65 145 4 28 118 |89 195 147 100 68 35 98 64 |38 109 188 79 71 178 182 63 189 160 56 9 190 136 124 ||134 |174 |120 |200 ||137 |7 183 |76 |12 |102 128 |115 33 |97 170 46 |58 185 |30 150 |87 |8 |157 |72 |60 |24 192 |15 |114 16 39 |23 44 |14 |121 31 |197 |127 47 |91 |142 2 |103 |125 |144 158 55 |194 |149 |198 122 |171 |196 |123 199 |191 175 172 77 |92 |81 |186 |66 |52 129 |146 112 |101 |90 |162 |
35083.5 581554
147 89 116 19 73 75 167 65 119 107 |21 96 78 3 94 145 4 35 98 28 118 |18 38 135 166 40 168 173 17 179 59 181 |53 193 84 20 161 74 88 49 42 152 180 169 69 |70 95 139 45 61 131 111 27 151 99 106 |48 11 104 57 10 83 117 148 41 153 29 154 68 64 |32 93 138 34 110 43 86 176 184 155 36 165 80 100 26 |105 195 51 5 188 79 178 182 143 63 189 160 56 9 190 136 124 |140 108 71 25 37 177 164 62 82 132 113 |109 159 13 126 187 130 163 22 141 6 133 50 156 54 1 67 85 ||33 |77 |97 |125 |128 87 |129 |199 |144 |114 |91 |197 150 |12 192 |134 |157 158 |194 |149 |52 |185 170 |127 31 |142 |8 |66 |24 123 |186 |55 172 |121 175 |39 146 44 |102 |81 |171 |15 |76 |90 112 |120 122 |196 16 |92 |60 |200 137 |174 191 |30 |46 183 |2 |47 115 |72 |162 |103 |23 |7 |101 |198 |58 |14 
44295 581171
53 34 165 36 155 86 184 176 153 29 154 80 26 |108 193 130 163 22 141 6 70 133 50 156 54 1 67 |78 32 140 21 61 48 45 131 111 139 27 151 99 132 113 |95 42 49 20 88 74 161 187 13 126 84 159 169 69 |3 43 41 107 19 173 17 179 180 59 181 106 |104 5 51 143 177 37 25 164 62 82 85 |116 152 18 96 168 40 166 73 75 94 167 119 65 145 4 28 |89 195 147 100 68 64 |38 109 188 79 71 178 182 63 189 160 56 9 190 136 124 |135 110 57 93 138 10 83 148 117 105 11 35 98 118 ||122 |174 191 |171 |199 175 120 |81 103 |2 192 |194 |76 33 7 |58 |97 170 46 39 |183 87 114 |23 44 |150 16 |14 115 |60 |172 121 31 |92 |186 |102 24 |66 |30 |158 198 |127 47 |91 |142 |185 |149 |125 112 129 |197 144 128 |200 137 |134 |77 157 |12 |196 |123 |15 |72 8 |52 |101 |162 |146 55 |90 |
45340 580424
53 34 165 36 155 86 184 176 153 29 154 80 26 |108 193 130 163 22 141 6 70 133 50 156 54 1 67 |78 32 140 21 61 48 45 131 111 139 27 151 99 132 113 |95 42 49 20 88 74 161 187 13 126 84 159 169 69 |3 43 41 107 19 173 17 179 180 59 181 106 |104 5 51 143 177 37 25 164 62 82 85 |116 152 18 96 168 40 166 73 75 94 167 119 65 145 4 28 |89 195 147 100 68 64 |38 109 188 79 71 178 182 63 189 160 56 9 190 136 124 |135 110 57 93 138 10 83 148 117 105 11 35 98 118 ||122 |174 191 |171 |58 |81 103 175 |2 192 |146 120 |185 |15 102 199 |30 |183 87 114 |23 44 39 |14 115 16 |60 |172 121 31 |92 |186 |33 150 |24 |66 |97 170 46 |158 198 |127 47 |91 |142 |76 |149 |125 112 129 |197 144 128 |200 137 |134 |77 157 |12 |196 |123 |7 |72 8 |52 |101 |162 |194 |90 55 |
47580.2 578141

