Time:36
Last Iter:10
Last Update:10
Tabu:0
Last Time36
13
85 27 32 19 134 47 193 181 59 152 129 4 39 74 130 57 37 159 |12 28 163 90 143 196 115 121 173 99 42 103 123 96 191 146 79 160 156 46 |60 75 2 71 188 76 38 116 167 183 179 48 138 174 176 7 |155 25 185 197 80 118 72 139 91 45 106 186 86 153 |170 200 137 101 44 144 141 140 6 |52 13 55 58 33 199 73 68 136 187 29 26 157 83 117 |50 195 177 10 150 98 164 51 81 113 112 165 66 9 105 94 93 |109 198 184 70 180 56 35 82 31 88 69 111 142 192 169 |84 120 148 127 171 77 5 89 124 194 20 108 78 102 145 122 128 107 15 |30 67 64 21 110 62 43 172 147 162 133 49 95 23 166 ||151 125 161 168 |87 36 92 |131 |11 |154 |182 63 |119 17 18 61 |40 149 100 |1 16 |104 190 3 |158 |53 132 |114 22 14 |97 |65 |178 |8 |189 |126 |175 41 24 |54 |135 |34 |
21736 1.58843e+06
150 21 74 169 65 176 144 25 31 153 2 105 |110 149 116 76 28 66 160 19 191 7 180 113 37 98 |146 82 117 60 155 4 137 195 73 159 42 99 130 45 52 111 115 |183 104 72 179 197 166 156 187 |129 18 158 86 75 9 171 56 79 96 85 32 136 172 128 138 6 58 200 83 90 30 167 |198 92 135 122 48 91 14 142 78 108 69 188 181 35 23 |177 109 40 151 192 184 118 94 140 93 163 84 12 29 15 27 147 |162 133 44 123 102 62 33 121 80 185 71 148 127 193 |141 152 17 77 5 157 175 39 55 13 196 199 43 145 |59 120 119 88 186 38 20 161 173 26 61 46 107 70 10 57 103 174 51 47 134 95 112 ||64 22 190 |89 24 |36 |182 165 132 |124 125 |81 |67 114 100 |3 1 |68 |34 49 |189 16 |97 |178 |143 170 |54 |106 |101 8 |164 |131 139 |87 53 |63 |194 41 168 50 |126 |154 |11 |
21926.1 1.53318e+06
152 33 195 168 41 175 4 200 |130 177 57 99 145 98 43 138 122 68 135 172 92 159 73 199 80 |105 121 30 69 163 28 120 170 188 90 76 83 38 125 157 |103 173 102 37 128 123 164 70 156 46 107 |127 144 95 134 47 96 27 15 133 162 32 176 85 147 51 174 136 |2 62 169 74 179 118 72 6 110 58 21 183 78 142 55 39 67 137 50 197 |59 161 111 116 20 26 |42 56 35 141 181 9 75 66 148 126 60 129 12 117 153 86 71 88 155 84 31 25 185 |187 94 167 140 93 115 108 52 13 11 196 45 192 |48 193 113 180 7 191 29 19 146 112 79 160 63 165 171 182 23 5 166 ||34 |77 |189 |24 |87 |106 186 |139 131 |82 |10 198 36 44 |101 184 89 |119 17 18 61 |40 149 100 194 |1 16 |104 190 3 |158 |54 91 |109 |81 49 |53 132 |114 22 14 |97 |65 |178 |8 |154 143 |150 64 124 151 
22127 693005
115 156 70 1 159 37 73 177 199 80 197 |69 49 146 112 79 56 166 |2 130 74 97 198 102 62 33 173 121 137 26 |42 51 96 7 191 29 19 47 113 46 |83 103 72 118 169 145 48 98 57 43 138 122 128 123 135 172 107 |144 188 71 88 171 35 193 160 34 134 95 23 5 |180 155 105 152 141 127 82 66 181 75 9 59 117 153 86 120 12 129 60 84 31 25 185 |179 76 108 58 6 110 21 183 78 52 13 45 14 4 157 200 192 |99 93 163 90 30 140 167 94 111 116 55 142 11 39 195 |148 133 187 27 15 162 32 176 85 147 174 136 ||114 |3 64 40 |150 124 |53 18 |100 54 |139 |28 126 |190 41 |182 |132 16 |170 |196 |38 61 |8 189 |106 |50 |65 |101 184 10 68 |154 119 |17 158 89 |81 |165 |63 |22 24 |168 20 |194 131 |67 143 125 151 |109 104 |44 92 36 |175 |149 91 |77 |161 186 |178 |87 164 
23765.7 652638
78 123 130 103 42 145 98 128 122 138 43 57 37 73 |7 93 183 52 30 140 167 94 111 116 13 45 54 39 104 40 |9 108 11 118 62 102 177 199 80 |127 180 162 32 176 85 27 96 187 36 44 70 107 26 |59 144 133 147 51 174 135 172 159 |15 163 86 153 117 148 75 181 66 35 193 165 171 12 129 60 31 185 |105 142 110 21 58 121 195 137 |115 55 99 169 74 179 72 6 173 33 197 |48 141 2 84 155 88 71 188 69 90 76 83 124 4 157 200 192 |152 160 120 25 5 23 95 79 112 146 191 29 19 134 47 113 132 156 46 166 ||65 |3 |63 |77 |154 119 |131 109 64 |82 |182 |139 |178 |53 |150 190 |170 |28 18 89 |106 161 67 |198 |91 168 |164 101 |194 |17 143 |20 |50 175 24 |8 |100 14 |184 81 |16 189 |56 |136 |149 |1 |158 |186 |49 |196 151 |34 61 |10 114 |22 125 |126 87 |38 41 |92 97 68 
30367 632379
1 195 137 26 |93 158 60 129 12 120 86 119 88 155 84 31 25 185 |48 153 163 71 188 116 167 140 30 90 76 186 83 4 157 |183 148 15 180 7 191 29 19 79 112 146 49 95 134 47 113 156 46 |115 117 69 94 108 196 45 13 52 142 78 55 39 200 192 |111 193 35 152 141 127 2 59 9 75 66 181 171 23 5 166 |128 160 144 162 32 176 51 147 85 27 96 187 70 107 |105 172 123 103 57 43 138 122 37 159 73 |133 130 42 169 74 145 98 102 62 177 199 80 197 |174 99 179 58 21 110 6 72 118 173 121 33 ||182 |53 18 |10 132 61 |22 190 |165 63 |82 |126 170 |100 40 |77 |92 |24 |38 20 |178 |150 |104 |135 |44 36 97 |34 |125 67 41 89 |87 151 3 |168 124 143 |106 161 |109 198 |91 114 |164 101 |194 131 |17 28 |68 |65 |54 |139 |11 |154 |50 175 |8 |14 |184 81 |16 189 |56 |136 |64 149 
31185.7 592527
115 141 193 35 127 2 181 66 75 9 59 117 153 86 120 12 129 60 185 |152 171 160 79 112 146 134 47 113 156 46 |42 32 27 15 191 180 29 19 95 23 5 166 |128 144 162 176 51 147 85 96 187 70 107 |105 172 123 103 57 43 138 122 37 159 73 |133 130 169 74 145 98 102 62 177 199 80 197 |174 99 179 58 110 6 72 118 173 121 33 |48 25 31 84 155 88 71 188 83 4 157 192 137 |7 163 69 76 90 30 93 140 167 94 111 116 200 26 |148 21 183 78 142 108 52 13 45 55 39 195 ||182 |132 16 8 |119 125 |196 |38 61 |189 |14 161 114 |170 |91 |56 |22 |131 |49 81 |10 143 |139 101 |3 |165 77 89 |65 |124 190 151 |54 67 168 |106 24 |97 92 68 87 |126 18 158 |154 |198 40 |175 104 149 |50 1 36 |186 41 |20 |11 |178 |82 |63 |17 |164 136 |135 |53 |150 |34 |44 |109 194 |100 64 |184 |28 |
33057.8 548521
115 141 193 35 127 2 181 66 75 9 59 117 153 86 120 12 129 60 185 |152 171 160 79 112 146 134 47 113 156 46 |42 32 27 15 191 180 29 19 95 23 5 166 |128 144 162 176 51 147 85 96 187 70 107 |105 172 123 103 57 43 138 122 37 159 73 |133 130 169 74 145 98 102 62 177 199 80 197 |174 99 179 58 21 110 6 72 118 173 121 33 |48 25 31 84 155 88 71 188 83 4 157 |148 183 55 78 142 108 52 13 45 39 195 137 |7 163 69 76 90 30 93 140 167 94 111 116 200 192 26 ||182 |132 16 8 |119 125 |114 91 |56 |14 |22 |131 |49 81 |196 |10 143 |139 50 |135 68 |170 17 89 |165 |65 |136 |41 24 161 |189 61 |28 |168 40 |82 |34 |109 194 3 |63 |150 198 184 |97 92 |18 190 |67 54 100 |149 104 |11 |178 |151 124 |175 87 |77 53 158 |106 186 |38 |44 101 |1 36 |64 |164 |20 |126 |154 
36588.1 547575
115 141 193 35 127 2 181 66 75 9 59 117 153 86 120 12 129 60 185 |152 171 160 79 112 146 134 47 113 156 46 |42 32 27 15 191 180 29 19 95 23 5 166 |128 144 162 176 51 147 85 96 187 70 107 |105 172 123 103 57 43 138 122 37 159 73 |133 130 169 74 145 98 102 62 177 199 80 197 |174 99 179 58 110 6 72 118 173 121 33 |48 25 31 84 155 88 71 188 83 4 157 192 137 |7 163 69 76 90 30 93 140 167 94 111 116 200 26 |148 21 183 78 142 108 52 13 45 55 39 195 ||182 |132 16 |22 |196 |61 |8 |14 161 124 |77 126 119 |154 3 |190 67 168 89 |92 68 101 |49 56 |87 10 198 151 |114 24 175 |104 |18 158 |1 |139 |186 41 |40 |20 |82 |63 |131 |170 |165 |65 |125 |54 91 |106 143 |178 |17 |194 50 |164 136 44 |149 |97 |34 81 |53 |38 |109 |11 |189 |150 |36 |64 |135 |100 |184 |28 |
38603.3 546820
115 141 193 35 127 2 181 66 75 9 59 117 153 86 120 12 129 60 185 |152 171 160 79 112 146 134 47 113 156 46 |42 32 27 15 191 180 29 19 95 23 5 166 |128 144 162 176 51 147 85 96 187 70 107 |105 172 123 103 57 43 138 122 37 159 73 |133 130 169 74 145 98 102 62 177 199 80 197 |174 99 179 58 110 6 72 118 173 121 33 |48 25 31 84 155 88 71 188 83 4 157 192 137 |7 163 69 76 90 30 93 140 167 94 111 116 200 26 |148 21 183 78 142 108 52 13 45 55 39 195 ||182 |132 16 |170 |196 |38 61 |8 189 |14 161 114 |119 125 |91 |56 |131 |49 36 |139 101 |3 10 |143 |158 186 89 |65 |124 190 151 |54 67 |97 92 68 87 |126 18 |154 |198 40 |175 104 149 |11 |178 |81 |77 |165 |63 |22 24 |168 20 |82 |41 50 |1 |106 |17 |164 136 |135 |53 |150 |34 |44 |109 194 |100 64 |184 |28 |
38923.1 546745
115 141 193 35 127 2 181 66 75 9 59 117 153 86 120 12 129 60 185 |152 171 160 79 112 146 134 47 113 156 46 |42 32 27 15 191 180 29 19 95 23 5 166 |128 144 162 176 51 147 85 96 187 70 107 |105 172 123 103 57 43 138 122 37 159 73 |133 130 169 74 145 98 102 62 177 199 80 197 |174 99 179 58 21 110 6 72 118 173 121 33 |48 25 31 84 155 88 71 188 83 4 157 |148 183 55 78 142 108 52 13 45 39 195 137 |7 163 69 76 90 30 93 140 167 94 111 116 200 192 26 ||182 |132 16 8 |119 125 |114 91 |56 |14 |22 |131 |49 81 |196 |10 143 |139 50 |135 68 |170 17 89 |165 |65 |136 |184 |104 |41 24 161 |189 |28 |168 40 |82 |34 |109 194 3 |63 61 |150 198 |97 92 |18 |67 54 |149 |11 |178 |151 124 175 190 |164 87 |77 53 158 |106 186 |38 |44 101 |1 36 |100 64 |126 |20 |154 |
41109.7 546461
115 141 193 35 127 2 181 66 75 9 59 117 153 86 120 12 129 60 185 |152 171 160 79 112 146 134 47 113 156 46 |42 32 27 15 191 180 29 19 95 23 5 166 |128 144 162 176 51 147 85 96 187 70 107 |105 172 123 103 57 43 138 122 37 159 73 |133 130 169 74 145 98 102 62 177 199 80 197 |174 99 179 58 21 110 6 72 118 173 121 33 |48 25 31 84 155 88 71 188 83 4 157 |148 183 55 78 142 108 52 13 45 39 195 137 |7 163 69 76 90 30 93 140 167 94 111 116 200 192 26 ||182 |132 16 8 |119 125 |114 91 |56 |14 |170 |38 61 |196 |161 124 |77 126 |154 3 |190 67 168 89 |92 68 101 |49 |87 10 198 151 |24 175 |104 149 40 |18 158 |1 36 |186 41 |22 |20 |82 |63 |131 |165 |65 |54 |106 143 |97 44 |178 |17 |194 50 |164 136 |139 |34 81 |53 |64 |109 |11 |189 |150 |135 |100 |184 |28 |
41555.5 545476
115 141 193 35 127 2 181 66 75 9 59 117 153 86 120 12 129 60 185 |152 171 160 79 112 146 134 47 113 156 46 |42 32 27 15 191 180 29 19 95 23 5 166 |128 144 162 176 51 147 85 96 187 70 107 |105 172 123 103 57 43 138 122 37 159 73 |133 130 169 74 145 98 102 62 177 199 80 197 |174 99 179 58 110 6 72 118 173 121 33 |48 25 31 84 155 88 71 188 83 4 157 192 137 |7 163 69 76 90 30 93 140 167 94 111 116 200 26 |148 21 183 78 142 108 52 13 45 55 39 195 ||182 132 |16 |119 125 |56 |61 114 |8 |14 |170 38 3 |92 68 101 |77 126 89 |49 87 |24 151 |104 149 40 |18 158 |1 36 10 |186 41 124 |22 175 190 |20 161 67 |82 |198 |63 |131 |196 |154 |189 |168 |165 |65 |54 91 |106 143 |97 |178 |17 |194 |44 164 |53 |136 |139 |34 81 |50 |109 |11 |150 |64 |135 |100 |184 |28 |
46620.1 544302

Time:38
Last Iter:10
Last Update:8
Tabu:0
Last Time30
7
148 75 2 171 112 96 133 51 70 137 39 94 |164 107 166 156 132 117 200 199 62 145 183 13 116 167 140 |99 128 187 147 27 32 162 144 185 195 71 86 120 |45 78 115 93 125 31 84 80 46 146 19 191 172 130 |55 64 124 168 196 178 110 6 173 177 42 29 79 60 9 163 |48 169 65 10 44 95 5 26 4 155 121 174 85 15 |189 16 176 34 23 12 66 83 30 72 159 122 123 |152 141 181 59 129 35 193 113 81 7 43 74 118 102 58 149 197 157 |103 138 37 73 135 8 47 134 160 63 82 105 153 28 88 69 11 108 142 |33 192 25 188 76 90 111 22 52 21 179 98 57 180 127 ||190 106 |61 77 |131 |136 |154 |49 56 |91 54 |40 20 |50 104 |18 |161 14 |89 150 |36 97 |38 119 |87 1 92 198 |151 194 114 175 |24 |109 139 |165 182 53 3 |101 68 |170 17 |184 |186 41 67 |143 158 |126 |100 |
21658.4 1.5184e+06
30 152 105 59 9 66 148 12 129 60 126 77 171 165 182 53 23 5 |153 183 78 55 167 196 11 52 13 45 22 91 39 64 137 |130 6 103 48 99 169 74 145 98 57 43 138 122 97 37 159 10 73 80 |144 172 102 62 173 121 40 195 194 192 |110 75 2 141 127 35 193 160 79 112 146 49 134 95 61 166 |42 142 150 179 72 118 139 21 58 149 33 177 199 197 |128 27 70 187 96 16 81 113 46 107 |181 51 174 147 85 176 32 162 133 15 180 7 191 29 19 47 156 |123 115 93 140 94 111 116 20 155 88 84 31 25 185 |108 117 120 86 163 71 188 69 90 76 83 38 157 4 200 26 ||125 |186 |109 |158 |189 |198 |56 |68 44 1 |36 132 8 |87 131 151 |135 |67 104 |184 101 |143 170 |18 28 |34 |54 |136 164 |50 124 |119 154 |106 |65 |175 |63 |17 3 |92 |161 14 |178 |190 114 41 168 |24 |82 |100 89 
23345.1 636235
99 164 109 123 128 122 43 57 48 42 145 98 65 102 62 177 199 80 |7 141 105 71 28 86 120 12 129 60 23 5 |152 163 117 59 9 75 181 66 82 148 153 88 84 31 25 185 |2 115 93 188 69 90 76 83 38 155 157 26 |51 103 130 169 74 179 72 118 173 58 110 21 149 121 195 137 |127 180 96 191 29 63 160 56 79 112 146 19 95 134 47 113 156 46 166 |6 144 27 15 133 162 32 176 85 147 174 136 187 44 70 107 |193 138 172 68 37 159 10 73 101 197 |35 108 183 55 78 142 52 11 94 140 167 30 111 116 4 |171 33 39 13 45 22 114 200 192 ||198 |64 |161 41 168 175 194 |36 16 |186 20 |150 139 |49 |87 132 53 |77 3 50 |40 54 |24 |135 |196 |189 |126 |81 |106 143 |89 151 |165 182 |184 1 97 |131 |14 |8 |125 67 |104 91 |170 154 |178 |17 119 |34 |190 124 |92 |100 |61 |18 158 
26769.5 635379
19 130 169 99 42 48 103 138 43 57 145 98 65 102 62 33 177 199 80 |72 59 117 153 28 86 120 185 |74 108 183 110 21 58 45 13 142 78 55 91 39 104 121 195 197 |115 173 52 83 93 94 140 167 30 111 116 4 157 200 192 137 |76 191 63 160 79 112 146 95 134 47 113 156 |144 70 174 29 180 15 133 162 32 176 85 27 96 189 187 46 107 |6 147 51 122 128 123 135 172 68 159 37 198 73 |118 90 152 141 127 35 193 171 23 166 |179 2 181 9 66 148 12 129 60 5 26 |7 105 75 163 69 188 71 88 155 84 31 25 ||67 |64 |24 |34 |97 |1 61 |165 |18 53 |109 |124 22 |11 |136 |3 126 158 |186 41 |106 161 151 |100 50 |36 16 8 |131 10 |92 |182 |196 |14 143 |154 |82 |114 175 190 |44 |119 170 |139 |149 150 40 |164 |178 |81 184 87 |20 125 38 89 |101 132 |77 17 |194 168 54 |56 |49 
30238.5 591295
115 140 58 78 142 108 52 13 39 |130 167 94 111 116 21 110 118 173 121 195 200 4 157 192 137 |183 103 74 169 99 42 48 145 98 102 62 33 177 199 80 197 |45 32 172 123 128 122 138 43 57 37 159 73 |72 174 15 176 85 27 96 187 70 107 |179 51 147 144 162 133 180 7 191 47 113 46 |6 152 127 2 181 59 9 75 66 148 117 120 12 129 60 25 185 |55 105 153 86 163 69 76 188 71 88 155 84 31 26 |93 90 83 35 193 171 23 5 166 |30 141 160 79 112 29 19 146 134 95 156 ||132 |178 |184 164 |198 1 |196 175 |126 3 |36 92 |114 10 |119 |101 50 |24 |170 |135 |16 |124 |190 |77 61 |161 168 151 |44 81 8 |182 165 |34 |65 |109 40 |14 41 |17 |20 38 |28 18 |82 |11 |56 |125 143 89 |150 |154 |189 |136 87 |158 |91 100 194 |54 67 |22 149 |63 53 |97 |49 |139 |106 |64 104 |131 |186 |68 |
31582.4 565790
130 21 110 118 173 121 195 200 4 157 192 137 |183 103 74 169 99 42 48 145 98 102 62 33 177 199 80 197 |45 32 172 123 128 122 138 43 57 37 159 73 |72 174 15 176 85 27 96 187 70 107 |179 51 147 144 162 133 180 7 191 47 113 46 |6 152 127 2 181 59 9 75 66 148 117 120 12 129 60 25 |55 105 153 86 163 69 76 188 71 88 84 31 26 |90 35 193 171 23 5 166 |30 141 160 79 112 29 19 146 134 95 156 |115 58 39 78 142 13 52 108 93 140 167 94 111 116 83 155 185 ||132 |178 |184 164 |198 1 |196 175 |17 126 3 |36 92 |114 10 |119 |101 50 |24 |170 |135 |16 |124 |190 |77 61 |161 168 151 |44 81 8 |38 |182 165 |34 |65 |109 40 |14 41 |20 |28 18 |82 |11 |56 |125 143 89 |150 |154 |189 |136 87 |158 |91 100 194 |54 67 |22 149 |63 53 |97 |49 |139 |106 |64 104 |131 |186 |68 |
32838.7 553202
130 21 110 118 173 121 195 200 4 157 192 137 |183 103 74 169 99 42 48 145 98 102 62 33 177 199 80 197 |45 32 172 123 128 122 138 43 57 37 159 73 |72 174 15 176 85 27 96 187 70 107 |179 51 147 144 162 133 180 7 191 47 113 46 |6 152 127 2 181 59 9 75 66 148 117 120 12 129 60 25 |55 105 153 86 163 69 76 188 71 88 84 31 26 |90 35 193 171 23 5 166 |30 141 160 79 112 29 19 146 134 95 156 |115 58 39 78 142 13 52 108 93 140 167 94 111 116 83 155 185 ||132 |178 |184 164 |198 1 |175 |168 151 3 |165 |109 10 |92 |154 143 |22 50 |182 61 |8 |104 150 |18 119 |196 |63 |54 40 |149 114 |126 |189 44 |136 36 |67 161 |82 |56 |16 |17 170 |190 |65 |20 41 |11 |77 |14 |125 |89 |101 |28 |135 |34 |87 |158 |91 100 194 |38 |81 |124 |24 |97 |49 53 |139 |106 |64 |131 |186 |68 |
34853.5 551427

Time:35
Last Iter:10
Last Update:10
Tabu:0
Last Time35
14
181 108 111 168 41 20 38 83 157 |105 95 153 66 59 9 141 127 35 193 160 63 165 171 182 23 5 166 |133 135 147 51 174 136 164 96 19 146 134 47 46 107 |169 2 163 69 30 106 116 161 67 175 4 200 192 |42 152 120 170 90 93 140 167 94 11 52 13 45 22 54 194 |56 76 60 129 12 148 117 71 155 88 84 31 25 185 26 |144 130 33 102 48 65 98 57 43 138 122 128 123 172 68 159 37 198 73 177 199 80 197 |115 86 70 191 79 112 34 29 7 180 15 162 32 176 85 27 189 187 16 113 156 |75 99 62 145 74 179 72 118 149 55 39 100 64 137 |103 188 183 142 78 91 58 21 110 6 139 173 150 121 195 ||178 40 |14 104 |50 |151 24 125 |17 28 |82 |196 |101 |186 |87 131 |119 154 |126 158 |77 |92 10 184 |132 |109 |1 97 |8 |124 114 190 143 3 89 |36 81 61 |44 49 |18 53 
19536.9 693347
105 108 4 142 52 78 93 140 167 94 13 45 114 39 104 121 195 |115 55 118 74 145 98 62 102 177 199 73 |111 191 193 53 71 163 188 69 90 83 155 88 84 31 25 157 200 192 137 |30 147 103 48 42 99 169 179 72 6 110 21 58 173 33 197 |56 134 185 26 |130 174 123 128 122 138 43 57 37 |116 7 70 172 159 80 |141 180 19 160 79 112 146 95 47 113 156 46 166 |144 76 23 29 15 133 162 32 176 51 85 27 96 187 107 |183 152 171 35 127 2 59 9 75 181 66 148 117 153 86 120 12 129 60 5 ||190 |49 81 61 |17 143 |194 |151 124 |16 44 |135 97 |178 40 |77 119 |8 |22 168 |189 |109 150 |196 |184 131 3 |67 54 91 |38 |182 89 |64 100 149 |175 41 161 |136 164 87 |158 18 |139 |11 |92 198 |34 132 |65 |68 |82 |28 170 |10 101 36 |165 63 |186 125 20 |14 24 |106 |154 |126 |50 1 
29038.1 616268
94 144 147 187 96 16 156 166 |108 152 193 35 141 127 2 9 75 66 148 12 120 86 88 157 4 200 192 |116 176 29 160 79 112 146 134 95 23 5 |103 174 51 85 32 162 133 15 180 7 191 19 47 113 46 |167 59 117 129 60 171 53 190 70 107 |27 99 57 43 138 122 128 123 172 37 159 73 |13 130 169 42 48 145 98 102 62 177 199 80 |111 74 179 118 72 6 110 173 121 33 197 |115 69 140 30 45 52 142 78 183 21 58 55 39 195 137 |93 105 181 153 163 71 188 90 76 83 155 84 31 25 185 26 ||8 49 |114 14 |178 50 |150 |186 20 |131 44 |91 22 |36 68 97 |119 28 |1 |189 |109 40 |17 |135 |165 |196 |24 106 |168 |184 125 |67 54 3 |38 |182 |64 100 149 |124 |175 41 |136 164 87 |158 18 |139 |11 |92 198 |101 132 |65 |82 |154 |61 126 |63 |77 81 |170 |161 |89 |194 |104 |34 |10 |143 |56 |151 
31063.2 603001
94 144 147 187 96 16 156 166 |108 152 193 35 141 127 2 9 75 66 148 12 120 86 88 157 4 200 192 |116 176 29 160 79 112 146 134 95 23 5 |103 174 51 85 32 162 133 15 180 7 191 19 47 113 46 |167 59 117 129 60 171 53 36 70 107 |27 99 57 43 138 122 128 123 172 37 159 73 |13 130 169 42 48 145 98 102 62 177 199 80 |111 74 179 118 72 6 110 173 121 33 197 |115 69 140 30 45 52 142 78 183 21 58 55 39 195 137 |93 105 181 153 163 71 188 90 76 83 155 84 31 25 185 26 ||8 |49 |119 |28 |114 |50 44 |14 |125 20 24 143 |106 190 |178 40 |194 22 168 |189 |109 150 |17 |135 97 |165 |196 |184 131 3 |67 54 91 |38 |182 89 |64 100 149 |175 41 161 |136 164 87 |158 18 |139 |11 |92 198 |34 132 |65 |68 |82 |154 |61 126 |63 |77 81 |170 186 |124 |104 101 |1 |56 |10 151 
35040.1 587165
136 173 42 48 99 169 74 145 98 57 43 138 122 37 159 73 80 |193 50 55 91 39 121 195 |172 83 115 93 30 140 167 94 111 116 20 4 157 |130 78 142 108 52 13 45 22 200 137 192 |133 171 163 69 90 76 188 154 71 88 155 84 31 25 |70 105 152 141 35 2 66 181 75 9 59 148 12 129 60 5 |128 117 153 86 120 185 |103 183 21 58 110 6 72 179 118 62 102 33 177 199 197 |127 174 51 147 85 176 32 144 162 15 180 7 191 134 95 23 166 26 |123 160 79 112 146 19 29 27 96 187 47 113 156 46 107 ||165 |41 |14 54 114 |92 |81 184 |34 |161 196 |135 44 |8 |28 |97 131 |178 |194 40 104 |18 |67 168 100 |151 64 149 |49 |17 170 |139 |77 61 3 |124 109 |11 |190 24 |126 182 |63 |82 |101 198 87 |132 158 |143 38 |65 |1 |106 |56 |150 |119 |164 36 |189 16 |68 10 |186 125 89 |53 |175 
35115.1 585667
94 144 147 187 96 16 156 166 |108 152 193 35 141 127 2 9 75 66 148 12 120 86 88 157 4 200 192 |116 176 29 160 79 112 146 134 95 23 5 |103 174 51 85 32 162 133 15 180 7 191 19 47 113 46 |167 59 117 129 60 171 53 36 70 107 |27 99 57 43 138 122 128 123 172 37 159 73 |13 130 169 42 48 145 98 102 62 177 199 80 |111 74 179 118 72 6 110 173 121 33 197 |115 69 140 30 45 52 142 78 183 21 58 55 39 195 137 |93 105 181 153 163 71 188 90 76 83 155 84 31 25 185 26 ||8 |49 |119 |28 |114 |44 |14 |125 20 24 143 |106 190 |178 40 |1 |189 |109 150 |17 |135 97 |165 |196 |22 168 |184 131 3 |67 54 |38 |182 |64 100 149 |124 |175 41 |136 164 87 |158 18 |139 |11 |92 198 |101 132 |65 |68 |82 |154 |61 126 |63 |77 81 |170 186 |161 |89 50 194 |104 |34 |10 |91 |56 |151 
35235 585288
2 167 90 69 153 12 120 86 71 88 155 84 31 25 185 |93 176 29 112 160 193 171 23 5 |94 35 127 141 152 105 59 9 75 181 66 148 117 129 60 26 |32 70 174 51 147 85 27 96 47 113 156 166 |163 172 187 144 162 133 15 180 7 191 19 146 95 134 46 107 |140 130 74 99 103 48 42 145 98 57 43 138 128 122 37 159 73 80 |102 62 173 121 |79 188 76 83 116 111 45 13 52 142 78 55 39 4 157 200 192 |169 30 115 108 183 21 58 195 137 |123 110 6 72 179 118 33 177 199 197 ||22 175 |165 |91 |11 |16 |194 54 |97 |36 |136 |104 89 |8 101 |92 164 |106 3 |132 184 |158 |170 |135 |40 100 |28 |186 161 |131 |49 |20 |14 |182 |189 |143 24 168 |87 |149 |18 |139 |114 |178 |38 67 |198 |65 |34 |82 |68 |154 |61 126 |63 |77 119 |124 |196 151 |81 10 1 |17 50 |53 44 |56 |64 41 |190 125 |150 109 
35447.6 571522
103 123 174 51 147 176 85 27 96 187 70 107 |29 42 118 99 48 57 43 138 128 122 172 37 159 73 80 |33 173 62 102 177 199 197 |35 144 32 162 15 180 7 191 19 160 79 112 146 134 47 113 156 46 |167 9 2 141 127 193 171 23 5 166 |30 152 105 59 75 181 66 148 120 84 31 25 185 |130 183 93 94 111 90 76 69 163 188 71 88 155 157 |115 83 116 39 55 78 142 108 52 13 45 4 200 192 |140 95 86 153 117 12 129 60 26 |133 98 145 169 74 179 72 6 110 21 58 121 195 137 ||1 |135 |194 |8 |154 |41 |63 |165 |91 |164 |65 |20 175 |10 131 109 |38 186 151 |28 18 158 |54 14 190 |77 |49 34 |11 |40 97 |198 |136 |168 22 |196 |82 |189 |101 36 132 |114 |170 |139 |81 184 87 |89 64 124 50 |178 |125 143 119 3 |61 53 56 |68 92 |104 100 149 |150 |126 |24 |182 |44 |161 67 |16 |106 |17 |
36117.2 566543
103 123 174 51 147 176 85 27 96 187 70 107 |29 42 118 99 48 57 43 138 128 122 172 37 159 73 80 |33 173 62 102 177 199 197 |35 144 32 162 15 180 7 191 19 160 79 112 146 134 47 113 156 46 |167 9 2 141 127 193 171 23 5 166 |30 152 105 59 75 181 66 148 120 84 31 25 185 |130 183 93 94 111 90 76 69 163 188 71 88 155 157 |115 83 116 39 55 78 142 108 52 13 45 4 200 192 |140 95 86 153 117 12 129 60 26 |133 98 145 169 74 179 72 6 110 21 58 121 195 137 ||196 |10 |14 |184 101 40 |125 186 124 114 |36 81 |119 18 61 |53 56 |68 92 |34 |104 100 91 |16 |126 17 |38 170 |190 143 |139 |164 136 |189 |65 |168 64 50 |22 |63 |149 150 |11 |44 8 |132 |109 131 |161 |175 89 |158 77 |82 |49 |41 |1 198 151 |194 |28 |154 |24 |182 |20 |135 |106 67 |54 |3 87 |165 |97 |178 |
36388.2 563395
103 123 174 51 147 176 85 27 96 187 70 107 |29 42 118 99 48 57 43 138 128 122 172 37 159 73 80 |33 173 62 102 177 199 197 |35 144 32 162 15 180 7 191 19 160 79 112 146 134 47 113 156 46 |167 9 2 141 127 193 171 23 5 166 |30 152 105 59 75 181 66 148 120 84 31 25 185 |130 183 93 94 111 90 76 69 163 188 71 88 155 157 |115 83 116 39 55 78 142 108 52 13 45 4 200 192 |140 95 86 153 117 12 129 60 26 |133 98 145 169 74 179 72 6 110 21 58 121 195 137 ||65 |101 |22 |154 |109 |63 |97 68 36 |143 114 64 |100 50 89 |18 61 |8 1 184 |132 77 158 |190 |104 40 |178 |44 164 |165 53 |131 |81 49 |11 |106 161 |124 38 |186 20 |198 |56 |126 |41 54 |149 |17 |135 |92 |87 |151 |189 |3 125 |168 |14 |182 |175 |67 |16 |82 |150 |28 |24 |136 |34 |10 194 |91 |119 170 |196 |139 |
37371.5 561660
103 123 174 51 147 176 85 27 96 187 70 107 |29 42 118 99 48 57 43 138 128 122 172 37 159 73 80 |33 173 62 102 177 199 197 |35 144 32 162 15 180 7 191 19 160 79 112 146 134 47 113 156 46 |167 9 2 141 127 193 171 23 5 166 |30 152 105 59 75 181 66 148 120 84 31 25 185 |130 183 93 94 111 90 76 69 163 188 71 88 155 157 |115 83 116 39 55 78 142 108 52 13 45 4 200 192 |140 95 86 153 117 12 129 60 26 |133 98 145 169 74 179 72 6 110 21 58 121 195 137 ||49 |28 3 |65 |68 |22 |100 |36 |150 |92 |149 109 |189 |8 44 184 |119 |54 64 |125 89 151 |77 158 |136 87 |170 190 |124 67 38 |131 40 |81 132 |114 20 |18 |161 196 |106 24 |1 |198 |56 |63 165 |41 |17 |139 |53 |101 |186 |16 |11 |91 |135 10 |182 |82 |178 |14 168 194 |164 |154 |61 126 |97 |50 |34 |175 |104 |143 |
42055.3 559086
103 123 174 51 147 176 85 27 96 187 70 107 |29 42 118 99 48 57 43 138 128 122 172 37 159 73 80 |33 173 62 102 177 199 197 |35 144 32 162 15 180 7 191 19 160 79 112 146 134 47 113 156 46 |167 9 2 141 127 193 171 23 5 166 |30 152 105 59 75 181 66 148 120 84 31 25 185 |130 183 93 94 111 90 76 69 163 188 71 88 155 157 |115 83 116 39 55 78 142 108 52 13 45 4 200 192 |140 95 86 153 117 12 129 60 26 |133 98 145 169 74 179 72 6 110 21 58 121 195 137 ||65 |3 |109 |8 |36 |100 22 |186 |77 |92 101 |149 |158 |189 |139 |20 64 |125 40 |126 28 |170 |136 87 |124 67 38 |18 |164 44 |131 97 |81 49 |11 |106 161 |178 |68 1 |198 |56 53 |41 54 |63 |17 |135 |114 |154 |151 |143 61 |184 |168 |14 |182 |175 |132 16 |82 |150 |165 89 |24 190 50 |104 194 |34 |10 |91 |119 |196 |
42519.7 558739
103 123 174 51 147 176 85 27 96 187 70 107 |29 42 118 99 48 57 43 138 128 122 172 37 159 73 80 |33 173 62 102 177 199 197 |35 144 32 162 15 180 7 191 19 160 79 112 146 134 47 113 156 46 |167 9 2 141 127 193 171 23 5 166 |30 152 105 59 75 181 66 148 120 84 31 25 185 |130 183 93 94 111 90 76 69 163 188 71 88 155 157 |115 83 116 39 55 78 142 108 52 13 45 4 200 192 |140 95 86 153 117 12 129 60 26 |133 98 145 169 74 179 72 6 110 21 58 121 195 137 ||3 |131 |65 |109 |36 |100 22 |186 |77 |92 101 |149 |158 |189 |139 |20 64 |125 |61 40 |136 87 |124 38 |18 28 |184 44 8 |81 |97 |49 |106 190 |161 196 |178 |198 68 1 |67 |56 |41 54 |63 |53 |170 |164 |135 |17 |114 |154 |151 |143 |168 |14 |182 |126 |11 |132 |82 |150 |16 |165 89 |24 |50 |104 194 |34 |10 |91 |119 |175 |
46157.7 558481
103 123 174 51 147 176 85 27 96 187 70 107 |29 42 118 99 48 57 43 138 128 122 172 37 159 73 80 |33 173 62 102 177 199 197 |35 144 32 162 15 180 7 191 19 160 79 112 146 134 47 113 156 46 |167 9 2 141 127 193 171 23 5 166 |30 152 105 59 75 181 66 148 120 84 31 25 185 |130 183 93 94 111 90 76 69 163 188 71 88 155 157 |115 83 116 39 55 78 142 108 52 13 45 4 200 192 |140 95 86 153 117 12 129 60 26 |133 98 145 169 74 179 72 6 110 21 58 121 195 137 ||16 |101 |50 |3 |22 |100 |36 |150 |92 |54 149 |189 8 |44 184 |119 |89 64 |125 151 40 |77 158 |136 87 |170 190 |124 67 38 |131 109 |81 132 |114 24 |18 |161 104 |106 |1 |198 |56 |63 |164 |165 53 |17 |20 41 |139 |135 |186 |154 143 |61 |196 |168 194 |14 |126 |175 |49 |182 |91 |178 |68 |97 |65 |28 |34 |11 |10 |82 |
47567.2 558395

Time:38
Last Iter:10
Last Update:10
Tabu:0
Last Time38
9
39 142 168 200 80 73 128 42 46 113 95 19 191 96 51 5 117 |97 37 1 49 23 171 129 12 86 25 105 111 108 78 |141 152 193 79 29 26 192 4 116 167 115 13 110 6 179 74 62 199 |71 186 157 195 130 81 7 32 176 |134 16 27 85 133 144 136 135 177 33 102 169 106 140 69 84 153 181 |163 154 155 120 3 156 146 160 123 43 121 55 |90 76 88 18 185 61 166 107 36 70 172 164 56 24 94 52 72 |93 30 67 91 98 48 57 122 187 147 47 66 75 2 127 |189 15 112 165 35 17 31 143 38 20 41 100 64 137 101 10 159 118 99 |197 184 8 180 162 174 138 145 103 173 58 21 183 45 83 188 60 148 9 59 ||114 190 89 |158 119 151 |40 194 |92 |28 |196 161 |77 126 |150 109 |104 14 |87 44 68 |63 |178 50 |132 198 |139 |53 182 |34 |125 175 |54 |170 |149 22 |124 |11 |82 |131 |65 |
21677 1.5808e+06
188 83 200 60 160 73 37 123 183 45 93 115 |20 38 116 67 52 58 139 43 136 113 95 112 29 75 9 |108 196 114 195 199 80 159 70 96 7 19 79 129 120 117 59 181 25 157 62 118 138 |110 21 173 102 42 172 162 146 5 84 4 192 |156 46 166 26 151 39 106 86 141 152 191 180 187 144 98 74 169 |101 33 104 100 22 175 31 77 35 127 105 76 147 51 176 133 |82 163 90 30 161 40 150 179 130 48 57 122 174 85 107 185 |128 145 99 6 121 64 137 177 16 171 12 153 71 167 140 94 13 |72 55 24 197 23 47 44 164 27 32 193 |88 155 69 158 148 66 2 34 134 15 131 103 78 142 111 ||190 89 |132 |109 |17 126 |92 68 97 198 87 |1 8 |56 |189 |149 91 |3 53 81 |119 28 |135 184 |18 125 |41 168 |63 |194 124 |36 49 |170 |178 |65 |14 |182 165 61 |50 10 |143 186 |54 |154 |11 |
22568.6 1.56829e+06
65 16 135 154 24 20 182 92 107 |162 198 87 136 164 1 50 |144 51 147 49 187 36 46 |130 152 2 181 59 75 66 126 60 129 12 148 117 153 28 86 120 119 185 |174 141 127 35 193 79 160 63 171 23 5 166 |32 108 33 121 39 149 195 137 |99 115 123 128 122 138 43 72 6 110 58 183 55 78 142 52 13 45 67 4 157 200 192 |105 42 93 116 111 140 167 94 30 186 83 76 90 69 163 188 170 71 88 155 84 31 25 |21 9 112 29 96 27 85 176 133 15 180 7 191 19 146 95 134 47 113 156 26 |57 196 103 48 98 145 169 74 179 118 173 62 102 37 159 172 70 73 177 199 80 197 ||77 |97 |184 |161 54 |68 |190 |189 8 |178 |139 |100 175 |158 38 |165 |17 |22 14 |106 |125 41 124 194 |53 18 |34 |82 |101 109 |11 |10 44 81 132 |151 40 61 |56 |91 114 |131 150 64 |3 104 |168 143 89 
23846.3 756625
167 152 66 9 59 148 117 12 129 77 23 5 26 |176 140 127 2 181 75 71 119 86 28 153 120 17 18 60 31 25 185 89 |105 115 142 78 55 52 13 116 4 125 143 157 200 137 198 73 80 |93 160 193 171 182 53 95 134 113 156 166 |162 94 111 90 76 69 163 188 84 88 155 83 67 41 168 45 22 91 39 100 194 151 192 |174 30 35 63 56 79 112 146 29 7 180 191 19 49 47 46 |65 108 183 173 21 178 110 6 72 179 118 62 102 33 121 40 195 |58 51 138 122 128 123 135 172 92 70 107 |141 144 133 15 147 85 27 96 187 16 159 50 |32 130 103 74 169 99 42 48 145 98 57 43 37 177 199 197 ||149 |161 |136 |186 |11 |34 |109 150 |124 175 104 |184 97 36 |81 8 |139 |54 24 |196 |164 |82 |154 |106 38 |14 114 190 |1 68 |165 |170 |189 44 |3 131 |158 126 61 87 |10 101 132 |20 64 
27813.9 705928
144 147 133 190 162 82 153 176 32 15 7 180 27 85 187 70 107 |130 183 6 118 72 179 74 98 62 102 177 199 197 |145 115 55 39 121 173 33 195 137 192 |141 169 110 58 21 142 78 52 13 45 200 ||59 198 37 174 191 29 19 134 47 113 132 156 46 |42 108 93 167 140 94 111 116 157 3 26 |99 35 193 95 49 146 112 79 160 171 53 23 5 166 |152 96 103 48 128 57 43 138 122 123 68 172 159 73 80 |127 30 105 2 181 9 75 66 117 148 126 60 129 12 120 17 88 155 84 31 25 185 |51 86 163 170 71 188 69 90 76 83 38 4 ||81 |114 |41 |65 |97 1 101 |131 89 |168 22 |161 |143 186 |36 44 |61 |63 |87 |40 |106 20 |178 |104 100 54 124 |196 67 |11 |24 |125 |136 |14 |164 92 |91 |119 154 |151 10 |184 150 109 |8 16 |34 |149 64 50 |175 158 |189 |139 |194 |135 |28 |18 77 |56 |182 |165 
28285.9 646497
153 174 147 176 32 144 162 133 15 7 180 27 85 187 70 107 |130 183 6 118 72 179 74 98 62 102 177 199 197 |145 115 55 39 121 173 33 195 137 192 |141 169 110 58 21 142 78 52 13 45 200 ||59 198 37 191 29 19 134 47 113 132 156 46 |42 108 93 167 140 94 111 116 157 3 26 |99 35 193 95 49 146 112 79 160 171 53 23 5 166 |152 96 103 48 128 57 43 138 122 123 68 172 159 73 80 |127 30 105 2 181 9 75 66 117 148 126 60 129 12 120 17 88 155 84 31 25 185 |51 86 163 170 71 188 69 90 76 83 38 4 ||81 |114 |41 |65 |97 1 101 |131 89 |168 22 |161 |143 186 |36 44 |61 |63 |87 |40 |106 20 |178 |104 100 54 124 |196 67 |11 |24 |125 |136 |14 |164 92 |91 |119 154 |151 10 |184 150 109 |8 16 |34 |149 64 50 |175 158 |189 |139 |194 |135 |28 |18 77 |56 |182 165 |82 |190 
30237.9 594289
179 112 120 2 35 127 141 181 9 59 75 66 148 117 12 129 60 185 |74 193 83 69 90 76 188 163 71 88 155 84 31 25 |105 115 183 108 93 140 167 94 30 111 116 4 200 137 192 |152 130 103 98 42 48 128 122 138 43 57 37 159 73 |171 169 58 6 72 118 62 102 177 199 |99 21 110 173 121 33 195 |160 174 123 172 70 80 197 |86 147 85 176 32 133 15 180 27 96 187 46 107 |153 144 162 7 191 29 19 79 146 95 134 47 113 156 23 5 166 |51 145 39 55 78 142 52 13 45 157 26 ||11 |131 |65 |61 49 |18 |154 170 |136 1 |104 40 |119 3 |8 53 |91 41 |164 |44 151 |63 165 |92 |56 |109 97 |178 |106 124 |68 |100 |20 |17 28 158 |82 |125 |36 |186 50 |198 |67 |135 101 |22 |132 10 184 |143 |150 |139 |189 |14 |34 |190 77 |89 |161 |87 |168 |24 194 |126 |38 175 |16 81 |64 |149 54 |182 |196 |114 
35594.1 559852
179 112 120 2 35 127 141 181 9 59 75 66 148 117 12 129 60 185 |74 193 83 69 90 76 188 163 71 88 155 84 31 25 |105 115 183 108 93 140 167 94 30 111 116 4 200 137 192 |152 130 103 98 42 48 128 122 138 43 57 37 159 73 |171 169 58 6 72 118 62 102 177 199 |99 21 110 173 121 33 195 |160 174 123 172 70 80 197 |86 147 85 176 32 133 15 180 27 96 187 46 107 |153 144 162 7 191 29 19 79 146 95 134 47 113 156 23 5 166 |51 145 39 55 78 142 52 13 45 157 26 ||11 |131 |36 |65 |61 49 |18 |154 170 |136 1 |104 |119 3 |8 53 |91 41 |164 |44 151 |63 165 |92 |56 |97 87 |196 124 |68 |100 |20 |17 158 |82 |14 |178 |125 |106 |186 50 |198 |67 |135 101 |22 |132 10 184 |143 40 89 |190 |64 114 |81 |16 |38 |28 |24 194 |161 |77 126 |150 |149 |109 |189 |139 |182 |34 |175 |54 |168 |
37187 558062
29 141 127 188 69 76 90 71 88 84 31 185 26 |103 58 110 21 183 78 142 52 13 45 55 39 121 195 |130 108 115 93 94 140 167 30 111 116 137 |152 25 155 83 157 4 200 192 |72 163 105 59 9 75 181 66 148 117 153 86 120 12 129 60 5 166 |118 144 147 85 176 32 133 15 180 7 191 19 146 134 95 47 113 46 |2 172 174 27 96 187 70 107 |162 128 159 102 62 173 33 177 199 197 |123 6 179 74 169 99 42 48 145 98 57 43 138 122 37 73 80 |51 35 112 79 160 193 171 23 156 ||36 |165 |101 |64 |49 |119 18 61 |40 44 |132 |125 89 3 |24 194 |17 170 |92 10 1 |136 164 |34 |67 41 168 |161 100 |189 8 |56 |135 |81 |114 |106 |196 |158 |175 190 143 151 |87 184 198 |65 |97 |82 |38 186 124 |16 |14 |154 |28 |77 126 |20 |150 109 50 |104 |91 |68 |63 53 |178 |182 |139 |54 |149 |22 |131 |11 
44655.2 557121

Time:36
Last Iter:10
Last Update:10
Tabu:0
Last Time36
13
63 47 187 138 78 140 90 86 12 25 152 |139 21 142 30 188 154 117 126 60 141 156 107 199 177 169 180 |5 171 79 146 113 96 26 197 192 83 163 62 72 6 145 98 48 42 103 |73 10 172 122 74 108 115 157 88 148 9 35 27 |133 162 15 189 34 23 31 69 116 55 110 102 159 123 |13 39 41 71 2 105 134 19 191 7 37 121 |147 176 81 53 182 18 59 127 137 168 24 11 183 58 |167 94 76 143 158 75 160 56 112 174 128 57 130 179 173 33 80 |93 111 45 52 118 99 43 68 136 51 85 144 29 95 193 181 153 129 185 166 |66 120 84 155 186 175 124 114 194 64 91 14 4 200 89 195 40 70 46 32 ||196 67 |101 |161 |135 |82 |1 8 |54 149 50 |151 190 38 |44 16 |170 119 61 |87 92 |77 |36 164 |109 150 |20 |28 125 |198 |100 22 |106 |17 3 |132 49 |131 97 |165 |184 104 |65 |178 |
21997.6 1.52631e+06
34 19 29 191 180 5 26 195 199 173 74 57 14 108 93 111 |106 30 167 11 183 60 12 9 2 23 146 15 |72 178 104 121 177 197 155 122 138 128 169 32 162 |133 51 174 113 47 193 140 21 102 98 42 99 |1 36 96 166 80 139 179 115 94 148 66 35 141 |95 56 187 164 135 172 33 149 142 13 116 170 163 117 127 152 185 |70 16 27 85 49 79 171 17 120 76 137 39 58 110 6 118 48 130 43 |147 176 107 73 145 103 151 83 90 129 75 160 |112 81 7 68 159 10 192 157 4 3 25 31 88 71 188 59 45 52 55 |123 37 62 22 41 161 200 78 69 86 153 84 181 105 134 156 46 144 ||189 132 |158 119 |194 175 67 |154 |65 |196 |184 125 |54 168 |109 150 |77 126 18 |24 186 |44 8 |182 |136 |20 |198 92 87 |50 91 |28 |124 38 |53 63 |82 |143 114 64 |101 97 |40 |165 61 89 |190 100 |131 |
24098.8 1.52055e+06
83 200 197 |176 84 25 120 148 66 141 96 133 42 99 118 183 52 140 76 188 |186 85 71 86 75 181 127 70 73 33 102 65 130 58 21 |169 72 62 116 157 107 156 95 19 191 162 174 193 9 105 |134 163 112 27 32 144 147 164 123 177 173 26 31 111 167 30 |152 35 171 160 180 187 199 121 39 137 155 69 94 179 145 |122 37 103 149 78 45 115 192 185 5 46 113 129 12 59 |57 117 109 150 22 11 93 175 190 88 154 153 23 166 63 7 |172 29 92 159 198 80 87 89 90 161 55 108 110 6 74 48 43 138 51 15 146 79 |128 3 4 195 40 10 36 47 189 53 165 60 82 2 106 13 142 98 ||56 |158 119 143 |184 97 |124 114 14 |34 |135 |178 |17 170 |38 151 |8 |136 |91 |139 |100 104 64 |67 196 |44 16 132 |50 101 |41 |182 |49 |1 |18 |194 54 168 |68 |126 28 |24 20 125 |61 81 |131 |77 |
24769.9 1.48386e+06
99 20 28 125 100 22 106 17 3 49 184 104 65 178 195 |144 51 150 4 200 ||47 187 138 78 140 90 86 12 25 129 152 181 153 84 155 185 |139 111 21 142 30 188 154 117 126 60 141 156 107 199 177 169 180 46 166 |32 5 171 79 146 113 96 26 197 192 83 163 62 72 6 145 98 48 42 103 |93 73 10 172 122 74 108 115 157 88 148 9 35 193 29 27 85 |133 66 162 15 34 23 31 69 116 55 110 102 159 123 |13 43 39 41 71 2 105 95 134 19 191 7 37 121 |147 120 176 81 53 182 18 59 127 137 168 24 45 11 52 183 58 |167 70 94 76 143 158 75 160 56 112 174 128 57 130 179 118 173 33 80 ||68 |186 175 124 114 |196 67 |64 89 |135 |8 |54 149 50 |151 190 38 |44 |170 61 |87 92 |77 |82 |1 198 |161 |136 |101 132 |63 |40 91 |14 |16 |164 |119 |165 |194 109 131 |97 |189 |36 
25098 1.36247e+06
133 162 191 130 99 70 79 15 144 46 102 131 156 11 52 |69 74 29 7 128 179 113 32 27 107 146 174 |103 169 |98 112 19 147 51 187 85 47 176 118 72 6 110 21 178 58 173 33 177 199 197 |115 145 164 172 123 122 138 43 57 37 159 73 80 |48 180 134 95 160 193 171 23 5 166 |127 108 30 93 140 167 94 111 116 45 13 142 78 183 55 39 121 195 137 192 |96 141 35 2 181 9 75 66 148 60 185 |62 105 59 117 153 120 12 129 84 31 25 26 |42 152 86 163 90 76 188 71 88 155 83 4 157 200 ||40 10 |106 |136 |100 64 194 |198 |63 |135 |196 |175 149 |77 87 |20 186 |154 143 |50 124 190 38 |53 18 |24 54 |49 |92 |16 |139 |28 |126 158 |184 44 |56 |65 |8 |17 |150 104 |1 89 3 61 |189 132 |97 109 |165 |67 22 91 |34 |170 125 151 |182 |114 41 161 168 |36 68 |14 |82 |101 |81 |119 
28370.7 820699
59 130 74 118 72 6 110 21 183 78 142 52 30 111 116 4 157 |99 144 85 174 147 27 32 133 15 180 7 29 79 112 34 146 19 191 96 187 70 107 |176 69 88 155 83 125 151 137 |179 152 66 193 171 182 160 95 134 47 113 46 156 23 166 |195 114 41 161 168 192 |9 51 36 62 102 98 145 169 42 48 57 43 122 138 128 123 172 68 37 159 73 |162 2 90 76 188 163 71 119 84 31 25 185 26 |75 115 11 13 45 55 39 121 173 33 177 199 80 197 |181 58 108 93 140 167 94 14 200 ||103 105 141 35 127 82 148 117 153 86 120 12 129 60 5 ||101 |131 |81 |178 |164 |170 |77 |91 |40 10 |106 |136 |100 64 194 |198 |63 |135 |196 |175 149 |87 |20 186 |154 143 |50 124 190 38 |53 18 |24 54 |49 |92 |16 |139 |28 |126 158 |184 44 |56 |65 |8 |17 |150 104 |1 89 3 61 |189 132 |97 109 |165 |67 22 
29502.9 645116
128 7 133 162 32 176 85 174 51 147 187 70 107 |69 144 27 15 180 191 29 19 79 112 146 134 47 81 113 156 46 |130 102 98 99 169 74 179 118 72 6 110 21 178 58 173 33 177 199 197 |145 164 172 123 122 138 43 57 37 159 73 80 |48 95 160 193 171 23 5 166 |127 111 116 45 13 183 55 39 121 195 137 192 |96 141 35 2 181 9 75 66 148 60 185 |62 105 59 117 153 120 12 129 26 |42 152 86 163 188 71 155 83 4 157 200 ||103 115 78 142 52 108 93 140 167 94 30 90 76 88 84 31 25 ||40 10 |106 |136 |100 64 194 |198 |63 |135 |196 |175 149 |77 87 |20 186 |154 143 |50 124 190 38 |53 18 |24 54 |49 |92 |16 |139 |28 |126 158 |184 44 |56 |65 |8 |17 |150 104 |1 89 3 61 |189 132 |97 109 |165 |67 22 91 |34 |170 125 151 |182 |114 41 161 168 |36 68 |119 |11 |14 |82 |101 |131 
31342.1 578014
105 48 103 130 99 42 145 118 173 62 102 131 177 199 |58 35 153 59 9 181 66 148 129 60 185 137 |169 193 2 75 117 12 120 86 71 88 155 157 26 |160 90 76 69 188 83 84 31 25 5 23 166 |163 183 115 108 52 13 142 78 55 39 121 33 195 197 |79 6 110 21 45 93 140 167 94 30 111 116 4 200 192 |174 72 179 74 98 123 128 122 138 43 57 37 159 73 80 |127 172 51 147 27 96 187 70 107 |141 144 85 176 32 162 15 180 7 191 113 46 |152 171 133 29 19 146 112 95 134 47 156 ||40 64 |28 |11 |92 184 |136 |38 161 |100 114 |36 |16 132 |44 10 |65 |50 198 97 |34 |124 158 |178 |18 119 170 |22 14 |41 186 143 |53 165 |154 125 |189 |126 |82 |196 |149 150 |1 68 |17 |164 87 |61 81 |104 |135 |20 24 175 190 89 |54 151 |109 194 |63 182 |49 56 |106 67 |101 |168 91 |139 |3 77 |8 
36626 570468
162 62 169 103 48 42 145 57 43 138 122 128 123 37 73 80 |133 105 141 35 127 2 181 66 75 9 59 117 153 86 120 12 129 60 158 25 185 |130 102 74 179 118 72 6 110 21 58 173 121 195 |23 5 157 4 200 192 |99 144 27 180 7 29 160 79 112 146 95 134 46 |32 174 172 159 70 107 |98 51 15 176 85 147 187 96 191 19 47 113 156 166 |108 171 148 71 188 163 69 90 76 83 155 88 84 31 26 |193 115 45 13 30 93 140 167 94 111 116 137 |152 52 183 78 142 55 39 33 177 199 197 ||49 |63 |67 151 |136 |82 |149 104 |196 161 |38 41 |11 |132 81 |14 |168 |184 |106 124 |150 |100 3 |87 |24 |194 22 54 114 |165 182 |10 164 |18 119 |178 |126 190 |28 17 |143 170 |109 139 |56 53 |16 |154 |135 44 |65 |175 125 |186 |77 |64 50 |198 1 68 |20 |131 |40 |89 |8 |36 |34 |92 |91 |97 |101 |189 |61 |
38787.2 559751
162 62 169 103 48 42 145 57 43 138 122 128 123 37 73 80 |133 105 141 35 127 2 181 66 75 9 59 117 153 86 120 12 129 60 158 25 185 |130 102 74 179 118 72 6 110 21 58 173 121 195 |23 5 157 4 200 192 |99 144 27 180 7 29 160 79 112 146 95 134 46 |32 174 172 159 70 107 |98 51 15 176 85 147 187 96 191 19 47 113 156 166 |108 171 148 71 188 163 69 90 76 83 155 88 84 31 26 |193 115 45 13 30 93 140 167 94 111 116 137 |152 52 183 78 142 55 39 33 177 199 197 ||136 |65 |16 |89 |149 151 |41 |11 |132 81 |82 |168 104 |49 184 |106 124 |150 114 |100 67 3 |24 |194 22 54 190 |126 18 119 |68 131 |165 182 |164 |10 |178 |28 17 |154 170 |38 143 |196 |109 |56 |139 |135 44 |77 125 |14 175 |186 161 |63 |64 50 |198 1 |20 |40 |36 8 |34 |92 87 |91 |97 |101 |189 61 |53 |
39417.9 559334
162 62 169 103 48 42 145 57 43 138 122 128 123 37 73 80 |133 105 141 35 127 2 181 66 75 9 59 117 153 86 120 12 129 60 158 25 185 |130 102 74 179 118 72 6 110 21 58 173 121 195 |23 5 157 4 200 192 |99 144 27 180 7 29 160 79 112 146 95 134 46 |32 174 172 159 70 107 |98 51 15 176 85 147 187 96 191 19 47 113 156 166 |108 171 148 71 188 163 69 90 76 83 155 88 84 31 26 |193 115 45 13 30 93 140 167 94 111 116 137 |152 52 183 78 142 55 39 33 177 199 197 ||136 |65 |16 |186 151 |81 |82 |104 41 |132 |149 |196 |91 |168 |106 |114 124 |67 3 87 |164 10 |150 100 |24 |135 68 |165 |143 190 40 |28 119 |11 |14 22 54 |178 |20 |126 182 |38 125 89 |49 184 |109 194 |18 17 |56 |139 131 |44 |77 |175 |161 |63 |64 50 |198 1 |154 170 |36 8 |34 |92 |97 |101 |189 61 |53 |
39911.7 558394
162 62 169 103 48 42 145 57 43 138 122 128 123 37 73 80 |133 105 141 35 127 2 181 66 75 9 59 117 153 86 120 12 129 60 158 25 185 |130 102 74 179 118 72 6 110 21 58 173 121 195 |23 5 157 4 200 192 |99 144 27 180 7 29 160 79 112 146 95 134 46 |32 174 172 159 70 107 |98 51 15 176 85 147 187 96 191 19 47 113 156 166 |108 171 148 71 188 163 69 90 76 83 155 88 84 31 26 |193 115 45 13 30 93 140 167 94 111 116 137 |152 52 183 78 142 55 39 33 177 199 197 ||136 |65 |16 |89 |149 151 |41 |11 |132 81 |82 77 |44 |38 |67 |91 |104 114 |49 184 |194 |100 124 3 |106 |87 10 |22 54 |28 119 |68 131 |190 |135 92 |18 |109 97 |17 126 |196 |143 170 |154 |56 |125 168 |14 175 |186 161 |178 |63 182 |64 50 |198 1 |34 |20 |139 150 |40 |36 8 |165 |24 |101 |164 |189 61 |53 |
43214.8 557960
162 62 169 103 48 42 145 57 43 138 122 128 123 37 73 80 |133 105 141 35 127 2 181 66 75 9 59 117 153 86 120 12 129 60 158 25 185 |130 102 74 179 118 72 6 110 21 58 173 121 195 |23 5 157 4 200 192 |99 144 27 180 7 29 160 79 112 146 95 134 46 |32 174 172 159 70 107 |98 51 15 176 85 147 187 96 191 19 47 113 156 166 |108 171 148 71 188 163 69 90 76 83 155 88 84 31 26 |193 115 45 13 30 93 140 167 94 111 116 137 |152 52 183 78 142 55 39 33 177 199 197 ||136 |65 |16 |89 |149 151 |41 |11 |132 81 |82 |44 |91 |168 104 |49 184 |106 124 |150 114 |100 |3 |24 87 |68 131 |165 182 |20 194 |92 10 |178 |28 17 18 |154 170 119 |38 143 190 |196 |22 54 |34 |126 |56 |139 |135 |77 125 |14 175 |186 161 67 |63 |64 50 |198 1 |40 |36 8 |109 |97 |101 |164 |189 61 |53 |
47222.5 557514

Time:37
Last Iter:10
Last Update:10
Tabu:0
Last Time37
17
120 126 5 157 116 30 39 55 62 102 159 156 134 51 35 141 105 |165 63 95 29 147 172 37 43 74 72 58 13 25 66 |67 161 54 108 94 140 90 83 192 21 145 176 133 15 146 152 |129 60 182 23 46 45 142 115 6 |132 53 185 190 121 103 123 187 162 144 75 9 71 167 |77 171 153 59 186 20 175 168 91 173 33 80 197 26 137 113 27 57 42 |79 56 49 180 96 85 32 73 87 131 118 169 111 69 31 117 181 |70 1 199 200 100 104 78 11 110 98 122 128 47 19 112 191 7 193 86 188 |166 158 17 148 2 127 160 163 76 155 4 41 24 93 177 179 130 138 |195 151 194 125 38 88 84 12 3 101 107 8 164 174 48 99 183 52 ||34 |184 150 |22 |178 50 |149 |106 |143 119 |81 |92 97 |170 |14 |196 |139 |44 68 |65 |61 |135 10 |198 109 |36 89 |124 114 64 40 |16 189 |18 28 |136 |82 |154 |
22468.1 1.86608e+06
101 177 173 64 22 52 183 18 86 5 95 35 176 174 |46 81 34 133 162 144 166 26 58 115 60 59 |91 54 45 55 78 94 24 157 155 188 76 12 66 75 23 113 107 73 172 123 103 169 6 |109 199 50 195 151 14 111 90 119 84 129 2 152 193 112 134 156 7 51 21 |4 185 31 154 153 9 11 108 110 42 43 85 15 |159 131 72 142 41 30 93 148 127 79 180 32 96 187 70 |88 28 69 38 196 39 100 98 48 138 191 160 105 |128 57 68 80 197 114 67 168 120 171 29 27 147 62 118 74 99 130 |137 89 143 83 170 163 117 25 53 146 141 181 33 121 102 145 |63 19 47 189 37 122 179 139 104 13 116 167 140 200 192 71 ||10 184 44 |194 190 161 |126 |164 |182 |56 |150 1 |186 |178 |3 158 |36 16 |198 97 87 |61 8 49 |82 |136 |124 149 |65 |165 132 |175 106 |92 135 |77 17 |40 125 |20 |
22599.5 1.77582e+06
71 84 186 196 153 15 147 57 74 72 |32 162 85 70 159 123 48 110 178 183 52 11 94 76 188 163 120 155 75 35 112 |23 26 80 199 37 122 128 103 130 169 45 116 30 93 66 141 152 27 176 |78 58 6 42 137 5 88 86 2 79 167 115 |177 33 121 10 1 166 185 129 28 154 82 146 19 29 140 |67 124 197 25 69 181 47 7 99 142 |46 113 134 63 9 117 90 83 4 200 195 62 102 139 100 13 187 |68 43 173 21 91 111 125 190 192 107 96 191 34 193 59 |136 172 73 98 145 149 39 157 31 60 148 127 |156 61 77 12 105 171 182 165 160 95 49 180 133 144 51 174 164 138 179 118 55 108 ||135 184 |114 109 |132 16 |38 151 89 |158 |56 |104 40 87 |3 143 168 |92 |150 |119 170 |106 |81 189 |41 24 |65 101 |36 97 |22 14 194 |198 |20 |64 54 175 |131 |161 |53 126 18 |50 44 |8 |17 |
22733.5 1.66478e+06
191 81 132 182 171 158 66 192 177 138 133 45 167 |71 155 25 129 59 5 26 197 121 102 37 6 39 142 140 19 |157 185 23 146 112 27 85 187 70 48 103 |3 84 190 11 75 162 144 |113 95 160 82 126 105 83 4 93 173 145 57 122 128 172 159 176 |47 46 96 136 43 169 109 150 199 80 137 200 31 12 148 9 2 141 193 188 76 90 108 |127 181 120 60 154 30 89 156 49 7 180 33 58 21 72 42 130 |179 99 65 198 184 61 35 125 111 13 52 115 |123 68 92 174 15 79 165 53 166 107 87 73 62 74 110 178 183 78 116 94 69 163 86 153 117 |118 98 101 195 54 22 55 88 28 152 134 29 32 147 51 ||40 151 124 67 |44 |77 119 |91 |196 |10 |139 |17 |36 16 8 |186 41 |56 |168 175 114 |149 |189 |135 |104 |38 170 |50 131 1 |24 |164 |194 100 |106 |14 64 |97 |34 |63 |143 20 161 |18 |
22795.7 1.64625e+06
191 180 79 35 75 120 60 46 80 159 52 |48 99 169 62 110 39 45 142 76 188 171 156 7 |165 5 166 31 4 94 183 121 173 118 145 98 42 130 43 122 51 176 85 117 |47 189 27 32 57 78 157 185 83 86 105 141 |3 197 177 198 81 158 12 148 181 2 127 116 111 167 13 |33 199 102 37 172 147 16 95 112 160 129 25 69 115 6 |138 97 92 36 10 150 72 179 21 55 20 90 71 19 162 144 |101 107 70 136 123 133 49 23 192 155 84 154 153 59 152 140 93 |103 65 128 187 15 29 146 34 134 132 26 137 200 58 108 9 66 193 |68 73 195 151 61 113 96 174 74 139 41 30 186 88 163 ||131 109 184 |67 14 |11 |28 |135 |161 106 |119 |1 44 8 |124 54 100 |104 |53 182 |17 |56 |64 194 87 |168 22 |91 175 |18 |178 40 |89 38 |77 |63 |82 |114 190 125 50 |164 |143 24 |149 |126 170 |196 |
23394.3 1.59513e+06
33 195 39 52 140 161 155 25 69 75 79 85 172 122 57 74 |63 193 2 153 188 134 47 80 58 72 99 42 |168 22 54 121 118 179 98 48 113 19 35 60 83 157 |167 11 45 115 173 199 159 197 192 23 95 7 133 32 |59 129 84 186 200 14 108 116 30 169 103 43 70 176 144 29 |51 174 135 37 107 185 119 82 127 81 96 180 162 |73 102 110 149 104 142 111 120 141 171 160 112 156 46 147 15 |12 148 170 163 93 196 78 21 139 130 26 187 |191 49 27 145 6 177 5 31 88 71 154 86 117 105 152 76 90 94 13 55 |40 194 137 4 38 3 61 166 53 146 126 66 181 9 101 62 65 138 128 123 164 183 ||100 91 |184 68 |8 |182 165 |18 |34 |150 |178 |87 50 198 |77 |97 89 |64 41 |28 |189 |125 143 20 |36 44 1 10 |109 190 |136 |151 132 |16 |92 |124 175 114 |131 |17 |56 |158 |67 24 |106 |
23743.4 1.59472e+06
101 102 172 165 16 81 158 199 3 127 141 181 59 23 113 187 32 7 29 19 112 |160 122 148 153 71 157 192 80 107 123 138 43 42 78 52 13 45 94 167 |33 173 118 21 98 137 4 25 30 171 146 |180 39 27 147 49 60 31 155 86 69 111 72 145 103 |75 73 17 188 90 190 175 200 14 108 115 159 174 51 162 79 |179 117 57 37 1 87 197 166 134 35 66 9 163 84 121 |95 5 12 88 76 41 196 55 151 2 152 105 144 48 130 62 |70 8 191 176 128 169 131 109 104 178 93 116 83 154 120 |193 74 99 6 110 58 183 11 140 186 28 126 53 185 26 177 64 96 85 133 |68 129 198 184 36 46 156 47 63 15 195 142 97 ||92 |67 |61 |150 139 |135 |161 106 |119 |65 |44 |124 54 100 |182 |10 |56 |194 |168 22 |91 |18 |136 |89 38 |77 132 |20 40 |82 |114 125 50 |164 |143 24 |149 |189 |34 |170 |
25215.7 1.57366e+06
2 105 171 160 7 70 159 123 99 72 173 78 52 115 200 157 137 5 84 155 |42 88 119 71 86 75 127 182 23 33 103 85 176 27 30 93 |108 1 97 62 6 145 46 146 19 129 117 59 152 163 69 83 116 111 13 142 192 |63 20 120 143 4 195 121 45 140 26 166 107 113 180 133 32 174 128 74 179 |134 55 81 187 82 66 148 12 28 14 183 21 110 118 169 199 |135 80 156 47 79 165 53 60 126 181 35 76 147 48 |51 197 177 194 196 31 25 153 141 95 29 162 172 37 57 |149 15 41 167 188 158 185 3 10 73 98 164 96 191 112 |122 138 43 92 8 131 9 90 94 100 39 58 102 130 144 |193 ||68 |67 24 89 |18 151 |132 198 |17 |189 |154 170 |22 91 |65 101 |61 49 |150 109 |125 38 186 |16 |106 |104 40 87 |11 |56 |50 64 |114 |77 190 |54 |161 175 168 |34 |178 |184 44 |36 |124 |136 |139 |
25793.2 1.54996e+06
58 174 160 35 127 9 120 86 153 117 148 23 5 166 |144 142 193 79 56 112 19 191 29 146 95 134 47 113 156 46 |45 133 15 32 176 51 147 27 96 187 132 40 195 |7 171 69 90 76 196 116 175 137 |180 59 170 163 154 188 71 185 89 26 |108 36 87 10 101 78 21 110 6 118 72 179 65 138 97 172 92 70 107 |115 150 152 141 2 181 75 66 82 126 60 129 12 18 25 31 84 88 155 83 143 125 190 4 157 200 ||85 93 183 55 39 13 52 30 140 167 94 111 192 |105 130 122 74 169 99 42 103 48 145 98 57 43 159 80 |162 128 123 37 33 121 173 62 102 73 177 199 197 ||164 136 |63 165 |38 168 |149 194 |189 16 |49 81 |3 158 |114 20 |22 64 |91 |24 50 |77 |178 |198 |34 |68 61 |131 109 184 |67 14 151 |11 |28 |135 |161 106 |119 186 |139 |41 |1 44 8 |124 54 100 |104 |53 182 |17 
25964.3 722733
169 160 152 105 9 75 66 181 2 141 127 35 23 166 |120 20 174 144 162 85 |142 34 103 48 42 145 98 102 62 173 58 149 194 192 |130 123 136 159 37 73 80 |79 5 193 83 52 13 55 39 100 121 33 177 199 197 |128 86 112 19 191 29 146 95 134 47 113 156 46 |45 133 15 32 176 51 147 27 96 187 132 40 195 |115 7 171 60 69 90 76 30 93 140 167 94 196 111 116 175 4 157 200 137 |99 180 129 12 59 148 117 153 170 163 154 188 71 88 155 84 31 25 185 89 26 |108 36 87 10 101 78 183 21 110 6 118 72 179 74 65 57 43 138 122 97 172 92 70 107 ||150 190 |82 |126 18 |143 125 |91 |168 |63 |164 |64 54 |61 |135 184 |50 161 24 |67 |104 |56 53 |11 |124 22 151 |81 |109 |139 |28 |165 |119 |49 |41 |68 |198 |17 |16 8 |182 |189 |114 |1 131 |38 186 3 |158 |178 |44 |77 |14 |106 
28132.7 716190
108 128 70 187 96 189 147 174 92 172 97 37 159 10 73 101 80 |103 55 121 45 13 52 142 78 183 21 58 173 150 62 102 33 177 199 197 |138 123 134 49 47 81 113 156 46 107 |27 59 127 35 82 120 84 185 |65 144 85 176 32 162 133 15 180 7 191 29 19 146 112 79 160 63 166 |51 105 152 141 2 181 9 75 66 148 12 129 60 |99 193 117 153 86 170 71 88 155 31 25 4 200 ||115 130 48 169 145 98 74 179 118 72 6 110 149 39 175 195 137 192 |42 93 94 140 167 30 111 116 90 76 69 163 154 188 83 143 157 26 |57 43 122 95 171 23 5 ||3 158 |114 20 |22 64 |91 |24 |50 |196 |77 |178 |198 |34 |68 61 |131 109 184 |67 14 151 |11 |28 |135 |161 106 |119 186 |139 |41 |1 44 8 |124 54 100 |104 |53 182 |17 |56 |132 |16 89 |38 125 194 |126 87 |168 40 |165 |18 190 |136 164 36 
28448.7 647239
35 115 108 52 140 94 111 83 188 28 86 71 88 84 185 |141 96 134 95 146 34 112 79 160 193 171 23 5 166 |128 152 105 127 59 181 66 148 60 31 155 157 4 200 192 137 |9 167 116 90 76 69 163 153 117 120 12 129 25 26 |78 162 187 147 27 85 176 32 144 133 15 180 7 191 29 19 47 113 156 46 |2 30 93 13 39 121 159 |75 142 183 118 37 73 80 |51 103 57 43 138 122 123 172 70 107 |45 130 99 169 42 48 145 98 102 62 177 199 |174 55 74 179 72 6 110 21 58 173 33 195 197 ||132 |131 40 |184 |170 154 |135 36 |106 175 |38 125 194 |126 87 |82 |17 18 89 |92 44 10 |16 |65 |161 186 190 |41 |63 53 |49 56 |136 164 |149 |143 168 |109 |119 |101 97 68 |150 139 |14 91 |77 165 |124 67 |182 81 |189 8 |196 |114 20 3 |11 |54 22 64 |158 |24 151 50 |61 |104 100 |178 |1 198 
30163.7 594848
115 110 138 43 103 130 99 42 48 145 98 37 159 73 80 |162 23 5 45 13 52 142 78 55 39 195 |152 193 7 29 191 79 112 146 95 134 47 113 156 46 166 |141 144 19 180 15 133 32 176 85 27 96 187 107 |160 57 123 147 51 174 172 70 |169 21 118 6 72 179 74 62 102 177 199 |30 108 183 58 173 121 33 197 |122 129 171 35 127 2 66 181 9 75 148 117 153 120 86 71 88 84 31 25 185 |128 60 59 163 188 69 90 76 83 155 157 26 |105 12 93 140 167 94 111 116 24 4 200 192 137 50 ||77 |178 |198 |34 |68 61 |131 109 184 |67 14 151 |11 |28 |135 |161 106 |119 186 |139 |41 |1 44 8 |124 54 100 |104 |53 182 |17 |56 |132 40 |150 175 |189 36 |196 |170 154 89 |38 125 194 |126 87 |82 |18 190 |92 10 101 |16 81 |65 |63 165 |49 |136 164 |149 |143 168 |97 |3 158 |114 20 |22 64 |91 |
31349 583928
103 183 173 118 72 6 110 21 58 149 121 33 195 |79 88 13 108 115 94 140 167 30 111 116 200 192 |52 179 43 138 122 128 123 172 159 70 107 |55 133 176 51 147 85 27 96 187 47 113 46 |39 57 74 102 62 177 199 197 |142 130 99 169 42 48 145 98 37 73 80 |45 32 174 144 162 15 180 7 191 29 19 146 134 95 156 166 |112 105 171 193 35 127 2 66 148 12 129 60 23 5 |78 152 141 181 75 9 59 117 153 86 120 84 31 25 185 26 |160 93 163 69 90 76 188 71 155 83 157 4 137 ||196 |114 54 |151 14 |18 170 89 |68 44 |124 194 22 |198 97 10 101 |40 125 |77 |63 |154 |56 |20 |150 |119 |28 17 |81 |49 36 |106 161 67 |104 131 |65 |24 38 186 190 |126 61 |139 |87 |165 |53 |135 |178 |11 |132 |91 |143 |109 |168 |182 |189 16 |1 136 |82 |8 50 |41 3 |158 |92 |34 |64 |175 |164 |100 |184 
31794.5 567801
103 183 173 118 72 6 110 21 58 149 121 33 195 |79 88 13 108 115 94 140 167 30 111 116 200 192 |52 179 43 138 122 128 123 172 159 70 107 |55 133 176 51 147 85 27 96 187 47 113 46 |39 57 74 102 62 177 199 197 |142 130 99 169 42 48 145 98 37 73 80 |45 32 174 144 162 15 180 7 191 29 19 146 134 95 156 166 |112 105 171 193 35 127 2 66 148 12 129 60 23 5 |78 152 141 181 75 9 59 117 153 86 120 84 31 25 185 26 |160 93 163 69 90 76 188 71 155 83 157 4 137 ||54 151 |196 |14 114 |18 170 89 |68 44 |124 194 22 |198 97 10 101 |40 125 |77 |63 |154 |56 |20 |150 |119 |28 17 |81 |49 36 |106 161 67 |104 131 |65 |24 38 186 190 |126 61 |139 |87 |165 |53 |135 |178 |11 |132 |91 |143 |109 |168 |182 |189 16 |1 136 |82 |8 50 |41 3 |158 |92 |34 |64 |175 |164 |100 |184 
31797.9 565643
103 183 173 118 72 6 110 21 58 149 121 33 195 |79 88 13 108 115 94 140 167 30 111 116 200 192 |52 179 43 138 122 128 123 172 159 70 107 |55 133 176 51 147 85 27 96 187 47 113 46 |39 57 74 102 62 177 199 197 |142 130 99 169 42 48 145 98 37 73 80 |45 32 174 144 162 15 180 7 191 29 19 146 134 95 156 166 |112 105 171 193 35 127 2 66 148 12 129 60 23 5 |78 152 141 181 75 9 59 117 153 86 120 84 31 25 185 26 |160 93 163 69 90 76 188 71 155 83 157 4 137 ||20 |114 54 |24 14 |18 |44 |100 |97 |136 |154 89 |65 |68 92 87 |101 198 |170 |49 36 |106 161 175 |194 168 125 143 |196 |10 109 150 40 |165 77 61 |124 151 |41 |22 104 |139 |28 126 |53 |135 |178 |11 |132 |91 |81 |56 |17 |190 |182 |189 16 |1 131 50 |82 |8 |38 186 3 |158 |63 |34 |64 |119 |164 |67 |184 
42678.7 564314
93 173 121 58 110 21 183 78 142 55 52 13 45 39 195 137 |144 172 56 79 160 193 171 23 5 |6 115 30 140 167 94 111 116 90 76 83 4 200 192 |123 180 32 51 147 85 96 187 70 46 166 |169 174 27 7 191 29 19 112 146 95 134 47 113 156 107 |133 35 66 153 86 120 155 157 26 |15 152 141 127 2 181 75 148 117 12 129 60 185 |108 105 9 59 163 69 188 71 88 84 31 25 |176 130 103 48 145 74 179 72 118 62 102 33 177 199 197 |162 99 42 98 128 122 138 43 57 37 159 73 80 ||63 |22 |11 |124 |97 |10 |109 |49 81 |40 194 3 |100 |132 1 |8 |68 |18 119 |34 |150 139 |154 |16 |87 198 |77 |106 161 67 |104 131 |65 |24 38 186 190 |126 61 89 |44 164 36 |64 91 54 |178 50 |101 92 |189 |151 41 125 |149 |14 168 |196 |165 53 |28 158 |20 |170 |143 184 |114 175 |182 |135 |136 |82 |17 
45914.2 563358

Time:32
Last Iter:10
Last Update:10
Tabu:0
Last Time32
11
2 3 143 175 64 25 84 28 86 88 155 83 91 39 |105 19 46 29 146 34 112 79 160 56 95 134 23 5 166 |93 193 180 27 135 172 159 70 107 73 177 199 80 197 |7 31 141 127 181 66 9 59 117 153 188 163 154 71 119 17 120 12 129 60 158 185 |75 37 103 130 169 145 98 65 102 62 194 137 192 |116 123 128 122 138 48 42 74 179 72 6 139 173 33 |152 191 148 69 76 90 111 94 140 167 30 106 20 190 4 157 26 |171 43 57 118 110 21 58 149 121 195 |35 115 108 183 55 78 142 52 196 13 45 54 200 ||99 144 133 15 162 32 176 85 147 51 174 136 187 96 47 113 132 156 ||67 124 |14 |164 1 |89 50 109 |104 |11 |61 182 |82 |92 |41 168 22 |10 36 8 |77 |49 |178 |150 |44 81 |125 24 161 |165 63 |18 170 |100 40 |184 101 97 |38 186 114 151 |87 198 68 |131 |53 126 |16 189 
18232.5 708500
48 147 51 174 138 57 74 145 98 102 62 177 199 80 |118 179 72 6 124 67 4 200 192 137 |18 122 49 169 128 37 123 135 172 187 96 191 113 46 |140 105 82 35 193 79 112 146 95 134 47 156 |75 73 111 116 90 76 69 163 188 71 88 155 83 157 89 26 |103 94 30 84 86 153 120 12 129 60 31 25 185 3 |42 29 152 141 127 2 66 181 9 59 117 148 126 23 5 166 |130 159 93 78 52 108 196 13 45 55 39 195 |99 171 115 167 11 142 183 21 110 58 173 121 33 197 |43 7 160 19 180 15 144 133 162 32 176 85 27 70 107 ||189 |17 |24 |87 |168 41 54 |150 40 131 |143 10 |114 |64 |16 1 |161 14 175 |56 |63 |68 |149 |28 |34 |178 |61 |53 |154 |65 |100 |158 151 |101 97 |81 |136 |119 170 |106 |77 |20 |104 91 22 |109 |139 50 |182 165 |184 164 |132 8 36 44 |125 38 186 190 194 |198 92 
26035.3 659127
51 172 27 32 176 85 147 187 70 107 53 5 |174 130 99 169 179 72 6 118 33 197 |162 160 7 180 96 95 158 60 129 18 84 |123 115 52 93 140 167 94 108 183 142 13 45 39 137 |144 128 98 21 173 177 199 |15 110 58 159 73 80 |133 37 122 138 43 57 103 48 42 145 74 102 62 121 195 |55 116 193 171 79 146 29 191 19 134 47 113 46 156 23 166 |112 111 30 155 88 71 163 188 69 90 76 83 157 4 200 192 26 |78 35 105 152 141 127 2 181 59 9 75 66 148 117 153 86 120 12 31 25 185 ||34 |170 |54 |82 77 |10 |190 67 |28 126 |38 175 |168 |8 184 101 |114 161 24 20 |14 91 |139 |196 |186 119 |44 |165 182 |1 92 |65 |17 |149 |106 |135 |178 |63 |50 |11 |151 194 64 100 |40 150 109 |97 68 |125 |154 143 |132 36 89 |198 |49 |104 41 |189 |16 81 61 |131 124 |22 |56 |164 |3 |87 136 
30628.2 642625
174 115 108 183 55 78 142 52 13 45 39 137 |171 130 98 145 74 179 72 21 58 121 195 197 |112 42 99 102 62 118 6 110 173 33 177 199 73 80 |96 105 193 141 127 2 181 9 75 66 148 117 153 120 12 129 60 25 185 |160 152 59 86 163 69 188 71 31 26 |48 116 111 93 94 140 167 30 90 76 83 4 200 ||84 88 155 157 192 |144 35 79 29 27 32 162 133 15 180 7 191 19 47 113 46 |51 169 128 57 43 138 122 123 172 37 159 70 107 |103 147 176 85 187 146 134 95 156 23 5 166 ||3 |136 |18 170 |54 87 |10 53 |190 67 |28 126 |38 175 |168 |8 184 101 |114 161 24 20 |14 91 |139 |196 |186 119 |44 |82 |165 182 |1 92 |65 |17 |149 |106 |135 |178 |63 |50 |11 |151 194 64 100 |40 150 109 |97 68 |125 |154 143 |132 36 89 |198 |49 |104 41 |189 |16 81 61 |131 124 |22 |56 |164 |158 77 |34 |
30640 575338
174 115 108 183 55 78 142 52 13 45 39 137 |171 130 98 145 74 179 72 21 58 121 195 197 |112 42 99 102 62 118 6 110 173 33 177 199 73 80 |96 105 193 141 127 2 181 9 75 66 148 117 153 120 12 129 60 25 185 |160 152 59 86 163 69 188 71 31 26 |48 116 111 93 94 140 167 30 90 76 83 4 200 ||84 88 155 157 192 |144 35 79 29 27 32 162 133 15 180 7 191 19 47 113 46 |51 169 128 57 43 138 122 123 172 37 159 70 107 |103 147 176 85 187 146 134 95 156 23 5 166 ||56 |24 |38 161 124 |87 |150 |190 67 |28 126 |18 53 |168 175 |8 184 101 |114 20 |14 91 |139 |196 |186 119 |44 |82 |165 182 |1 92 |65 |17 170 |136 |149 |106 |135 |178 |63 |50 |11 |151 194 64 100 |40 10 |97 68 |125 |154 143 |132 36 89 |198 109 |49 |104 41 |189 |16 81 61 |131 |22 54 |3 |164 |158 77 |34 |
31752.4 572499
174 115 108 183 55 78 142 52 13 45 39 137 |171 130 98 145 74 179 72 21 58 121 195 197 |112 42 99 102 62 118 6 110 173 33 177 199 73 80 |96 105 193 141 127 2 181 9 75 66 148 117 153 120 12 129 60 25 185 |160 152 59 86 163 69 188 71 31 26 |48 116 111 93 94 140 167 30 90 76 83 4 200 ||84 88 155 157 192 |144 35 79 29 27 32 162 133 15 180 7 191 19 47 113 46 |51 169 128 57 43 138 122 123 172 37 159 70 107 |103 147 176 85 187 146 134 95 156 23 5 166 ||126 28 |49 |1 |131 87 |135 |16 |132 8 |11 |125 24 20 175 151 |91 40 |77 |53 |22 64 89 |97 109 |3 |139 150 |92 44 |161 38 |196 |14 100 |36 198 |50 149 |154 |65 |143 170 |178 |158 |54 |136 |104 |61 |168 |63 |124 |184 |68 |41 |194 186 |101 |82 |34 |17 |182 |119 |114 67 |164 |81 |56 |189 |10 |165 |18 |190 106 |
35046 570360
21 103 48 145 98 73 80 |9 13 108 115 93 140 167 94 111 200 192 137 |144 172 123 128 122 138 43 57 37 159 |152 160 147 85 176 32 162 133 15 27 96 187 70 107 |69 52 30 71 86 153 117 60 129 12 120 88 84 31 25 185 26 |42 173 110 58 183 78 142 55 39 121 195 50 |180 105 59 75 66 181 2 141 127 35 193 171 23 5 |148 174 7 191 29 19 79 112 146 95 134 47 113 156 46 166 |6 45 116 90 76 163 188 155 83 4 157 |51 130 99 169 74 179 72 118 62 102 33 177 199 197 ||14 168 |92 44 |49 8 36 |41 104 |68 184 87 |16 189 |125 38 194 |1 150 |89 114 22 |109 |190 |131 |149 |106 |82 |20 24 186 |53 132 |154 |65 |11 |100 |158 151 |101 97 |81 |67 |136 164 |63 |139 40 |178 |54 |170 18 |196 |77 |34 61 |3 143 175 161 |64 |126 28 |91 |56 |135 10 |17 |182 165 |198 |119 124 
35325.6 566731
174 115 108 183 55 78 142 52 13 45 39 137 |171 130 98 145 74 179 72 21 58 121 195 197 |112 42 99 102 62 118 6 110 173 33 177 199 73 80 |96 105 193 141 127 2 181 9 75 66 148 117 153 120 12 129 60 25 185 |160 152 59 86 163 69 188 71 31 26 |48 116 111 93 94 140 167 30 90 76 83 4 200 ||84 88 155 157 192 |144 35 79 29 27 32 162 133 15 180 7 191 19 47 113 46 |51 169 128 57 43 138 122 123 172 37 159 70 107 |103 147 176 85 187 146 134 95 156 23 5 166 ||97 |124 |16 |101 |87 41 |154 89 |132 8 36 |165 |53 |125 |28 |65 |104 |168 |24 38 |22 194 |150 |184 92 44 |158 |100 |106 20 |61 |64 |170 186 |149 91 |151 50 |182 |34 |68 198 |14 143 |54 |131 109 |135 |3 |49 |40 |161 |136 164 |77 17 |178 |139 |196 |82 |114 |119 |18 |81 |190 |11 |67 |1 10 |56 |63 |126 |189 |175 
36438.9 566237
103 21 48 145 98 73 80 |9 13 108 115 93 140 167 94 111 200 192 137 |144 172 123 128 122 138 43 57 37 159 |152 160 147 85 176 32 162 133 15 27 96 187 70 107 |69 52 30 71 86 153 117 60 129 12 120 88 84 31 25 185 26 |42 173 110 58 183 78 142 55 39 121 195 |180 105 59 75 66 181 2 141 127 35 193 171 23 5 |148 174 7 191 29 19 79 112 146 95 134 47 113 156 46 166 |6 45 116 90 76 163 188 155 83 4 157 |51 130 99 169 74 179 72 118 62 102 33 177 199 197 ||178 |14 168 |92 44 |49 8 36 |41 104 |68 184 87 |16 189 |125 38 194 |1 150 40 |89 114 22 |109 139 |18 190 |131 |149 54 |164 132 |82 |20 24 186 |53 |154 |65 |11 |100 |158 |64 |170 |136 |91 67 50 |56 61 |196 151 |10 |17 119 |81 |97 135 |63 |126 |101 |124 |182 77 |34 |143 |198 |165 |175 |28 |106 |3 |161 |
36840.6 565019
174 115 108 183 55 78 142 52 13 45 39 137 |171 130 98 145 74 179 72 21 58 121 195 197 |112 42 99 102 62 118 6 110 173 33 177 199 73 80 |96 105 193 141 127 2 181 9 75 66 148 117 153 120 12 129 60 25 185 |160 152 59 86 163 69 188 71 31 26 |48 116 111 93 94 140 167 30 90 76 83 4 200 ||84 88 155 157 192 |144 35 79 29 27 32 162 133 15 180 7 191 19 47 113 46 |51 169 128 57 43 138 122 123 172 37 159 70 107 |103 147 176 85 187 146 134 95 156 23 5 166 ||97 |124 |16 |101 |87 41 |154 89 |132 8 36 |53 |17 |63 |165 |139 |77 |34 |104 |168 67 |38 161 |189 44 |106 20 |186 194 |149 |82 |170 |65 |91 64 |178 |109 |28 158 61 |182 |14 54 |135 |92 3 |136 |1 |49 |40 |184 |68 |11 |131 |126 |196 |143 |150 50 |198 |119 18 |22 114 |151 |100 |81 |24 |10 |164 |125 |56 |190 |175 
42157.1 564322
103 21 48 145 98 73 80 |9 13 108 115 93 140 167 94 111 200 192 137 |144 172 123 128 122 138 43 57 37 159 |152 160 147 85 176 32 162 133 15 27 96 187 70 107 |69 52 30 71 86 153 117 60 129 12 120 88 84 31 25 185 26 |42 173 110 58 183 78 142 55 39 121 195 |180 105 59 75 66 181 2 141 127 35 193 171 23 5 |148 174 7 191 29 19 79 112 146 95 134 47 113 156 46 166 |6 45 116 90 76 163 188 155 83 4 157 |51 130 99 169 74 179 72 118 62 102 33 177 199 197 ||126 |124 |3 |41 87 |97 135 |170 158 |91 |189 132 |17 |28 119 |65 |168 104 |154 |44 36 92 |54 |139 150 |165 63 |106 |16 |175 194 |184 |11 |40 64 |149 |34 61 |109 151 |22 14 114 |10 |186 89 |125 20 |49 8 |178 |38 |196 |136 |82 |53 |164 101 |161 |67 |131 |143 100 |24 50 |77 |56 |198 |18 |81 |68 |190 |182 |1 |
44245.4 560409

Time:39
Last Iter:10
Last Update:10
Tabu:0
Last Time39
18
180 96 74 42 72 167 93 188 148 75 2 127 |166 5 132 8 29 7 176 34 165 12 73 65 43 |31 155 71 60 171 63 146 113 189 27 15 32 137 55 118 169 |9 181 117 28 25 35 152 105 95 47 46 199 98 145 110 21 183 |142 52 151 26 185 153 154 141 79 187 37 57 99 130 102 173 |87 44 51 162 193 129 120 163 76 30 196 14 78 200 157 33 138 123 |190 175 125 38 3 80 104 13 108 179 103 147 144 |126 18 84 66 23 156 19 112 68 159 122 195 58 45 140 115 |92 172 70 184 197 192 121 100 111 83 88 158 53 81 85 128 48 62 6 |94 116 24 20 41 168 39 64 4 89 107 1 36 174 133 191 134 160 59 86 69 90 177 ||50 101 10 |49 |186 61 |131 139 |56 |136 |11 |54 |17 170 |106 |135 |182 |119 |77 |149 22 |164 |40 109 |143 67 |97 |161 114 124 |198 150 |16 |178 |194 91 |82 |
21860.7 1.73764e+06
17 69 125 157 200 192 111 94 75 66 181 35 160 79 191 15 187 98 |52 14 54 102 74 48 51 32 27 19 117 188 |34 8 172 197 186 88 153 9 2 183 169 130 103 57 |146 81 96 133 165 171 12 31 155 83 76 39 55 142 21 173 118 145 42 123 199 195 166 |177 33 121 131 65 43 138 189 148 71 163 |190 124 151 150 109 184 107 46 5 120 59 90 30 93 112 162 144 147 |97 73 87 26 185 23 95 134 63 105 116 13 58 6 176 |178 72 91 168 137 10 70 122 128 85 7 193 60 86 152 |113 47 156 29 127 141 129 18 25 4 20 78 62 80 159 99 |179 139 110 40 101 37 44 164 174 180 49 182 84 167 140 108 115 45 ||22 149 |92 135 |136 1 |158 77 |170 |106 |114 143 |132 56 |154 |175 64 |198 68 |28 119 3 |194 161 38 |126 |196 |82 |104 50 89 |36 53 |24 |16 |11 |61 67 41 |100 |
22232.8 1.70689e+06
174 34 181 9 83 111 130 103 |66 117 105 152 160 4 196 90 73 98 |95 47 156 23 126 129 60 148 163 157 167 21 74 57 176 7 193 |178 110 179 33 177 68 138 189 85 144 113 153 69 |11 13 142 125 155 192 137 102 118 42 70 46 79 29 162 127 59 |133 32 96 81 19 112 166 164 62 6 58 94 140 106 76 188 115 |49 180 15 27 147 10 101 107 3 25 12 141 116 93 39 |199 80 197 26 61 200 71 154 2 35 134 191 51 159 43 108 |187 172 97 128 48 145 99 72 139 183 55 45 52 30 88 84 31 120 86 171 146 |123 122 37 135 169 150 173 121 195 89 185 5 132 56 63 75 78 ||194 124 50 |198 109 |65 |184 40 151 |20 38 |100 54 |170 |53 143 |131 190 |67 24 |22 91 |44 |136 |1 |114 14 |87 36 |18 |182 77 |175 41 168 |158 17 28 |119 |149 104 64 |8 16 |161 186 |92 |165 |82 |
22505.8 1.6749e+06
92 135 159 80 199 177 33 62 43 122 107 113 19 7 162 144 60 111 140 |105 75 12 5 4 94 142 172 27 15 47 112 |188 76 155 185 46 146 171 9 152 116 110 99 48 147 |31 84 120 86 69 30 196 11 39 157 26 73 118 98 130 128 187 32 133 35 |42 145 74 183 91 175 200 83 88 28 163 90 59 181 156 |165 23 166 192 25 17 129 2 49 191 68 179 72 6 167 |115 45 55 104 121 150 173 139 169 57 138 37 51 180 29 141 |67 168 14 124 64 21 93 18 77 66 127 95 132 96 85 176 136 123 |158 71 143 24 195 197 70 174 53 63 |103 102 40 137 13 52 108 78 58 178 16 134 79 160 193 148 117 153 ||10 50 |119 |20 |100 |56 |34 |41 22 |97 |126 |106 161 |101 109 |65 |89 3 190 114 |198 44 |54 |164 36 1 |154 |87 184 131 |189 |170 186 |151 149 |81 8 61 |194 125 38 |182 |82 |
22858.2 1.66091e+06
116 106 30 94 115 104 58 98 145 137 4 157 12 59 29 85 |42 65 57 123 80 197 113 47 176 35 148 153 129 188 69 76 90 52 183 72 179 |7 146 70 26 25 121 |136 27 49 95 112 160 86 163 83 93 13 55 110 6 33 73 37 |162 133 15 191 147 92 159 199 102 139 21 168 111 84 120 117 66 193 156 |99 48 122 62 109 87 46 23 96 187 200 39 45 186 71 154 181 141 152 105 |155 17 5 56 127 75 167 11 142 118 177 138 128 103 51 |77 60 53 63 79 166 107 172 169 173 140 |2 9 171 34 134 81 16 189 32 144 61 41 74 130 |192 89 185 31 88 38 67 100 64 195 78 108 132 19 180 174 43 ||82 |184 198 36 |194 124 |164 |8 |114 175 161 |22 |28 |178 |1 68 135 |125 20 24 |126 151 |91 |131 150 3 |18 170 |149 |196 |101 |165 |14 54 50 |10 44 |97 |190 143 119 |158 182 |40 |
23585.6 1.61948e+06
12 166 195 42 99 187 27 85 162 180 |11 116 69 163 129 59 35 113 96 133 174 121 |123 48 55 78 45 111 88 25 66 181 112 |90 188 154 170 75 2 157 137 26 46 138 128 |82 120 31 185 89 200 4 175 100 52 72 179 102 80 107 70 172 147 146 |20 161 41 13 142 108 167 119 148 141 105 156 191 32 51 37 73 57 145 169 6 |152 71 155 84 38 76 5 197 199 33 173 58 39 98 43 103 130 |21 178 50 192 190 94 93 115 86 117 171 193 160 95 47 176 |74 62 177 159 61 182 134 49 79 7 15 144 60 28 153 9 127 83 30 183 |23 158 126 125 140 196 104 110 139 118 97 122 19 29 ||18 53 |54 |56 132 |184 101 1 |109 |63 |136 |14 151 |87 198 131 |17 |65 |189 |92 |81 16 36 |194 114 67 143 |77 |106 |165 |164 |34 |124 168 22 |3 10 44 |8 |64 149 91 |40 150 |68 135 |186 24 |
23801.5 1.52434e+06
105 144 133 19 29 15 180 7 191 23 77 126 60 158 185 26 |99 27 174 147 85 187 96 146 171 148 18 31 25 |51 37 73 154 71 155 |135 117 112 79 160 193 165 182 53 95 134 47 8 113 132 156 46 107 |32 152 141 2 127 35 82 66 181 75 9 59 153 12 129 5 166 |162 172 70 120 86 119 84 |179 163 68 123 128 122 138 43 57 103 48 42 145 98 74 118 72 6 110 178 21 58 139 173 150 121 33 |130 115 52 108 93 140 167 94 30 90 76 186 83 157 |176 69 159 102 62 183 78 142 55 100 39 13 45 14 196 111 116 24 67 4 200 192 |169 188 88 195 137 177 199 80 197 ||61 87 124 89 |63 |34 49 |189 81 |50 104 |168 41 22 |17 28 |136 |36 92 |143 |44 |65 |97 10 |106 20 |125 |109 |54 194 |190 |16 |11 |91 |170 |149 |164 184 |161 40 |131 198 101 1 |56 3 |38 114 151 |175 64 
24703.9 717257
109 152 105 59 9 75 181 66 126 23 5 166 |103 159 21 110 58 149 55 78 142 52 13 45 22 111 116 161 67 195 50 197 |130 39 6 72 179 74 42 99 169 145 98 65 102 62 177 199 80 89 |122 108 163 154 188 83 155 157 137 |123 93 183 196 94 140 167 30 90 76 69 71 88 84 26 |118 193 47 113 171 35 127 141 2 82 148 117 153 86 120 17 31 |60 129 12 18 25 185 |144 128 27 133 15 180 7 191 29 19 160 56 79 112 34 146 49 134 95 156 46 |48 162 174 51 32 176 85 147 96 189 187 172 92 70 36 107 87 |115 138 43 57 37 73 33 173 121 186 38 190 4 200 151 192 ||1 |114 |178 |10 44 |91 175 |104 150 |14 124 |143 40 |165 3 |24 64 |184 131 |81 |136 |61 125 |16 |135 |119 |63 |139 |168 54 |101 |100 |11 |194 |53 8 |164 |132 |68 |28 170 |198 97 |77 |20 41 |106 |158 182 
25207.3 683963
110 160 105 152 2 35 66 148 12 129 60 126 171 23 5 166 |193 48 178 58 13 183 142 78 55 149 104 121 33 177 199 80 |79 69 181 75 9 59 117 153 163 188 154 71 28 86 88 84 31 25 185 26 |141 102 37 159 174 51 147 85 27 189 96 16 46 107 |21 120 155 83 38 157 73 184 |144 173 187 176 32 162 133 15 180 7 191 29 19 112 34 146 95 134 47 113 156 |127 99 6 118 72 179 74 98 145 42 103 57 43 138 122 123 135 172 70 87 |130 62 115 30 93 167 140 94 108 52 11 196 192 |128 76 90 116 111 45 14 124 190 4 200 137 |169 22 91 39 100 195 197 ||198 |92 |63 |68 |65 |119 89 |20 41 |50 101 10 1 44 |49 132 |186 106 |82 |17 |182 |131 150 |36 97 |143 125 |77 18 61 |109 64 |175 24 168 |170 |139 |81 8 |164 |40 54 |136 |56 |67 |161 114 151 3 |165 53 |194 158 
25388 661174
133 152 171 146 19 29 7 180 15 96 187 |48 27 86 163 90 76 188 71 83 4 200 137 192 |42 141 30 93 140 167 94 111 161 186 88 155 84 31 25 185 |105 169 74 179 33 102 62 118 72 6 110 58 173 121 195 197 |115 193 112 79 160 165 95 134 47 113 156 23 5 166 |130 191 59 120 35 2 9 75 181 66 82 148 117 12 129 60 |103 145 21 45 116 157 26 |98 153 108 13 52 183 78 142 55 39 |99 127 144 32 176 85 147 174 123 172 70 46 107 |69 162 51 128 122 138 43 57 37 159 73 177 199 80 ||34 |196 |126 |178 |11 |189 |49 3 |109 150 10 |97 |135 101 |194 124 50 |198 132 |65 |20 38 |100 |56 |16 |151 184 |92 164 |139 |44 8 |114 41 |149 54 |63 |40 |17 119 170 |61 125 |154 89 |36 81 |106 143 |1 68 |14 190 |87 53 |18 |182 77 |175 168 67 |158 28 |131 |24 22 |91 |136 |104 64 
29633.5 612746
179 78 6 110 58 21 183 55 142 52 13 45 39 137 |72 51 96 19 160 79 112 34 146 95 134 47 113 156 166 |130 102 62 33 173 121 195 197 |93 105 83 120 86 170 163 154 188 71 88 155 84 31 25 26 |118 90 167 108 11 140 94 30 111 116 4 157 200 192 |145 69 141 127 35 193 171 23 5 107 |144 123 172 70 159 37 73 |115 98 74 169 99 42 48 103 128 138 122 43 57 177 199 80 |2 162 29 191 7 180 15 133 32 176 27 85 147 187 46 |174 76 152 59 9 75 181 66 148 153 117 12 129 60 185 ||92 |164 |139 50 |56 |89 |41 |124 |186 |44 |196 |119 28 18 |158 77 |131 |143 |36 68 |67 14 |20 194 40 |190 175 161 64 |8 49 |65 |136 |82 |135 10 |149 91 |38 |63 |198 |178 |189 |3 151 100 |101 |53 182 165 61 |109 184 87 |126 17 |106 24 |1 97 |132 81 16 |114 54 104 |125 |150 |168 22 
30512.5 587363
111 96 187 174 172 68 37 159 70 107 |147 116 90 69 163 188 88 25 31 84 155 83 186 24 4 157 200 192 |152 134 193 171 23 5 26 |140 105 141 127 2 181 59 9 75 66 148 117 153 86 120 12 129 60 185 |115 76 93 94 183 21 110 58 173 121 33 |30 48 42 99 169 179 6 72 118 62 102 177 199 |51 130 103 123 128 138 122 43 57 145 98 73 80 |176 35 160 79 112 19 47 113 156 46 |71 144 27 85 32 162 133 15 180 7 191 29 146 95 166 |74 167 108 78 142 52 13 45 55 39 195 137 197 ||11 |170 |97 |1 89 |178 50 |61 182 |158 126 |18 53 |54 125 |190 175 161 64 |8 49 |65 |136 |82 |135 10 |149 91 194 |38 20 |63 |198 40 |14 151 |87 131 |139 |189 |92 |41 |119 17 |154 |34 |114 101 |77 28 |196 |81 16 36 |56 |106 67 |165 |164 |143 |124 168 22 |3 |44 |104 |109 184 |132 |150 100 
31433 584024
169 193 25 31 86 120 117 59 75 66 148 12 129 60 5 185 26 |127 130 48 145 98 57 43 138 122 128 123 172 159 37 73 |85 103 42 99 74 179 72 118 62 102 33 197 |93 6 110 21 58 55 39 195 137 |121 173 177 199 80 |152 19 171 35 181 9 153 163 69 90 76 188 71 88 84 155 157 |83 27 7 191 29 160 79 112 146 134 95 23 166 |141 133 15 180 187 96 47 113 156 46 |105 144 162 32 176 147 51 174 70 107 |2 115 167 30 108 183 78 142 52 13 45 94 140 111 116 4 200 192 ||178 |198 |158 |109 |91 54 |49 61 |50 53 |28 |92 132 |184 125 |65 101 |150 151 |38 |89 |161 24 |182 |186 |104 149 |64 |18 |139 |189 87 |40 131 |190 |14 |11 |97 |100 |135 |82 |136 |56 |41 |119 17 |154 |34 |114 175 20 |77 |196 |81 16 36 |194 67 143 |106 |165 |164 |124 168 22 |3 10 44 |8 1 |126 170 |63 |68 
33470.6 570696
169 193 25 31 86 120 117 59 75 66 148 12 129 60 5 185 26 |127 130 48 145 98 57 43 138 122 128 123 172 159 37 73 |85 103 42 99 74 179 72 118 62 102 33 197 |93 139 6 110 21 58 55 39 195 137 |121 173 177 199 80 |152 19 171 35 181 9 153 163 69 90 76 188 71 88 84 155 157 |83 27 7 191 29 160 79 112 146 134 95 23 166 |141 133 15 180 187 96 47 113 156 46 |105 144 162 32 176 147 51 174 70 107 |2 115 167 30 108 183 78 142 52 13 45 94 140 111 116 4 200 192 ||178 |198 36 |67 |65 |54 |34 49 61 |132 50 |28 17 3 |194 125 |151 91 |44 101 |150 100 |168 22 |161 24 |16 |8 |104 114 |77 18 119 |189 87 |149 175 |20 190 |170 |14 41 |165 |135 |136 |131 |40 |38 124 |1 |64 |82 |97 |56 |68 109 |182 126 158 |10 |196 |53 89 |63 |184 |164 |154 143 |81 |92 |11 |186 106 
33734.3 570486
2 45 13 52 108 94 140 167 30 111 116 4 200 192 |169 193 25 31 86 120 117 59 75 66 148 12 129 60 5 185 26 |127 130 48 145 98 57 43 138 122 128 123 172 159 37 73 |85 103 42 99 74 179 72 118 62 102 33 197 |93 6 110 21 58 183 78 142 55 39 195 137 |121 173 177 199 80 |152 19 171 35 181 9 153 163 69 90 76 188 71 88 84 155 157 |115 83 27 7 191 29 160 79 112 146 134 95 23 166 |141 133 15 180 187 96 47 113 156 46 |105 144 162 32 176 147 51 174 70 107 ||178 |198 36 |67 |91 54 |34 49 61 |150 |50 44 132 |28 17 3 |194 125 38 151 |65 101 |168 22 175 |161 24 114 |16 |8 |104 149 |77 18 |119 |189 87 |40 131 |20 190 |14 41 |165 |100 |135 |196 |136 |56 |124 |64 |82 |97 |139 |53 158 126 |170 |154 |164 1 |11 |106 |143 |109 |81 |63 182 |68 184 10 |89 |92 |186 |
35097.4 558793
2 45 13 52 108 94 140 167 30 111 116 4 200 192 |169 193 25 31 86 120 117 59 75 66 148 12 129 60 5 185 26 |127 130 48 145 98 57 43 138 122 128 123 172 159 37 73 |85 103 42 99 74 179 72 118 62 102 33 197 |93 6 110 21 58 183 78 142 55 39 195 137 |121 173 177 199 80 |152 19 171 35 181 9 153 163 69 90 76 188 71 88 84 155 157 |115 83 27 7 191 29 160 79 112 146 134 95 23 166 |141 133 15 180 187 96 47 113 156 46 |105 144 162 32 176 147 51 174 70 107 ||178 |198 |17 |38 |61 44 50 |91 54 |34 49 |124 |22 |11 |196 |119 28 18 |158 77 |131 |143 |36 132 3 |100 67 194 151 |135 101 |125 114 175 190 |136 87 |65 |150 104 149 40 |168 161 24 20 |16 8 |189 |14 41 |165 |56 |64 |82 |97 |139 |170 |10 |109 |154 |81 1 |164 |182 126 |184 |106 |89 |92 |53 |186 |63 |68 |
37177.4 558486
2 45 13 52 108 94 140 167 30 111 116 4 200 192 |169 193 25 31 86 120 117 59 75 66 148 12 129 60 5 185 26 |127 130 48 145 98 57 43 138 122 128 123 172 159 37 73 |85 103 42 99 74 179 72 118 62 102 33 197 |93 6 110 21 58 183 78 142 55 39 195 137 |121 173 177 199 80 |152 19 171 35 181 9 153 163 69 90 76 188 71 88 84 155 157 |115 83 27 7 191 29 160 79 112 146 134 95 23 166 |141 133 15 180 187 96 47 113 156 46 |105 144 162 32 176 147 51 174 70 107 ||68 |36 |178 |67 |91 54 |34 49 61 |50 44 132 |28 17 |3 |38 194 151 |125 101 |22 175 114 |16 |168 161 24 |8 |104 149 150 |18 77 |189 87 |40 131 |20 190 |119 |65 |14 41 |165 |100 |135 |196 |136 |56 |124 |64 |82 |139 |97 |170 143 |109 10 |154 |81 1 |106 |182 126 158 |164 |11 |184 |89 |92 |53 |186 |63 |198 |
38611.6 557465
2 45 13 52 108 94 140 167 30 111 116 4 200 192 |169 193 25 31 86 120 117 59 75 66 148 12 129 60 5 185 26 |127 130 48 145 98 57 43 138 122 128 123 172 159 37 73 |85 103 42 99 74 179 72 118 62 102 33 197 |93 6 110 21 58 183 78 142 55 39 195 137 |121 173 177 199 80 |152 19 171 35 181 9 153 163 69 90 76 188 71 88 84 155 157 |115 83 27 7 191 29 160 79 112 146 134 95 23 166 |141 133 15 180 187 96 47 113 156 46 |105 144 162 32 176 147 51 174 70 107 ||109 89 |65 |190 87 |44 198 |189 |151 149 |170 |165 |16 |53 |132 |34 |77 |126 158 3 |175 50 |36 |20 |8 |104 125 |119 28 17 |54 91 40 |161 168 67 |131 |14 |194 |18 |100 |135 |136 |106 |196 |56 |38 124 |1 |64 |82 |97 10 |178 |154 143 |186 61 |81 49 |164 101 |182 |11 |184 |139 |22 |114 |92 |150 |68 |24 41 |63 |
39467.5 555011

Time:33
Last Iter:10
Last Update:10
Tabu:0
Last Time33
19
169 57 43 118 6 173 33 137 108 75 141 152 133 147 |51 46 80 197 78 142 52 111 188 148 112 138 103 |24 149 121 199 159 179 183 88 163 153 129 181 127 23 95 113 191 185 |194 151 3 61 81 160 193 117 189 122 128 48 110 |192 157 170 120 18 30 93 58 139 150 99 156 134 |180 7 29 79 47 96 70 123 42 72 178 21 102 45 200 12 66 69 |40 62 145 184 107 44 36 187 27 85 162 144 174 19 165 171 86 76 140 |172 32 49 146 5 166 31 28 9 2 186 4 116 94 167 13 |182 8 176 97 87 177 195 104 100 39 55 115 83 71 84 25 74 |105 59 35 60 155 90 196 11 64 89 26 73 37 98 130 15 ||82 |50 198 |126 |56 |175 38 |154 |101 125 |77 |54 14 |10 1 92 68 |132 |124 114 22 |41 161 |53 63 |65 |17 158 |190 20 168 |109 |16 |34 |91 67 |131 |164 136 |106 |135 |143 119 |
22469.5 1.65758e+06
172 44 147 29 5 192 13 76 86 48 130 |144 85 96 56 82 181 185 200 137 73 159 58 52 |62 40 114 4 129 148 66 9 160 156 122 98 169 99 |79 146 180 187 46 199 33 118 74 60 120 75 152 |34 113 70 80 121 178 142 108 69 71 155 31 171 193 162 51 174 128 |123 135 16 27 32 7 134 127 28 84 167 93 195 177 21 179 145 42 |176 95 166 197 102 57 103 110 55 39 116 111 83 88 |141 117 18 90 20 168 106 30 140 94 104 149 139 6 136 15 191 47 |26 23 132 49 112 133 68 43 65 109 183 115 25 59 105 |119 188 163 153 12 126 53 19 35 2 38 143 157 161 45 78 173 72 37 138 107 ||170 17 |64 41 |63 |14 100 |190 24 |158 |22 175 89 |198 150 |77 165 |196 |97 |81 189 |164 92 |125 |8 1 87 |124 54 |186 |154 |36 101 |11 |3 61 182 |50 194 131 |184 10 151 |67 91 |
22632.5 1.5874e+06
156 171 2 141 105 75 83 111 140 58 |27 81 70 129 84 25 69 9 181 39 78 52 |154 186 116 30 55 183 21 72 145 98 195 200 12 148 47 32 |198 103 6 178 142 90 60 59 95 134 146 |174 51 187 96 29 36 107 37 172 43 99 4 188 167 152 |110 139 48 128 97 159 10 44 16 191 182 5 26 192 100 13 108 93 |74 138 123 85 180 79 23 46 199 62 173 121 45 94 115 76 127 35 |68 57 147 176 162 133 15 132 56 17 31 88 71 163 157 |155 86 153 66 193 165 160 7 144 136 164 87 197 33 102 179 11 185 166 |112 34 19 49 8 113 63 117 120 38 22 137 80 177 73 122 42 169 130 118 ||24 41 143 |64 149 |28 |106 |194 |119 |65 |170 50 |40 104 91 124 |1 |77 158 125 |20 67 151 89 |61 109 |131 |175 168 |189 |135 184 |101 150 |126 |54 |92 |114 14 |53 |196 161 |3 190 |18 |82 |
23173.8 1.52543e+06
187 29 16 136 180 128 43 111 188 163 71 84 |66 107 1 36 101 102 62 121 83 25 60 35 105 |164 8 19 133 162 159 26 185 181 2 93 13 142 169 42 145 |21 139 177 195 157 119 82 134 47 156 166 116 55 78 98 130 123 |118 126 5 113 146 56 193 88 154 76 39 74 99 138 147 176 32 15 |174 100 168 170 59 75 112 189 27 48 179 72 |52 191 49 96 144 23 12 86 4 137 197 80 73 33 173 108 115 200 ||153 89 46 95 79 85 51 172 68 57 110 183 45 94 167 140 30 90 69 120 117 148 31 |152 81 7 63 165 171 129 9 141 155 143 192 50 199 37 122 103 135 70 6 58 |127 160 ||131 10 |196 |184 114 |178 |132 77 |17 |92 |67 |28 18 3 |104 54 151 |97 |125 186 20 161 124 |40 194 175 |150 |14 |198 109 87 |190 22 |158 |65 |11 |61 149 |91 |53 182 |64 41 |38 24 |106 |34 |44 |
25984.9 1.45645e+06
122 156 171 2 141 105 75 83 111 140 58 177 73 80 |27 169 81 70 129 84 25 69 9 181 39 78 52 137 |189 186 116 30 55 183 21 72 145 98 195 200 12 148 47 32 |198 103 6 178 142 90 60 59 95 134 146 113 |174 51 187 96 29 36 107 37 172 43 99 4 188 167 152 117 120 |110 112 139 48 128 97 159 10 44 16 191 182 5 26 192 100 13 108 93 |74 138 123 85 180 79 23 46 199 62 173 121 45 94 115 76 127 35 |130 68 57 147 176 162 104 15 132 56 17 31 88 71 163 157 |19 155 86 153 66 193 165 160 7 133 144 136 164 |42 197 33 102 179 118 11 185 166 ||34 49 |24 41 143 |64 149 |28 |106 38 |8 |63 |119 |65 |22 |170 |131 |1 184 |77 158 |20 67 151 89 |61 109 |135 |91 175 |87 40 124 |18 |154 125 |50 194 101 |126 |54 |150 |92 |114 14 |53 |196 161 |3 190 |168 |82 |
26546.5 1.32918e+06
83 62 58 149 192 |41 29 43 121 60 65 14 7 180 16 70 107 |155 188 71 84 25 |53 187 198 24 34 128 171 35 141 152 105 9 66 129 |127 164 8 19 133 162 159 26 185 181 2 93 13 142 6 169 42 145 |153 21 139 177 195 157 119 82 134 47 156 166 116 55 78 98 130 103 122 123 37 |126 102 5 113 146 56 193 88 154 76 39 74 99 138 147 176 32 15 |174 100 168 170 59 75 112 189 27 48 179 72 118 199 |191 163 49 96 144 23 12 86 4 137 197 80 73 33 173 52 108 115 200 ||160 111 89 46 95 79 85 51 172 68 57 110 183 45 94 167 140 30 90 69 120 117 148 31 ||81 50 |67 143 |196 |184 114 |178 |132 77 |17 |131 10 |92 135 |63 165 |28 18 3 |104 54 151 |64 |20 |161 |38 |190 |97 |175 158 |136 |125 |1 87 |36 |101 44 61 |109 194 |186 124 |106 |182 |11 |22 |40 |150 |91 
26786.6 1.3016e+06
12 57 140 155 178 97 52 115 4 200 44 92 |103 145 172 80 |39 60 75 35 26 197 187 27 180 32 7 29 19 146 |176 73 199 68 138 74 45 156 113 134 112 79 160 127 |49 21 34 182 5 166 185 31 84 86 163 111 167 93 102 72 99 48 43 107 |198 1 96 117 188 152 13 142 78 183 58 110 6 195 137 |174 118 179 98 177 173 108 148 9 141 56 47 46 70 147 162 133 15 |42 23 171 95 85 51 128 169 62 30 90 69 71 153 59 181 66 82 |116 196 100 139 109 37 159 122 130 25 83 105 193 144 |149 123 55 94 76 88 120 129 158 53 191 2 157 192 33 121 ||65 |132 |190 143 186 89 |50 67 22 |63 |151 20 38 |101 150 |126 |106 124 |11 |154 |61 3 184 |168 54 |8 16 |165 87 |40 194 24 |18 170 |91 104 64 |10 131 |175 161 |119 |36 81 |164 136 |189 |114 41 125 |17 |14 |135 |77 28 |
28694.8 1.29672e+06
144 60 129 76 155 83 67 200 192 137 49 105 13 188 163 69 |133 90 30 93 140 167 94 111 116 4 157 26 |52 128 172 65 123 122 138 57 43 37 159 12 80 |35 162 187 180 7 191 19 134 95 112 79 160 193 171 182 23 48 |45 152 120 75 141 127 2 66 181 9 59 148 117 153 86 170 71 88 84 31 25 185 |103 29 15 73 32 176 51 174 147 85 27 96 47 113 156 46 166 |183 130 5 42 99 169 145 98 70 107 |115 74 21 179 72 6 110 58 121 195 |146 108 39 142 78 55 118 62 33 197 |173 102 177 199 ||194 22 124 |189 |198 1 89 |34 81 |50 149 |143 126 |158 28 |63 |106 20 |175 184 |135 |18 |11 |132 |136 |3 8 87 |139 |154 |178 40 |114 |92 68 |56 |82 |190 54 |91 41 |17 |186 |165 |77 53 |44 36 |16 |168 104 |119 |151 |164 10 |14 161 |38 125 |196 |150 109 |97 |24 |131 |101 61 |64 100 
29964.5 832489
141 176 15 51 144 133 162 32 27 85 147 174 164 70 10 |152 74 47 134 95 112 146 19 29 191 7 180 96 189 187 113 156 46 |105 130 99 169 145 42 48 57 43 128 138 122 123 97 159 1 107 |79 58 78 142 108 52 196 94 140 167 30 111 116 161 20 4 157 200 192 26 |98 129 60 188 76 90 93 14 13 45 22 104 121 |59 185 149 55 39 100 64 195 |173 150 62 102 109 33 197 |103 160 69 163 28 86 120 12 153 117 148 66 75 9 181 2 127 35 193 63 171 182 23 5 166 |25 31 84 71 88 155 83 38 125 124 151 137 |115 172 183 21 110 6 72 179 118 37 198 73 177 199 80 ||126 |170 |65 101 |131 194 |106 |81 |34 |54 |143 |158 |61 67 |175 184 |135 |18 |11 |132 |136 |3 8 87 |139 |178 40 |190 114 24 |92 68 |56 |165 |82 |154 |91 41 |17 |186 |77 53 |44 36 |16 |168 89 |50 119 |49 
29967.5 682977
11 105 141 127 171 79 112 146 19 95 134 47 113 156 46 107 |144 70 187 51 176 162 191 7 180 27 85 147 174 172 97 159 37 198 73 87 |32 103 122 138 43 57 121 118 62 102 131 109 177 199 80 197 |128 15 29 181 59 9 75 66 12 129 60 158 71 88 155 125 157 |152 96 23 5 153 163 69 188 76 186 83 |2 78 142 55 161 31 25 185 166 26 |169 115 30 90 93 140 167 94 52 13 45 14 124 192 |35 108 116 111 22 39 194 137 |133 160 193 148 117 120 86 84 175 4 200 ||183 123 130 99 42 48 145 98 74 179 72 6 110 21 58 173 150 33 195 ||61 |164 |8 |143 |56 |82 |34 |81 |49 |119 126 |170 17 |64 41 |63 |10 |154 |182 |50 |24 38 |196 |67 |168 100 |101 89 |184 |28 18 |20 40 |165 132 |91 149 |139 |77 53 |44 36 92 |104 190 |135 68 |65 |1 136 |189 16 |178 |114 |106 |3 54 151 
30327.9 664463
105 45 152 127 35 2 66 181 9 75 148 117 153 86 120 12 129 60 84 88 155 31 25 185 26 |103 174 51 147 85 27 96 187 46 |141 29 146 34 112 79 95 171 23 5 166 |193 123 172 136 36 |108 176 32 144 162 133 15 7 180 191 19 134 47 113 156 107 |160 99 48 122 138 43 57 98 145 42 169 74 102 62 33 177 199 73 101 80 197 |52 59 163 71 188 69 90 76 83 38 116 111 94 93 140 167 30 106 24 41 4 157 200 ||128 55 6 179 118 72 110 21 58 173 64 195 137 192 |130 115 183 78 142 13 39 121 37 159 44 |16 70 1 ||164 |139 |126 119 |100 168 |49 56 |89 68 |81 50 |67 143 |196 |184 114 |178 |132 77 |17 170 |131 10 |92 135 |63 165 |189 8 |154 |82 |28 18 3 |104 54 151 |97 |125 186 20 161 124 |40 194 175 |150 |14 |198 109 87 |190 22 |158 |65 |11 |61 149 |91 |53 182 
30788.9 655029
144 60 129 12 155 83 67 200 192 137 |105 13 188 163 69 76 90 30 93 140 167 94 111 116 4 157 26 |52 128 172 65 123 122 138 57 43 37 159 73 80 |35 162 187 180 7 191 19 134 95 112 79 160 193 171 182 23 5 |45 152 120 75 141 127 2 66 181 9 59 148 117 153 86 170 71 88 84 31 25 185 |103 29 15 133 32 176 51 174 147 85 27 96 47 113 156 46 166 |183 130 48 42 99 169 145 98 70 107 |115 74 21 179 72 6 110 58 121 195 |146 108 39 142 78 55 118 62 33 197 |173 102 177 199 ||50 194 22 124 |189 |198 1 89 |34 81 |54 149 |143 126 |158 28 |63 |106 20 |175 184 |135 |18 |11 |132 |136 |3 8 87 |139 |178 40 |190 114 24 |92 68 |56 |165 |82 |154 |91 41 |17 |186 |77 53 |44 36 |16 |168 104 |119 |151 |164 10 |14 161 |38 125 |196 |150 109 |97 |49 |131 |101 61 |64 100 
30860.2 603198
51 90 76 83 84 31 25 185 |93 144 180 7 160 193 61 |99 92 47 113 156 46 107 26 |152 163 69 188 71 30 140 167 94 111 116 67 |91 32 179 147 85 176 15 27 96 191 29 19 112 79 146 134 95 23 166 |103 133 187 70 172 123 128 122 138 43 57 37 159 73 80 |108 130 98 48 42 169 74 72 6 118 173 62 102 33 177 199 197 |162 105 127 141 181 66 75 9 59 117 12 129 60 5 |174 2 35 171 148 153 120 86 88 155 157 4 200 192 137 |115 145 110 58 21 183 142 78 55 52 13 45 39 121 195 ||143 |56 |114 |82 |34 |135 |16 |132 49 |119 |170 17 |100 41 |63 |1 10 |154 |68 50 |24 168 |36 |106 |64 149 |65 |136 |196 |165 |178 |8 44 |184 89 |101 |77 |81 |28 18 3 |54 151 |97 |109 124 |40 175 161 |150 |182 53 |38 125 |139 |87 |189 |164 |104 |194 14 |186 20 |126 190 |198 131 |22 |158 |11 |
33288.3 595589
35 111 116 20 157 185 |152 193 163 28 120 117 148 12 129 60 23 5 |171 115 93 94 140 167 30 106 83 4 200 ||102 51 187 29 160 79 112 146 95 134 156 166 |98 174 147 144 133 162 32 176 85 27 15 180 7 191 19 47 113 46 107 |99 62 42 145 57 43 138 122 128 123 172 159 37 73 80 |183 103 48 74 179 118 72 6 110 58 173 121 33 177 199 197 |130 21 55 78 142 108 52 13 45 39 195 137 192 |169 70 76 90 69 188 71 155 26 |96 105 141 127 2 66 181 75 9 59 153 86 88 84 31 25 ||50 124 |126 |135 |119 |89 194 87 |22 |198 1 |184 3 |8 |149 54 |139 |178 40 |190 114 24 |92 68 |56 |165 |82 |154 143 |91 41 |17 |186 |77 53 |44 36 |16 132 |81 189 |18 158 |168 |151 |164 10 |14 161 |38 125 |196 |11 |150 109 |104 |49 |97 |131 |101 61 |64 100 67 |65 |182 |170 |175 |63 |136 |34 
33562.2 579544
130 65 187 96 46 |103 95 134 146 112 79 160 193 171 182 23 166 |144 167 108 52 13 55 142 78 183 21 110 58 173 121 33 195 |115 145 172 174 51 147 85 176 32 162 133 15 180 7 191 29 19 47 113 156 |27 105 75 66 148 12 129 5 |59 39 45 94 111 116 83 155 157 4 200 137 192 |9 140 30 90 76 69 163 188 71 88 84 31 25 26 |93 152 141 2 181 117 153 86 120 60 185 |127 6 118 72 179 74 169 99 42 98 57 43 122 138 128 123 37 159 |48 35 107 70 73 102 62 177 199 80 197 ||135 |175 |18 50 |132 49 |119 |170 186 |143 41 67 |91 |10 36 |189 |61 24 |68 97 |40 150 3 |8 |106 |151 149 194 |139 131 |87 |44 |196 |154 |28 |38 114 190 |77 126 |82 |20 124 89 |165 63 |136 1 |34 81 |22 54 |17 |198 184 |178 |92 |56 |53 |16 |168 104 |158 |164 |14 161 |125 |11 |109 |101 |64 100 |
34779.6 577218
75 179 130 169 42 48 145 98 57 43 138 128 122 37 159 73 80 |103 174 123 172 70 46 23 166 |71 144 27 15 133 162 32 176 85 51 147 187 107 |105 193 180 7 191 29 19 146 112 79 95 134 47 113 156 |30 152 141 35 127 2 181 9 66 148 12 129 60 5 26 |99 173 55 78 142 52 13 45 39 4 200 192 |74 108 183 21 58 110 6 72 118 62 102 33 177 199 197 |96 121 93 167 140 94 111 116 195 137 |160 88 153 86 120 84 31 25 185 |115 171 59 117 163 188 69 90 76 83 155 157 ||184 89 |165 |135 |175 |18 50 |132 49 |119 |170 186 |143 41 67 |91 |10 36 |189 |61 24 |68 97 |40 150 3 |8 |106 |151 149 194 |139 131 |87 |44 |196 |154 |28 |38 114 190 |77 126 |82 |178 |198 |22 100 |136 164 |11 |56 |17 |16 81 |101 125 |63 182 |54 14 |1 92 |124 104 |161 |53 |65 |158 |64 20 |109 |168 |34 |
35481.7 564463
75 179 130 169 42 48 145 98 57 43 138 128 122 37 159 73 80 |103 174 123 172 70 46 23 166 |71 144 27 15 133 162 32 176 85 51 147 187 107 |105 193 180 7 191 29 19 146 112 79 95 134 47 113 156 |30 152 141 35 127 2 181 9 66 148 12 129 60 5 26 |99 173 55 78 142 52 13 45 39 4 200 192 |74 108 183 21 58 110 6 72 118 62 102 33 177 199 197 |96 121 93 167 140 94 111 116 195 137 |160 88 153 86 120 18 84 31 25 185 |115 171 59 117 163 188 69 90 76 83 155 157 ||101 |14 |131 |186 |97 |132 |67 |82 |89 |8 |135 |161 61 |41 |158 |194 175 |49 |16 |56 |81 87 10 |68 |65 |106 |154 170 |164 136 |165 63 |77 |22 168 |1 36 |64 |119 50 |198 3 |178 40 |196 124 |182 53 |91 149 151 |38 190 125 |109 139 |28 17 |100 |189 |24 |126 143 |104 54 114 |11 |44 184 |20 |34 |150 |92 
36360.7 559085
75 179 130 169 42 48 145 98 57 43 138 128 122 37 159 73 80 |103 174 123 172 70 46 23 166 |71 144 27 15 133 162 32 176 85 51 147 187 107 |105 193 180 7 191 29 19 146 112 79 95 134 47 113 156 |30 152 141 35 127 2 181 9 66 148 12 129 60 5 26 |99 173 55 78 142 52 13 45 39 4 200 192 |74 108 183 21 58 110 6 72 118 62 102 33 177 199 197 |96 121 93 167 140 94 111 116 195 137 |160 88 153 86 120 84 31 25 185 |115 171 59 117 163 188 69 90 76 83 155 157 ||91 |114 |16 |124 186 151 |119 126 |170 17 |41 161 64 |63 53 |14 22 |109 |158 182 |81 189 |68 |24 38 |106 |49 |11 |139 131 |178 |168 100 |67 149 |136 |89 |20 |198 |77 |165 |196 |3 |104 190 |97 |175 |101 |164 92 |1 |125 87 |184 |36 10 |8 44 61 |154 |194 50 |65 |40 54 |18 28 |132 |56 |82 |135 |34 |150 |143 
37378.1 558679
75 179 130 169 42 48 145 98 57 43 138 128 122 37 159 73 80 |103 174 123 172 70 46 23 166 |71 144 27 15 133 162 32 176 85 51 147 187 107 |105 193 180 7 191 29 19 146 112 79 95 134 47 113 156 |30 152 141 35 127 2 181 9 66 148 12 129 60 5 26 |99 173 55 78 142 52 13 45 39 4 200 192 |74 108 183 21 58 110 6 72 118 62 102 33 177 199 197 |96 121 93 167 140 94 111 116 195 137 |160 88 153 86 120 84 31 25 185 |115 171 59 117 163 188 69 90 76 83 155 157 ||101 |14 |131 |186 |97 |132 |67 |82 |89 |8 |135 |161 61 |41 |158 |194 175 |49 |34 |56 |81 87 10 |68 |65 |150 |106 |154 170 |164 136 |165 63 |77 |22 168 |1 36 |64 50 |198 3 |178 40 |196 124 |182 53 |91 149 151 |38 190 125 |119 |139 109 |100 |189 |24 |126 28 |104 |54 |44 |17 |11 |20 |114 184 |143 |16 |18 |92 
40716 555690

Time:39
Last Iter:10
Last Update:10
Tabu:0
Last Time39
15
119 31 5 44 70 73 98 72 45 76 181 152 147 |34 81 96 85 133 164 130 137 90 30 108 142 |6 62 103 196 117 148 75 127 160 19 156 144 |18 154 24 161 39 121 200 166 146 7 32 193 43 48 |177 80 195 192 54 55 110 115 188 71 129 66 9 113 180 27 51 128 |187 8 95 165 12 143 38 41 93 118 179 169 42 |153 86 126 171 2 105 134 191 29 123 122 138 65 159 33 139 178 183 4 157 |88 83 69 163 120 185 26 184 199 109 150 74 99 36 16 79 116 111 167 |3 89 197 46 112 35 141 155 94 52 13 78 21 102 37 174 176 162 |23 47 15 172 57 145 173 58 101 107 25 84 60 59 140 ||20 186 |40 91 |22 |136 |11 |125 168 |82 |194 190 87 |132 189 |92 |158 77 |170 124 |151 175 67 |97 |104 100 |63 61 |50 |28 |56 |14 |135 |64 149 114 |10 131 198 |1 68 |53 49 |17 |182 |106 |
21866.2 1.68793e+06
198 97 136 191 47 79 12 75 71 76 90 192 6 72 145 98 |60 89 137 197 102 62 74 169 183 45 146 29 176 |69 163 28 84 200 195 121 58 21 57 103 85 162 95 23 5 |133 112 113 46 122 110 55 78 116 155 25 120 117 141 171 |64 39 54 94 115 83 188 59 2 127 26 73 |161 108 149 178 179 65 131 177 199 40 166 156 134 160 129 88 15 32 |38 190 67 142 93 17 148 193 34 7 27 147 123 138 130 173 80 159 |111 140 91 118 43 172 70 107 10 189 180 51 157 4 153 66 |144 96 37 33 42 99 14 167 30 154 181 35 152 105 |151 125 31 185 86 9 81 19 187 174 128 48 139 13 52 ||18 61 |132 |124 20 24 |196 |11 |119 170 |100 114 |143 41 |164 |106 |1 36 92 |126 |135 |53 77 87 |194 109 |44 16 8 |49 |63 |175 |82 |22 50 |158 186 |184 |56 |165 182 3 |68 101 |150 104 |168 |
22012.1 1.52149e+06
43 65 37 17 18 171 193 165 182 53 23 61 166 |110 138 122 144 51 187 147 174 136 164 172 159 70 107 |108 123 57 98 42 169 74 179 72 139 55 78 142 52 13 20 24 116 111 14 45 22 168 41 124 190 4 200 192 |145 96 105 153 117 59 9 75 148 12 129 60 185 26 |48 178 35 160 56 79 112 19 146 95 134 46 |21 141 163 71 170 86 120 25 31 84 88 155 137 |130 127 133 162 32 176 85 27 15 180 7 191 47 81 113 156 |99 29 152 2 181 66 126 5 |103 115 39 151 195 40 121 173 58 6 118 62 102 109 33 177 199 73 101 80 197 3 |128 183 77 93 140 167 94 30 76 90 69 188 83 186 38 125 143 157 ||97 36 |28 |8 |63 |175 |82 |87 |119 |198 |54 |104 50 |10 |150 |106 |11 |132 34 |91 |184 |135 |158 |49 |68 92 1 |154 |196 67 |189 16 |131 44 |149 100 89 |161 114 194 64 
22288.1 748929
158 18 165 161 139 40 3 125 157 199 177 198 89 50 197 |30 7 46 191 29 19 79 112 146 134 95 23 61 |130 128 70 74 169 145 57 43 138 122 123 187 96 81 47 113 156 |48 98 116 111 94 167 140 93 115 108 52 13 190 4 200 26 |144 103 42 102 62 183 78 142 55 39 14 45 22 137 192 |136 21 118 179 72 6 110 58 173 121 33 195 |180 83 60 12 148 59 75 66 193 160 107 |65 129 181 9 117 153 120 86 163 76 90 69 154 188 71 88 155 84 31 25 185 |99 133 162 15 189 27 32 176 85 147 51 174 172 37 159 73 80 |131 105 152 141 2 127 35 171 5 166 ||91 |38 |182 |56 |186 |34 |10 184 |101 97 |178 |68 |28 17 |64 149 |54 |150 151 |132 |124 20 24 67 |196 |11 |119 170 |100 114 |143 41 |164 |106 |1 36 92 |126 |135 |53 77 87 |194 109 |44 16 8 |49 |63 |175 |82 |168 104 
26295.3 741012
141 174 191 19 134 47 156 |93 29 193 160 79 112 34 146 95 |115 183 108 142 78 55 52 13 45 54 39 149 121 33 195 |99 105 84 86 117 59 75 66 148 60 129 12 120 18 31 25 185 61 |144 135 68 197 137 26 |104 161 63 165 196 20 106 153 9 181 2 127 35 82 171 23 5 166 |152 51 70 27 7 180 15 133 32 85 147 187 96 8 113 132 46 107 |176 103 179 48 42 169 74 118 72 6 110 21 178 58 173 62 102 177 199 |162 145 123 172 98 57 43 138 128 122 97 37 159 73 80 |119 130 116 111 94 140 167 30 163 76 90 69 188 71 88 155 83 157 4 200 192 ||41 194 |150 |126 17 |151 170 |164 136 44 |38 |81 16 |11 |87 |67 14 |101 10 40 |65 |100 91 22 |114 124 24 |189 |186 |92 184 |154 |56 |49 89 |198 |158 |175 64 190 |109 139 |143 168 |182 53 |28 125 |131 1 |36 |77 3 50 
26460.3 693983
115 69 59 117 12 129 60 |110 105 2 181 9 153 163 188 71 88 155 84 31 25 |78 66 75 148 120 185 26 |183 127 35 95 134 112 160 193 165 171 77 23 5 |51 58 21 142 13 52 108 93 140 167 94 30 106 111 116 161 45 55 39 149 195 |29 196 86 90 76 83 143 125 175 4 157 200 137 192 |133 130 99 42 103 48 98 145 169 74 179 6 72 118 139 173 121 50 |79 33 162 176 147 174 135 123 172 68 159 70 1 107 |152 144 32 85 187 96 27 15 180 7 191 19 146 49 47 8 113 132 156 46 61 166 |141 36 128 122 138 43 57 37 198 73 102 62 109 177 199 80 197 ||64 |63 |158 |82 |178 |97 |119 |41 194 |28 |38 |182 |56 |186 |54 |34 |150 |126 17 |151 170 |164 136 44 |3 |81 16 |11 |87 53 |67 14 |101 10 40 |65 |100 91 22 |114 124 24 |189 |92 184 |154 |131 104 |18 190 |20 168 89 
27206.2 667149
133 161 116 24 20 4 200 192 |176 105 69 90 76 188 163 86 28 153 117 12 129 60 185 3 26 |11 128 138 57 103 48 42 98 145 169 74 179 72 118 173 62 102 131 33 177 199 80 |99 175 52 54 39 100 121 195 197 |144 152 171 59 66 148 18 120 119 71 88 155 84 31 25 |122 9 182 79 19 29 191 7 180 15 27 96 8 47 113 156 46 107 |162 43 123 44 187 85 147 51 174 136 164 92 172 97 159 37 198 73 |130 70 58 6 110 178 21 183 78 142 55 13 45 14 137 |32 154 181 2 141 127 35 193 160 112 146 134 95 23 5 166 |75 115 108 93 94 140 167 111 30 106 38 83 157 ||168 |165 |109 150 101 |126 89 |124 114 149 104 |189 16 |81 |82 |143 22 |91 67 |196 |65 |139 |63 |1 40 |34 |50 61 158 |125 |49 |10 36 132 |64 |17 170 |56 |68 135 |77 |186 |53 184 87 |194 190 41 151 
27258.2 654861
63 165 196 20 106 2 127 35 82 171 23 5 166 |152 51 70 27 7 180 15 133 32 85 147 187 96 8 113 132 46 107 |176 103 179 48 42 169 74 118 72 6 178 62 102 177 199 |162 145 123 172 57 43 138 128 122 97 37 159 73 80 |119 130 140 163 76 90 69 188 71 155 83 157 4 200 192 |144 98 142 39 55 45 13 52 94 167 30 111 116 41 194 137 |108 88 86 12 129 60 185 26 |99 115 183 78 21 110 58 173 121 33 195 197 |93 141 105 59 9 75 66 148 117 153 120 84 31 25 |174 181 193 160 79 112 29 191 19 146 95 134 47 156 ||150 |126 17 |151 170 |164 136 44 |38 |81 16 |11 |87 |67 |101 10 40 |65 |91 22 |114 |189 |186 |92 184 |154 |56 |49 89 |198 |158 175 |64 |109 |168 125 |139 131 |1 36 |190 124 |14 24 |143 |182 53 |28 |77 3 50 |34 |54 100 149 |18 61 |135 68 |104 161 
27978.3 631811
108 99 128 122 138 43 57 103 48 42 169 74 62 102 198 159 73 |114 54 100 199 80 |174 153 115 93 94 140 30 111 116 4 157 |167 130 98 145 179 118 72 6 110 21 58 173 121 33 195 197 |123 83 90 76 69 163 188 71 88 155 31 25 185 26 |55 105 35 152 141 127 2 181 75 66 148 60 129 12 120 86 84 |9 183 78 142 52 11 13 39 137 |117 70 29 191 7 180 27 15 133 162 32 176 85 147 187 96 47 113 132 156 46 107 |51 172 37 177 91 45 168 200 192 |59 144 19 171 193 160 79 112 146 134 95 23 5 166 ||24 89 50 |64 |182 126 |189 |38 186 |34 |178 |101 |190 41 |106 |170 |184 |81 |104 22 |16 |53 |61 |1 136 |44 68 |135 92 |56 |20 143 124 |154 |131 109 |14 67 |149 150 |65 |158 17 18 |165 |196 161 |164 |139 |151 194 40 3 |77 125 |10 97 36 |28 |49 8 |63 |175 |82 |87 |119 
29848.6 618585
169 115 183 78 142 45 13 52 108 93 140 167 94 111 116 24 4 200 137 192 89 |144 50 39 91 55 173 121 195 |51 69 58 21 110 6 72 118 179 74 102 62 33 177 199 80 |103 7 147 96 27 176 32 162 133 15 180 191 29 19 146 134 95 23 156 46 |98 127 9 59 117 153 86 163 188 90 76 83 155 157 |120 12 129 5 |148 42 145 172 37 159 73 197 |48 85 113 47 112 79 160 193 35 2 181 75 66 60 185 26 |105 130 99 128 57 43 138 122 123 174 187 70 107 166 |30 152 141 171 71 88 84 31 25 ||64 |182 126 |189 |38 186 |34 |178 |101 |190 41 |106 |170 |184 |81 |104 22 |16 |53 |61 |1 136 |44 68 |135 92 |56 132 |20 143 124 |154 |131 109 |14 67 |149 150 |65 |158 17 18 |165 |11 |196 161 |164 |139 |151 194 40 3 |77 125 |10 97 36 |28 |49 8 |63 |175 |82 |168 |87 |119 |198 |114 54 100 
30221.8 617215
115 103 48 179 58 110 139 6 72 118 62 102 177 199 80 197 |130 52 183 78 55 149 39 67 4 200 ||42 21 108 93 30 140 167 94 111 116 13 45 14 192 |128 144 133 162 32 176 27 85 147 174 164 70 107 |123 35 188 69 90 76 38 83 155 88 25 185 26 |142 152 141 127 2 181 59 9 75 66 148 84 31 157 137 |169 112 79 160 193 171 165 95 134 23 166 |138 146 187 96 15 180 7 29 191 19 47 81 113 156 46 |51 99 74 145 98 57 43 122 37 159 73 33 173 121 195 |172 105 163 71 86 153 117 120 12 129 60 5 ||36 1 92 |168 91 |68 135 |131 |126 28 |182 |101 |34 |17 89 |104 22 |196 |40 150 |53 63 |143 20 186 |54 50 |132 |136 |154 |11 |178 |65 |161 100 64 |190 41 124 |106 24 |170 |198 |3 151 184 |97 |158 119 |87 |56 |189 |77 61 |194 109 |44 16 8 |49 |175 |82 |10 114 |18 125 
30256 603676
32 29 51 147 85 176 162 15 7 180 27 96 187 70 107 |2 30 140 94 111 116 155 88 71 188 69 90 76 83 38 186 157 4 200 ||144 172 191 19 79 112 34 146 95 134 47 113 156 46 |115 178 183 78 142 108 52 13 45 55 39 195 137 192 |133 163 105 59 9 75 181 66 148 129 60 26 |167 152 141 127 117 153 86 120 12 84 31 25 185 |174 35 160 193 171 23 5 166 |93 99 103 42 169 72 118 173 121 33 197 |130 21 110 6 179 74 145 98 102 62 177 199 |58 48 123 128 122 138 57 43 37 159 73 80 ||184 |81 |104 22 |16 |53 |61 |1 136 |44 68 |135 92 |56 132 |20 143 124 |154 170 |101 131 109 |14 67 |149 150 |65 |158 17 18 |165 |11 |196 161 |106 |164 |139 |151 194 40 3 |77 125 |10 97 36 |28 |49 8 |63 |175 |82 |190 41 168 |87 |119 |198 |114 54 100 |24 89 |50 91 |64 |182 126 |189 
32588.1 576241
130 140 163 76 90 69 188 71 155 83 157 4 200 192 |98 142 39 55 45 13 52 94 167 30 111 116 41 194 137 |108 88 28 86 12 129 60 185 26 |115 183 54 78 21 110 58 173 121 33 195 197 |93 105 59 9 75 66 148 117 153 120 84 31 25 |174 181 160 79 112 19 146 95 134 156 |6 152 141 2 127 35 193 171 23 5 166 |145 162 96 187 51 147 27 85 32 144 133 15 180 7 191 47 113 46 107 |176 122 128 123 172 70 159 37 73 80 |29 99 138 43 57 103 48 42 169 74 179 72 118 62 102 177 199 ||11 |34 |104 150 |139 87 |1 92 164 |10 68 97 |165 89 |119 17 |63 |40 132 |20 143 124 |154 170 |101 131 109 |136 |56 |106 |196 |22 |61 189 |44 |49 81 |198 |158 175 |100 190 |114 149 64 |168 125 |182 |65 |18 77 |135 36 |126 |67 161 38 |151 184 |186 |50 8 |14 91 |24 |82 |16 |178 |3 |53 
35692.1 576016
32 29 51 147 85 176 162 15 7 180 27 96 187 70 107 |2 30 140 94 111 116 155 88 71 188 69 90 76 83 38 186 157 4 200 ||144 172 191 19 79 112 34 146 95 134 47 113 156 46 |115 178 183 78 142 108 52 13 45 55 39 195 137 192 |133 163 105 59 9 75 181 66 148 129 60 26 |167 152 141 127 117 153 86 120 12 84 31 25 185 |174 35 160 193 171 23 5 166 |93 99 103 42 169 72 118 173 121 33 197 |130 21 110 6 179 74 145 98 102 62 177 199 |58 48 123 128 122 138 57 43 37 159 73 80 ||184 |81 |104 22 |16 |53 |49 8 |61 190 |1 136 |44 68 |135 92 |56 132 |20 143 124 |154 170 |101 131 109 |175 14 67 |149 150 |65 |158 17 18 |63 165 |11 |196 161 |106 |164 |139 |151 194 40 3 |77 125 |10 97 36 |28 |41 168 |87 |119 126 |91 100 50 |198 |189 |82 |24 |114 |64 |54 |182 |89 
35746.8 574913
32 29 51 147 85 176 162 15 7 180 27 96 187 70 107 |2 30 140 94 111 116 155 88 71 188 69 90 76 83 38 186 157 4 200 ||144 172 191 19 79 112 34 146 95 134 47 113 156 46 |115 178 183 78 142 108 52 13 45 55 39 195 137 192 |133 163 105 59 9 75 181 66 148 129 60 26 |167 152 141 127 117 153 86 120 12 84 31 25 185 |174 35 160 193 171 23 5 166 |93 99 103 42 169 72 118 173 121 33 197 |130 21 110 6 179 74 145 98 102 62 177 199 |58 48 123 128 122 138 57 43 37 159 73 80 ||184 |81 |41 |91 |53 |10 |61 |50 |3 |151 |56 132 |143 124 |154 170 |101 131 109 |175 14 67 |149 150 |65 |158 17 18 |63 165 |11 |196 161 |119 |139 |106 125 |194 |77 126 |68 44 1 |20 24 |28 |92 |82 |168 22 |100 104 64 40 |16 |198 |135 |49 |114 |164 |189 |97 |8 |136 |190 |36 |87 |54 |182 |89 
40434.3 566219

Time:0
Last Iter:10
Last Update:10
Tabu:0
Last Time0
15
119 31 5 44 70 73 98 72 45 76 181 152 147 |34 81 96 85 133 164 130 137 90 30 108 142 |6 62 103 196 117 148 75 127 160 19 156 144 |18 154 24 161 39 121 200 166 146 7 32 193 43 48 |177 80 195 192 54 55 110 115 188 71 129 66 9 113 180 27 51 128 |187 8 95 165 12 143 38 41 93 118 179 169 42 |153 86 126 171 2 105 134 191 29 123 122 138 65 159 33 139 178 183 4 157 |88 83 69 163 120 185 26 184 199 109 150 74 99 36 16 79 116 111 167 |3 89 197 46 112 35 141 155 94 52 13 78 21 102 37 174 176 162 |23 47 15 172 57 145 173 58 101 107 25 84 60 59 140 ||20 186 |40 91 |22 |136 |11 |125 168 |82 |194 190 87 |132 189 |92 |158 77 |170 124 |151 175 67 |97 |104 100 |63 61 |50 |28 |56 |14 |135 |64 149 114 |10 131 198 |1 68 |53 49 |17 |182 |106 |
21866.2 1.68793e+06
198 97 136 191 47 79 12 75 71 76 90 192 6 72 145 98 |60 89 137 197 102 62 74 169 183 45 146 29 176 |69 163 28 84 200 195 121 58 21 57 103 85 162 95 23 5 |133 112 113 46 122 110 55 78 116 155 25 120 117 141 171 |64 39 54 94 115 83 188 59 2 127 26 73 |161 108 149 178 179 65 131 177 199 40 166 156 134 160 129 88 15 32 |38 190 67 142 93 17 148 193 34 7 27 147 123 138 130 173 80 159 |111 140 91 118 43 172 70 107 10 189 180 51 157 4 153 66 |144 96 37 33 42 99 14 167 30 154 181 35 152 105 |151 125 31 185 86 9 81 19 187 174 128 48 139 13 52 ||18 61 |132 |124 20 24 |196 |11 |119 170 |100 114 |143 41 |164 |106 |1 36 92 |126 |135 |53 77 87 |194 109 |44 16 8 |49 |63 |175 |82 |22 50 |158 186 |184 |56 |165 182 3 |68 101 |150 104 |168 |
22012.1 1.52149e+06
43 65 37 17 18 171 193 165 182 53 23 61 166 |110 138 122 144 51 187 147 174 136 164 172 159 70 107 |108 123 57 98 42 169 74 179 72 139 55 78 142 52 13 20 24 116 111 14 45 22 168 41 124 190 4 200 192 |145 96 105 153 117 59 9 75 148 12 129 60 185 26 |48 178 35 160 56 79 112 19 146 95 134 46 |21 141 163 71 170 86 120 25 31 84 88 155 137 |130 127 133 162 32 176 85 27 15 180 7 191 47 81 113 156 |99 29 152 2 181 66 126 5 |103 115 39 151 195 40 121 173 58 6 118 62 102 109 33 177 199 73 101 80 197 3 |128 183 77 93 140 167 94 30 76 90 69 188 83 186 38 125 143 157 ||97 36 |28 |8 |63 |175 |82 |87 |119 |198 |54 |104 50 |10 |150 |106 |11 |132 34 |91 |184 |135 |158 |49 |68 92 1 |154 |196 67 |189 16 |131 44 |149 100 89 |161 114 194 64 
22288.1 748929
158 18 165 161 139 40 3 125 157 199 177 198 89 50 197 |30 7 46 191 29 19 79 112 146 134 95 23 61 |130 128 70 74 169 145 57 43 138 122 123 187 96 81 47 113 156 |48 98 116 111 94 167 140 93 115 108 52 13 190 4 200 26 |144 103 42 102 62 183 78 142 55 39 14 45 22 137 192 |136 21 118 179 72 6 110 58 173 121 33 195 |180 83 60 12 148 59 75 66 193 160 107 |65 129 181 9 117 153 120 86 163 76 90 69 154 188 71 88 155 84 31 25 185 |99 133 162 15 189 27 32 176 85 147 51 174 172 37 159 73 80 |131 105 152 141 2 127 35 171 5 166 ||91 |38 |182 |56 |186 |34 |10 184 |101 97 |178 |68 |28 17 |64 149 |54 |150 151 |132 |124 20 24 67 |196 |11 |119 170 |100 114 |143 41 |164 |106 |1 36 92 |126 |135 |53 77 87 |194 109 |44 16 8 |49 |63 |175 |82 |168 104 
26295.3 741012
141 174 191 19 134 47 156 |93 29 193 160 79 112 34 146 95 |115 183 108 142 78 55 52 13 45 54 39 149 121 33 195 |99 105 84 86 117 59 75 66 148 60 129 12 120 18 31 25 185 61 |144 135 68 197 137 26 |104 161 63 165 196 20 106 153 9 181 2 127 35 82 171 23 5 166 |152 51 70 27 7 180 15 133 32 85 147 187 96 8 113 132 46 107 |176 103 179 48 42 169 74 118 72 6 110 21 178 58 173 62 102 177 199 |162 145 123 172 98 57 43 138 128 122 97 37 159 73 80 |119 130 116 111 94 140 167 30 163 76 90 69 188 71 88 155 83 157 4 200 192 ||41 194 |150 |126 17 |151 170 |164 136 44 |38 |81 16 |11 |87 |67 14 |101 10 40 |65 |100 91 22 |114 124 24 |189 |186 |92 184 |154 |56 |49 89 |198 |158 |175 64 190 |109 139 |143 168 |182 53 |28 125 |131 1 |36 |77 3 50 
26460.3 693983
115 69 59 117 12 129 60 |110 105 2 181 9 153 163 188 71 88 155 84 31 25 |78 66 75 148 120 185 26 |183 127 35 95 134 112 160 193 165 171 77 23 5 |51 58 21 142 13 52 108 93 140 167 94 30 106 111 116 161 45 55 39 149 195 |29 196 86 90 76 83 143 125 175 4 157 200 137 192 |133 130 99 42 103 48 98 145 169 74 179 6 72 118 139 173 121 50 |79 33 162 176 147 174 135 123 172 68 159 70 1 107 |152 144 32 85 187 96 27 15 180 7 191 19 146 49 47 8 113 132 156 46 61 166 |141 36 128 122 138 43 57 37 198 73 102 62 109 177 199 80 197 ||64 |63 |158 |82 |178 |97 |119 |41 194 |28 |38 |182 |56 |186 |54 |34 |150 |126 17 |151 170 |164 136 44 |3 |81 16 |11 |87 53 |67 14 |101 10 40 |65 |100 91 22 |114 124 24 |189 |92 184 |154 |131 104 |18 190 |20 168 89 
27206.2 667149
133 161 116 24 20 4 200 192 |176 105 69 90 76 188 163 86 28 153 117 12 129 60 185 3 26 |11 128 138 57 103 48 42 98 145 169 74 179 72 118 173 62 102 131 33 177 199 80 |99 175 52 54 39 100 121 195 197 |144 152 171 59 66 148 18 120 119 71 88 155 84 31 25 |122 9 182 79 19 29 191 7 180 15 27 96 8 47 113 156 46 107 |162 43 123 44 187 85 147 51 174 136 164 92 172 97 159 37 198 73 |130 70 58 6 110 178 21 183 78 142 55 13 45 14 137 |32 154 181 2 141 127 35 193 160 112 146 134 95 23 5 166 |75 115 108 93 94 140 167 111 30 106 38 83 157 ||168 |165 |109 150 101 |126 89 |124 114 149 104 |189 16 |81 |82 |143 22 |91 67 |196 |65 |139 |63 |1 40 |34 |50 61 158 |125 |49 |10 36 132 |64 |17 170 |56 |68 135 |77 |186 |53 184 87 |194 190 41 151 
27258.2 654861
63 165 196 20 106 2 127 35 82 171 23 5 166 |152 51 70 27 7 180 15 133 32 85 147 187 96 8 113 132 46 107 |176 103 179 48 42 169 74 118 72 6 178 62 102 177 199 |162 145 123 172 57 43 138 128 122 97 37 159 73 80 |119 130 140 163 76 90 69 188 71 155 83 157 4 200 192 |144 98 142 39 55 45 13 52 94 167 30 111 116 41 194 137 |108 88 86 12 129 60 185 26 |99 115 183 78 21 110 58 173 121 33 195 197 |93 141 105 59 9 75 66 148 117 153 120 84 31 25 |174 181 193 160 79 112 29 191 19 146 95 134 47 156 ||150 |126 17 |151 170 |164 136 44 |38 |81 16 |11 |87 |67 |101 10 40 |65 |91 22 |114 |189 |186 |92 184 |154 |56 |49 89 |198 |158 175 |64 |109 |168 125 |139 131 |1 36 |190 124 |14 24 |143 |182 53 |28 |77 3 50 |34 |54 100 149 |18 61 |135 68 |104 161 
27978.3 631811
108 99 128 122 138 43 57 103 48 42 169 74 62 102 198 159 73 |114 54 100 199 80 |174 153 115 93 94 140 30 111 116 4 157 |167 130 98 145 179 118 72 6 110 21 58 173 121 33 195 197 |123 83 90 76 69 163 188 71 88 155 31 25 185 26 |55 105 35 152 141 127 2 181 75 66 148 60 129 12 120 86 84 |9 183 78 142 52 11 13 39 137 |117 70 29 191 7 180 27 15 133 162 32 176 85 147 187 96 47 113 132 156 46 107 |51 172 37 177 91 45 168 200 192 |59 144 19 171 193 160 79 112 146 134 95 23 5 166 ||24 89 50 |64 |182 126 |189 |38 186 |34 |178 |101 |190 41 |106 |170 |184 |81 |104 22 |16 |53 |61 |1 136 |44 68 |135 92 |56 |20 143 124 |154 |131 109 |14 67 |149 150 |65 |158 17 18 |165 |196 161 |164 |139 |151 194 40 3 |77 125 |10 97 36 |28 |49 8 |63 |175 |82 |87 |119 
29848.6 618585
169 115 183 78 142 45 13 52 108 93 140 167 94 111 116 24 4 200 137 192 89 |144 50 39 91 55 173 121 195 |51 69 58 21 110 6 72 118 179 74 102 62 33 177 199 80 |103 7 147 96 27 176 32 162 133 15 180 191 29 19 146 134 95 23 156 46 |98 127 9 59 117 153 86 163 188 90 76 83 155 157 |120 12 129 5 |148 42 145 172 37 159 73 197 |48 85 113 47 112 79 160 193 35 2 181 75 66 60 185 26 |105 130 99 128 57 43 138 122 123 174 187 70 107 166 |30 152 141 171 71 88 84 31 25 ||64 |182 126 |189 |38 186 |34 |178 |101 |190 41 |106 |170 |184 |81 |104 22 |16 |53 |61 |1 136 |44 68 |135 92 |56 132 |20 143 124 |154 |131 109 |14 67 |149 150 |65 |158 17 18 |165 |11 |196 161 |164 |139 |151 194 40 3 |77 125 |10 97 36 |28 |49 8 |63 |175 |82 |168 |87 |119 |198 |114 54 100 
30221.8 617215
115 103 48 179 58 110 139 6 72 118 62 102 177 199 80 197 |130 52 183 78 55 149 39 67 4 200 ||42 21 108 93 30 140 167 94 111 116 13 45 14 192 |128 144 133 162 32 176 27 85 147 174 164 70 107 |123 35 188 69 90 76 38 83 155 88 25 185 26 |142 152 141 127 2 181 59 9 75 66 148 84 31 157 137 |169 112 79 160 193 171 165 95 134 23 166 |138 146 187 96 15 180 7 29 191 19 47 81 113 156 46 |51 99 74 145 98 57 43 122 37 159 73 33 173 121 195 |172 105 163 71 86 153 117 120 12 129 60 5 ||36 1 92 |168 91 |68 135 |131 |126 28 |182 |101 |34 |17 89 |104 22 |196 |40 150 |53 63 |143 20 186 |54 50 |132 |136 |154 |11 |178 |65 |161 100 64 |190 41 124 |106 24 |170 |198 |3 151 184 |97 |158 119 |87 |56 |189 |77 61 |194 109 |44 16 8 |49 |175 |82 |10 114 |18 125 
30256 603676
32 29 51 147 85 176 162 15 7 180 27 96 187 70 107 |2 30 140 94 111 116 155 88 71 188 69 90 76 83 38 186 157 4 200 ||144 172 191 19 79 112 34 146 95 134 47 113 156 46 |115 178 183 78 142 108 52 13 45 55 39 195 137 192 |133 163 105 59 9 75 181 66 148 129 60 26 |167 152 141 127 117 153 86 120 12 84 31 25 185 |174 35 160 193 171 23 5 166 |93 99 103 42 169 72 118 173 121 33 197 |130 21 110 6 179 74 145 98 102 62 177 199 |58 48 123 128 122 138 57 43 37 159 73 80 ||184 |81 |104 22 |16 |53 |61 |1 136 |44 68 |135 92 |56 132 |20 143 124 |154 170 |101 131 109 |14 67 |149 150 |65 |158 17 18 |165 |11 |196 161 |106 |164 |139 |151 194 40 3 |77 125 |10 97 36 |28 |49 8 |63 |175 |82 |190 41 168 |87 |119 |198 |114 54 100 |24 89 |50 91 |64 |182 126 |189 
32588.1 576241
130 140 163 76 90 69 188 71 155 83 157 4 200 192 |98 142 39 55 45 13 52 94 167 30 111 116 41 194 137 |108 88 28 86 12 129 60 185 26 |115 183 54 78 21 110 58 173 121 33 195 197 |93 105 59 9 75 66 148 117 153 120 84 31 25 |174 181 160 79 112 19 146 95 134 156 |6 152 141 2 127 35 193 171 23 5 166 |145 162 96 187 51 147 27 85 32 144 133 15 180 7 191 47 113 46 107 |176 122 128 123 172 70 159 37 73 80 |29 99 138 43 57 103 48 42 169 74 179 72 118 62 102 177 199 ||11 |34 |104 150 |139 87 |1 92 164 |10 68 97 |165 89 |119 17 |63 |40 132 |20 143 124 |154 170 |101 131 109 |136 |56 |106 |196 |22 |61 189 |44 |49 81 |198 |158 175 |100 190 |114 149 64 |168 125 |182 |65 |18 77 |135 36 |126 |67 161 38 |151 184 |186 |50 8 |14 91 |24 |82 |16 |178 |3 |53 
35692.1 576016
32 29 51 147 85 176 162 15 7 180 27 96 187 70 107 |2 30 140 94 111 116 155 88 71 188 69 90 76 83 38 186 157 4 200 ||144 172 191 19 79 112 34 146 95 134 47 113 156 46 |115 178 183 78 142 108 52 13 45 55 39 195 137 192 |133 163 105 59 9 75 181 66 148 129 60 26 |167 152 141 127 117 153 86 120 12 84 31 25 185 |174 35 160 193 171 23 5 166 |93 99 103 42 169 72 118 173 121 33 197 |130 21 110 6 179 74 145 98 102 62 177 199 |58 48 123 128 122 138 57 43 37 159 73 80 ||184 |81 |104 22 |16 |53 |49 8 |61 190 |1 136 |44 68 |135 92 |56 132 |20 143 124 |154 170 |101 131 109 |175 14 67 |149 150 |65 |158 17 18 |63 165 |11 |196 161 |106 |164 |139 |151 194 40 3 |77 125 |10 97 36 |28 |41 168 |87 |119 126 |91 100 50 |198 |189 |82 |24 |114 |64 |54 |182 |89 
35746.8 574913
32 29 51 147 85 176 162 15 7 180 27 96 187 70 107 |2 30 140 94 111 116 155 88 71 188 69 90 76 83 38 186 157 4 200 ||144 172 191 19 79 112 34 146 95 134 47 113 156 46 |115 178 183 78 142 108 52 13 45 55 39 195 137 192 |133 163 105 59 9 75 181 66 148 129 60 26 |167 152 141 127 117 153 86 120 12 84 31 25 185 |174 35 160 193 171 23 5 166 |93 99 103 42 169 72 118 173 121 33 197 |130 21 110 6 179 74 145 98 102 62 177 199 |58 48 123 128 122 138 57 43 37 159 73 80 ||184 |81 |41 |91 |53 |10 |61 |50 |3 |151 |56 132 |143 124 |154 170 |101 131 109 |175 14 67 |149 150 |65 |158 17 18 |63 165 |11 |196 161 |119 |139 |106 125 |194 |77 126 |68 44 1 |20 24 |28 |92 |82 |168 22 |100 104 64 40 |16 |198 |135 |49 |114 |164 |189 |97 |8 |136 |190 |36 |87 |54 |182 |89 
40434.3 566219

