Time:4
Last Iter:10
Last Update:10
Tabu:0
Last Time4
11
72 11 38 132 135 103 162 142 115 136 92 27 17 |93 138 137 90 117 12 73 94 150 52 |149 45 37 42 109 195 83 151 196 69 170 123 |165 63 2 44 119 32 16 87 65 174 145 9 193 |64 180 118 6 47 79 159 76 126 78 139 82 169 58 148 127 |50 152 191 122 56 15 31 140 75 67 113 188 7 163 147 102 |157 189 124 81 89 146 5 185 49 59 66 55 88 |182 80 166 14 179 173 161 144 153 155 131 48 98 100 187 116 43 26 84 95 20 |22 60 54 57 61 74 164 62 172 178 51 190 97 192 |184 70 10 120 129 1 158 200 176 30 85 77 91 121 171 ||101 112 41 34 175 71 |160 133 156 168 28 23 29 86 |39 181 13 |3 177 68 25 4 99 106 125 |21 199 36 128 40 108 |24 |143 186 8 105 46 114 |111 141 96 53 |194 |19 154 35 18 183 130 104 |198 33 110 107 134 197 167 |
8829.73 741174
72 11 38 132 135 103 162 142 115 136 92 27 17 |93 138 137 90 117 12 73 94 150 52 |149 45 37 42 109 195 83 151 196 |10 170 123 171 |165 63 2 44 119 32 16 87 65 174 145 30 9 193 |64 180 118 6 24 79 159 76 126 78 139 82 169 58 148 127 |50 152 191 122 56 15 31 140 75 67 113 188 7 163 147 102 |157 189 124 81 89 146 5 185 49 59 66 55 88 158 1 |182 80 166 14 179 173 161 144 153 155 131 48 98 100 187 116 43 26 200 84 95 20 |22 60 54 57 61 74 164 62 172 178 51 190 77 97 192 ||184 70 120 129 176 85 |91 |101 112 41 34 175 71 |160 133 |168 28 23 29 86 |39 181 13 |3 177 68 25 4 99 106 125 108 |21 199 36 128 40 |47 156 121 69 |143 186 8 105 46 114 |111 141 96 53 |194 |19 154 35 18 183 130 104 |198 33 110 107 134 197 167 |
10933.1 694761
82 67 94 142 109 15 |131 179 5 124 2 118 75 |151 119 14 89 147 39 49 163 37 116 |55 31 16 195 182 102 125 115 65 10 7 190 152 |150 57 42 154 161 171 172 200 26 103 32 63 123 79 20 12 |91 136 6 11 51 64 74 45 60 58 137 93 90 |4 162 112 66 185 181 34 173 56 193 27 9 |88 135 1 113 98 153 54 59 52 87 127 97 192 126 139 191 |184 25 48 146 148 165 71 159 92 17 77 30 197 174 145 38 |81 83 47 84 95 78 199 158 188 68 120 198 3 44 138 117 ||128 149 132 155 169 129 35 177 |19 18 140 46 61 164 36 21 |41 101 186 80 189 |157 110 28 |108 99 143 |43 176 111 76 156 |70 8 144 105 50 167 160 |134 187 |114 100 86 183 85 73 33 104 |24 13 141 121 175 130 |194 69 22 170 166 133 |23 |107 168 122 53 62 40 72 |196 106 180 178 29 |96 |
11582.6 665302
93 94 37 48 55 150 142 87 109 195 |113 26 74 151 148 90 |66 127 32 5 146 15 161 |96 128 174 85 9 192 79 20 117 147 58 60 |21 171 84 50 78 199 132 45 42 57 162 7 65 179 119 83 182 165 63 |52 31 56 193 126 152 191 200 88 82 158 |105 180 178 1 100 103 16 115 124 136 123 97 92 12 17 77 30 139 |10 185 44 196 102 137 154 75 67 |194 24 49 125 131 184 61 43 116 145 172 38 190 |41 2 22 138 14 163 68 155 98 114 64 95 27 118 ||62 53 29 73 35 173 106 |144 86 72 6 23 176 |18 8 143 59 149 187 36 |112 108 4 153 81 11 159 |166 89 140 122 168 104 76 |107 91 141 133 47 46 |19 54 99 157 69 34 175 130 80 |177 120 70 188 |129 25 40 198 156 51 |160 110 167 170 |186 |111 135 164 |101 3 71 13 181 |183 169 28 33 134 197 |189 121 39 |
12624.6 552497
123 20 136 95 193 126 84 64 171 118 56 |93 138 137 102 165 63 127 196 148 58 151 195 |92 17 77 30 78 9 139 190 38 |103 113 158 67 75 191 152 129 |40 73 79 97 12 192 27 |185 128 90 147 189 117 182 124 83 |160 80 131 98 150 55 45 37 170 42 96 120 140 62 94 31 161 |200 26 116 74 82 88 1 145 174 172 |48 163 65 115 66 7 10 87 142 162 109 16 |44 119 32 49 52 60 179 146 5 15 ||18 |121 |3 22 |134 110 107 91 21 61 |173 24 34 13 2 |181 157 89 33 168 |51 47 159 187 36 35 |154 143 125 108 57 114 135 |194 14 81 11 28 29 |188 100 85 122 104 133 6 183 |25 184 70 164 199 178 167 |68 4 186 99 71 |69 |176 53 180 156 175 111 72 |23 177 54 198 19 |130 141 76 39 166 |59 106 101 105 112 |153 |149 132 46 |50 197 41 |43 86 |8 169 155 144 
14112.8 364765
17 143 115 65 66 7 10 87 142 162 109 150 42 129 180 89 |18 8 50 77 111 78 30 191 188 61 |76 73 9 197 193 34 156 |189 69 16 131 48 55 37 43 31 161 |41 166 22 85 127 44 119 32 5 179 146 15 |103 45 98 94 75 1 145 190 152 139 126 84 64 56 |138 93 123 12 192 27 92 97 79 20 136 |26 116 113 74 82 67 158 88 200 174 172 |163 52 49 60 63 165 102 147 182 117 118 171 38 |95 137 151 58 148 90 124 83 195 ||14 |160 175 |59 173 |19 125 |132 62 81 194 |54 170 71 |29 187 153 112 |23 141 196 |198 106 186 176 167 122 |144 |96 110 2 |39 130 |80 24 13 133 134 35 |25 108 169 |107 |114 120 68 72 46 |6 28 104 53 33 91 178 |86 149 135 100 |164 |128 199 183 51 21 11 168 |57 159 177 155 |184 101 185 |70 4 99 40 36 140 105 |121 47 |157 181 3 154 
15204.4 352523
123 136 118 84 171 56 129 42 131 169 8 |185 95 193 126 73 62 86 144 |96 155 40 43 140 41 |93 138 137 102 165 63 127 196 148 58 151 195 |92 17 77 191 30 78 9 139 152 190 64 38 |150 55 37 45 98 103 113 158 67 75 94 31 161 |200 26 116 74 82 88 1 145 174 172 |48 163 65 115 66 7 10 87 142 162 109 16 |44 119 32 49 52 60 179 146 5 15 |27 192 12 97 79 20 117 182 147 90 124 83 ||18 |121 |3 22 |134 110 107 91 21 61 |173 24 34 13 2 |181 157 89 33 168 |51 47 159 187 36 35 |154 143 125 108 57 114 135 |194 14 81 11 28 29 |188 100 85 122 104 133 6 183 |25 184 70 164 199 178 167 |68 4 186 99 71 |69 |176 53 180 156 175 111 72 |23 177 54 198 19 |130 141 76 39 166 |59 106 101 105 112 |153 |149 132 46 |50 197 80 |128 120 |160 189 170 
16143.1 301760
31 90 58 119 32 5 179 146 8 |3 72 133 159 118 171 |28 134 23 17 126 193 84 |93 138 63 148 44 151 161 |127 165 137 102 147 182 117 124 83 195 |109 162 87 10 115 49 65 52 60 163 16 |123 77 9 78 30 191 139 152 190 174 172 |200 95 27 192 12 92 97 79 20 136 56 |94 103 113 26 116 74 82 88 158 67 75 1 145 64 38 |66 7 142 150 55 45 98 37 48 42 131 15 ||14 |80 110 11 186 |199 188 36 176 178 |187 100 144 180 |81 21 47 104 107 197 85 |25 68 177 125 198 194 |96 164 40 70 54 101 106 |128 135 140 132 130 166 |160 50 114 43 155 153 169 |61 |196 181 157 13 170 59 143 |51 53 62 86 39 4 |141 2 |189 185 |120 19 183 29 |35 89 105 71 46 18 |91 149 108 173 |99 122 33 167 6 |175 24 57 76 |121 112 41 |184 |34 22 |154 |69 |156 |168 73 |111 129 
16659 281845
123 30 191 139 152 190 174 172 |200 95 27 192 12 92 97 79 20 136 56 |74 88 67 1 145 64 38 |66 7 142 55 98 48 42 131 15 |26 116 113 82 158 75 |150 103 45 37 94 31 |17 77 78 9 126 193 84 118 171 |44 127 165 137 93 138 117 182 90 124 83 |63 102 147 148 58 151 119 32 5 179 146 195 |163 60 49 52 65 115 10 87 162 109 16 161 ||3 |6 |155 |111 |35 114 |188 34 13 |47 160 |61 62 176 107 159 154 |129 76 99 143 173 |22 181 70 |21 |132 |54 |169 144 183 180 |110 |175 185 112 186 199 |128 96 153 |59 184 |122 167 187 108 19 |4 36 14 196 |178 25 |41 194 |101 |68 164 104 81 |133 23 134 33 28 91 141 156 72 |71 125 106 2 |69 170 |120 198 100 |177 51 |11 24 29 168 73 |189 |121 |89 105 53 46 18 |149 86 |43 135 40 |197 85 157 |57 |130 8 |80 39 166 |50 140 |
17509.3 261596
123 30 191 139 152 190 174 172 |200 95 27 192 12 92 97 79 20 136 56 |74 88 67 1 145 64 38 |66 7 142 55 98 48 42 131 15 |26 116 113 82 158 75 |150 103 45 37 94 31 |17 77 78 9 126 193 84 118 171 |44 127 165 137 93 138 117 182 90 124 83 |63 102 147 148 58 151 119 32 5 179 146 195 |163 60 49 52 65 115 10 87 162 109 16 161 ||110 28 |11 |186 |199 188 36 176 178 |187 100 144 180 |81 21 47 104 107 197 85 |25 68 177 125 198 194 |96 164 40 70 54 101 106 |128 135 140 132 130 166 |160 50 114 43 155 153 169 |196 181 157 13 170 59 143 |51 156 |3 |173 |134 |122 167 89 |39 4 62 |18 |184 8 22 105 |189 61 183 73 |121 99 |108 6 111 168 35 |24 34 |159 |29 154 |14 |41 19 |57 2 69 120 |133 23 33 112 |71 141 72 |53 |91 129 |76 |86 |149 |80 |185 |175 |46 |
22427.9 257901
24 123 136 95 193 126 84 64 171 118 56 |93 138 137 102 165 63 127 148 58 151 195 |92 17 77 30 78 9 139 190 38 |103 113 158 67 75 94 31 161 |26 116 74 82 88 1 |163 65 115 66 7 10 87 162 109 16 |44 119 32 49 52 60 179 146 5 |192 12 97 79 20 117 182 147 90 124 83 |142 150 55 45 98 37 48 42 131 15 |27 191 152 200 145 174 172 ||80 |110 |176 |187 |144 180 |21 47 |61 197 |177 62 198 120 |96 |40 |54 |175 |128 39 130 |160 50 140 132 166 |43 155 153 169 |196 181 157 13 76 35 |154 143 125 108 57 114 135 36 |14 11 29 |188 100 85 104 6 183 |25 184 70 164 199 178 167 |4 186 99 |122 41 194 |101 |68 19 59 106 2 69 170 81 |133 23 134 33 28 107 91 141 156 72 |71 |173 51 |34 22 |168 73 189 |121 |89 105 53 46 18 |149 86 |111 129 8 |3 |159 |112 |185 
28628.8 254658

Time:4
Last Iter:10
Last Update:10
Tabu:0
Last Time4
18
161 18 105 180 21 72 136 156 79 92 117 151 32 163 52 37 98 94 74 77 |126 28 193 6 118 51 178 176 75 103 162 66 182 138 |104 27 192 30 190 145 96 142 10 5 63 |24 181 137 58 171 172 152 78 88 45 |153 131 120 179 146 60 198 35 147 102 123 20 17 158 |15 86 11 122 168 110 134 76 130 124 165 119 87 150 116 |73 139 167 50 62 174 140 1 199 82 26 25 48 31 195 90 93 12 |197 85 9 111 33 23 133 97 47 129 16 19 57 115 113 |38 64 191 43 55 70 109 68 169 8 173 125 65 44 |56 83 121 189 148 127 49 7 108 42 177 61 67 200 84 95 ||22 13 71 196 3 184 |135 128 106 101 |34 39 159 |194 2 143 54 89 175 |155 4 99 185 100 |59 112 186 154 132 149 53 183 |144 81 41 69 166 14 |40 |29 170 157 80 46 |114 188 141 91 107 160 |187 36 164 |
8611.17 851070
178 86 62 85 122 110 104 160 15 16 31 98 103 10 52 58 |55 187 88 191 33 107 133 97 56 161 117 147 148 138 |73 167 176 29 84 193 192 20 123 137 102 151 146 142 |47 197 77 23 190 145 82 37 48 65 49 5 |30 168 27 79 136 90 157 163 109 108 162 87 4 61 67 174 38 |126 51 171 118 35 173 32 60 68 57 150 186 75 200 93 |72 89 124 182 127 41 13 143 125 131 46 116 9 |63 24 44 119 80 81 183 64 152 78 17 135 158 198 |189 83 166 179 101 66 7 149 1 96 74 113 26 139 95 92 12 |172 53 140 18 180 195 42 94 45 128 115 181 165 ||40 100 25 153 112 |22 141 105 144 8 |155 188 |194 14 54 199 6 |34 196 39 2 121 169 |114 50 111 91 |134 76 28 11 21 130 170 69 |154 177 3 106 99 |36 184 129 120 |19 59 185 132 43 |164 70 175 |156 159 71 |
8948.97 787310
135 100 187 82 188 98 55 65 44 127 182 12 193 |128 61 46 62 195 136 97 77 |6 72 21 174 197 27 20 147 137 165 58 37 45 |158 1 140 178 64 84 171 190 9 110 74 32 90 117 |87 162 150 4 25 169 154 83 130 170 39 106 66 145 |161 172 176 200 88 75 149 31 131 16 146 115 198 142 126 93 |123 138 69 102 41 151 3 177 42 132 53 139 116 26 103 |29 167 152 191 95 76 79 80 89 15 14 163 52 49 7 148 |164 43 113 86 18 38 56 81 124 194 173 60 109 181 63 |48 94 155 8 5 179 119 166 185 10 40 67 30 78 17 192 92 118 ||51 50 144 153 19 125 57 184 183 |28 104 73 36 112 |11 85 111 168 156 |13 34 143 68 105 |160 91 23 96 199 |157 2 |24 175 121 159 33 |108 99 101 54 70 180 |122 134 107 141 22 |120 59 129 35 47 196 |114 186 189 71 |133 |
8998.3 786729
100 67 82 113 172 38 118 81 90 63 93 17 191 |140 46 174 200 48 151 117 136 12 |94 25 184 150 162 163 146 195 124 170 165 97 95 193 9 77 |104 76 78 30 89 16 120 87 49 24 127 137 138 182 |51 180 183 86 35 83 3 5 32 119 65 99 186 4 37 98 26 20 79 |164 74 75 129 42 131 177 112 115 52 44 148 147 171 139 152 192 |158 187 145 190 85 197 134 160 27 21 47 144 153 169 45 142 |8 15 173 14 179 185 66 54 70 55 149 1 62 122 6 92 |188 103 40 108 109 19 59 10 106 60 58 196 161 84 |126 33 176 64 56 31 88 116 7 102 123 ||132 155 57 36 29 168 |130 157 91 11 105 |143 71 |166 181 125 154 |141 23 110 50 167 133 159 121 |80 111 |135 96 43 114 61 18 28 |41 107 34 69 |194 13 198 |199 128 53 178 73 175 |68 101 39 189 22 72 |156 2 |
9022.05 772986
91 76 168 78 84 118 156 79 159 133 138 66 75 |38 18 178 46 48 54 125 65 148 147 182 117 97 17 |72 171 83 20 192 30 82 42 150 162 55 7 163 127 |124 81 195 8 120 198 63 102 95 191 200 26 103 |181 2 165 137 24 194 179 16 99 45 1 145 88 152 139 193 123 |28 126 50 64 33 135 74 149 169 161 90 32 |115 101 49 60 58 80 15 153 31 94 98 188 174 9 12 136 93 |105 172 62 140 190 107 27 92 13 151 146 131 109 |141 197 167 6 56 35 166 119 10 87 37 158 |51 29 77 134 67 113 116 142 106 52 5 44 ||11 86 132 61 96 164 68 |3 143 59 112 108 184 154 89 |39 |187 128 199 73 111 122 23 |47 71 170 100 114 36 |173 41 22 |160 130 69 155 25 |186 70 40 176 85 110 104 |34 157 |189 121 21 183 53 180 144 177 19 |175 196 14 185 57 4 129 |43 |
9165.35 761634
78 191 190 168 104 182 58 44 52 48 15 195 172 82 |77 111 152 174 171 123 138 148 151 163 115 65 87 131 42 37 |194 14 143 106 7 161 38 136 126 188 26 127 |183 105 47 175 20 97 133 192 141 23 60 |17 28 27 12 117 147 81 154 31 94 150 67 145 9 |113 75 140 200 50 85 72 156 79 63 32 179 162 |129 18 62 29 64 118 95 193 92 107 83 166 165 55 45 98 103 74 88 |109 120 16 5 66 186 132 96 176 139 84 |86 180 56 6 160 73 30 199 158 187 116 40 144 35 3 146 137 93 |134 110 76 121 124 90 102 119 49 101 10 142 169 1 ||39 157 130 89 21 153 68 |173 25 149 100 99 70 108 177 8 |178 53 61 |135 46 155 4 51 |22 34 189 71 159 |125 59 112 198 185 |33 91 11 24 196 41 |69 13 2 181 170 |36 128 43 |164 184 57 167 197 |19 114 122 80 |54 |
9602.9 757524
1 94 55 18 171 118 95 27 182 83 |177 8 15 146 179 109 98 103 128 174 12 |136 141 9 190 16 186 7 165 63 |30 122 200 116 42 49 64 79 192 |154 161 81 124 147 117 123 93 148 44 58 151 119 52 87 188 |152 85 126 110 134 91 92 97 170 127 173 163 101 66 48 45 113 74 82 |68 149 67 158 88 187 172 183 56 193 50 78 191 23 20 |195 105 84 72 53 145 176 144 31 169 5 32 2 142 |38 47 80 166 41 102 137 6 17 77 168 73 139 140 61 114 96 164 26 37 150 10 115 60 |138 90 120 131 153 86 104 33 199 75 108 162 65 ||111 28 156 159 21 24 |185 39 25 40 100 132 178 |160 167 |112 99 155 62 29 11 180 |196 181 13 3 35 19 |135 36 43 |89 51 133 71 22 69 194 14 143 |4 130 175 34 |107 |76 197 46 129 54 198 |189 121 157 59 125 57 |184 70 106 |
9919.66 747031
120 163 60 166 2 184 98 200 |128 116 45 162 142 115 119 151 165 171 174 27 |105 118 195 124 117 138 127 66 114 113 1 9 |152 126 95 56 38 169 40 36 82 87 49 |21 50 122 33 141 123 22 44 32 179 16 131 15 31 |167 139 160 92 79 23 69 52 42 |12 72 64 53 191 78 158 75 74 188 37 48 55 155 65 58 182 137 |161 153 94 112 5 63 93 175 159 192 193 |109 4 186 7 10 177 154 129 146 194 24 83 136 20 17 77 30 190 84 172 88 103 |26 67 100 145 178 35 14 19 150 198 39 41 196 148 90 147 102 97 ||140 51 81 130 71 170 104 |76 107 110 101 |197 111 91 121 189 |144 8 68 70 125 185 34 |6 133 13 143 99 |180 86 46 199 96 187 43 85 |183 47 156 134 168 176 132 |157 61 135 164 |29 |28 73 11 18 89 173 3 |54 59 181 80 62 |25 57 108 106 149 |
10132.4 743684
113 188 187 200 191 92 20 195 15 16 146 119 |192 12 28 134 53 45 103 109 60 179 |107 97 56 147 24 125 112 65 142 48 94 26 |82 178 42 131 87 115 49 148 |71 117 83 58 165 63 21 9 145 1 67 |104 27 95 136 80 32 181 34 93 183 75 98 150 162 |76 17 110 126 193 79 123 170 124 194 3 35 62 74 |157 102 137 189 182 175 90 151 5 185 108 153 31 18 38 6 190 88 158 |135 61 40 128 172 84 171 180 161 177 57 10 66 41 138 78 30 |132 169 37 55 7 106 52 163 44 127 69 121 81 118 51 64 174 152 139 77 116 ||14 8 155 149 |197 168 72 |186 101 19 |43 167 122 11 |22 |4 154 173 166 196 2 130 |13 159 91 23 111 73 50 29 |89 114 96 |140 86 47 156 85 36 |59 54 99 143 129 |199 164 |100 46 25 184 68 70 198 |39 105 |144 |160 33 141 133 120 |176 |
10257.1 722912
131 31 107 17 134 78 9 85 126 50 84 64 38 |49 65 52 23 77 168 139 11 118 56 |1 192 12 133 27 104 28 95 193 21 171 |150 55 67 113 114 103 40 149 94 37 184 42 161 |110 123 20 79 156 92 97 136 72 |45 98 26 188 116 36 74 82 158 135 199 100 75 132 |48 88 200 30 73 191 152 190 145 174 53 172 |119 32 60 163 142 186 7 10 66 101 115 59 112 87 162 108 109 16 15 195 |179 58 102 63 127 2 41 44 148 90 124 |146 5 151 165 69 137 93 138 147 182 117 175 83 ||183 122 |176 |125 57 198 154 |29 14 |141 140 144 8 173 130 |197 121 |3 120 54 |106 99 143 |47 129 |189 4 43 61 |157 |164 96 46 62 6 160 33 76 51 |19 86 105 180 111 167 |128 170 13 34 24 |196 194 |80 91 |68 169 155 70 35 89 81 |181 39 159 71 22 |187 |25 153 178 166 185 177 18 
10287.1 301503
63 165 137 102 34 147 182 175 80 |142 87 10 7 66 65 52 49 60 179 5 146 15 |103 37 31 75 67 88 145 174 172 86 178 64 |113 158 152 76 192 12 133 97 79 20 136 |1 123 138 93 156 117 |127 44 90 124 83 |148 48 45 98 94 155 42 131 16 35 161 |55 150 162 109 115 163 119 32 58 151 195 |17 77 139 190 191 30 78 9 126 84 171 38 |26 116 74 82 200 92 27 160 95 193 11 21 118 56 ||181 |18 |101 |19 125 143 154 8 169 61 128 |24 121 188 36 |62 53 183 132 177 81 130 |168 72 51 185 166 |129 57 106 14 69 189 71 |111 29 135 153 173 89 194 |112 157 159 104 |122 110 164 43 197 85 |23 22 13 2 170 |33 54 108 186 99 |40 199 |3 196 41 59 |107 114 149 4 120 |140 96 176 167 73 |100 46 25 184 68 70 198 |39 91 141 28 6 180 |134 187 50 105 144 47 
15479 290895
63 165 137 102 34 147 182 175 80 |142 87 10 7 66 65 52 49 60 179 5 146 15 |103 37 31 75 67 88 145 174 172 86 178 64 |113 158 152 104 192 12 133 97 79 20 136 |1 123 138 93 71 117 130 |148 48 45 98 94 155 42 131 16 35 161 |55 150 162 109 115 163 119 32 58 151 195 |17 77 139 190 191 30 78 9 126 84 171 38 |26 116 74 82 200 92 27 160 95 193 11 21 118 56 |44 181 127 90 124 83 ||18 |101 |19 125 143 154 8 169 61 128 |24 121 188 36 |62 53 183 132 177 185 |156 159 76 33 168 72 51 81 166 |54 108 186 99 40 199 |129 57 106 14 69 189 |111 29 135 153 173 89 194 |112 157 170 85 |122 110 164 43 197 |23 22 13 2 |3 196 41 59 |107 114 149 4 120 |140 96 176 167 73 |100 46 25 184 68 70 198 |39 91 141 28 6 180 |134 187 50 105 144 47 
16543.1 288266
103 116 113 74 82 158 145 174 |63 102 147 90 124 77 84 64 |97 92 30 75 1 |148 138 93 123 12 192 27 78 172 |67 191 139 79 20 136 117 182 83 195 |26 88 190 152 9 118 56 |200 17 126 193 95 171 38 |45 162 87 10 66 49 52 65 115 16 131 161 |163 7 142 109 150 55 48 37 98 94 42 31 |137 165 127 157 44 58 151 119 32 60 179 146 5 15 ||176 183 180 |81 3 |111 33 |50 168 |28 |40 |189 22 194 |167 110 125 54 |169 155 29 |132 8 |73 160 4 70 186 |2 24 69 71 130 133 |43 61 135 86 72 85 |177 184 106 59 120 68 153 129 173 |25 143 |196 |47 170 13 21 178 140 154 |34 36 164 122 |89 14 |187 96 199 188 149 |197 76 23 159 121 |181 198 99 108 46 53 |144 57 185 |128 |41 101 18 |156 107 141 175 166 39 80 |35 62 51 11 100 114 19 |112 |134 105 |6 104 91 |
16858.1 279821
44 102 137 93 138 171 |123 117 182 147 90 124 83 |63 165 127 148 32 119 58 151 195 161 |66 49 52 65 115 163 60 179 146 5 |10 7 142 87 162 150 109 16 131 15 |55 103 45 98 37 48 94 42 31 |113 26 116 74 82 158 67 75 1 145 174 172 |17 191 30 78 9 193 95 118 56 |77 27 192 12 92 97 79 20 136 |88 200 190 152 139 126 84 64 38 ||35 |101 |180 157 |3 8 112 |51 |100 |176 |40 |91 |110 |189 |175 |50 |80 |22 114 |61 47 125 54 |169 155 |29 140 |111 122 132 73 160 173 |57 70 186 184 |21 134 71 130 |43 135 86 72 85 133 |177 168 106 59 |143 120 68 153 129 69 |196 170 89 18 187 199 |62 149 197 76 6 |104 121 188 |144 |25 14 |24 2 |4 |154 |96 |46 167 107 13 |141 105 33 178 81 |198 99 108 |194 181 166 185 19 |28 11 |36 156 |34 |53 23 |159 183 128 |164 41 39 |
18335 267057
44 102 137 93 138 171 |123 117 182 147 90 124 83 |63 165 127 148 32 119 58 151 195 161 |66 49 52 65 115 163 60 179 146 5 |10 7 142 87 162 150 109 16 131 15 |55 103 45 98 37 48 94 42 31 |113 26 116 74 82 158 67 75 1 145 174 172 |17 191 30 78 9 193 95 118 56 |77 27 192 12 92 97 79 20 136 |88 200 190 152 139 126 84 64 38 ||35 |101 |180 157 |122 167 3 |51 |176 |40 |110 |91 |189 |80 |22 114 |61 47 125 54 |169 155 29 |111 132 8 |73 160 4 70 186 |134 140 69 71 130 |43 135 86 72 85 133 |177 184 106 59 120 68 153 129 173 |25 143 |196 170 89 18 |187 96 199 188 62 149 |197 76 6 104 121 |178 164 154 11 28 21 105 |2 53 141 50 |34 112 181 14 |46 100 108 24 194 175 |33 99 198 19 144 |156 107 36 128 |13 159 |23 39 57 |185 168 183 81 |41 166 |
19046.3 265320
44 102 137 93 138 171 |123 117 182 147 90 124 83 |63 165 127 148 32 119 58 151 195 161 |66 49 52 65 115 163 60 179 146 5 |10 7 142 87 162 150 109 16 131 15 |55 103 45 98 37 48 94 42 31 |113 26 116 74 82 158 67 75 1 145 174 172 |17 191 30 78 9 193 95 118 56 |77 27 192 12 92 97 79 20 136 |88 200 190 152 139 126 84 64 38 ||28 |183 |180 157 |122 167 3 |81 |176 |40 |110 |168 |189 |50 |22 194 |61 47 125 54 |169 155 29 |111 132 8 |73 160 4 70 186 |2 24 69 71 130 133 |43 135 86 72 85 |177 184 106 59 120 68 153 129 173 |25 143 |196 170 89 14 |187 96 199 188 36 149 |197 76 23 159 121 |181 198 99 108 46 53 21 |144 57 185 34 13 |128 164 |41 178 101 154 18 |156 107 141 175 166 39 80 |35 62 51 11 100 114 19 |112 33 134 140 105 |6 104 91 |
19126.4 257193
44 102 137 93 138 171 |123 117 182 147 90 124 83 |63 165 127 148 32 119 58 151 195 161 |66 49 52 65 115 163 60 179 146 5 |10 7 142 87 162 150 109 16 131 15 |55 103 45 98 37 48 94 42 31 |113 26 116 74 82 158 67 75 1 145 174 172 |17 191 30 78 9 193 95 118 56 |77 27 192 12 92 97 79 20 136 |88 200 190 152 139 126 84 64 38 ||11 51 28 |105 |19 57 112 |13 |18 |185 33 |177 |156 |24 |89 |101 175 |50 76 104 80 |43 164 |128 125 54 |169 155 |111 132 143 |134 69 4 |189 133 160 168 122 |199 |36 2 194 |35 196 186 72 21 |141 |144 8 178 |129 |197 121 22 |40 |106 99 187 130 |170 188 135 85 |157 71 |61 153 |59 198 29 |154 47 |34 14 108 |110 159 |107 114 149 120 |140 96 176 167 73 |53 |100 46 25 184 68 70 |39 91 |173 |3 23 86 6 180 183 81 |62 41 166 181 |
24135.9 255170
44 102 137 93 138 171 |123 117 182 147 90 124 83 |63 165 127 148 32 119 58 151 195 161 |66 49 52 65 115 163 60 179 146 5 |10 7 142 87 162 150 109 16 131 15 |55 103 45 98 37 48 94 42 31 |113 26 116 74 82 158 67 75 1 145 174 172 |17 191 30 78 9 193 95 118 56 |77 27 192 12 92 97 79 20 136 |88 200 190 152 139 126 84 64 38 ||11 51 28 |105 |157 |19 57 112 |198 |18 |100 185 33 |197 |91 156 121 168 |89 |189 |101 175 |50 76 104 80 |194 |61 128 125 54 |169 155 29 |111 132 8 |73 160 |70 186 |159 110 69 71 130 |43 135 86 72 85 133 |177 |106 59 |68 153 129 173 |25 143 |47 170 13 21 178 140 154 |34 36 164 |199 176 134 107 |144 149 196 14 108 |24 2 39 4 |122 |22 3 120 |99 184 188 96 |181 46 167 |114 40 |187 |35 |141 |23 53 6 |180 183 81 |62 41 166 |
32397.4 252276

Time:4
Last Iter:10
Last Update:10
Tabu:0
Last Time4
14
193 95 20 118 47 90 115 150 31 1 67 158 174 190 |80 117 192 104 50 171 5 65 48 82 88 116 |152 197 86 145 187 74 16 49 119 148 124 92 |121 156 175 84 30 26 131 52 66 |7 59 108 4 94 103 176 167 139 85 76 79 |147 102 93 123 17 160 178 53 172 46 199 98 142 60 179 151 |32 14 166 181 157 189 136 97 27 33 111 126 64 161 163 45 |195 89 38 56 21 11 9 73 77 141 83 146 154 87 200 ||72 105 8 75 128 40 162 186 10 101 58 44 41 2 127 165 13 138 |15 18 132 114 113 96 191 78 168 107 12 133 182 22 137 63 42 37 55 109 ||122 140 144 177 54 112 106 |135 61 43 188 169 |170 |198 125 143 39 173 153 129 149 |3 185 28 134 23 |159 71 34 |196 24 69 130 81 180 184 |91 62 155 19 99 |194 |120 25 35 183 51 6 110 |164 36 100 29 68 57 |70 |
8752.73 752795
156 192 78 158 45 106 44 138 93 123 |69 39 49 10 38 56 172 92 |153 31 132 149 94 48 7 65 90 20 12 193 171 9 113 116 |111 139 84 161 68 25 37 4 150 115 66 60 147 165 97 |168 126 50 167 64 118 136 34 22 137 2 32 146 142 |148 196 181 102 182 130 47 195 163 46 145 190 88 26 95 27 |99 162 70 179 119 185 41 83 15 140 200 ||122 85 77 104 79 117 63 58 14 42 55 1 |189 124 127 121 159 17 110 197 30 152 174 199 128 131 5 87 |133 28 134 191 82 67 75 114 103 98 74 129 16 109 52 151 ||6 53 96 36 188 100 57 54 |3 80 175 71 125 |187 164 62 29 144 184 154 173 |86 178 176 73 76 160 11 180 105 8 |72 89 166 91 107 81 |169 155 120 112 108 40 61 43 18 |177 19 198 101 |183 51 21 33 23 141 194 |135 143 13 170 24 |35 59 186 157 |
9009.64 743975
46 75 187 172 28 161 15 83 5 87 102 |164 82 31 48 162 56 84 126 78 27 182 63 |67 88 74 174 17 79 124 90 58 119 60 49 |86 183 105 38 35 129 55 163 115 65 148 127 137 147 |117 93 69 165 44 151 179 59 54 7 66 101 43 |61 140 176 191 9 110 23 12 97 195 131 52 10 116 |184 57 125 146 166 39 138 71 123 20 92 193 134 139 152 |72 136 95 76 192 77 168 30 53 36 113 26 103 98 94 42 32 |149 45 40 4 150 109 68 8 6 122 190 170 |104 133 159 121 181 2 185 16 155 37 142 1 145 200 158 64 171 118 ||18 25 114 186 194 3 |21 24 143 198 99 70 |14 47 130 91 141 50 |112 144 132 135 128 167 29 |89 81 180 |11 51 160 80 34 41 |62 73 33 156 175 189 22 13 |173 154 177 120 108 153 196 |106 19 169 100 199 197 |107 157 178 |85 111 96 188 |
9113.31 723810
186 86 193 160 104 76 27 136 |40 79 20 117 182 147 90 124 |119 32 60 52 112 54 109 162 150 42 31 171 118 56 |93 138 44 49 65 115 125 163 179 146 5 14 |137 13 102 165 63 157 127 148 58 151 194 3 |26 116 128 113 98 45 103 61 158 88 200 145 174 172 38 |97 12 192 91 17 77 30 78 73 9 197 126 84 64 183 |123 180 105 144 75 114 94 131 16 15 161 |106 66 10 7 99 87 142 55 48 37 129 80 83 195 |92 95 191 139 152 190 82 74 67 100 135 199 1 ||46 |36 164 |184 177 |154 189 |108 166 |4 19 143 155 |69 181 71 |39 175 62 18 169 |173 196 |81 34 22 170 |53 167 140 132 |133 |107 141 120 21 |176 24 185 101 70 68 |149 121 |57 8 41 2 159 72 |35 25 188 59 198 |51 29 85 168 23 187 96 |43 11 6 156 50 111 122 |110 |153 89 130 134 33 28 178 47 
11964.7 315052
136 166 109 142 150 55 37 184 25 42 161 |88 26 188 113 103 40 45 98 149 94 31 129 15 |48 128 116 164 36 74 82 96 158 135 75 1 46 |44 39 157 102 137 22 117 182 90 124 83 |4 19 163 49 143 60 179 146 32 119 5 14 195 |190 139 152 191 9 78 30 77 110 134 17 160 95 193 11 118 51 171 56 |66 7 10 65 52 115 59 112 87 162 57 16 131 8 |126 27 192 12 92 97 79 123 170 147 81 38 |20 93 138 13 63 165 127 196 148 58 151 80 |200 114 67 140 145 174 84 64 178 86 172 ||156 72 3 99 120 |189 34 130 47 21 29 169 62 |108 70 186 125 198 153 144 89 |199 106 61 132 |43 91 104 175 |187 |54 177 100 105 |69 2 41 185 |141 |6 180 111 122 155 68 |101 33 168 183 53 35 |197 73 176 23 173 154 18 |28 76 121 71 |194 181 24 159 133 107 167 85 50 
13809.1 282852
127 63 165 137 102 148 90 124 80 |135 136 20 147 182 117 83 |113 26 116 74 82 158 67 75 1 172 |103 45 98 94 37 48 55 150 162 109 |49 66 7 10 87 163 16 131 15 161 |142 65 115 52 60 32 119 151 |42 44 58 5 179 146 195 |138 93 123 79 97 92 12 192 27 193 95 118 171 56 |31 88 200 139 78 9 126 84 64 |17 77 30 191 152 190 145 174 38 ||46 |36 164 |184 35 177 |154 189 |108 166 |4 143 8 |168 |69 71 |39 175 62 18 57 |188 25 173 196 41 |81 34 22 170 159 72 |53 167 29 140 132 43 |133 |23 107 141 28 11 |120 59 21 176 |89 51 24 185 101 149 |121 70 68 40 178 |169 19 54 181 157 156 47 |155 73 122 91 199 |125 112 198 2 3 14 194 |197 110 134 128 |61 100 96 33 130 |13 183 |186 86 160 104 76 |50 187 153 |111 85 6 180 105 144 114 |106 99 |129 
17563.3 270799
10 87 162 109 42 131 15 |142 7 66 115 163 16 161 |137 165 127 44 119 32 179 146 |123 147 124 90 148 58 151 83 38 |26 74 88 200 191 30 78 9 126 193 95 84 171 |103 116 82 158 67 75 1 145 190 152 139 174 172 |77 17 27 192 12 92 97 79 20 118 64 |63 102 93 138 182 117 136 56 |150 55 48 37 45 98 94 31 195 |113 65 52 49 60 5 ||106 |39 143 70 |196 |184 149 178 |72 |40 164 43 |11 |155 19 166 157 189 |185 57 154 18 80 29 |28 |168 177 120 |181 24 71 159 133 107 |188 36 62 132 |23 22 |167 176 101 21 |14 121 110 197 |8 |170 169 175 |68 53 |59 25 50 |129 34 81 41 |51 89 |46 99 4 |141 3 173 |69 |134 |54 125 194 128 |73 122 91 156 47 |199 112 198 2 |61 100 96 130 |13 183 |186 86 160 104 76 |135 33 |111 85 6 180 105 144 114 35 |140 187 153 108 
20116.3 270795
113 26 116 74 82 158 67 75 1 172 |103 45 98 94 37 48 55 150 162 109 |49 66 7 10 87 163 16 131 15 161 |142 65 115 52 60 32 119 151 |42 44 58 5 179 146 195 |138 93 123 27 193 95 118 171 56 |31 88 200 139 78 9 126 84 64 |77 30 191 152 190 145 174 38 |17 192 12 92 97 79 20 136 |137 102 63 165 127 148 90 147 117 182 124 83 ||46 |36 164 |184 35 177 |154 189 |108 166 |4 19 |8 155 |168 50 69 181 71 |39 175 62 18 169 105 |86 25 173 196 41 |81 34 22 170 159 72 |53 167 29 140 132 43 |111 |23 107 13 130 11 |120 6 21 176 187 |89 51 24 185 144 149 |121 70 68 40 178 |54 125 194 128 |73 122 85 156 47 3 14 |199 |198 2 157 |197 110 134 |33 183 160 104 76 |180 114 61 100 |28 133 141 |57 59 188 |143 112 96 |91 186 106 |101 99 |153 129 80 |135 
20375.5 265435
113 26 116 74 82 158 67 75 1 172 |103 45 98 94 37 48 55 150 162 109 |49 66 7 10 87 163 16 131 15 161 |142 65 115 52 60 32 119 151 |42 44 58 5 179 146 195 |138 93 123 27 193 95 118 171 56 |31 88 200 139 78 9 126 84 64 |77 30 191 152 190 145 174 38 |17 192 12 92 97 79 20 136 |137 102 63 165 127 148 90 147 117 182 124 83 ||154 35 |111 |81 |144 153 |184 |129 |164 177 166 189 |4 143 |8 |168 50 |69 71 |39 175 62 18 57 |188 25 173 196 41 |34 130 22 170 159 72 |53 167 29 140 132 43 46 |133 |23 107 141 28 11 |120 59 21 176 187 |89 51 24 185 101 149 |121 70 68 40 178 |169 19 54 181 |157 156 47 155 |125 112 198 2 3 14 194 |197 110 134 128 73 122 |91 199 |61 100 96 33 |13 183 |186 86 160 104 76 |114 |99 |180 36 85 |6 |105 135 |106 |108 80 |
20508.1 265183
113 26 116 74 82 158 67 75 1 172 |103 45 98 94 37 48 55 150 162 109 |49 66 7 10 87 163 16 131 15 161 |142 65 115 52 60 32 119 151 |42 44 58 5 179 146 195 |138 93 123 27 193 95 118 171 56 |31 88 200 139 78 9 126 84 64 |77 30 191 152 190 145 174 38 |17 192 12 92 97 79 20 136 |137 102 63 165 127 148 90 147 117 182 124 83 ||188 43 |46 |36 164 |184 35 177 |154 189 108 166 |4 19 |8 155 |168 50 69 181 71 |39 175 62 18 169 105 |86 25 173 196 41 |81 34 22 170 159 72 |53 167 29 140 132 |111 |23 107 13 130 11 |120 6 21 176 187 |89 51 24 185 144 149 |121 70 68 40 178 |54 125 194 128 |73 122 85 156 47 3 14 |199 |198 2 157 |197 110 134 |33 183 160 104 76 |180 114 61 100 |28 133 141 |57 59 |143 112 96 |91 186 106 |101 99 |153 129 80 |135 
20918 262248
113 26 116 74 82 158 67 75 1 172 |103 45 98 94 37 48 55 150 162 109 |49 66 7 10 87 163 16 131 15 161 |142 65 115 52 60 32 119 151 |42 44 58 5 179 146 195 |138 93 123 27 193 95 118 171 56 |31 88 200 139 78 9 126 84 64 |77 30 191 152 190 145 174 38 |17 192 12 92 97 79 20 136 |137 102 63 165 127 148 90 147 117 182 124 83 ||43 168 |81 |22 |50 21 |132 |189 |164 |6 107 |121 91 134 33 11 |40 149 178 85 23 159 |8 198 157 |140 28 160 18 89 130 71 |14 46 187 197 104 110 |199 61 184 4 108 68 |194 154 |72 29 |41 39 185 69 |76 173 169 100 96 |141 34 135 |73 |62 80 24 |166 |70 114 |53 54 125 |170 |180 |36 176 122 |86 |120 |2 |47 |188 51 57 |177 |13 112 181 196 |186 183 |101 |19 |129 35 |143 133 |155 3 153 |175 |111 156 128 105 |106 99 144 167 |25 59 |
22189.5 261223
117 182 127 148 44 32 119 58 151 195 |123 93 138 137 63 165 102 147 90 124 83 |17 136 20 79 97 92 12 192 27 95 193 118 56 |77 191 30 78 9 139 126 84 64 171 |116 88 200 152 190 145 174 172 38 |103 98 45 37 55 150 16 |94 115 65 52 163 179 146 5 161 |60 49 142 48 42 31 15 |66 7 10 87 162 109 131 |26 113 74 82 158 67 75 1 ||194 3 91 |133 156 |24 19 |143 |184 149 128 43 164 |170 159 134 110 85 86 140 |36 4 112 59 |46 178 51 72 81 50 |167 11 160 196 39 14 |166 13 22 175 62 132 |189 34 130 47 21 29 169 |108 70 186 125 198 153 144 89 |199 106 |54 177 100 105 |69 2 41 185 |141 |6 180 111 122 155 68 |101 33 168 183 53 35 |197 73 176 23 173 154 18 |28 76 121 71 |8 25 57 99 61 |80 181 157 104 107 129 |120 40 114 188 187 96 135 |
25137.2 260167
113 26 116 74 82 158 67 75 1 172 |103 45 98 94 37 48 55 150 162 109 |49 66 7 10 87 163 16 131 15 161 |142 65 115 52 60 32 119 151 |42 44 58 5 179 146 195 |138 93 123 27 193 95 118 171 56 |31 88 200 139 78 9 126 84 64 |77 30 191 152 190 145 174 38 |17 192 12 92 97 79 20 136 |137 102 63 165 127 148 90 147 117 182 124 83 ||70 |89 |177 |189 108 |166 |4 120 |155 |168 |181 3 |100 175 |18 169 |198 194 130 173 |41 24 81 34 22 170 71 72 |159 107 167 29 140 132 |43 |188 36 62 23 |110 197 8 |47 |86 53 25 |50 |13 |11 128 |6 21 176 46 |54 51 125 |68 149 |121 80 180 40 |122 134 |73 |85 156 |14 178 199 |57 2 157 |69 |185 112 |33 196 160 104 |76 |114 183 101 19 |28 133 39 154 59 35 |164 |96 184 |111 187 |143 61 105 |91 186 106 |99 144 |141 153 129 |135 
25362.4 258483
113 26 116 74 82 158 67 75 1 172 |103 45 98 94 37 48 55 150 162 109 |49 66 7 10 87 163 16 131 15 161 |142 65 115 52 60 32 119 151 |42 44 58 5 179 146 195 |138 93 123 27 193 95 118 171 56 |31 88 200 139 78 9 126 84 64 |77 30 191 152 190 145 174 38 |17 192 12 92 97 79 20 136 |137 102 63 165 127 148 90 147 117 182 124 83 ||70 43 |89 |177 |189 |108 |120 |28 |91 3 |104 100 |18 169 |198 194 130 |181 24 71 159 133 107 73 |188 36 62 132 |23 22 |167 176 85 21 |14 121 110 197 199 8 |170 13 175 47 86 53 |59 25 50 |129 34 81 41 |128 51 160 |46 114 4 54 125 |68 |140 11 80 180 |33 6 29 122 |135 157 |134 |2 |173 |149 178 57 |69 |185 112 40 196 |186 183 |101 |19 39 154 |164 35 |96 143 166 |168 155 184 153 |76 |111 156 187 61 105 |106 99 144 72 |141 |
27157.3 257684

Time:4
Last Iter:10
Last Update:10
Tabu:0
Last Time4
16
26 188 191 193 118 171 20 124 148 146 16 49 |153 31 68 131 15 56 64 75 67 88 150 162 7 60 179 119 147 |76 28 85 190 145 144 180 130 34 39 87 |112 115 194 138 97 27 84 139 38 94 116 |45 108 186 99 198 52 58 127 182 195 174 17 |132 53 47 14 125 142 70 158 82 187 200 ||21 11 183 35 177 163 3 151 165 137 79 77 78 |172 105 51 136 92 192 123 117 181 157 44 143 65 10 103 74 9 |154 8 129 169 161 83 166 41 66 109 48 98 113 1 126 95 12 |81 89 5 32 90 102 63 93 30 152 176 96 164 37 55 42 ||69 156 133 6 72 197 199 |71 141 23 140 |54 101 |50 170 13 189 80 173 18 |160 134 110 111 114 61 100 149 62 |178 29 104 107 91 |43 184 25 4 19 59 106 |175 159 185 |24 196 2 22 121 168 86 |46 36 128 135 40 155 57 120 |167 73 122 33 |
8691.29 732373
26 188 191 193 118 171 20 124 148 146 16 49 161 |153 31 68 131 15 56 64 75 67 88 150 162 7 60 179 119 147 |76 28 85 190 145 144 180 130 34 39 121 |112 115 194 138 97 27 84 139 38 94 116 |45 108 186 99 198 52 58 127 182 195 174 17 |132 53 47 14 125 142 70 158 82 187 200 ||21 11 183 35 177 163 3 151 165 137 79 77 78 |172 105 51 136 92 192 123 117 181 157 44 143 65 10 103 74 9 |154 87 129 169 8 83 166 41 66 109 48 98 113 1 126 95 12 |81 89 5 32 90 102 63 93 30 152 176 96 164 37 55 42 ||69 156 133 6 72 197 199 |71 141 23 140 |54 101 |50 170 13 189 80 173 18 |160 134 110 111 114 61 100 149 62 |178 29 104 107 91 |43 184 25 4 19 59 106 |175 159 185 |24 196 2 22 |168 86 |46 36 128 135 40 155 57 120 |167 73 122 33 |
9283.23 723527
150 55 169 38 171 64 84 30 174 1 88 26 146 179 60 32 90 20 136 |8 48 158 139 |110 117 138 137 165 127 44 5 |15 153 155 25 19 177 52 3 80 41 63 79 95 78 190 200 ||102 71 182 193 77 116 103 115 65 49 163 |45 98 149 100 187 145 172 56 197 72 152 16 162 10 |23 50 29 53 144 161 124 39 119 125 87 142 109 42 131 37 |147 170 181 2 58 185 186 40 31 67 113 9 126 97 192 123 83 195 |82 74 164 135 94 68 154 108 18 183 118 27 92 17 151 |66 7 143 196 148 93 121 12 91 33 191 75 ||57 61 24 194 |76 73 21 199 111 |81 130 184 188 43 128 36 62 |141 6 140 107 133 |156 |4 198 34 189 69 13 175 |159 120 59 114 |122 168 85 134 |166 47 105 11 160 28 96 |167 112 101 180 51 178 |176 |54 106 14 89 129 173 |104 99 70 35 86 |22 46 132 |157 |
11221.3 686184
26 93 188 191 193 118 171 20 124 148 146 16 49 |153 31 68 131 15 56 64 75 67 88 63 150 7 60 179 119 90 147 |76 28 85 190 145 144 180 130 34 39 87 |112 115 194 138 97 27 84 139 38 94 113 116 1 |45 17 108 186 99 198 52 58 127 102 182 195 174 |132 53 47 14 125 142 70 158 82 187 200 ||21 11 183 35 177 163 3 151 165 137 79 77 78 |95 98 37 48 42 5 32 83 161 |172 105 162 51 136 92 192 123 117 181 157 44 143 65 10 103 74 152 30 9 126 |12 66 55 109 154 8 ||129 169 166 41 81 89 57 |69 156 133 6 72 71 |197 199 176 96 164 |141 140 |54 101 |122 33 |50 170 13 189 80 173 18 |160 134 110 111 114 61 100 149 62 |178 29 104 107 91 |196 |43 184 25 4 19 59 106 |175 159 185 |24 2 22 121 86 46 135 |167 73 168 23 36 128 155 |40 120 |
11941.1 656185
77 160 131 42 48 37 98 61 46 |186 162 109 150 45 103 164 15 161 |196 2 17 91 170 117 |16 163 44 41 39 181 127 63 165 22 90 182 |66 7 10 115 65 52 49 60 179 146 5 151 58 124 |137 87 142 55 102 147 83 195 |31 32 119 148 138 123 79 20 136 56 |93 12 192 92 97 27 95 193 118 171 |30 26 116 74 82 158 67 75 1 145 174 172 38 |94 113 88 200 190 152 139 191 78 9 126 84 64 ||23 33 111 |155 129 144 178 |80 149 57 125 99 14 |156 76 |143 8 |100 |25 70 3 |177 68 169 21 73 |50 86 11 121 |54 40 135 96 53 173 |19 154 35 18 183 199 |197 185 106 108 112 |110 133 101 184 |47 6 28 188 43 128 36 62 |4 198 34 189 69 13 175 |159 120 59 114 |85 122 168 104 141 24 194 |140 187 72 81 130 |134 107 157 |29 132 |166 51 153 71 89 |180 105 176 167 
13485.7 311662
25 42 31 27 192 12 133 92 97 156 79 20 136 |117 87 7 10 65 52 163 60 179 146 |103 45 98 37 48 55 150 162 54 109 16 131 153 |26 116 74 88 200 158 1 145 174 161 |93 138 182 123 160 77 152 176 53 62 172 |71 22 39 127 63 165 102 137 189 147 90 124 83 195 |113 100 67 82 96 190 122 139 29 64 38 |66 115 49 44 148 58 151 119 32 5 154 15 |75 110 107 17 104 28 95 193 171 56 |142 94 191 30 78 9 126 84 21 118 ||181 41 |129 |140 4 149 112 |169 35 89 81 11 85 76 |24 34 173 8 155 40 188 |68 19 70 106 198 144 46 178 |143 185 108 132 187 167 73 |47 111 168 36 128 43 184 57 |59 114 164 |69 157 99 |105 18 72 33 134 135 |80 14 166 125 3 2 |175 121 159 91 23 197 |170 196 194 86 130 |177 101 13 51 |50 141 |180 120 186 61 199 6 183 
15156.4 300885
10 142 87 48 37 31 |115 162 55 4 150 109 131 161 |96 145 174 172 183 23 25 |101 82 88 191 30 78 122 9 126 84 171 |123 63 165 137 93 138 117 182 147 90 124 83 |77 17 193 95 27 192 12 92 97 79 20 136 118 56 |113 116 74 67 158 200 190 152 139 64 38 |26 1 75 103 45 98 94 42 |102 127 148 44 5 179 146 163 16 15 |7 66 65 52 49 60 32 119 58 151 195 ||120 |100 128 |18 141 70 |13 24 40 188 |36 81 47 173 |89 |54 106 185 169 |34 133 130 72 69 |140 62 178 21 |187 |112 194 184 108 68 177 35 |19 160 134 110 166 |144 121 159 |59 43 |129 53 85 8 186 154 |11 46 132 168 28 73 104 |189 107 157 |71 180 155 176 167 86 29 |50 197 175 170 |198 199 135 164 114 61 |33 76 111 |6 156 2 105 |3 143 |196 153 91 51 |41 39 181 22 |80 |149 57 125 99 14 |
15267.5 292246
17 91 123 93 138 170 117 |44 41 39 181 127 63 137 22 90 147 182 124 |66 7 10 65 52 115 60 32 151 58 148 80 83 |149 57 125 99 142 87 163 179 146 5 14 195 |49 156 126 193 95 84 118 |67 1 145 77 78 30 191 139 64 171 56 |75 109 162 150 55 48 37 45 98 31 38 |26 82 88 200 9 152 190 174 172 |158 116 74 113 103 94 42 131 16 15 161 |119 165 102 12 192 27 92 97 79 20 136 ||155 |76 |143 8 |100 |25 70 3 |177 68 169 144 21 73 |23 33 50 86 11 121 |54 40 135 96 53 173 |19 154 35 18 183 199 |197 185 106 108 112 |110 133 101 184 |47 6 28 188 43 128 36 62 |4 198 34 189 69 13 175 |159 120 59 114 |85 111 122 168 104 141 24 194 |140 187 178 72 81 130 |134 107 157 |29 132 |166 51 153 71 89 |180 105 176 167 160 129 61 46 |186 164 |196 2 
16417.6 291500
65 52 60 21 167 176 |49 115 66 7 10 87 162 4 150 109 131 161 |96 145 174 172 183 37 48 25 31 |61 82 88 191 30 78 38 |142 55 9 126 84 171 |123 63 165 137 93 138 117 182 147 90 124 83 195 |77 17 193 95 27 192 12 92 97 79 20 136 118 56 |113 116 74 67 158 200 190 152 139 64 |26 1 75 103 45 98 94 42 |102 127 148 44 58 151 119 32 5 179 146 163 16 15 ||120 |100 39 153 |180 89 181 157 143 |129 8 166 41 |81 |24 40 188 |36 170 173 |29 |54 106 185 198 |107 133 130 22 69 |140 62 178 |33 76 121 |112 125 99 108 68 177 35 105 6 |175 71 160 134 110 149 |59 |11 197 111 168 28 91 189 |132 199 135 104 154 |57 186 |156 53 169 85 |34 155 19 70 |164 144 46 114 187 |47 184 |128 43 72 80 14 3 |2 159 23 |194 86 |101 |50 141 |73 122 18 196 |13 51 
16489 283864
49 44 119 32 179 146 5 |94 55 150 142 87 162 109 131 |66 7 10 115 65 52 60 163 16 15 161 |17 77 78 9 126 193 95 84 64 118 171 56 |26 191 139 190 145 174 172 38 |152 200 88 82 158 67 75 1 |30 27 192 12 92 97 20 136 |137 63 165 102 127 148 58 151 195 |74 116 113 103 45 98 37 48 42 31 |79 123 93 138 117 182 147 90 124 83 ||155 |76 |61 70 |108 86 3 46 53 47 |167 |153 |112 96 21 180 |85 40 |81 114 144 35 |156 133 6 72 197 199 |71 141 23 140 11 89 |177 54 106 184 57 14 173 194 |122 33 186 125 8 |121 39 34 168 176 |99 22 181 |164 188 |50 189 80 18 |160 110 111 100 62 |178 29 104 107 91 |24 157 69 2 |28 68 36 149 |198 134 159 |105 51 13 170 143 |25 4 19 59 175 |185 |101 129 166 154 |183 120 132 187 43 |41 196 |135 128 169 130 |73 |
16770.5 264542
49 44 119 32 179 146 5 |94 55 150 142 87 162 109 131 |66 7 10 115 65 52 60 163 16 15 161 |17 77 78 9 126 193 95 84 64 118 171 56 |26 191 139 190 145 174 172 38 |152 200 88 82 158 67 75 1 |30 27 192 12 92 97 20 136 |137 63 165 102 127 148 58 151 195 |74 116 113 103 45 98 37 48 42 31 |79 123 93 138 117 182 147 90 124 83 ||155 |76 |61 70 |108 86 3 46 53 47 |167 |39 112 96 21 180 |85 40 |81 114 144 35 |156 133 6 72 197 199 |71 141 23 140 11 |177 54 106 184 57 14 173 194 |122 33 186 125 8 |121 |34 168 176 |99 22 181 |164 188 |50 189 80 18 |160 110 111 100 62 |178 29 104 107 91 |24 89 157 69 2 |28 68 36 149 |198 134 159 |105 51 13 170 143 |153 |130 |25 4 19 59 175 |185 |101 129 166 154 |183 120 132 187 43 |41 196 |135 128 169 |73 |
17907.3 264393
49 44 119 32 179 146 5 |94 55 150 142 87 162 109 131 |66 7 10 115 65 52 60 163 16 15 161 |17 77 78 9 126 193 95 84 64 118 171 56 |26 191 139 190 145 174 172 38 |152 200 88 82 158 67 75 1 |30 27 192 12 92 97 20 136 |137 63 165 102 127 148 58 151 195 |74 116 113 103 45 98 37 48 42 31 |79 123 93 138 117 182 147 90 124 83 ||130 |76 |101 70 |106 181 |175 47 |21 199 177 120 19 |57 108 14 |183 |144 184 4 112 39 72 |96 140 25 34 |99 54 154 69 |40 |187 43 167 53 35 51 129 153 8 |41 133 |23 121 |24 |180 |68 81 86 105 128 |50 170 189 80 173 18 |160 134 110 111 114 61 100 149 62 |178 29 104 107 91 |176 122 135 132 169 |3 194 |125 198 2 13 |141 168 6 |59 |156 143 166 196 155 |73 71 89 |188 |46 85 |159 36 11 28 |157 33 |22 |186 164 |197 |185 |
18427.5 262176
49 44 119 32 179 146 5 |94 55 150 142 87 162 109 131 |66 7 10 115 65 52 60 163 16 15 161 |17 77 78 9 126 193 95 84 64 118 171 56 |26 191 139 190 145 174 172 38 |152 200 88 82 158 67 75 1 |30 27 192 12 92 97 20 136 |137 63 165 102 127 148 58 151 195 |74 116 113 103 45 98 37 48 42 31 |79 123 93 138 117 182 147 90 124 83 ||130 |76 |101 70 |106 125 3 189 175 47 |111 21 199 177 120 19 |57 155 61 108 86 46 53 |167 |153 |112 96 180 |85 40 |81 114 144 35 |156 133 6 72 197 |71 141 23 140 11 89 |54 184 14 173 194 |122 33 186 8 |121 39 34 168 176 |99 22 181 |164 188 |50 80 18 |160 110 100 62 |178 29 104 107 91 |24 157 69 2 |28 68 36 149 |198 134 159 |105 51 13 170 143 |25 4 59 |185 |129 166 154 |183 132 187 43 |41 196 |135 128 169 |73 |
19114 255273
138 93 79 123 117 182 147 90 124 83 |49 44 119 32 179 146 5 |94 55 150 142 87 162 109 131 |66 7 10 115 65 52 60 163 16 15 161 |17 77 78 9 126 193 95 84 64 118 171 56 |26 191 139 190 145 174 172 38 |152 200 88 82 158 67 75 1 |30 27 192 12 92 97 20 136 |137 63 165 102 127 148 58 151 195 |74 116 113 103 45 98 37 48 42 31 ||130 |76 |101 70 |106 125 3 173 175 47 |21 199 177 120 19 |57 14 |183 |144 184 4 112 39 194 34 |96 140 |196 |99 54 154 |197 46 |40 |187 43 |53 35 169 |8 |41 133 141 23 168 122 73 |186 |85 81 86 156 |108 89 180 185 181 |128 135 |50 189 80 18 |160 110 111 100 62 |178 29 104 107 91 |24 157 69 2 |28 68 36 149 |198 134 159 |105 51 13 170 143 |188 |61 72 |33 |132 |22 |166 153 155 71 |121 176 167 |129 |59 |114 164 11 6 |25 |
21002.4 254949
49 44 119 32 179 146 5 |94 55 150 142 87 162 109 131 |66 7 10 115 65 52 60 163 16 15 161 |17 77 78 9 126 193 95 84 64 118 171 56 |26 191 139 190 145 174 172 38 |152 200 88 82 158 67 75 1 |30 27 192 12 92 97 20 136 |137 63 165 102 127 148 58 151 195 |74 116 113 103 45 98 37 48 42 31 |79 123 93 138 117 182 147 90 124 83 ||130 |76 |101 70 |106 125 3 189 175 47 |111 21 199 177 120 19 |57 108 14 |183 178 |144 184 4 112 39 194 34 |96 140 62 |134 |99 54 154 18 |197 107 |40 100 187 43 |53 35 169 |8 |41 133 141 23 104 168 122 73 |110 81 86 156 |185 181 157 69 24 80 28 72 |68 36 186 149 |188 25 198 2 |121 13 170 159 143 |128 |61 46 135 173 |196 85 |91 |6 |155 |29 |50 33 |164 71 51 105 |176 |89 129 153 |59 |160 180 166 |167 |132 |11 |22 |114 |
23869.2 252502
49 44 119 32 179 146 5 |94 55 150 142 87 162 109 131 |66 7 10 115 65 52 60 163 16 15 161 |17 77 78 9 126 193 95 84 64 118 171 56 |26 191 139 190 145 174 172 38 |152 200 88 82 158 67 75 1 |30 27 192 12 92 97 20 136 |137 63 165 102 127 148 58 151 195 |74 116 113 103 45 98 37 48 42 31 |79 123 93 138 117 182 147 90 124 83 ||130 |76 |101 70 |106 125 3 |175 47 |21 199 177 120 19 |57 108 14 |183 178 |144 184 4 112 39 194 34 |96 140 62 |134 |99 54 154 18 29 |107 |40 100 187 43 167 53 35 169 129 153 8 |41 133 141 23 104 |122 |180 |110 81 86 132 128 |185 181 157 69 24 80 |72 |68 36 186 149 |188 25 198 2 |121 13 170 159 |11 197 111 168 28 189 |143 73 |61 46 135 173 |105 51 85 |160 |91 |33 59 |156 |166 196 |155 71 89 |176 |22 |114 164 |6 |50 |
24225.1 250510

Time:6
Last Iter:10
Last Update:10
Tabu:0
Last Time6
9
50 85 139 191 33 97 182 137 44 52 115 37 31 145 |56 195 169 7 165 93 92 |45 57 142 66 106 65 58 147 64 172 1 75 67 126 |151 124 81 159 104 73 200 87 63 |35 38 11 84 95 110 77 152 190 88 82 158 188 26 98 83 148 123 79 |3 154 153 161 6 193 12 117 13 |76 28 192 21 178 174 9 111 78 30 74 116 48 55 150 162 109 10 49 |23 160 171 89 144 132 187 176 131 179 32 |113 96 53 167 197 118 72 8 173 146 60 163 127 102 138 |90 196 181 2 119 5 16 42 94 103 46 15 180 47 80 136 20 27 17 ||140 86 129 120 19 185 41 |149 36 155 198 |69 |62 18 108 125 143 166 39 189 175 |121 22 141 91 107 134 168 122 |54 4 71 |199 100 183 105 51 133 156 130 |61 40 128 177 112 |194 34 170 |114 184 68 70 99 101 59 |29 135 164 43 25 186 |14 24 157 |
8592.39 715824
182 147 44 119 60 109 162 57 25 31 144 |66 10 7 99 87 142 150 55 37 48 184 42 169 153 |88 116 113 114 103 45 98 94 132 38 |102 137 93 138 117 139 152 176 190 167 29 84 64 |158 191 73 27 192 12 92 97 79 20 136 21 171 |186 106 101 65 49 52 115 59 163 16 131 |188 67 75 179 32 5 146 15 161 |26 74 82 96 200 145 174 53 172 83 195 |123 13 63 165 127 151 58 148 24 90 124 81 |1 17 104 77 30 78 111 9 126 193 95 118 56 ||110 3 |50 |76 |154 70 160 197 72 8 173 |196 181 2 46 180 47 80 |140 86 129 120 19 185 41 |149 36 155 198 |69 |62 18 108 125 143 166 39 189 175 |121 22 141 91 107 134 168 122 |54 4 71 |199 100 183 105 51 133 156 130 |61 40 128 177 112 |194 34 170 |43 164 187 6 11 85 28 89 |14 159 33 178 135 |23 157 68 35 
12138.3 293259
49 52 124 90 147 182 117 118 64 84 51 56 |44 7 87 162 109 131 |93 138 137 102 165 63 127 148 58 151 119 32 5 179 146 |77 78 9 139 74 45 98 195 |30 191 26 116 103 55 150 15 |123 192 12 92 1 94 161 |142 31 67 158 82 88 200 145 174 172 |17 126 152 190 75 37 48 42 |65 60 83 136 20 79 97 27 95 193 171 38 |113 66 10 115 163 16 ||128 100 18 |4 135 144 |170 71 |157 39 166 3 |134 168 53 |91 110 50 |106 198 |181 177 |154 68 70 185 |178 101 |24 25 43 |120 59 175 |57 |164 |153 86 180 |105 61 |173 143 80 47 21 11 |54 125 183 29 122 130 |194 72 159 121 |8 169 149 155 129 184 36 62 |85 33 141 |189 133 167 199 132 |112 188 187 73 |156 |46 140 96 114 40 108 |28 107 41 196 14 89 35 |176 111 23 |186 2 104 160 |34 76 81 22 |99 19 |6 |69 13 197 
15770.3 286739
99 186 162 55 37 98 94 31 171 51 118 56 |76 27 97 123 22 137 165 102 90 124 |45 103 26 116 128 113 74 67 100 75 1 18 |109 4 48 200 88 82 158 135 145 144 |95 79 20 136 117 170 138 93 71 147 182 83 |146 148 63 127 157 39 44 58 166 3 15 |193 134 77 168 30 191 139 152 190 29 53 174 172 |92 12 192 91 17 110 78 9 126 50 84 64 183 38 |10 7 66 106 115 65 198 52 49 60 179 5 32 119 151 194 195 |181 177 16 163 87 142 150 42 131 161 ||154 68 70 185 |178 125 101 |24 25 43 |120 59 175 |57 |164 |153 86 180 |105 61 |173 143 80 47 21 11 72 159 121 |8 169 149 155 129 184 36 62 |85 33 141 |189 133 122 167 199 132 |112 188 187 73 |156 |46 140 96 114 40 108 54 |28 107 41 196 14 89 35 |176 111 23 |2 69 13 104 197 |19 34 160 6 81 130 
16836 285815
77 17 95 193 126 9 139 38 |42 88 190 145 174 172 |82 200 78 30 191 152 84 64 171 |93 123 20 79 97 92 12 192 27 136 118 56 |135 148 127 63 165 102 147 90 124 83 195 161 |44 49 65 66 7 10 87 162 54 109 131 |137 138 117 182 175 75 67 158 199 1 |96 151 58 119 32 60 163 16 15 |5 146 74 26 116 113 103 45 98 |179 52 115 142 150 55 48 37 94 31 ||125 186 153 |181 |189 |2 157 71 |104 34 |33 28 130 |35 167 160 76 |100 183 |111 81 194 41 |39 24 18 |46 43 187 86 29 |188 |185 |154 177 173 155 61 36 114 25 53 |99 50 73 122 23 |22 121 80 14 19 89 |198 57 4 3 196 |59 101 108 68 |134 |112 143 72 6 176 144 169 129 8 |69 13 91 141 197 21 180 105 51 |62 164 184 128 178 11 47 |85 120 70 106 |149 156 133 110 168 140 132 |170 159 107 40 |166 |
17463.4 281329
135 148 127 63 165 102 147 90 124 83 195 161 |44 66 7 10 87 162 54 109 131 |137 138 117 182 175 75 67 158 199 1 |96 151 58 119 32 60 163 16 |5 146 74 26 116 113 103 45 98 |179 52 115 150 55 94 31 |49 65 142 37 48 42 15 |82 77 30 78 9 139 126 193 95 84 64 171 |17 88 200 191 152 190 145 174 172 38 |93 123 27 192 12 92 97 79 20 136 118 56 ||125 186 153 |181 |189 196 |2 157 71 |104 34 |33 28 130 |35 167 160 76 |100 183 |111 81 89 194 41 |39 24 18 |46 43 187 86 29 |188 |185 |154 177 173 155 61 36 114 25 53 |99 50 73 122 23 |22 121 80 14 19 57 4 |59 101 198 108 68 |134 |112 143 72 6 176 144 169 129 8 |69 13 91 141 197 21 180 105 51 |62 164 184 128 178 11 47 |85 120 70 106 3 |149 156 133 110 168 140 132 |170 159 107 40 |166 |
17594.9 280045
17 27 192 92 95 193 64 171 38 |191 117 182 147 90 124 83 |77 190 152 139 30 78 9 126 84 118 56 |137 102 165 63 127 148 44 58 151 195 |119 32 10 65 52 49 60 163 161 |55 142 66 7 87 162 109 16 131 |37 48 150 115 179 146 5 15 |200 88 82 103 45 98 94 42 31 |113 26 116 74 158 67 75 1 145 174 172 |138 93 123 12 97 79 20 136 ||149 181 |189 |101 |2 157 13 71 |85 104 134 |73 33 155 130 |143 141 |144 167 160 76 |4 100 183 |178 6 81 80 |29 |68 |19 177 164 43 187 120 |159 132 50 197 |18 86 |34 24 22 185 198 194 |128 39 69 |168 11 105 122 |129 3 36 21 |156 |133 110 62 |199 53 180 |154 |169 8 |59 186 |188 125 |99 153 |184 |25 |112 51 175 91 |54 135 |46 140 96 114 40 108 |28 107 41 196 14 89 35 |176 111 23 |121 170 47 166 |70 106 |173 |61 57 |72 |
17687.2 257271
191 117 182 147 90 124 83 |77 190 152 139 30 78 9 126 84 118 56 |137 102 165 63 127 148 44 58 151 195 |119 32 10 65 52 49 60 163 161 |55 142 66 7 87 162 109 16 131 |37 48 150 115 179 146 5 15 |200 88 82 103 45 98 94 42 31 |113 26 116 74 158 67 75 1 145 174 172 |138 93 123 12 97 79 20 136 |17 192 92 27 95 193 64 171 38 ||130 |39 106 |189 |196 |2 157 13 71 |85 104 134 |59 155 128 |177 19 184 149 |154 173 46 100 176 73 50 72 |114 188 164 167 |197 33 28 |186 25 61 36 144 |180 153 68 101 |76 133 11 178 53 |69 181 166 14 132 |156 86 18 35 129 47 |24 125 57 |170 159 |6 168 81 143 |51 21 89 3 80 |198 |107 23 40 120 |105 54 110 122 |41 141 160 111 62 |194 185 |169 91 |121 |22 4 108 140 199 |135 99 187 |112 70 8 |183 |43 34 |96 |175 |29 |
23923.9 255162
191 117 182 147 90 124 83 |77 190 152 139 30 78 9 126 84 118 56 |137 102 165 63 127 148 44 58 151 195 |119 32 10 65 52 49 60 163 161 |55 142 66 7 87 162 109 16 131 |37 48 150 115 179 146 5 15 |200 88 82 103 45 98 94 42 31 |113 26 116 74 158 67 75 1 145 174 172 |138 93 123 12 97 79 20 136 |17 192 92 27 95 193 64 171 38 ||41 |149 181 |189 |196 |2 157 13 71 |85 104 134 |73 33 28 141 130 |143 35 144 167 180 |108 4 47 175 |72 114 80 89 14 |122 69 50 197 51 |185 91 29 176 178 |194 34 24 22 19 177 155 |164 43 187 76 |18 183 |3 156 |159 11 105 140 132 |36 |23 121 |170 |101 |46 |6 160 168 111 62 81 |99 54 169 |61 40 184 |112 53 |107 133 |166 154 |68 120 186 59 25 199 129 8 |57 106 70 110 21 |198 125 128 135 96 |173 |100 |188 153 |86 |39 |
26811.9 254532

Time:4
Last Iter:10
Last Update:10
Tabu:0
Last Time4
13
115 109 38 118 92 192 152 190 127 |150 4 142 99 32 146 131 31 94 161 97 77 191 200 ||62 172 18 15 16 162 112 49 151 170 93 56 171 139 9 78 82 116 |197 193 64 20 34 22 2 119 5 52 10 87 55 158 |165 63 157 175 133 30 195 42 48 103 163 |141 104 168 84 47 136 121 144 140 67 96 74 |73 167 126 95 134 178 174 75 98 113 26 58 102 137 117 |88 187 128 188 61 100 53 86 111 107 27 12 159 123 138 147 179 60 66 |41 39 148 24 90 83 3 68 108 125 198 37 149 114 1 17 |80 124 182 189 181 44 65 7 54 45 46 145 50 79 ||132 25 8 180 11 72 |13 69 130 101 |70 43 |76 110 122 14 177 120 169 183 |106 186 57 185 81 |154 173 89 51 85 33 199 |166 196 71 164 36 |91 |28 160 29 176 135 155 153 129 35 |184 40 19 59 143 194 105 21 |6 156 23 |
8840.1 776217
104 77 9 190 136 123 147 148 5 16 15 |38 180 64 86 72 17 134 138 131 67 26 |133 12 20 117 189 22 39 32 60 52 10 161 118 82 116 103 |173 57 140 145 139 171 158 74 |80 89 144 31 132 75 113 43 164 36 197 168 27 119 162 |88 61 40 98 184 55 4 186 66 127 165 93 79 56 126 30 |76 110 23 29 51 81 3 146 179 49 7 109 42 102 137 |65 185 58 151 44 181 124 182 97 92 6 84 167 78 200 45 48 150 |14 194 83 195 153 37 108 120 163 34 63 121 192 95 193 152 191 172 1 |174 62 73 122 96 114 94 155 129 87 142 115 166 90 ||70 8 199 135 |2 24 130 156 33 50 178 |170 |198 59 99 154 25 |41 188 128 149 |19 |159 107 28 85 111 176 21 169 |112 101 187 100 53 105 |160 91 141 |18 183 11 47 175 196 157 13 |177 54 125 106 143 68 35 46 |69 71 |
8981.34 746994
139 122 104 161 37 45 55 |172 190 95 71 13 119 94 |128 116 164 67 1 62 29 84 126 124 49 52 87 162 |59 32 136 79 192 103 26 |200 199 74 36 113 61 98 42 150 70 142 109 7 106 60 179 58 20 27 78 |34 182 93 148 39 3 83 195 8 169 180 73 30 191 77 10 |196 41 127 165 147 97 12 160 17 85 167 152 53 64 75 16 |66 65 163 54 31 144 38 21 168 33 158 90 137 138 |115 186 146 5 151 44 63 170 117 92 28 193 111 23 171 88 82 |134 9 145 174 135 25 48 4 19 131 173 15 35 56 118 159 123 102 ||129 89 130 183 100 |108 198 125 154 68 140 96 |133 |141 107 76 110 6 194 166 |57 112 101 99 18 |43 91 121 189 |143 185 181 157 72 11 177 |184 120 40 114 188 |175 24 2 |176 46 155 47 156 81 80 51 |178 50 197 14 69 22 |105 86 132 149 153 187 |
9429.96 741910
27 123 63 44 7 31 145 139 9 84 56 |17 141 78 191 190 67 128 116 109 10 32 151 90 83 102 |97 12 134 171 18 195 131 52 100 82 200 ||170 165 127 148 39 5 124 79 126 152 172 1 158 88 74 |73 167 160 21 118 161 15 35 14 16 54 87 65 49 60 179 |30 85 176 53 86 183 64 6 95 193 107 117 24 47 42 48 37 142 115 163 |108 4 186 112 162 150 98 45 40 103 188 174 |144 23 20 136 138 137 58 |164 113 61 149 55 101 146 119 147 93 92 38 |182 189 192 11 178 75 36 26 94 153 66 77 ||185 120 125 106 187 199 |180 156 177 43 132 |175 22 181 57 59 |70 34 |121 91 89 51 140 155 25 |194 41 157 2 72 29 |133 122 110 68 |154 173 3 81 69 13 143 |19 198 76 130 |71 168 33 104 196 |99 |50 197 111 62 8 96 135 46 |105 28 159 80 166 184 169 |114 129 |
9915.83 657010
60 193 152 67 1 161 |143 54 192 26 107 31 172 102 44 32 179 163 109 4 42 |87 139 78 95 20 118 64 |23 141 120 177 155 30 126 17 79 123 136 |160 28 133 84 9 77 103 150 52 15 138 90 |69 137 157 196 147 124 119 49 65 162 38 56 |45 98 94 55 186 59 16 58 182 93 145 88 82 74 116 |191 66 200 135 113 164 18 8 169 184 10 99 115 5 83 165 63 148 |194 14 185 7 108 68 144 46 100 158 40 174 27 92 97 12 |131 154 19 142 48 37 75 96 190 50 122 171 195 146 151 127 117 ||199 29 11 72 159 91 |178 180 110 167 187 128 132 129 |43 188 114 61 62 35 104 |134 33 156 47 89 105 |166 24 13 106 |76 197 121 71 170 53 |181 41 34 |51 21 6 85 73 86 81 130 3 |22 |149 36 176 111 189 |39 2 101 112 70 173 |140 183 153 198 57 |175 125 168 |80 25 |
12325 639784
58 179 154 162 1 88 80 64 171 136 |104 192 72 47 195 3 198 109 98 |170 69 147 182 105 191 190 161 151 119 163 65 49 52 87 37 45 |140 94 55 66 5 44 20 97 95 9 |148 194 124 81 117 189 102 2 121 156 12 27 76 84 38 31 75 150 142 10 16 |115 146 32 127 138 93 123 79 |53 174 50 126 73 77 17 92 51 15 173 |169 48 113 26 116 74 67 200 172 |152 139 176 30 78 160 23 118 56 86 8 131 7 83 90 103 |193 111 107 175 137 165 63 39 185 60 177 42 145 158 82 ||132 199 164 43 |108 57 129 18 |71 13 34 128 |196 181 125 106 184 62 |183 28 24 6 |41 |29 144 153 19 134 180 |21 197 85 167 141 159 |157 |99 61 100 46 178 11 130 |120 54 |143 14 89 110 35 |33 112 186 68 155 |22 96 25 149 |133 |59 166 91 168 122 |36 188 114 40 4 70 101 |135 187 |
14233.6 620039
1 75 115 44 119 32 5 179 146 195 |163 137 93 138 147 58 151 15 161 |49 60 182 123 172 38 |26 103 45 98 94 117 118 171 56 |67 158 200 9 77 17 27 192 12 92 97 79 20 136 |8 169 184 61 187 96 164 116 128 113 74 82 88 145 174 62 178 |121 95 193 139 190 152 191 30 78 126 84 64 |52 65 10 7 186 162 109 108 150 55 48 37 31 |122 73 176 66 142 87 16 131 42 |141 102 165 63 127 148 90 124 83 ||25 71 |166 |157 4 132 86 |154 130 199 140 11 35 |160 112 85 |76 |167 100 29 51 180 155 53 |111 135 |143 120 101 |72 81 3 |14 34 46 183 |134 70 106 |133 |144 |89 129 47 |156 159 50 24 18 105 |19 185 80 181 41 21 |6 107 110 175 69 196 194 173 |43 188 177 |189 39 54 125 198 153 |197 168 |57 68 149 36 33 104 |22 170 13 2 91 28 |114 |59 |99 40 |23 |
14280.3 312408
9 111 191 152 126 84 11 20 117 182 34 147 90 124 83 |157 14 150 108 162 112 109 131 |167 190 200 88 74 82 158 67 135 100 75 1 46 140 174 53 172 183 38 |17 134 77 30 78 139 64 56 179 5 15 |26 116 113 70 4 48 25 16 154 |63 119 32 66 106 49 115 163 195 |12 79 123 93 138 137 102 165 127 148 44 58 151 |87 136 97 92 192 133 27 76 160 95 193 118 51 171 180 |10 55 37 45 98 94 42 155 31 132 144 35 |145 103 142 7 65 52 60 146 161 ||143 120 101 |72 81 3 173 |125 59 198 |153 |129 177 89 105 |141 |47 197 168 |156 159 50 24 18 |19 185 80 181 41 21 |6 107 110 175 69 196 194 |199 43 |23 |189 39 54 |188 |57 68 149 36 33 104 |22 170 13 2 91 28 |114 |8 169 184 40 61 187 96 164 128 62 178 |121 122 176 73 |186 99 |85 166 71 130 29 86 
15906.2 303150
2 196 107 27 92 97 20 136 |26 116 30 190 152 139 |37 45 94 31 191 78 126 193 95 118 56 |115 58 147 182 117 123 79 12 192 |66 77 84 171 |48 98 103 74 67 88 200 9 64 |17 113 82 158 75 1 145 174 172 38 |44 49 52 65 10 7 87 142 162 109 42 131 161 |93 138 137 102 63 165 127 148 124 83 195 15 |55 150 16 163 60 179 146 5 32 119 151 90 ||89 180 |189 153 |135 164 18 8 169 184 |194 14 185 108 68 144 46 100 |154 19 96 50 122 53 |40 99 |104 |43 |197 54 39 34 |61 125 |62 73 111 |35 129 59 57 70 114 199 |173 47 181 41 24 175 130 |132 25 4 186 106 120 |128 29 |170 13 156 176 140 |187 105 121 28 134 |33 188 |36 72 159 |198 101 112 143 166 |23 21 3 |85 168 141 22 177 |155 133 157 71 81 80 |149 86 167 6 76 183 51 11 |69 160 110 91 178 
16726.1 289372
123 12 192 17 77 126 171 |66 7 10 115 65 52 49 60 32 119 3 |142 87 163 14 151 58 196 195 |131 42 31 190 152 139 64 38 |37 113 116 74 82 88 200 191 30 78 84 56 |93 138 27 9 193 95 |147 182 117 92 97 79 20 136 118 |44 137 102 63 165 127 148 90 124 83 |26 48 150 162 109 16 179 146 5 15 161 |55 94 98 45 103 67 158 75 1 145 174 172 ||107 71 |18 |157 39 |57 185 22 170 130 |2 |112 125 |120 186 61 167 50 29 51 |135 53 176 111 |168 23 |72 180 89 144 46 |114 |121 141 8 |28 104 33 197 11 105 34 |199 41 24 156 |19 54 4 128 |85 149 177 106 68 |198 175 |173 |70 189 13 181 21 |6 91 155 129 |134 81 69 143 |73 36 164 76 |132 187 96 154 35 |100 43 184 |59 166 194 80 |133 159 |178 |183 108 47 |62 140 153 169 25 |122 160 |188 |86 |40 |110 99 |101 |
16974 269635
77 95 193 126 78 9 139 84 64 |123 12 192 27 92 97 79 20 136 118 171 56 |26 116 74 82 158 67 75 1 38 |66 87 142 150 109 16 131 |63 127 148 44 58 151 119 32 5 146 195 |60 162 55 37 48 42 161 |165 102 137 93 138 117 182 147 90 124 83 |17 30 191 152 190 200 145 174 172 |88 113 103 45 98 94 31 |7 10 65 49 52 115 163 179 15 ||129 112 177 |166 18 |157 39 |57 185 22 170 130 |107 134 43 |41 |21 125 140 135 128 |181 |106 4 70 54 |14 101 |155 153 105 |2 156 91 86 |176 160 89 |36 |180 51 11 53 96 100 46 35 8 120 |50 197 111 168 141 |61 108 164 |19 143 198 186 144 183 72 |194 189 133 188 114 |69 76 33 104 |169 184 40 62 178 |121 122 73 59 |175 |29 187 68 |3 81 80 |85 167 173 99 47 |28 23 |154 |13 149 199 |159 110 |71 |6 |132 25 196 34 |24 |
17302.6 258771
123 12 192 27 92 97 79 20 136 118 |26 116 74 82 158 67 75 1 38 |66 87 142 150 109 16 131 |63 127 148 44 58 151 119 32 5 146 195 |60 162 55 37 48 42 161 |165 102 137 93 138 117 182 147 90 124 83 |17 30 191 152 190 200 145 174 172 |88 113 103 45 98 94 31 |7 10 65 49 52 115 163 179 15 |77 139 78 9 126 193 95 84 64 171 56 ||107 71 |18 |157 39 |57 185 22 170 130 |2 |112 125 |120 186 61 167 50 29 51 |135 53 176 111 |168 23 |72 180 89 144 46 |114 |121 141 8 |28 104 33 197 11 105 34 |199 41 24 156 |19 54 4 128 |85 149 177 106 68 |198 175 |173 |70 189 13 181 21 |6 91 155 129 |134 81 69 143 |73 36 164 76 |132 187 96 154 35 |100 43 184 |59 101 99 40 86 |110 |166 194 80 |133 159 |178 |183 108 47 |62 140 153 169 25 |122 160 |188 |196 |3 14 |
17581.3 249507
123 12 192 27 92 97 79 20 136 118 |26 116 74 82 158 67 75 1 38 |66 87 142 150 109 16 131 |63 127 148 44 58 151 119 32 5 146 195 |60 162 55 37 48 42 161 |165 102 137 93 138 117 182 147 90 124 83 |17 30 191 152 190 200 145 174 172 |88 113 103 45 98 94 31 |7 10 65 49 52 115 163 179 15 |77 139 78 9 126 193 95 84 64 171 56 ||107 71 |194 166 18 |157 39 |57 185 22 170 130 |140 153 184 112 125 |120 186 |144 50 29 51 |89 181 |41 |19 99 106 |167 176 169 155 61 46 |25 175 173 |8 129 177 |34 |134 |4 62 47 21 |141 |110 6 70 68 |54 198 13 2 |114 149 36 33 104 28 |91 |69 76 |164 |81 11 197 |156 73 |128 111 23 |160 187 96 188 35 |53 100 43 |143 59 |101 80 |121 159 |178 |183 108 180 |86 122 135 24 |72 40 132 199 154 |133 85 |189 |3 |14 196 105 |168 |
21520.5 247803

Time:5
Last Iter:10
Last Update:10
Tabu:0
Last Time5
12
183 84 118 15 120 19 115 94 78 17 27 117 138 102 |148 34 147 80 151 58 165 13 137 6 172 1 113 116 98 48 142 |21 95 28 126 161 195 124 123 163 150 66 |26 82 88 100 144 35 105 29 136 12 192 146 32 44 |104 92 97 20 182 166 119 60 101 7 55 152 |162 109 10 42 129 8 3 41 127 189 93 79 103 |159 141 33 9 50 191 64 140 46 75 96 153 83 179 52 87 |114 67 74 45 31 18 56 72 156 133 85 139 16 5 90 |193 160 76 197 168 30 62 86 61 68 4 65 49 63 |155 131 54 37 158 36 145 174 190 200 122 77 171 38 ||47 167 176 164 149 186 177 |53 199 128 43 132 178 175 |108 59 198 106 184 40 135 180 |51 73 23 187 |69 |110 134 91 121 170 143 |25 57 188 111 |185 22 71 |99 112 14 194 24 196 157 89 |11 130 107 81 173 154 169 |125 70 39 2 181 |
8577.87 757629
68 42 153 55 151 58 92 191 |67 36 103 145 172 38 15 148 65 10 |131 129 31 140 62 200 78 118 97 182 147 138 165 127 119 60 109 7 |176 152 1 45 26 77 17 27 20 83 90 32 146 |198 49 162 4 48 155 177 56 171 107 123 117 75 113 |102 170 93 181 179 101 150 169 195 72 9 |196 41 44 63 185 5 120 106 37 94 158 116 139 136 |13 34 189 175 71 79 12 192 84 53 174 86 161 16 142 66 |132 18 183 51 6 29 190 111 82 187 114 154 87 99 |163 143 52 115 25 98 135 96 88 74 30 122 197 126 193 95 21 64 81 124 22 137 ||108 54 19 46 167 |24 173 180 11 199 80 |186 35 104 76 23 |121 |3 14 89 130 159 168 |59 70 184 149 61 128 164 178 |85 110 134 |91 156 160 33 73 47 |166 2 57 112 125 8 |194 43 |40 188 141 |69 157 39 105 144 100 |50 28 133 |
8766.11 737393
198 66 19 57 55 169 46 172 56 27 123 117 90 152 88 82 |176 73 50 1 158 155 87 7 52 5 93 |133 91 23 9 136 161 109 162 142 127 |118 83 124 196 60 106 42 74 77 192 |151 194 148 69 175 15 105 86 190 139 116 150 163 |113 26 96 67 103 45 186 65 49 119 51 174 20 |31 131 54 179 39 157 63 97 12 104 95 38 |165 44 146 16 8 144 149 75 199 145 140 188 200 30 78 92 182 |126 191 33 17 84 64 178 47 147 24 41 2 137 58 32 48 98 |168 167 53 18 195 171 193 79 159 71 138 102 13 115 10 37 94 ||141 121 130 22 3 173 129 |183 21 11 29 111 197 110 160 |135 |34 189 170 14 185 59 125 143 154 |28 107 156 80 89 112 |184 40 128 164 62 153 68 177 |108 101 70 4 25 43 36 187 |81 180 132 61 114 100 120 |99 166 181 35 72 6 |85 122 134 76 |
9317.34 727087
185 162 150 96 64 118 |154 163 5 147 182 138 93 95 75 26 87 10 |117 58 14 181 12 91 164 103 37 48 109 |170 90 83 20 97 33 78 172 74 98 45 60 |137 41 49 57 113 82 84 171 38 124 136 79 |66 59 142 55 94 62 183 11 6 111 148 63 |17 192 156 193 126 46 1 88 116 188 31 15 16 179 65 |27 92 123 121 22 127 196 119 146 125 131 169 42 184 67 200 190 |35 18 56 51 174 199 135 191 9 168 23 133 71 69 13 44 151 |115 52 7 54 19 70 114 158 145 152 139 30 77 141 161 195 32 102 165 ||25 155 129 120 140 178 50 160 104 |175 76 73 197 21 |187 128 |122 85 167 176 86 105 180 134 107 |149 61 108 186 153 8 81 |130 189 34 24 157 2 |106 198 99 177 132 40 |29 28 36 43 89 |39 |194 166 143 112 68 144 100 53 |47 72 80 159 110 173 3 |4 101 |
9762.56 704637
68 42 153 55 151 58 92 30 191 |67 36 103 145 172 38 15 148 65 10 |131 129 31 140 62 200 78 118 97 182 147 138 137 165 127 119 60 109 7 |156 152 1 45 26 77 17 27 20 83 124 90 32 146 |198 49 162 4 48 155 177 56 171 73 123 117 75 113 |102 43 93 181 179 101 150 169 195 72 126 9 64 |196 41 44 63 185 5 120 39 37 94 158 116 139 193 95 136 |125 166 189 175 71 79 12 192 84 53 174 86 161 16 142 66 |88 74 98 52 115 163 |18 183 40 6 29 190 111 82 187 114 154 87 99 ||188 135 96 122 160 21 81 |57 54 19 46 167 |24 173 180 11 199 |186 91 |194 33 47 |8 157 |3 |89 130 159 168 |59 70 |61 128 164 178 |85 110 134 |143 14 35 132 149 184 |176 197 76 107 23 80 34 |69 22 13 |2 170 121 104 51 |100 25 108 112 106 105 144 |50 28 133 141 |
12540.9 670066
44 151 146 90 189 81 56 160 17 78 30 191 150 162 87 |159 95 126 171 103 98 31 |178 11 136 121 138 12 139 67 161 |28 9 190 200 174 172 75 113 42 16 195 127 |131 120 54 10 49 5 119 164 102 91 84 38 48 88 145 |7 66 58 179 60 52 115 125 |165 123 192 92 79 20 124 64 |177 169 8 15 83 117 93 63 27 118 94 74 26 |148 34 182 13 180 62 197 193 133 173 32 163 65 109 55 37 45 158 82 |142 4 3 86 147 137 73 41 97 76 77 152 116 1 ||170 14 186 70 25 |19 144 18 |51 107 122 132 46 43 |198 106 59 108 129 188 |181 33 23 110 29 |141 |168 199 40 |153 35 89 72 |185 101 154 135 187 36 128 100 |96 167 2 22 |71 175 |104 134 85 183 68 149 |57 130 156 6 166 |184 114 39 |61 |143 112 99 155 105 21 47 53 |50 111 176 80 194 69 24 196 |140 157 |
12778.9 660930
138 102 13 63 157 2 44 166 151 |133 124 90 58 119 32 179 146 5 195 |93 165 127 148 24 147 182 175 117 130 81 |137 123 97 92 192 12 159 79 20 136 83 |60 49 52 65 101 66 7 10 112 87 162 150 57 109 19 169 |163 1 88 200 30 78 9 77 33 95 21 118 56 |115 31 193 17 76 104 27 171 38 |91 62 174 98 94 42 131 16 15 161 |142 48 37 45 103 61 75 190 152 139 85 197 126 84 64 |55 113 26 116 74 82 96 158 67 145 191 73 178 172 ||155 111 11 51 80 183 |86 29 70 186 8 35 |107 143 |144 |114 |167 105 |47 |4 25 40 43 187 188 |198 14 3 |128 194 39 181 196 |141 134 185 |99 125 |71 69 140 129 154 18 |23 156 72 180 46 132 135 |177 120 59 106 41 170 |122 168 110 |199 36 149 153 68 |28 34 54 108 184 |100 164 |50 6 160 |189 121 |176 22 53 89 173 
12787.4 295547
93 49 52 65 48 161 |138 182 117 123 92 97 79 20 136 195 |167 74 113 103 98 45 37 94 31 8 |96 42 60 179 5 32 119 58 166 151 |146 125 99 142 162 150 109 68 131 |55 87 66 7 10 115 163 16 15 |77 17 12 192 27 95 193 118 171 56 |26 116 82 158 67 75 1 139 9 126 84 64 |88 200 78 30 191 152 190 145 174 172 38 |44 148 127 63 165 137 102 147 90 124 83 ||91 |130 85 61 |114 176 81 112 |73 47 180 62 197 133 173 |4 3 24 157 41 |170 14 186 70 25 |19 144 18 105 51 107 122 111 |143 198 106 59 108 129 188 46 |21 33 23 110 141 29 |43 76 |140 199 40 155 153 35 89 72 |185 101 154 135 187 36 128 100 |194 196 2 22 71 175 |86 132 177 50 6 11 183 80 |13 53 178 159 160 |121 189 34 69 168 169 |164 184 120 181 39 |54 104 156 28 134 |149 |57 |
13581.2 283266
93 138 182 117 123 92 97 79 20 136 195 |167 74 113 103 98 45 37 94 31 8 |96 42 5 32 119 58 166 151 |125 99 142 162 150 109 68 131 |55 87 7 10 115 163 16 15 |77 17 12 192 27 95 193 118 171 56 |26 116 82 158 67 75 1 139 9 126 84 64 |88 200 78 30 191 152 190 145 174 172 38 |44 148 127 63 165 137 102 147 90 124 83 |48 66 65 52 49 60 179 146 161 ||91 |130 85 61 |196 149 132 188 |73 47 180 62 197 133 173 |4 3 24 157 41 |170 14 186 70 25 |19 144 18 105 51 107 122 111 |143 198 106 59 108 129 112 |21 33 23 110 141 29 46 |43 76 |140 199 40 155 153 35 89 72 |185 101 154 135 187 36 128 100 |194 114 71 175 |2 22 |86 81 177 50 6 11 183 |13 53 178 159 160 |121 189 34 69 168 169 |164 184 120 181 39 |54 104 156 28 134 |176 57 80 |
15886.1 280634
93 138 182 117 123 92 97 79 20 136 195 |167 74 113 103 98 45 37 94 31 8 |96 42 5 32 119 58 166 151 |125 99 142 162 150 109 68 131 |55 87 7 10 115 163 16 15 |77 17 12 192 27 95 193 118 171 56 |26 116 82 158 67 75 1 139 9 126 84 64 |88 200 78 30 191 152 190 145 174 172 38 |44 148 127 63 165 137 102 147 90 124 83 |48 66 65 52 49 60 179 146 161 ||91 |130 85 61 |114 176 81 112 |73 47 180 62 197 133 173 |4 3 24 157 41 |170 14 186 70 25 |19 144 18 105 51 107 122 111 |143 198 106 59 108 129 188 46 |21 33 23 110 141 29 |43 76 |140 199 40 155 153 35 89 72 |185 101 154 135 187 36 128 100 |194 196 2 22 71 175 |86 132 177 50 6 11 183 80 |13 53 178 159 160 |121 189 34 69 168 169 |164 184 120 181 39 |54 104 156 28 134 |149 57 |
16083.7 278777
66 52 49 60 194 69 24 196 |140 44 157 165 102 90 195 161 |17 136 97 12 192 27 193 118 171 56 |77 126 9 78 30 191 139 190 200 145 174 172 38 |152 26 74 82 88 158 67 75 1 |116 113 103 45 98 37 48 94 42 31 |123 20 79 92 95 84 64 |163 93 138 117 182 147 124 83 |137 63 127 148 58 151 119 32 5 179 146 |65 115 10 7 87 142 55 150 162 109 16 131 15 ||160 |120 54 164 |125 91 |177 |34 13 180 133 173 3 |159 121 71 189 2 |169 25 |19 166 170 104 167 62 |8 129 154 14 198 4 144 |36 197 33 134 11 21 |41 101 |81 47 178 73 76 107 |149 186 99 59 46 86 |28 96 |70 18 51 122 132 29 |43 106 108 40 153 35 |188 181 89 72 |23 110 141 168 199 135 100 |185 187 128 |22 175 |85 183 68 |57 130 156 6 |184 114 39 |61 |143 112 155 105 53 |50 111 176 80 
16726.7 275827
113 26 116 74 82 158 67 75 1 |127 63 165 137 102 147 90 124 83 |93 138 182 117 20 136 118 56 |123 79 97 92 12 192 27 95 193 171 |17 77 9 78 30 191 139 126 84 64 |88 200 152 190 145 174 172 38 |103 45 98 94 31 42 131 195 |148 44 179 5 32 119 58 151 |37 48 55 150 142 87 162 109 16 |115 10 7 66 65 52 49 60 163 146 15 161 ||129 144 155 |3 164 |196 134 96 176 |40 199 140 |181 |184 100 57 180 |104 80 24 |8 |122 188 |14 166 |22 168 |197 61 53 |154 198 185 39 69 71 |34 121 141 50 47 35 169 |143 |173 |130 21 73 149 |194 156 |28 76 110 |120 157 86 |167 160 |70 |135 |11 159 33 |4 41 2 91 |132 125 19 |62 153 68 177 |108 101 29 51 25 |43 36 187 |99 112 18 |178 13 170 189 175 81 89 105 183 |133 |23 6 72 |54 59 114 128 |186 106 |46 111 85 107 |
17183.5 252144

Time:5
Last Iter:10
Last Update:10
Tabu:0
Last Time5
24
104 12 121 170 24 127 185 15 31 1 103 26 |160 193 126 9 168 134 123 83 179 44 10 162 42 131 172 |101 106 7 143 55 82 88 174 102 |95 118 156 192 50 139 152 73 113 146 52 49 66 147 |150 70 109 198 14 39 71 97 27 17 30 171 75 98 45 |54 59 99 186 4 25 177 161 132 145 33 79 136 117 90 58 151 |157 165 137 138 175 159 92 21 178 190 78 200 158 74 |128 94 169 154 16 32 181 13 93 182 195 64 142 |38 84 29 191 77 141 6 130 124 194 5 173 115 65 87 37 67 43 |11 56 105 18 153 48 163 60 119 148 34 63 20 133 46 116 ||122 76 51 86 89 80 3 8 |125 61 81 |110 91 96 |69 47 180 167 199 53 |197 85 23 40 100 |108 41 36 |187 135 188 149 155 183 72 |107 176 114 184 57 19 120 129 |112 |62 144 35 68 166 22 189 |140 164 111 28 196 |2 |
8875.54 791036
133 12 136 123 195 64 126 122 190 1 67 74 55 163 49 66 |138 93 27 56 78 191 187 113 32 119 58 |150 142 7 52 179 5 131 103 82 139 9 77 193 92 102 165 148 |100 75 140 18 15 51 127 65 |157 69 24 182 175 83 180 105 183 84 95 197 176 42 87 |54 68 16 154 153 31 155 94 98 128 26 88 158 145 174 200 17 63 |10 59 162 45 114 62 178 38 89 118 79 90 151 |116 36 188 48 19 41 147 117 71 170 137 20 97 30 |104 152 53 172 46 96 164 37 57 109 99 198 185 196 161 171 |115 125 60 146 194 44 124 81 21 192 132 199 106 ||11 47 130 3 169 184 70 |167 85 23 135 61 |101 35 34 |73 33 6 80 144 120 |40 111 168 160 159 121 |166 39 22 |177 173 149 43 134 |2 181 13 189 107 8 |14 |91 28 110 156 72 |108 4 186 112 143 129 25 86 |29 50 76 141 |
8939.52 768103
83 130 34 22 127 65 150 48 98 103 174 200 30 17 192 161 |114 43 74 36 158 40 55 115 49 148 193 77 191 |71 124 119 31 171 136 97 |67 88 145 64 95 126 20 37 10 |122 78 190 84 21 11 180 27 12 159 175 90 131 142 188 |5 58 102 121 118 56 38 86 139 96 75 94 70 16 52 |93 165 63 24 39 44 32 7 109 42 45 1 82 26 92 79 |104 76 133 123 137 181 196 195 15 47 178 152 9 116 163 |151 60 87 4 149 8 105 183 62 73 138 |14 3 146 179 162 66 2 157 147 182 117 81 156 168 111 172 113 ||72 89 173 19 125 57 132 |28 107 134 176 199 135 155 68 154 |184 108 112 143 |170 13 91 160 85 |101 106 25 187 29 197 51 |6 33 |153 169 177 35 18 194 185 59 |110 23 141 50 120 |198 99 |128 61 46 129 54 166 |80 189 69 41 186 |100 164 140 53 167 144 |
9162.34 764350
199 158 75 74 103 37 109 162 16 49 182 172 152 |12 192 92 77 122 200 116 31 131 55 66 |189 97 28 23 73 84 56 161 15 5 |79 20 133 17 110 141 138 63 119 146 52 115 94 38 |132 155 40 54 112 41 148 71 21 193 95 126 88 |47 81 171 64 6 156 159 33 168 78 191 139 190 61 113 98 45 10 65 179 32 44 |147 175 117 121 93 137 39 58 35 153 105 118 50 30 174 67 82 |120 163 59 99 4 48 68 154 195 124 90 166 123 27 145 |29 167 140 72 91 102 13 181 185 198 7 142 |157 127 165 69 130 136 83 151 60 101 87 150 42 8 1 26 9 ||43 188 128 18 14 143 |24 196 22 107 104 197 111 85 |160 134 |80 51 11 180 144 129 25 164 |170 2 106 |176 96 36 |108 19 3 178 46 100 135 |114 62 86 183 76 173 |57 186 |187 149 53 89 125 |70 184 169 177 194 34 |
9191.31 763500
99 66 101 115 108 55 129 161 56 118 17 192 123 90 32 75 113 |199 88 132 171 97 182 93 22 137 102 10 7 |95 78 96 187 67 164 83 |174 140 158 200 190 139 79 24 165 16 31 48 98 |41 119 60 185 59 106 142 42 131 15 147 138 27 77 191 |4 37 45 94 155 68 52 195 38 180 64 84 126 9 30 172 1 12 |2 44 58 5 146 179 49 87 153 8 51 81 121 92 |167 21 183 105 35 149 82 134 104 193 117 148 163 162 |26 43 36 100 103 145 53 86 176 50 76 71 69 63 151 65 109 150 |152 74 116 136 20 107 141 124 127 ||33 11 130 13 154 |144 61 135 188 128 197 |19 112 186 198 39 196 |23 122 178 72 3 120 |184 57 54 46 62 114 |156 |47 169 143 175 189 170 |159 133 28 6 29 85 111 18 |14 194 166 157 |91 110 160 168 73 89 80 173 177 |25 40 125 70 |34 181 |
9657.32 750481
57 42 131 173 10 61 113 74 116 82 145 84 136 93 |99 112 106 108 48 16 179 15 38 124 127 190 78 |198 162 114 67 76 17 79 |196 89 95 9 174 158 103 37 163 115 52 |26 187 88 75 155 184 186 66 146 58 161 171 27 97 77 191 139 |110 23 30 167 172 140 46 96 36 25 87 60 148 137 |70 150 55 94 132 200 176 168 134 130 138 102 165 5 195 |45 153 120 49 7 142 43 164 53 193 192 83 90 147 63 32 |151 194 185 129 144 178 122 91 92 20 123 182 13 98 |2 44 119 65 59 54 109 169 31 1 188 152 111 126 64 118 56 117 12 ||39 69 81 47 72 33 |128 177 154 14 80 6 |156 170 |181 41 24 19 68 4 40 |86 62 199 107 22 |149 |101 34 21 29 197 |141 175 143 125 35 18 |105 183 51 |135 100 73 85 50 11 180 8 3 |160 104 133 159 121 157 166 189 |28 71 |
9831.43 745936
93 182 2 185 60 59 31 145 152 17 |131 162 140 1 158 26 190 9 97 79 |18 171 29 176 122 136 81 90 148 146 16 150 98 7 |27 12 193 126 191 51 35 144 165 137 |179 112 55 129 96 43 139 133 |50 30 168 104 192 118 56 183 64 53 153 109 66 49 32 119 5 124 117 |116 82 61 45 94 57 186 10 106 143 163 151 58 147 63 92 77 |73 78 172 46 67 88 74 113 125 52 65 194 102 |170 24 196 127 157 83 15 161 38 86 174 75 103 40 149 37 48 4 108 42 95 |33 110 84 105 47 195 173 115 87 142 100 164 200 20 123 138 44 ||178 21 72 6 89 80 130 166 154 |155 25 184 132 199 188 |175 34 121 |128 36 135 111 189 |71 3 180 197 134 62 |39 181 |8 68 120 70 99 114 |187 177 101 |69 22 |41 13 14 19 198 169 |11 167 28 76 107 23 141 159 156 160 |85 91 54 |
9947.78 743797
114 100 172 197 12 91 121 137 63 148 5 179 10 7 142 |92 27 126 78 30 139 152 64 38 124 147 117 102 60 87 48 |53 73 77 199 164 98 150 16 163 65 66 151 15 |36 82 88 67 75 109 44 157 13 90 9 |192 20 123 141 134 190 118 81 195 37 |181 127 69 146 115 131 42 55 188 116 158 174 171 193 17 |155 31 94 45 108 154 32 119 52 183 95 79 |3 58 196 165 22 175 56 11 84 178 62 140 1 176 18 198 |74 26 135 145 86 104 97 182 24 93 162 |130 136 72 89 161 83 41 2 138 76 110 23 191 200 96 113 103 49 ||6 21 180 129 70 106 194 80 |34 71 156 29 167 85 |57 4 112 59 125 185 |43 |177 120 101 187 128 40 149 |35 153 132 173 166 39 14 68 |184 |111 160 159 47 144 |143 99 61 50 168 51 |28 107 |54 19 186 46 105 |122 33 133 189 170 8 169 |25 |
10020 736615
49 100 172 197 12 91 121 137 63 148 5 179 10 7 142 |92 27 126 78 17 139 152 64 38 124 147 117 102 60 87 48 |53 73 77 199 164 98 150 16 163 65 66 151 15 |36 82 88 67 75 109 44 157 13 90 9 |192 20 123 30 134 190 118 81 195 37 |181 127 69 146 115 131 42 55 188 116 158 174 171 193 153 |155 31 94 45 108 154 32 119 52 183 95 79 |3 58 196 165 22 175 56 11 84 178 62 140 1 176 18 198 |74 26 135 145 86 104 97 182 24 93 162 |130 136 72 89 161 83 41 114 138 76 110 23 191 200 96 113 103 ||6 21 180 129 70 106 194 |34 71 156 29 167 85 |57 4 112 59 125 185 |141 |173 |2 |177 120 101 187 128 40 149 |35 |132 |166 39 14 68 |184 |43 46 |111 160 159 47 144 |143 99 61 50 168 51 |28 107 |54 19 186 80 105 |122 33 133 189 170 8 169 |25 |
11356.6 726926
23 91 17 12 192 92 97 27 193 95 6 118 51 171 180 |124 44 49 10 7 186 142 87 162 54 109 131 153 161 |182 147 90 58 151 119 32 5 60 52 65 66 101 115 163 16 154 |146 179 98 103 36 187 82 135 46 140 64 |79 117 71 93 138 22 137 102 165 63 127 2 148 166 |84 197 77 33 110 76 28 136 83 89 |37 45 188 114 61 100 94 31 38 |149 126 9 78 30 191 73 139 152 190 62 172 105 56 |123 20 150 55 48 184 42 15 195 |200 88 26 116 113 74 67 158 75 1 145 174 ||85 |18 160 133 156 196 |40 |70 |106 121 |170 13 169 43 |53 178 72 189 24 |34 69 104 107 50 |125 99 57 86 29 81 |112 155 35 80 39 |176 68 194 8 |164 168 134 167 |41 |21 129 177 120 185 4 173 |130 175 157 198 143 14 |25 108 |47 11 144 19 181 |159 141 96 199 |128 |3 59 111 122 132 183 
12540.5 305411
162 87 10 7 66 65 49 60 80 11 |71 141 17 78 197 126 64 |63 165 102 137 138 93 123 20 136 161 |117 79 192 92 97 171 38 |200 77 9 30 191 152 190 139 84 |127 182 12 27 95 193 118 56 |115 52 32 119 151 58 44 148 90 147 124 83 |142 150 55 48 42 131 16 163 179 146 5 15 195 |109 37 26 116 74 82 88 158 145 174 172 |94 98 45 113 103 67 75 1 31 ||112 4 133 166 194 |2 14 |100 |34 |85 18 |175 121 39 35 153 86 144 |81 89 183 129 149 128 36 53 |24 13 19 68 169 47 72 51 |178 46 33 154 143 |69 170 59 101 120 177 173 |61 50 110 134 176 168 140 |198 57 186 99 196 |91 54 25 29 |188 |181 22 159 160 76 |125 108 114 104 107 105 |156 23 43 |155 122 |6 96 40 |8 3 185 28 130 180 |157 189 70 62 |106 199 135 73 167 111 |41 132 |21 |164 187 184 
14965.5 292058
143 176 164 67 135 1 46 |75 158 82 74 113 103 61 94 42 155 31 153 |145 98 45 37 48 55 142 186 87 162 109 54 16 131 8 |7 66 106 101 10 115 125 163 179 146 154 161 |126 17 27 192 12 92 97 79 20 123 121 117 182 124 83 |136 90 165 63 127 39 41 44 58 194 |150 65 52 49 185 60 32 119 5 14 173 15 |23 77 78 9 139 152 190 174 172 64 84 72 118 56 |147 93 138 137 13 102 148 166 151 3 195 |26 116 88 200 191 30 110 193 95 6 171 38 ||24 99 2 |11 107 91 |141 40 120 |71 104 178 199 114 |198 70 25 188 140 29 |81 89 85 129 149 4 |34 76 33 168 122 73 68 |108 128 36 167 130 |43 160 |47 86 100 111 189 |22 181 196 28 134 50 |175 |156 21 51 35 132 53 197 |19 187 96 105 144 177 |57 59 |183 |133 159 |180 62 18 169 |184 112 170 157 69 80 
17237.6 288881
87 10 7 66 65 52 60 179 146 183 |142 37 45 98 94 31 |26 103 55 150 48 42 161 |51 113 116 74 82 96 67 158 88 200 145 174 172 |75 70 186 162 109 16 131 15 |163 115 49 44 5 32 119 58 151 195 |137 63 102 165 127 148 90 147 124 83 |182 138 93 123 79 20 136 |117 126 192 12 92 97 95 84 64 118 56 |1 190 152 139 191 30 78 9 77 17 27 193 171 38 ||61 |62 23 |133 110 141 |14 155 40 54 112 |3 71 6 41 |159 33 |69 |8 121 39 |153 |120 114 99 4 |154 166 |11 |144 |169 |101 |185 129 |198 |106 143 107 |46 125 194 |170 24 135 180 |173 157 |178 72 89 80 36 |25 184 199 188 164 149 |34 |168 122 73 68 |108 128 167 130 |43 160 81 47 86 |22 181 196 28 134 50 |100 111 189 175 |156 21 35 132 53 197 |19 187 105 177 |57 59 |176 |76 18 |2 85 104 |13 91 |140 29 
17260.8 283670
87 10 7 66 65 52 60 179 146 183 |167 50 51 96 177 57 186 162 109 16 131 15 |163 115 49 44 5 32 119 58 151 195 |137 63 102 165 127 148 90 147 124 83 |182 138 93 123 79 20 136 |117 192 12 92 97 95 118 56 |77 17 27 193 171 38 |103 88 190 139 152 191 30 78 9 126 84 64 |200 26 116 113 74 82 158 67 75 1 145 174 172 161 |142 150 55 45 98 94 37 48 42 31 ||61 |189 28 23 73 |133 110 141 |132 155 40 54 112 41 |47 81 6 156 159 33 168 21 |175 121 39 35 153 105 |120 59 99 4 68 154 166 |53 11 |144 |169 |43 |185 129 19 198 |106 143 107 |46 125 194 |170 24 196 157 86 |173 100 |178 72 89 80 130 |25 184 199 188 164 149 |34 108 |128 36 135 111 |71 3 180 197 134 62 |181 |8 70 114 |187 101 |69 22 14 |176 122 76 18 |2 85 104 160 |13 91 |140 29 
17632.9 281836
50 96 61 140 131 |57 52 60 179 32 119 151 5 146 15 161 |138 123 12 192 27 92 97 79 20 136 56 |105 6 17 110 77 30 78 9 126 |200 191 190 152 139 193 95 84 64 118 171 38 |58 148 127 93 137 22 117 182 83 |7 142 150 109 162 87 10 115 65 49 163 16 |26 116 188 74 82 88 158 67 75 1 145 174 172 |113 103 45 98 37 55 48 94 42 31 |66 44 63 165 102 147 90 124 195 ||183 167 |177 |189 28 23 73 |133 141 |132 155 40 54 112 41 |47 81 156 159 33 168 21 |175 121 39 35 153 |120 59 99 4 68 154 166 |53 11 |144 |169 |43 |185 129 19 198 |106 143 107 |46 125 194 |170 24 196 157 86 |173 100 |178 72 89 80 130 |25 184 199 164 149 |34 108 |128 36 135 111 |71 3 180 197 134 62 |181 |8 70 114 |187 101 |69 14 |176 122 76 18 |2 85 104 160 |13 91 29 51 |186 
18272.1 270981
55 94 45 98 37 48 42 31 |44 60 119 32 5 179 146 161 |137 63 165 102 127 148 58 151 |138 93 123 117 182 147 90 124 83 |17 27 192 12 92 97 79 20 136 |142 10 66 65 49 52 115 163 195 |103 26 116 113 74 82 158 67 75 1 145 174 172 |77 152 78 9 126 193 95 118 171 56 |7 87 150 162 109 16 131 15 |88 200 30 191 139 190 84 64 38 ||23 |135 91 |159 |184 |62 |99 141 |199 |104 |180 14 |176 |51 105 178 76 183 |68 186 25 |2 54 19 |41 69 13 |155 4 36 43 197 11 |50 46 156 170 189 34 35 |173 112 157 8 153 |28 167 164 61 187 |198 70 185 71 |122 106 |53 18 89 47 169 149 96 |73 85 29 72 168 140 144 |40 |22 181 196 120 108 |134 111 175 |128 100 |125 101 132 39 80 |33 130 86 177 57 |194 160 59 143 154 |107 133 121 114 81 |166 |188 |110 6 3 21 |129 24 |
18460.8 270033
137 63 102 165 127 148 90 147 124 83 |182 138 93 123 79 20 136 |117 192 12 92 97 95 118 56 |77 17 27 193 171 38 |103 88 190 139 152 191 30 78 9 126 84 64 |200 26 116 113 74 82 158 67 75 1 145 174 172 161 |142 150 55 45 98 94 37 48 42 31 |109 162 87 10 115 163 16 131 15 |7 66 65 52 49 5 195 |44 58 151 119 32 60 179 146 ||28 105 86 46 |51 |155 |167 |68 |187 189 194 |40 |59 |101 106 |72 |160 111 |4 99 185 |3 41 2 |71 134 178 |198 |25 |29 |81 89 181 129 149 |34 128 11 |33 168 122 73 8 |21 43 |184 |69 |23 |177 154 14 80 6 |156 170 188 |91 13 |76 183 153 35 50 104 |24 110 36 140 18 |175 199 100 108 70 |166 22 157 |114 61 62 120 143 |196 19 57 186 112 132 |133 159 130 180 135 96 169 |53 |39 144 125 |121 54 |197 |173 164 85 176 |47 141 107 
18636.9 265368
137 63 165 102 127 148 90 147 124 83 |182 138 93 123 79 20 136 |117 192 12 92 97 95 118 56 |77 17 27 193 171 38 |103 88 190 139 152 191 30 78 9 126 84 64 |200 26 116 113 74 82 158 67 75 1 145 174 172 161 |142 150 55 45 98 94 37 48 42 31 |109 162 87 10 115 163 16 131 15 |7 66 65 52 49 5 195 |44 58 151 119 32 60 179 146 ||35 173 86 46 |114 |155 |167 |6 |68 |187 36 40 153 156 |24 59 112 101 106 |72 157 |22 57 |54 177 |80 166 13 |107 |170 186 41 |99 185 53 14 |51 189 |198 70 25 188 21 |180 105 11 160 28 159 175 |81 |183 129 149 |34 76 33 168 50 73 8 144 |108 |184 69 196 |91 104 23 197 111 122 176 |43 128 132 |141 |19 181 3 89 |29 |140 134 110 143 47 |85 62 |178 |121 2 154 |61 164 199 18 |133 |130 4 135 96 169 |39 |125 194 |100 120 |71 |
19585.9 255614
68 154 55 94 40 45 98 37 48 31 |66 87 162 109 150 42 131 161 |142 7 10 65 52 115 163 16 15 |44 123 117 182 147 124 |93 138 137 102 165 63 127 148 90 83 |17 12 192 27 92 97 79 20 136 118 56 |77 191 30 78 9 126 193 95 84 171 |26 88 200 152 190 139 64 38 |103 113 116 74 82 158 67 75 1 145 174 172 |49 60 58 151 119 32 179 146 5 195 ||34 71 |99 140 120 |46 |4 |104 |81 |70 47 157 |85 96 |51 156 121 |101 |23 134 86 72 76 33 |198 |132 89 166 |107 185 |197 178 |29 110 35 18 129 |125 59 13 |199 |180 105 11 160 28 159 175 |167 |135 128 62 50 111 6 |14 39 2 69 130 |100 106 196 41 181 80 |21 53 |153 114 43 |19 54 112 177 173 |3 143 |24 144 149 |22 188 164 |168 |122 |141 73 91 |36 184 57 183 155 |186 |194 61 187 |176 |133 189 170 8 169 |25 |108 
23455.3 253422
55 48 37 45 98 94 31 183 |66 87 162 109 150 42 131 161 |142 7 10 65 52 115 163 16 15 |44 123 117 182 147 124 |93 138 137 102 165 63 127 148 90 83 |17 12 192 27 92 97 79 20 136 118 56 |77 191 30 78 9 126 193 95 84 171 |26 88 200 152 190 139 64 38 |103 113 116 74 82 158 67 75 1 145 174 172 |49 60 58 151 119 32 179 146 5 195 ||34 71 99 |120 140 |4 46 |104 |81 |70 47 157 |85 96 155 186 |51 156 121 |101 |23 134 86 72 76 33 |198 |132 89 166 |107 185 |197 178 |29 110 35 18 129 |125 59 13 |199 |180 105 11 160 28 159 175 |167 |135 128 62 50 111 6 |14 39 2 69 130 |100 106 196 41 181 80 |21 53 |153 114 43 |19 54 112 177 173 |3 143 |24 144 149 |22 188 164 |168 |122 |141 73 91 |36 184 57 |194 61 187 176 |133 |189 170 8 169 |25 |108 68 154 40 
24074.9 252083
44 60 119 32 5 179 146 |137 63 165 102 127 148 58 151 |138 93 123 117 182 147 90 124 83 161 |17 27 192 12 92 97 79 20 136 |142 10 66 65 49 52 115 163 195 |103 26 116 113 74 82 158 67 75 1 145 174 172 |77 152 78 9 126 193 95 118 171 56 |7 87 150 162 109 16 131 15 |88 200 30 191 139 190 84 64 38 |55 94 45 98 37 48 42 31 ||194 |173 |157 105 156 |22 59 |99 54 125 187 |100 |80 |35 153 169 |114 |185 40 46 96 |57 |39 |13 170 112 130 |68 155 |72 86 |24 177 106 |166 101 135 36 |71 41 53 14 |51 189 |198 70 25 188 21 |81 175 |183 129 149 |34 76 33 168 50 73 8 144 |108 |184 |69 |196 |91 104 23 197 111 122 176 |43 128 132 |141 |28 19 181 3 89 |29 |140 134 110 160 47 85 62 11 |178 |121 2 154 |61 164 199 18 |167 |120 4 |107 133 |143 |159 180 |186 6 |
24415.7 251607
55 94 45 98 37 48 42 31 |44 60 119 32 5 179 146 161 |137 63 165 102 127 148 58 151 |138 93 123 117 182 147 90 124 83 |17 27 192 12 92 97 79 20 136 |142 10 66 65 49 52 115 163 195 |103 26 116 113 74 82 158 67 75 1 145 174 172 |77 152 78 9 126 193 95 118 171 56 |7 87 150 162 109 16 131 15 |88 200 30 191 139 190 84 64 38 ||34 71 141 |40 25 120 |159 |4 128 62 |184 160 170 |81 47 157 |70 167 96 |35 |175 121 189 51 105 178 18 183 |53 46 164 57 54 19 80 |13 69 41 194 14 |155 153 169 |181 |11 72 |185 135 |104 198 112 |91 114 199 |188 140 99 149 |89 85 129 29 |33 168 50 73 8 144 |68 108 |130 |22 |196 28 23 197 111 122 176 |43 134 132 |86 100 36 76 |106 125 101 39 |187 2 173 177 |59 143 154 |180 186 |107 133 |166 |61 |110 6 3 21 |156 24 |
28359 251566
66 87 162 109 150 42 131 |142 7 10 65 52 115 163 16 15 |44 123 117 182 147 124 |93 138 137 102 165 63 127 148 90 83 |17 12 192 27 92 97 79 20 136 118 56 |77 191 30 78 9 126 193 95 84 171 |26 88 200 152 190 139 64 38 |103 113 116 74 82 158 67 75 1 145 174 172 |49 60 58 151 119 32 179 146 5 195 |55 48 37 45 98 94 31 161 ||34 71 |99 140 141 |120 |4 |104 |81 |70 47 157 170 |46 73 85 96 155 183 |134 86 |23 33 51 |76 108 68 89 166 |186 72 156 121 |133 |184 198 154 178 |61 29 110 107 169 |35 59 185 101 |125 |13 |199 |180 105 |160 28 159 175 189 |167 176 135 128 |50 |6 |62 69 39 2 14 |130 |100 106 196 41 181 80 |53 |153 114 43 36 |19 54 |177 173 11 |21 3 |57 144 |187 188 149 |22 112 143 |164 |111 |24 |168 |122 |91 18 129 132 |197 |194 |8 25 |40 
30009.8 247417
66 87 162 109 150 42 131 |142 7 10 65 52 115 163 16 15 |44 123 117 182 147 124 |93 138 137 102 165 63 127 148 90 83 |17 12 192 27 92 97 79 20 136 118 56 |77 191 30 78 9 126 193 95 84 171 |26 88 200 152 190 139 64 38 |103 113 116 74 82 158 67 75 1 145 174 172 |49 60 58 151 119 32 179 146 5 195 |55 48 37 45 98 94 31 161 ||34 71 |99 140 120 |141 |4 |104 |81 |70 47 157 170 |85 96 155 46 |73 |51 156 183 |101 86 |23 134 33 76 108 68 |186 72 121 89 |166 |107 |133 |198 154 |178 110 |61 129 29 125 |35 59 185 |13 |199 |180 105 |160 28 |159 175 |167 176 135 128 |50 |111 6 |39 |62 130 69 |2 14 |106 100 196 80 |181 41 |53 153 |114 43 36 19 54 112 177 173 |11 |3 143 21 |144 |188 149 |22 |164 |24 |168 |57 184 |122 |91 18 132 |197 |194 |187 |189 |169 |8 25 |40 
30126.9 245846

Time:5
Last Iter:10
Last Update:10
Tabu:0
Last Time5
15
144 18 86 178 62 174 20 123 151 58 52 115 163 42 48 109 142 |2 137 138 121 90 184 1 88 |171 56 3 148 102 22 79 159 12 91 193 139 82 10 66 |118 180 47 81 83 161 126 100 113 99 146 |75 135 94 55 70 186 106 65 44 181 124 93 95 84 190 9 15 |27 76 107 167 53 158 187 74 154 120 112 7 101 127 165 |141 192 136 117 63 5 14 16 54 150 98 31 67 116 |128 200 152 30 168 17 92 97 156 175 182 196 119 173 38 162 49 |37 149 46 172 195 179 32 166 39 69 189 147 191 |131 60 198 87 45 103 188 26 96 145 176 78 77 64 ||71 157 59 68 155 153 129 105 |183 11 72 33 111 85 50 73 110 160 6 |13 |104 28 51 29 89 80 143 |199 114 61 43 36 25 4 8 |21 125 |177 169 40 164 108 |133 23 122 130 194 |197 134 140 132 35 19 57 |34 24 41 170 185 |
8778.78 742981
98 45 68 7 103 113 200 124 63 |115 106 70 150 172 30 97 136 182 90 44 195 |71 138 170 22 58 179 65 48 38 56 83 193 139 |77 33 197 167 29 84 86 31 109 26 192 |148 194 32 157 69 117 133 126 9 73 64 174 145 96 94 163 |92 20 93 165 119 5 161 190 152 78 88 158 |34 196 127 146 60 10 66 186 57 37 61 1 171 118 95 12 |79 121 189 137 102 52 99 162 4 25 149 114 67 75 131 17 |91 27 156 130 147 151 41 2 120 19 87 55 15 191 |82 74 164 116 53 105 76 123 16 42 54 125 49 142 ||132 46 183 47 14 |122 141 13 173 |153 140 100 50 |169 8 18 51 21 11 28 134 110 23 85 |81 80 166 35 129 144 135 |159 107 143 198 |3 154 155 128 36 6 72 89 |177 108 112 59 101 40 188 |199 |39 181 24 175 160 178 |185 184 176 62 180 |111 168 104 187 43 |
9092.68 722196
87 123 27 79 20 |30 64 15 48 45 103 75 78 148 44 127 165 |109 142 59 101 16 31 88 200 136 182 93 151 |28 17 56 124 58 32 115 7 26 82 158 |139 50 111 191 193 95 12 102 38 98 150 162 |141 91 133 167 152 171 89 35 129 177 179 5 60 137 |172 86 72 6 192 107 71 138 147 83 119 49 66 55 113 |77 126 118 105 174 96 74 116 42 146 22 92 |117 175 130 159 160 84 180 46 67 94 37 131 3 52 163 |10 112 65 143 19 57 25 8 161 195 90 189 63 157 2 97 134 9 190 145 1 ||21 11 51 29 104 170 34 |132 178 183 47 73 149 |54 108 |70 186 99 106 68 169 153 155 144 |199 61 128 |187 40 120 53 |121 24 173 164 114 100 |39 85 122 33 110 23 |62 197 76 81 196 |4 188 168 154 18 |36 43 |185 |176 |184 125 198 181 69 13 194 |140 135 80 14 166 41 |156 |
9614.55 703734
26 45 37 87 131 |77 78 191 103 60 179 195 |144 18 86 178 62 174 20 123 151 58 52 115 163 42 48 109 142 |2 137 138 121 90 184 1 88 145 172 |171 56 3 148 102 22 79 159 12 91 193 82 10 66 |118 180 47 81 83 161 126 100 113 99 146 |75 135 94 55 70 186 106 65 44 181 124 93 95 84 9 64 15 |27 76 107 167 53 158 187 74 154 120 112 7 101 32 127 165 147 |141 192 136 117 152 139 190 63 5 14 16 54 150 98 31 67 116 |128 200 30 168 17 92 97 156 175 182 196 119 173 38 162 49 ||149 46 166 39 69 189 |198 188 96 176 |71 157 59 68 155 153 129 105 |183 11 72 33 111 85 50 73 110 160 6 |13 |104 28 51 29 89 80 143 |199 114 61 43 36 25 4 8 |21 125 |177 169 40 164 108 |133 23 122 130 194 |197 134 140 132 35 19 57 |34 24 41 170 185 |
11497 689410
159 160 180 144 108 143 |183 178 85 17 104 27 192 12 133 92 97 156 79 20 136 81 51 |50 168 170 166 6 171 56 38 35 |46 80 130 95 193 126 77 9 122 78 30 73 191 190 176 152 139 84 118 47 |169 19 125 112 10 99 7 66 65 198 52 60 179 146 5 |93 138 137 102 63 165 127 148 44 58 151 |200 88 82 158 67 1 75 98 55 142 87 163 |150 31 174 172 64 117 182 147 90 124 83 195 15 |145 74 26 116 113 103 45 94 37 48 162 16 |123 119 32 49 115 109 42 131 161 ||54 |53 111 107 132 61 |41 22 28 110 105 89 |167 72 23 96 |177 68 25 40 14 24 189 |141 121 3 155 120 153 |164 114 36 |185 106 71 13 2 |101 91 |157 |197 134 11 86 135 187 |184 39 154 129 18 |59 4 |29 21 194 100 8 |149 43 62 76 34 |199 33 70 |188 |186 57 175 |128 181 |69 196 173 140 |
13564.4 352675
1 178 85 126 17 192 12 133 92 97 156 79 175 81 51 171 |50 168 193 95 170 166 6 118 56 38 35 |46 80 130 27 33 77 122 73 176 84 64 47 |169 19 125 112 10 99 7 66 65 198 52 60 179 146 5 |20 93 138 137 102 63 165 127 148 44 58 151 |82 158 67 75 98 55 142 87 163 |150 31 136 117 182 147 90 124 83 195 15 |26 113 103 45 94 37 48 162 16 |123 119 32 49 115 109 42 131 161 |116 74 88 200 191 30 78 9 139 152 190 145 174 172 ||54 |53 111 107 149 132 61 |22 28 110 105 89 |167 72 23 96 199 |177 68 25 40 14 189 |141 121 155 120 153 |186 188 164 43 114 36 |185 106 71 2 |101 91 |157 |197 |194 24 13 3 8 180 |41 104 18 11 86 129 |134 135 187 128 184 154 |39 59 4 |29 62 21 |100 76 57 70 |34 69 181 196 173 140 |159 160 144 108 143 |183 
13614.8 323181
104 134 141 187 36 128 140 63 148 60 179 146 5 32 119 58 151 |68 101 108 48 37 45 40 98 94 31 161 |103 55 150 109 162 87 163 120 16 15 |42 142 10 7 66 49 52 65 115 59 131 |44 127 165 102 137 93 138 117 182 147 90 124 83 195 |188 26 116 88 82 158 67 75 1 145 174 172 64 |77 191 30 78 168 193 95 84 38 |113 74 200 190 176 152 139 111 9 126 |23 91 192 12 27 118 171 56 |123 17 92 97 79 20 136 ||183 73 61 |28 |8 50 |47 |143 |177 14 51 53 71 |80 19 186 184 153 |198 112 54 185 157 24 |11 72 160 110 122 167 129 144 |46 135 197 175 13 |99 106 121 33 |149 43 |96 114 132 18 154 169 25 |130 166 41 181 2 170 |107 |29 62 21 156 34 194 |100 85 76 |35 105 86 178 199 155 196 |159 22 69 |164 |125 70 57 3 173 39 81 89 |180 4 189 133 6 
13659.7 315070
188 111 60 58 10 106 161 |7 154 100 119 68 101 108 179 146 5 |178 75 103 45 98 94 37 48 184 31 |77 134 17 141 91 192 12 79 97 92 27 95 193 118 171 |113 26 116 74 82 88 158 67 1 145 172 |151 185 49 87 66 65 52 115 163 16 15 |44 63 102 93 138 182 117 20 136 56 |200 139 126 85 9 78 30 191 152 190 174 84 64 38 |123 137 165 127 148 147 90 124 83 195 |32 142 55 150 162 109 42 131 ||18 |35 |47 11 168 |21 105 |196 186 114 |99 194 81 72 6 |53 |28 76 23 96 135 25 |120 177 198 57 144 183 50 |133 33 164 128 43 40 |13 |189 |89 80 |143 176 73 107 159 |36 39 69 170 |54 |29 140 46 61 149 169 62 199 |175 104 197 122 167 156 |14 24 157 |155 |153 160 110 129 132 |2 |121 86 71 51 |22 34 |112 |125 70 19 3 173 8 166 |180 4 181 41 |130 59 187 
14157.9 311682
34 170 102 44 58 151 195 161 |66 7 10 115 65 198 52 49 60 119 32 5 179 146 |26 116 113 103 45 37 48 150 109 16 177 131 |55 142 186 87 162 54 163 15 |13 138 93 135 117 182 83 |137 63 165 127 196 148 90 147 124 80 |141 12 192 27 133 92 97 79 123 20 136 81 |17 191 30 78 9 85 139 152 190 145 174 53 178 172 38 |134 77 33 126 193 95 118 11 84 64 171 56 |200 88 82 74 67 158 1 75 98 94 42 155 31 144 ||96 59 57 |89 166 |164 |6 76 23 47 |114 187 28 72 184 |99 25 40 14 24 |121 175 3 180 |71 159 |36 39 69 |73 107 50 176 |29 140 46 61 149 169 62 199 |173 104 197 122 167 156 |168 128 |157 |108 70 185 22 130 21 105 |35 160 110 91 43 |106 154 19 |183 |8 153 68 125 112 101 132 100 86 |129 4 188 111 51 18 |181 2 189 41 194 143 120 
14463 290869
63 148 60 179 146 5 32 119 58 151 |68 101 108 48 37 45 40 98 94 31 161 |103 55 150 109 162 87 163 120 16 15 |42 142 10 7 66 49 52 65 115 59 131 |44 127 165 102 137 93 138 117 182 147 90 124 83 195 |188 26 116 88 82 158 67 75 1 145 174 172 64 |77 191 30 78 168 193 95 84 38 |113 74 200 190 176 152 139 111 9 85 126 |23 91 192 12 27 118 171 56 |123 17 76 92 97 79 20 136 ||183 29 73 61 |28 |8 50 |47 |143 |177 14 51 53 71 |100 62 80 19 186 184 153 |198 112 54 185 157 24 |11 72 160 156 110 122 167 129 144 |46 135 197 175 13 |99 106 121 33 |149 43 |96 114 132 18 154 169 25 |130 194 166 41 181 2 170 |107 |35 105 86 178 199 155 196 |159 22 69 34 |164 |125 70 57 3 173 39 81 89 |180 4 189 133 21 6 |104 134 141 187 36 128 140 
15164 281034
78 30 200 88 82 158 1 38 |74 67 190 152 139 9 126 84 64 |103 26 116 113 75 145 174 172 161 |117 123 12 192 92 97 79 20 136 118 171 |44 66 10 87 115 163 16 |55 48 37 45 98 94 42 31 |52 49 60 179 146 5 32 119 58 151 195 |65 7 142 150 162 109 131 15 |191 77 17 27 95 193 56 |148 127 93 138 137 63 165 102 90 147 182 124 83 ||134 |184 |186 |47 |105 196 |114 |21 |168 18 11 |99 194 81 72 6 178 53 35 |120 177 198 57 144 183 50 |133 33 164 128 43 40 25 |13 28 76 23 |96 135 |189 |89 80 |143 176 73 107 159 |36 39 69 170 |54 |29 140 46 61 149 169 62 199 |175 104 197 122 167 156 |14 24 157 |155 |59 |180 |108 166 154 |106 130 70 |173 85 110 19 185 |160 141 41 71 |22 |187 |91 |8 153 68 125 112 101 132 100 86 |129 4 188 111 51 3 |181 2 121 |34 
17161.5 272352
78 30 200 88 82 158 1 38 |74 67 190 152 139 9 126 84 64 |103 26 116 113 75 145 174 172 161 |117 123 12 192 92 97 79 20 136 118 171 |44 66 10 87 115 163 16 |55 48 37 45 98 94 42 31 |52 49 60 179 146 5 32 119 58 151 195 |65 7 142 150 162 109 131 15 |191 77 17 27 95 193 56 |148 127 93 138 137 63 165 102 90 147 182 124 83 ||68 |184 |186 |47 |196 156 |114 |21 |168 18 41 |105 |99 194 81 72 6 178 53 35 |120 |198 57 144 183 50 |133 33 177 40 25 |13 28 76 23 |96 135 128 43 |189 164 89 80 |143 176 73 107 159 |36 39 69 170 |54 |29 140 46 61 149 169 62 199 |175 104 197 122 167 |14 24 157 |11 |134 155 |59 |180 |85 166 154 |106 130 70 |173 |110 19 185 108 |71 160 141 |22 |187 |91 |8 153 |125 112 101 132 100 86 |129 4 188 111 51 3 |181 2 121 |34 
18105.9 264722
26 116 200 190 191 152 139 174 172 |49 65 66 7 10 115 163 131 |60 52 87 142 162 150 109 161 |55 94 45 98 37 48 42 16 |44 127 148 151 58 119 32 5 179 146 15 |103 113 74 82 88 158 67 75 1 31 195 |63 165 137 102 90 147 182 117 124 83 |138 93 123 92 97 79 20 136 |17 12 192 27 95 193 118 38 |145 77 30 78 9 126 84 64 171 56 ||101 |61 |134 |149 |14 187 |62 153 154 |34 184 100 132 |108 129 3 175 130 |18 |86 |47 11 168 |21 105 |196 186 114 35 |99 194 81 72 6 51 53 |28 76 23 96 135 25 |120 177 198 57 144 183 50 |133 33 164 128 43 40 |13 181 2 189 121 89 80 |73 107 159 |36 39 69 170 |54 167 |197 110 |125 185 157 |46 106 29 |19 24 71 156 |122 41 |8 160 104 |85 111 199 |178 140 169 |155 |59 |180 |166 |70 |173 |143 176 188 68 |112 22 |4 |141 91 |
19191.2 257179
26 116 200 190 191 152 139 174 172 |49 65 66 7 10 115 163 131 |60 52 87 142 162 150 109 161 |55 94 45 98 37 48 42 16 |44 127 148 151 58 119 32 5 179 146 15 |103 113 74 82 88 158 67 75 1 31 195 |63 165 137 102 90 147 182 117 124 83 |138 93 123 20 79 92 97 95 118 171 |77 17 12 192 27 193 84 64 38 |136 126 9 78 30 145 56 ||168 62 |41 187 |61 |160 28 |173 14 |47 6 |110 199 |3 194 34 |22 |72 |134 29 11 81 125 |141 91 |156 112 186 4 |196 101 99 108 25 |24 51 19 |184 149 71 68 |96 106 120 177 57 144 |133 33 164 128 43 40 183 |13 181 2 189 121 89 80 |143 176 73 107 159 |36 39 69 170 |54 111 50 |198 |180 |76 85 53 86 |166 140 |157 135 46 132 169 |185 |175 |129 8 155 70 |114 100 |154 21 |104 59 |23 |130 |105 178 167 |188 |18 35 |122 |153 197 
27155.1 256912
138 137 102 165 63 127 148 58 151 195 |60 49 52 65 115 10 87 162 109 16 15 |66 7 142 150 55 37 48 42 131 |116 82 88 200 145 174 171 118 56 |17 9 78 30 191 139 152 190 64 |119 44 90 147 117 182 124 83 |32 5 146 179 163 45 98 94 31 |26 103 113 74 158 67 75 1 |77 126 95 193 84 172 38 161 |93 123 92 12 192 27 97 79 20 136 ||168 62 |41 187 |61 |160 28 |173 14 |47 6 |110 199 |3 194 34 |22 |72 |134 29 11 81 125 |141 91 |156 112 186 4 |196 101 99 108 25 |24 51 19 |184 149 71 68 |96 106 120 177 57 144 |133 33 164 128 43 40 183 |13 181 2 189 121 89 80 |143 176 73 107 159 |36 39 69 170 |54 111 50 |198 |180 |76 85 53 86 |166 140 |157 135 46 132 169 |185 |175 |129 8 155 70 |114 100 |154 21 |104 59 |23 |130 |105 178 167 |188 |18 35 153 197 |122 |
29926.7 256380

Time:5
Last Iter:10
Last Update:10
Tabu:0
Last Time5
15
120 15 11 133 192 12 138 98 55 |32 179 60 185 44 24 90 182 83 195 171 79 123 200 142 |56 183 86 172 153 19 150 4 106 58 63 137 117 20 26 |80 81 124 147 14 119 49 66 10 125 161 64 126 78 191 77 74 116 |197 30 110 17 76 91 6 118 89 175 5 132 174 158 82 37 |67 36 45 94 48 42 31 18 178 33 27 97 163 162 |102 165 93 148 151 16 7 40 113 1 38 95 |180 50 190 43 108 87 59 99 169 130 |75 100 88 140 152 85 107 92 136 47 8 131 154 68 57 115 146 103 |21 84 193 72 139 9 168 23 145 129 109 112 65 52 143 39 127 ||186 184 25 199 194 |181 166 71 41 173 |70 188 |122 73 134 141 62 135 |3 177 155 61 96 156 |159 |176 167 111 104 121 22 |198 101 196 53 |187 164 34 170 13 |2 157 69 189 28 46 144 |54 149 114 128 29 105 51 35 |160 |
9104.86 831912
66 10 54 48 98 128 174 139 15 |47 21 172 144 149 37 55 150 163 119 90 102 27 78 67 |162 57 25 45 7 146 151 137 93 136 9 152 |109 4 94 40 113 26 17 12 171 161 83 32 60 52 115 |74 164 158 190 73 126 160 33 141 79 56 5 179 65 148 138 |43 116 62 178 105 38 89 31 42 106 58 147 92 |101 49 143 185 39 41 165 13 123 156 72 84 167 46 87 |64 11 193 28 97 20 189 170 127 124 14 16 70 18 145 77 |36 82 88 200 1 75 103 184 142 125 154 44 118 95 30 |63 182 117 80 195 131 108 100 199 187 191 111 192 ||130 133 50 122 135 61 183 180 |81 196 69 177 186 |6 |176 168 159 22 2 194 3 173 |59 121 71 107 104 |120 19 68 153 155 53 29 197 76 |166 24 181 175 91 85 86 |114 188 96 |140 129 8 51 110 134 23 |34 157 198 112 99 169 35 |132 |
9214.2 761111
48 98 199 88 50 9 111 64 123 127 44 179 162 |110 197 20 90 60 49 65 7 37 |58 151 24 165 182 121 79 92 133 193 171 56 152 |103 113 43 82 140 149 25 57 150 108 146 38 118 136 117 138 78 |190 191 77 23 159 161 42 1 26 10 66 115 |28 95 126 167 30 178 135 61 169 195 5 32 52 |100 158 36 164 188 45 184 16 15 83 34 174 |124 147 130 196 157 163 112 87 131 153 183 75 67 74 116 17 27 12 97 |200 176 122 33 104 84 172 145 144 31 35 81 71 63 119 109 55 94 |142 54 101 148 102 137 93 156 192 107 141 139 ||41 39 185 106 19 177 14 80 47 72 |91 21 175 181 |40 125 99 |89 18 3 2 170 69 6 |173 155 4 114 96 |198 186 70 68 187 128 |8 194 22 13 11 62 |160 134 |143 59 120 154 129 132 46 53 180 |166 189 76 168 85 73 29 86 105 51 |
9368.7 710389
139 191 77 95 79 182 71 2 60 52 7 16 37 94 |81 47 3 119 143 49 65 42 |109 99 106 138 12 192 82 74 67 1 172 |189 147 124 80 195 131 142 45 100 158 88 78 9 126 84 64 171 136 20 97 117 165 151 |103 61 75 39 174 190 17 27 92 83 15 161 146 179 5 163 10 66 |134 168 176 4 183 11 90 148 125 198 55 113 |41 44 14 115 162 108 150 48 40 132 145 152 123 102 |178 21 33 107 141 93 137 170 58 196 98 87 116 26 |184 164 200 30 111 193 118 56 38 |18 35 31 177 32 63 127 54 ||173 154 121 34 |135 72 160 130 89 |28 104 122 23 133 156 180 |25 69 167 6 |194 59 112 159 |128 62 50 73 187 43 |22 185 199 169 |149 186 |120 19 68 153 155 53 29 197 76 |166 24 181 175 91 85 86 |114 188 96 |140 129 8 51 110 105 |70 101 36 |144 46 57 |157 13 |
11183.2 672011
99 10 101 49 150 131 174 171 193 |123 117 24 143 52 198 162 113 67 26 191 118 56 38 136 20 79 27 |68 129 59 65 103 74 97 137 165 127 151 195 |69 194 32 185 7 87 161 1 158 82 139 17 12 |111 126 114 192 23 200 172 61 98 163 60 58 63 |93 166 44 146 109 57 184 75 88 30 84 92 |116 188 140 42 186 66 115 119 147 95 9 78 152 64 |175 189 90 124 83 5 179 125 19 4 70 142 48 37 132 128 77 |11 51 180 15 3 154 177 16 54 55 45 89 94 31 |199 145 190 148 102 138 182 ||122 81 80 153 155 160 |8 18 47 14 29 104 |173 34 181 100 |176 73 85 39 41 13 71 |112 |197 144 149 40 167 |28 107 121 130 2 21 |53 46 43 91 |25 6 178 135 96 187 35 |156 110 76 159 170 22 157 196 |134 |108 120 169 72 50 133 |106 33 168 105 |183 86 62 164 141 |36 |
11544.5 659732
76 193 126 64 180 47 34 196 179 52 115 66 |97 27 9 139 172 5 |61 184 16 119 151 124 192 30 150 142 10 163 |135 116 145 171 83 90 32 |153 42 45 40 128 187 26 190 84 12 44 60 49 |165 69 39 68 146 8 105 167 77 75 188 103 94 |170 93 137 13 81 56 11 136 20 79 78 38 |174 1 67 158 161 15 131 87 55 |200 88 96 82 152 191 118 144 98 48 109 70 65 58 127 148 |138 74 117 182 130 123 156 92 95 160 17 110 23 195 31 37 113 162 7 63 102 147 ||89 80 185 120 57 101 |2 22 125 59 106 169 |178 46 |85 197 168 176 29 86 132 36 |154 19 108 186 99 35 100 |43 |71 21 |51 53 28 175 189 194 166 |198 143 140 164 50 |159 |149 199 62 33 104 107 133 |6 |24 73 134 114 |25 |54 14 3 183 121 72 |18 122 111 141 173 177 129 |155 4 112 41 181 157 |91 |
13869.1 640084
55 150 162 142 10 52 49 32 44 58 195 |137 123 17 27 12 92 79 20 136 172 |45 98 113 82 190 77 193 56 |80 90 102 192 33 191 86 118 100 88 116 42 109 87 65 15 |14 124 182 196 127 181 115 64 84 |114 37 7 66 60 5 9 |119 194 24 69 165 13 2 117 30 1 75 158 74 |81 47 38 18 174 200 73 85 134 97 93 179 163 48 94 103 26 |131 31 132 149 135 152 139 78 197 126 95 104 171 161 151 63 148 |96 67 145 62 180 89 173 146 16 59 198 39 34 147 138 83 ||41 72 76 110 |107 91 133 6 167 8 |184 28 188 |170 157 185 154 25 57 |105 51 46 61 70 4 153 |71 164 |21 11 29 140 144 40 128 36 |186 168 122 50 |199 23 141 |53 129 177 155 108 |178 35 169 143 166 130 |176 111 159 121 175 22 3 |125 112 101 106 |54 19 68 183 160 156 |120 43 99 |189 187 |
14372.2 591397
26 116 74 75 1 150 162 16 131 15 161 |142 103 113 67 158 82 88 200 145 172 |87 60 5 148 44 119 32 58 151 83 |137 90 124 27 79 171 56 |126 12 92 95 193 84 64 |127 165 138 93 123 192 97 38 |21 63 102 69 147 182 117 20 136 118 11 |178 28 129 55 37 45 98 94 42 31 |48 109 10 7 66 65 49 52 115 163 179 146 195 |17 77 191 30 78 9 139 152 190 174 ||6 143 |197 |19 154 184 185 |134 157 120 |85 |54 159 |122 |181 47 51 125 8 144 |132 153 186 112 73 53 |23 22 169 |156 71 91 160 183 |100 96 187 128 43 40 4 81 |106 121 34 189 3 |13 50 |57 70 155 177 198 35 |105 29 167 62 36 110 |41 39 2 |149 199 164 33 104 107 |24 86 |176 114 |140 59 101 68 46 72 89 |135 61 108 166 80 |180 194 25 173 130 175 |170 168 76 133 141 |14 196 99 18 |111 |188 |
14726.3 298299
26 200 88 82 158 75 38 |152 190 29 17 76 193 171 56 |142 70 150 55 94 45 98 37 48 42 31 169 161 |123 136 20 79 97 92 12 192 133 27 84 64 |40 103 114 113 116 74 187 67 199 1 145 174 172 |52 101 7 10 115 59 87 162 109 68 131 16 15 |66 49 65 163 60 179 146 5 32 119 58 151 195 |71 93 138 170 137 102 147 182 175 117 130 |44 181 63 165 127 196 148 90 124 83 |134 77 139 191 30 78 73 9 85 126 95 118 ||176 |129 35 |128 25 57 |149 100 18 |140 144 |24 |135 61 108 99 166 |122 96 184 4 143 47 |168 111 180 89 80 194 157 41 |62 53 197 33 110 154 160 |86 46 11 105 36 173 3 |185 50 178 14 183 |198 186 54 125 39 |121 22 23 |167 72 |132 |2 |28 104 |8 |107 159 |188 |81 34 69 19 112 |21 51 153 155 |106 141 |177 |13 |189 120 156 |43 164 6 91 |
14819 276364
26 116 67 1 161 |38 200 88 82 158 145 174 |49 65 66 7 10 87 142 55 45 98 |113 103 42 131 16 179 146 |60 150 74 75 172 |163 52 115 162 109 37 48 94 31 15 |44 127 63 165 102 137 138 93 117 182 171 |17 77 190 191 30 78 9 139 126 193 95 118 56 |152 136 20 79 97 92 12 192 27 84 64 |123 147 124 90 148 5 32 119 58 151 83 195 ||6 |140 |106 108 |111 176 18 |185 |154 |159 |89 51 53 46 |11 110 187 164 |114 40 |173 |71 72 |160 107 73 |134 22 24 157 |4 69 |129 |189 149 |70 54 14 |198 181 |141 76 |178 186 47 86 144 |128 43 3 104 |61 199 135 80 153 |35 |184 188 36 168 121 |68 19 120 143 166 39 13 |196 8 99 |167 29 197 169 25 |85 50 |28 122 62 91 |183 96 57 100 |155 132 |33 194 21 |156 2 |41 125 112 101 |170 34 130 81 |180 105 |177 175 59 |23 133 |
19140.2 276326
90 93 138 117 123 12 192 133 92 97 79 20 136 56 38 |23 17 27 126 9 78 30 152 139 167 145 174 172 |55 162 109 163 179 146 16 195 |182 60 98 45 37 161 |83 65 66 7 142 150 131 |49 52 115 10 87 48 42 |95 193 74 82 158 67 75 1 15 |124 147 137 102 63 165 127 148 44 58 151 119 32 5 |77 26 116 113 103 94 31 |88 200 191 190 84 64 171 118 ||2 6 |140 |106 108 |111 176 18 |185 156 154 |159 91 33 51 53 |11 110 187 164 46 132 155 |57 28 173 62 |189 71 72 |122 160 107 73 |153 22 24 |157 69 4 |129 |149 |70 54 14 |170 181 |134 |141 76 |178 186 47 86 144 |128 43 3 104 |61 199 135 80 8 35 |184 188 36 168 121 |68 19 120 143 166 39 13 |100 196 41 |59 105 183 |175 81 |194 25 198 101 |114 34 |85 |197 21 |180 |29 89 |96 40 177 |130 169 |50 125 112 99 |
19364.6 272758
66 10 115 163 179 146 15 |7 65 52 16 195 |17 27 192 12 92 97 79 20 136 118 171 56 |77 9 78 30 191 190 152 139 126 193 95 84 64 38 |26 116 74 82 67 158 88 200 145 174 172 |1 75 113 103 45 98 37 48 42 31 |94 55 150 142 87 162 109 131 |44 148 127 165 137 102 147 90 124 |49 60 32 5 119 58 151 83 |63 138 93 123 117 182 161 ||159 33 |2 |169 156 140 6 133 |23 18 96 |154 108 |111 |185 50 |106 |51 53 46 |11 110 187 164 |132 155 |57 28 173 62 |189 71 72 |122 160 107 73 |22 24 157 69 4 |129 |149 |70 54 14 |170 181 |134 |141 76 |178 186 47 86 144 |128 43 3 104 |61 199 135 80 153 8 35 |184 188 36 168 121 |68 19 120 143 166 39 13 |100 196 41 |59 105 183 |175 81 |194 25 198 101 |114 34 |85 |197 21 |180 |130 91 89 112 177 |176 125 99 40 |167 29 |
20148.9 267089
55 103 113 74 158 67 75 1 38 |150 37 48 94 31 15 |44 127 63 165 102 137 138 93 117 182 171 |17 77 190 191 30 78 9 139 126 193 95 118 56 |152 136 20 79 97 92 12 192 27 84 64 |123 147 124 90 148 58 151 83 195 |7 10 65 49 52 60 179 146 |66 115 163 119 32 5 |45 26 116 82 88 200 145 174 172 |98 142 87 162 109 42 131 16 161 ||2 6 |140 |106 108 |111 176 |156 185 154 |159 |33 51 53 46 |23 |50 |112 |99 125 |169 |11 110 187 164 |132 155 |57 28 173 62 |189 71 72 |122 160 107 73 |22 24 157 69 4 |129 |149 |70 54 14 |170 181 |134 |141 76 |178 186 47 86 144 |128 43 3 104 |61 199 135 80 153 8 35 |184 188 36 168 121 |68 19 120 143 166 39 13 |100 196 41 |59 105 183 |175 81 |194 25 198 101 |114 34 |85 |197 21 |180 |40 |133 18 |29 177 96 |167 |91 |130 |89 
21766.6 262172
136 20 79 12 192 97 92 27 95 193 118 |60 87 142 150 55 37 45 98 94 42 31 |48 109 10 7 66 65 49 52 115 163 195 |17 77 191 30 78 9 139 |63 148 58 5 179 146 16 131 15 |123 93 138 117 182 147 90 124 83 |103 113 158 67 75 1 174 161 |162 190 152 126 84 64 171 56 |137 102 165 127 44 119 32 151 |26 116 74 82 88 200 145 172 38 ||6 143 159 |197 122 |181 47 51 19 154 184 |85 62 54 185 11 |134 157 120 |129 35 |128 25 57 |149 100 18 |140 144 |24 |53 61 |22 |68 46 |186 135 114 |160 176 188 178 173 |108 |183 43 |91 164 187 |107 70 |166 |71 110 |72 |198 132 199 |69 3 |28 104 76 |167 86 29 33 80 89 |189 121 96 36 40 |8 |13 106 153 |169 |50 23 |99 |141 |196 155 73 168 133 |194 21 |156 2 |41 125 112 101 |170 34 130 81 |180 105 |177 175 59 |14 |4 |39 |111 |
22418.5 261054
55 103 113 74 158 67 75 1 38 |150 37 48 94 31 15 |44 127 63 165 102 137 138 93 117 182 171 |17 77 190 191 30 78 9 139 126 193 95 118 56 |152 136 20 79 97 92 12 192 27 84 64 |123 147 124 90 148 58 151 83 195 |7 10 65 49 52 60 179 146 |66 115 163 119 32 5 |45 26 116 82 88 200 145 174 172 |98 142 87 162 109 42 131 16 161 ||2 6 |140 106 108 |111 176 18 |185 |154 |159 91 53 51 46 |11 110 187 164 |132 155 |28 62 173 |107 22 160 72 |189 71 73 122 134 |69 24 157 |4 |129 |149 |54 70 14 |181 170 |120 |141 76 |186 47 178 86 144 3 |61 199 135 80 153 |188 184 19 35 |68 168 36 128 43 |143 39 166 13 121 104 |114 183 85 8 |100 |167 |175 |198 99 101 |29 25 169 |50 |197 |196 |194 |96 57 40 |156 |33 |41 |125 |112 |34 |81 130 133 180 21 105 177 |89 59 |23 |
24891.1 258701

Execution time: 49.708 seconds
