Time:12
Last Iter:10
Last Update:10
Tabu:0
Last Time12
15
105 80 175 29 170 53 162 118 167 3 32 78 145 7 176 |9 142 117 91 95 138 119 64 195 131 |116 126 85 84 92 107 155 33 172 86 35 67 156 |54 98 150 171 79 124 11 28 8 88 153 163 |194 192 191 59 25 97 130 36 197 160 184 161 55 106 185 |111 177 190 31 199 27 178 122 115 129 24 101 127 50 68 188 200 ||182 47 21 16 149 73 18 112 104 12 70 143 41 93 166 60 38 51 |69 148 20 133 76 10 6 174 154 159 74 165 144 146 40 151 198 123 |61 193 196 109 181 120 26 100 22 57 94 66 110 52 140 |187 23 14 30 77 158 137 42 15 75 63 82 128 37 141 134 ||147 87 5 152 43 71 |113 102 121 169 114 |183 45 168 |180 173 56 19 13 179 90 |34 72 96 99 132 |62 |135 65 136 164 44 46 103 |157 189 125 39 83 |89 |1 58 139 17 81 48 |4 49 186 108 |2 |
8734.16 780631
37 4 8 196 115 26 42 153 |197 127 155 24 36 175 97 41 31 190 75 |159 138 3 78 94 79 52 200 123 18 5 51 161 |30 137 93 32 185 156 54 70 50 133 38 162 160 |69 86 61 130 9 172 107 92 129 29 14 119 48 188 104 |109 179 171 111 72 17 12 150 128 191 46 134 28 80 53 55 |68 151 90 189 98 110 82 65 166 114 99 187 136 126 117 |165 100 195 64 163 22 181 131 193 13 43 81 177 95 67 145 59 140 |6 19 60 35 132 91 40 47 71 167 88 105 141 11 |7 63 144 96 182 176 57 135 174 106 199 23 157 192 124 198 125 89 ||45 152 44 62 66 180 |21 102 168 |183 184 84 85 77 34 |58 169 103 121 56 |74 170 27 120 15 173 16 73 |139 147 |158 178 122 2 1 143 |101 10 108 113 49 186 39 |194 |76 116 154 146 149 112 164 |33 118 83 142 20 25 148 |87 |
8866.37 735430
19 30 120 57 144 190 94 67 54 192 150 134 127 92 |7 75 93 180 154 99 115 51 197 117 151 98 18 |160 83 113 174 4 11 198 |108 161 155 184 88 8 105 37 143 70 188 91 128 199 42 64 |20 45 97 86 132 157 145 82 31 32 165 166 119 106 176 156 |138 100 71 153 26 56 179 35 187 53 130 124 50 52 12 |181 158 182 96 3 101 55 33 9 133 59 68 |29 13 38 142 107 167 178 195 22 95 111 78 171 41 191 141 28 |14 159 114 135 163 131 129 162 126 193 175 121 80 140 152 123 104 |169 168 36 76 84 24 27 60 122 63 177 185 200 ||149 81 43 47 196 10 |164 62 139 87 172 |90 34 112 17 |61 69 44 46 102 183 6 170 |1 73 66 189 89 103 |110 |40 16 21 173 137 77 74 23 79 |109 85 118 39 5 147 |58 |146 48 65 136 116 49 148 |194 2 15 72 |25 186 125 |
8988.3 730991
110 58 52 78 185 138 144 |107 33 36 133 80 141 45 98 67 95 94 32 3 93 75 7 156 163 |99 175 193 126 127 186 105 20 169 140 128 91 190 199 35 195 |102 142 121 117 192 68 145 82 10 129 |37 103 49 197 53 118 119 165 158 176 200 198 |51 184 155 55 183 9 152 191 54 164 188 12 18 174 182 |104 123 194 69 172 161 29 30 115 85 31 111 177 57 22 |170 76 88 162 131 24 56 137 64 100 166 63 2 86 97 |4 28 46 11 50 148 160 92 167 6 116 106 74 187 171 |59 124 147 70 150 73 151 41 157 132 134 130 38 8 108 14 153 60 42 ||154 179 61 39 84 113 196 101 19 |43 40 47 178 90 189 125 |17 |15 21 136 44 23 79 13 |114 27 173 72 112 34 66 |96 |122 135 181 65 146 62 139 |87 159 180 71 77 |81 149 |168 5 1 48 120 |83 25 143 89 |109 26 16 |
9451.53 721681
55 8 19 3 166 64 163 190 145 104 86 59 37 97 |54 90 198 151 94 34 18 60 127 |194 68 187 175 92 129 32 111 |116 38 197 183 107 167 93 75 177 185 128 188 150 124 134 |174 154 170 29 162 83 102 36 35 41 67 95 200 138 100 182 176 195 153 119 |7 16 81 78 73 143 191 140 141 76 160 161 199 165 42 |106 14 136 171 72 62 147 45 39 130 133 53 88 51 144 |26 120 122 22 31 79 13 126 196 84 24 184 172 80 105 117 50 192 91 123 12 |186 28 9 69 11 52 70 89 82 66 156 57 |113 131 85 108 10 193 169 98 17 65 ||47 146 43 23 157 189 |103 46 5 148 121 6 178 159 |27 158 |49 4 142 179 181 |139 58 96 15 115 |164 168 152 |61 20 87 33 109 135 |21 2 173 48 101 118 |155 |137 56 71 180 63 149 1 132 |25 44 125 112 110 40 74 114 99 |30 77 |
10088.4 714909
126 141 37 191 68 187 |82 78 171 185 106 29 175 |173 182 64 163 57 177 18 123 50 134 28 88 107 161 55 162 |136 23 41 86 25 197 33 83 10 30 14 111 75 176 100 3 |149 32 93 2 98 192 124 59 199 35 195 190 |102 142 121 117 38 8 92 24 167 34 54 122 |151 1 188 89 17 165 153 96 97 |7 156 15 135 60 119 174 180 138 95 112 12 150 198 193 133 36 9 127 160 |105 103 140 87 44 53 51 129 120 166 144 146 22 31 128 145 91 104 |94 67 200 125 194 52 70 11 80 184 108 196 131 115 42 ||19 6 110 |39 172 43 74 |56 77 181 48 40 81 66 157 |76 4 49 20 169 46 90 73 |47 63 72 |58 62 143 132 148 45 130 99 |101 158 71 16 21 178 27 26 |114 65 |164 189 79 118 183 |154 69 5 186 179 159 109 |137 |61 139 147 155 85 170 13 |116 113 84 152 168 |
10422.8 636967
4 103 155 54 198 98 125 89 200 91 145 128 151 94 187 |147 70 12 104 150 188 164 189 90 67 111 185 31 190 |168 37 140 5 50 8 167 153 119 174 106 35 |152 11 191 68 132 157 41 78 171 144 32 138 199 |113 85 42 64 182 176 163 56 19 170 14 |57 2 75 48 93 166 53 142 102 133 |100 3 165 134 186 28 39 97 80 121 130 36 38 193 175 |22 7 156 177 95 110 18 82 123 52 192 86 124 169 59 |131 129 24 84 108 118 55 161 92 107 184 88 183 51 83 162 126 116 29 |195 60 160 127 197 9 105 46 45 117 141 25 ||172 |194 17 |1 |33 |58 178 115 101 69 61 |158 47 16 73 143 148 20 |76 10 6 154 74 196 109 |120 26 |15 21 136 44 23 79 13 |114 27 173 72 112 34 66 |96 |122 135 181 65 146 62 139 |87 159 180 71 77 |81 149 |49 30 137 63 40 43 179 99 
10717.6 335035
189 83 56 154 130 97 186 28 |60 160 127 197 9 80 36 53 29 99 35 |176 57 22 163 182 64 42 30 6 167 131 196 162 126 193 |39 121 25 148 145 89 200 98 198 54 |75 2 7 195 156 185 138 3 93 166 165 153 119 174 19 106 14 |152 17 72 111 67 78 171 94 31 190 187 |199 100 129 24 55 92 161 107 51 88 8 102 133 38 175 |32 144 177 95 18 82 123 104 12 150 188 91 128 151 41 |105 11 140 5 50 117 141 103 134 20 59 |37 124 86 191 70 52 192 68 132 ||179 159 183 |27 116 |125 58 46 |21 173 33 |157 44 87 168 110 |1 81 40 146 15 74 |118 184 61 13 43 178 |90 66 69 76 113 |101 142 84 158 109 |63 96 45 |71 47 149 73 62 169 |170 114 120 135 65 115 85 181 26 |139 147 16 |77 137 122 10 108 155 49 |172 180 48 34 |112 |194 136 4 164 143 79 23 
12105.7 300097
11 37 140 117 105 28 134 141 50 124 59 |191 192 70 52 188 198 54 68 86 |80 97 172 9 197 127 160 88 107 51 8 36 133 38 193 |194 12 104 17 82 123 200 98 91 145 128 151 41 |150 18 95 111 67 78 171 94 187 |156 177 185 175 53 29 14 |7 195 75 100 144 32 138 190 31 |24 55 161 92 162 126 174 119 199 |129 131 167 153 166 93 3 165 35 |57 22 163 176 182 64 42 60 106 ||44 1 |33 |58 |65 79 |27 178 122 115 101 |47 21 16 149 73 112 143 |69 148 20 76 10 6 154 159 74 |61 196 109 181 120 26 66 |23 30 77 158 137 15 63 146 40 |147 87 5 152 43 71 |113 102 121 169 114 |183 45 168 110 |180 173 56 19 13 179 90 |34 72 96 99 132 |62 |49 39 142 184 116 25 46 |118 170 135 85 |139 |81 157 83 84 130 4 |186 164 189 2 48 |108 136 103 |155 125 89 |
13175.6 234976
88 7 195 75 176 182 3 |8 53 29 57 22 163 100 93 165 35 |170 108 162 131 167 166 135 42 60 153 119 199 |87 64 122 19 174 106 14 |68 67 78 185 177 144 32 138 190 31 |156 95 111 18 98 188 198 54 145 128 151 41 |12 104 82 123 200 91 171 94 187 |150 70 52 192 191 11 37 140 50 124 86 59 |55 161 107 141 117 105 134 28 97 80 |24 129 126 51 92 160 127 197 9 36 133 38 193 175 ||63 |48 20 130 10 6 136 |196 77 120 66 |39 172 102 114 |30 26 180 |147 |125 69 103 168 142 61 |115 23 73 110 44 169 |155 49 33 45 62 90 |58 81 |116 25 5 74 |85 118 109 56 |4 158 183 79 |72 189 146 21 149 65 |27 173 1 143 154 |121 101 137 15 47 |148 152 139 |178 2 43 179 159 |84 184 71 16 |194 164 17 40 |112 89 |76 |96 |186 157 132 34 |113 13 99 46 |83 181 |
15850.5 232917
162 131 167 166 135 42 60 153 119 199 |87 64 122 19 174 114 |68 67 78 185 177 144 32 138 190 31 |156 95 111 18 98 188 198 54 145 128 151 41 |12 104 82 123 200 91 171 94 187 |150 70 52 192 191 11 37 140 50 124 86 59 |141 117 105 134 28 97 80 |126 51 160 127 197 9 36 133 38 193 175 |129 24 55 92 161 107 88 8 53 29 14 |7 57 22 163 182 176 75 195 100 93 3 165 106 35 ||172 |63 |48 |20 130 10 6 |136 66 125 69 103 168 |142 44 33 |45 62 58 81 |61 169 90 |115 23 73 110 |155 49 |116 102 25 5 74 120 |85 118 196 30 109 56 |4 158 183 79 |72 189 146 21 149 65 180 |27 173 1 143 154 |121 101 137 15 47 |148 152 139 |178 2 43 179 159 |84 184 71 16 |194 164 17 40 |112 89 |76 |96 |147 186 39 157 132 34 |113 13 99 46 |83 181 |26 77 170 108 
15900.3 223153
174 167 131 92 51 88 8 126 29 |161 162 9 133 193 175 |24 107 197 36 106 14 35 187 |129 55 127 160 53 38 |59 124 191 91 145 128 151 78 171 94 |67 123 70 188 52 192 68 86 |185 111 95 18 82 104 12 150 200 98 198 54 41 |105 11 37 140 50 117 141 134 28 97 80 |22 163 176 182 64 100 93 166 42 60 153 119 199 |57 7 75 195 156 177 144 32 3 165 138 190 31 ||34 |39 |99 |112 |19 |87 |48 |20 |113 76 |130 13 66 157 69 |103 168 |142 44 33 |45 62 58 81 |61 169 90 |115 23 73 110 |155 49 |116 102 25 5 74 120 |85 118 196 30 109 56 |4 158 183 79 |72 189 146 21 149 65 180 |27 173 1 143 154 |121 101 137 15 47 |148 152 139 |178 2 43 179 159 |84 184 71 16 |194 164 17 40 |96 63 181 26 77 83 |170 114 136 147 |10 108 |125 135 122 89 132 |6 46 |172 |186 |
17548.7 222526
24 129 131 167 42 60 153 119 174 106 14 |55 161 92 107 88 51 162 126 53 193 175 |75 195 123 200 98 198 91 145 128 151 41 |8 197 105 28 134 141 59 |160 127 9 97 80 36 133 38 29 |11 37 140 117 50 124 86 |12 52 177 185 32 138 190 |150 188 70 191 192 68 54 |104 82 18 95 111 67 78 171 94 31 187 |64 182 176 163 22 57 7 156 144 100 93 166 3 165 199 35 ||73 |76 |170 87 |108 30 159 81 63 |181 135 194 110 |184 142 164 189 154 |147 |186 39 19 179 |17 125 74 21 |102 20 58 66 99 116 |2 47 136 157 25 |115 84 |112 26 15 137 |85 |169 114 |183 45 168 |90 89 143 61 148 4 130 49 |120 71 180 27 158 6 109 |62 34 72 146 16 122 |65 155 103 46 132 23 79 |113 33 96 13 |83 121 44 178 |56 |172 139 69 |173 |10 |196 |152 |77 48 101 |118 |1 |149 40 43 5 |
17994.2 218189
191 52 150 188 198 98 91 78 171 94 |200 12 104 123 82 18 67 185 190 31 187 |177 156 100 93 3 165 166 138 |95 111 144 32 42 153 119 199 35 |140 117 86 192 68 54 145 128 151 41 |70 11 37 50 124 59 |53 105 28 134 141 |167 51 160 127 197 9 97 80 36 133 38 193 175 |131 129 24 55 92 161 107 88 8 162 126 29 |195 75 7 57 22 163 176 182 64 60 174 106 14 ||90 |39 |112 |81 61 |27 |173 |62 20 |25 76 |121 66 157 69 169 |1 |56 26 89 186 |170 114 136 |58 |147 |10 108 |125 |196 |30 |172 142 183 84 154 |181 |102 48 118 |189 |73 110 122 137 115 19 179 99 |87 |63 21 |194 143 |4 130 49 |77 71 180 158 6 |168 |72 146 16 109 |65 |103 |132 23 79 |139 96 13 |83 |44 |148 5 33 184 155 101 120 74 |34 17 178 85 113 |46 |116 159 152 |45 47 2 135 |15 |164 |43 40 |149 
19527.4 198353
59 124 191 91 145 128 151 94 |123 70 188 52 192 68 86 |18 82 104 12 150 200 98 198 54 41 |105 11 37 140 50 117 141 134 28 97 80 |22 163 182 100 42 60 153 119 199 |57 7 75 195 156 177 32 138 |144 185 95 111 67 78 171 31 190 187 |176 64 166 93 3 165 174 106 14 35 |167 131 129 24 55 161 107 92 51 162 126 53 193 175 |29 9 197 127 160 88 8 36 133 38 ||142 34 |39 |112 |81 74 |152 |173 |62 20 |113 76 |121 56 66 157 69 |196 30 169 |26 15 183 |170 114 136 |58 44 147 |10 108 5 |125 |155 |33 45 90 |135 120 |89 181 |102 48 118 |189 |73 110 122 137 115 19 179 99 |87 |63 21 |194 143 |4 130 49 |77 71 180 158 6 |168 |72 146 16 109 |65 |103 |132 23 79 |139 96 13 |83 |101 27 1 |154 |47 |85 178 2 43 116 159 |84 184 149 |25 |164 17 40 |148 |61 46 |172 |186 |
23604.1 194103

Time:11
Last Iter:10
Last Update:8
Tabu:0
Last Time9
9
8 130 80 86 200 17 104 67 171 177 57 163 106 |118 55 162 167 115 159 35 165 93 156 7 18 150 70 11 133 |1 151 190 138 144 153 60 176 95 37 9 161 |178 42 181 154 38 121 45 141 124 140 41 78 75 |105 69 23 99 53 196 184 64 182 100 195 185 128 188 |183 83 131 84 19 119 137 63 146 136 54 192 52 12 134 |71 166 3 32 43 14 114 129 92 155 97 191 68 98 |24 26 158 22 47 31 187 175 160 197 28 50 |127 88 51 107 126 29 170 193 4 20 117 59 91 189 125 111 |94 145 198 123 82 149 48 74 199 174 120 77 15 108 36 ||186 103 25 87 168 6 |85 113 27 56 135 65 122 96 173 |21 |164 58 34 110 40 81 180 179 |39 5 46 147 148 102 33 |89 112 |152 143 139 79 61 |66 16 72 73 90 194 |76 49 |10 101 116 30 109 2 |157 132 44 169 172 142 13 |62 |
8926.33 728435
111 177 182 57 174 167 24 161 83 126 133 41 98 18 191 |51 28 124 87 70 89 104 31 32 156 119 |194 1 34 95 75 163 138 199 187 29 193 92 131 |125 188 52 68 86 36 55 42 195 78 |100 178 30 129 101 53 80 50 192 198 190 35 185 |139 12 11 117 45 59 4 130 175 183 160 127 153 165 93 171 |137 135 3 106 26 64 173 176 2 7 66 151 150 82 112 17 140 |96 166 146 67 90 157 123 5 105 33 107 |164 128 200 44 141 25 37 97 197 8 38 14 60 144 22 |152 134 9 88 162 19 114 71 94 73 91 145 54 ||85 77 120 158 122 15 99 13 76 |23 189 110 103 49 102 |69 143 58 |184 181 56 74 43 61 132 |62 21 63 6 113 |39 84 |118 155 116 170 27 115 |20 169 79 136 196 10 172 |148 186 46 168 147 |142 121 179 65 48 16 81 |72 149 40 47 180 159 154 109 |108 |
9113.15 667192
8 130 80 86 200 17 104 67 171 177 57 163 106 |118 55 162 167 115 172 35 165 93 156 7 18 150 70 11 36 133 |1 151 190 138 144 153 60 176 95 37 9 127 107 161 51 29 |193 88 126 178 42 181 174 199 |38 111 82 123 91 198 145 94 |45 141 124 140 41 78 75 |105 69 23 99 53 196 184 64 182 100 195 185 128 188 |183 83 131 84 19 119 137 63 146 136 54 192 52 12 134 |71 166 3 32 43 14 114 129 92 155 97 191 68 98 |24 26 158 22 44 31 187 175 160 197 28 117 50 59 ||170 4 20 189 125 |157 116 74 120 77 15 |186 103 25 87 168 6 |85 113 27 56 135 101 |21 122 96 173 62 |164 58 34 110 132 13 169 |39 5 46 147 148 102 33 |89 112 10 |152 143 139 79 61 |66 30 2 |76 49 73 90 194 |142 121 179 65 48 16 81 |72 149 40 47 180 159 154 109 |108 |
12094.6 604746
24 119 87 31 136 191 98 91 72 111 133 38 |57 89 154 149 182 121 32 51 88 197 9 97 28 134 141 20 |71 47 156 48 126 177 128 54 124 |174 167 18 34 95 75 22 163 138 199 |200 29 193 8 92 131 14 187 |46 188 52 68 86 36 55 42 195 144 78 94 41 |100 178 30 129 101 53 80 50 192 198 145 190 35 185 |139 12 11 117 45 59 4 130 175 183 160 127 60 153 165 93 171 |137 135 3 106 26 64 155 176 2 7 66 151 150 82 112 17 104 70 37 140 |96 166 146 67 90 115 123 5 105 33 107 161 162 ||164 44 25 |152 19 114 196 |85 77 120 158 10 99 13 76 |23 189 110 103 49 102 |69 143 186 172 |15 |184 181 56 74 116 61 |62 21 63 6 113 |39 84 169 |27 83 118 |1 |132 |122 173 40 170 157 |79 194 125 147 73 |180 108 |159 43 |148 16 142 |81 65 109 |58 |179 168 |
12200 602594
52 70 12 150 73 100 93 166 165 3 138 187 |194 164 90 34 17 128 14 6 29 175 |167 131 129 24 84 55 33 127 160 88 107 161 92 51 8 53 174 106 |15 72 112 82 104 123 200 98 1 54 157 |192 57 75 195 144 32 41 79 |143 191 11 37 140 50 38 193 42 60 153 119 199 35 |64 126 162 133 36 197 9 97 80 134 28 105 117 141 124 86 59 |176 145 198 188 91 111 171 94 190 |182 95 18 67 78 151 31 |68 163 22 7 156 177 185 ||114 |178 30 101 |139 45 4 130 183 |137 135 173 2 66 23 |58 149 136 170 |102 27 77 71 21 81 |179 172 76 196 |132 43 83 155 13 |16 63 148 |142 152 147 20 186 |40 44 180 |65 48 96 184 25 |103 168 108 113 |121 116 19 109 154 120 26 |85 115 10 158 89 |118 39 87 169 69 61 |181 56 189 62 110 125 |159 74 46 |5 49 99 122 47 146 
12929.9 307057
129 167 131 55 161 92 51 36 133 38 193 175 |24 107 127 160 88 8 162 126 29 |78 171 81 177 40 185 154 174 106 14 |75 176 182 64 42 60 153 119 199 |22 163 100 93 166 165 138 190 31 |95 111 67 200 188 198 54 52 192 68 |70 191 11 37 140 117 141 50 124 86 59 |12 104 18 82 123 150 98 91 145 128 151 94 41 |57 7 156 195 144 32 3 35 187 |105 134 28 80 97 9 197 53 ||48 178 |194 |47 |139 45 4 130 183 |137 135 26 173 2 66 |96 146 90 157 5 |164 44 25 33 |152 19 114 71 |85 77 120 158 122 15 99 13 76 |23 189 110 103 49 102 |69 143 58 73 112 17 |184 181 56 74 43 61 132 |62 21 63 6 113 |39 84 |142 109 118 155 116 170 79 |27 115 89 20 169 |136 196 10 172 148 186 46 |72 168 147 |149 108 83 |87 180 121 179 |1 101 30 65 16 159 |34 125 |
14801.6 229156
161 107 51 162 8 53 29 14 |78 171 185 156 195 144 100 93 166 165 187 |75 7 57 22 163 176 182 64 42 60 153 119 199 |11 191 192 68 54 188 198 145 94 31 190 |129 24 55 92 88 36 133 38 |160 127 197 9 97 80 141 124 86 59 |37 140 50 117 105 134 28 193 175 |70 150 12 104 123 82 18 200 98 91 128 151 41 |52 67 111 95 177 32 138 3 |167 131 126 174 106 159 35 ||10 109 |65 173 |149 |189 |23 158 |116 |118 |33 155 101 |154 69 |114 40 |183 83 84 19 137 63 146 136 |71 |99 |26 |47 |184 |170 4 20 125 |48 74 120 77 15 |186 103 25 87 168 6 |85 113 27 56 135 122 96 |21 108 |43 |164 58 34 110 147 179 |39 5 46 81 180 |148 102 196 |89 112 |152 143 139 79 61 |66 16 72 73 |90 194 |76 49 |142 121 132 169 157 1 |30 2 115 13 |45 17 44 62 |130 172 181 178 |
15551.4 212231
24 129 167 131 108 8 36 133 38 |95 185 163 182 64 166 153 119 199 35 |52 12 104 82 18 67 111 78 171 94 31 190 |192 70 123 200 150 91 98 188 198 54 145 128 151 41 |191 11 140 37 117 105 28 97 |107 9 80 134 141 50 124 86 59 |68 161 55 51 53 193 175 |197 127 160 88 92 162 126 29 14 |57 22 176 144 32 100 93 3 165 138 187 |177 7 156 195 75 42 60 174 106 ||43 |16 |65 |168 |72 |89 154 149 |47 121 20 |2 139 45 4 130 |137 135 66 |96 146 90 157 5 |164 25 33 |19 114 71 |85 77 158 122 15 99 13 76 |189 110 103 49 102 |69 58 73 112 17 |83 118 |44 179 |34 |6 30 184 |170 147 142 10 61 |87 172 81 |113 178 84 159 |39 186 152 101 |155 |1 |109 40 |181 26 79 116 |27 |183 |143 |194 |21 120 132 |23 |56 74 48 |46 148 |63 196 169 136 |173 62 115 |180 125 
17924.8 208279
167 115 32 144 177 95 111 78 171 94 187 |18 82 123 12 70 52 192 191 86 |131 127 88 107 161 92 51 162 8 53 |156 185 67 150 188 98 91 145 128 151 41 |195 7 75 176 182 42 60 153 119 174 106 199 35 |129 24 9 97 80 36 133 38 193 175 |104 200 198 54 68 50 124 59 |11 37 140 28 134 117 141 |105 197 160 55 126 29 14 |57 22 163 64 100 93 166 165 3 138 190 31 ||84 142 |196 76 |183 |90 |159 |194 180 158 |116 |118 |33 155 101 |154 69 |114 40 |2 113 |173 170 |21 48 74 |130 |186 103 172 63 146 |132 6 4 181 |13 108 81 99 |120 184 83 85 20 |17 139 62 112 110 |152 168 |148 |34 73 157 |45 49 102 179 |39 5 46 121 10 30 |169 |178 137 71 149 72 58 61 |136 43 27 77 135 47 122 65 |1 125 |19 23 |26 44 |189 |15 |25 87 |56 |96 |164 |147 143 |89 66 |109 |79 16 |
19046.8 201917

Time:11
Last Iter:10
Last Update:10
Tabu:0
Last Time11
18
103 141 140 52 73 112 35 100 22 |122 64 71 16 177 163 161 97 105 11 59 68 54 198 128 |162 8 92 26 165 3 32 21 182 171 67 95 41 123 70 |14 199 42 77 167 131 55 160 197 9 36 133 86 200 7 |192 62 125 91 34 66 175 80 |98 90 31 185 146 149 63 195 75 96 57 181 115 129 24 88 53 50 |187 13 193 38 121 142 134 117 152 147 1 138 106 176 |85 6 108 51 130 4 39 28 194 12 151 78 190 144 156 |18 110 58 188 164 145 157 143 44 191 124 127 126 174 119 166 93 |82 104 150 189 94 111 40 2 173 153 60 29 116 183 107 37 ||10 49 23 79 179 180 81 |178 135 120 137 65 159 43 56 |101 172 5 168 |132 25 102 99 114 |89 17 72 170 113 |15 |83 196 118 30 27 74 48 |87 46 186 20 61 69 33 |139 76 19 109 154 158 |148 169 45 184 155 84 136 |47 |
8748.82 735466
193 80 25 5 44 90 89 123 82 171 31 32 129 161 |81 177 16 75 7 137 42 153 128 68 38 92 131 24 |115 108 107 119 187 91 188 11 37 |77 93 144 78 95 200 86 50 134 133 |174 106 190 3 64 176 146 111 150 59 117 36 88 162 55 |186 45 168 124 148 97 8 51 181 165 48 156 35 |126 84 113 14 199 60 178 2 185 145 198 140 105 9 |41 94 67 149 63 182 100 65 154 26 10 53 160 191 98 12 104 |70 52 139 192 69 141 49 13 170 109 114 135 120 167 138 22 57 |151 54 34 18 195 96 122 15 163 166 159 179 19 29 175 130 28 197 127 ||184 101 30 27 56 71 43 |1 17 169 39 183 |196 85 118 155 4 |83 76 194 164 87 |152 46 61 143 62 125 |33 |20 103 121 99 136 66 58 |147 79 102 6 180 |110 40 21 47 173 |116 74 158 73 189 157 |142 172 23 132 112 |72 |
9364.79 730858
141 8 24 166 64 176 171 67 200 |196 10 115 99 159 119 122 182 7 144 151 128 |48 3 190 185 145 82 86 37 97 133 126 127 106 174 |38 102 49 9 39 80 105 124 41 91 198 18 165 163 55 161 |72 94 74 13 101 162 184 197 134 32 195 57 |60 135 120 26 109 114 199 31 95 177 173 75 188 70 |16 93 2 181 6 29 175 14 187 68 194 54 98 123 17 192 92 |66 73 1 58 150 104 149 138 65 100 19 167 51 36 28 117 11 191 |156 81 78 111 125 12 52 140 59 193 35 42 160 |22 71 153 40 112 164 139 87 50 53 88 107 131 129 ||20 45 4 27 56 178 |83 84 96 21 |5 30 85 |79 157 90 189 147 168 25 148 |47 63 15 137 116 118 130 |172 |180 146 34 179 23 76 |121 169 152 46 61 142 |154 170 77 158 |62 89 143 132 69 136 43 |108 113 155 33 183 186 103 |44 110 |
9399.52 726708
187 59 147 133 175 8 51 107 64 156 67 |17 150 124 105 193 55 42 166 144 7 171 |74 174 165 95 91 128 123 141 36 53 |148 186 97 160 167 163 182 185 78 94 145 70 |196 162 118 29 4 61 41 198 192 12 177 93 50 134 |181 60 100 75 195 57 19 170 199 115 28 117 37 140 191 68 18 |98 125 58 188 104 157 86 169 5 11 168 39 197 127 92 161 129 153 3 32 |10 101 183 121 152 143 151 190 106 119 176 24 |25 20 80 142 88 83 126 116 13 31 111 149 72 110 89 200 139 |14 35 138 146 2 22 131 108 184 9 49 38 69 54 52 82 ||154 30 76 66 73 34 1 90 43 |114 120 26 173 63 16 |45 |62 194 112 65 48 137 |155 33 84 77 158 15 109 |47 |159 180 40 189 164 44 46 |130 102 172 85 27 135 178 96 |87 |23 132 99 56 71 21 81 136 |79 6 113 179 122 |103 |
9468.93 725525
160 107 8 152 191 200 104 93 75 |112 72 81 31 199 29 129 161 127 28 41 |105 20 11 36 197 187 54 70 18 |130 141 117 139 188 98 67 111 171 177 144 3 100 42 131 24 |32 138 119 115 162 193 38 59 140 192 52 151 94 82 195 57 |123 145 86 124 134 9 116 196 108 74 165 |135 153 166 176 163 7 63 21 149 73 34 62 46 97 51 126 14 |156 173 182 22 178 60 158 26 85 53 76 80 50 68 198 95 185 35 |90 164 58 89 12 78 190 106 137 10 55 84 33 133 175 |113 167 19 170 174 114 27 64 48 47 179 128 91 150 132 37 88 92 ||148 61 99 181 122 96 66 |1 40 16 2 180 |168 143 184 155 |39 172 121 102 142 183 118 154 |194 87 186 71 |56 |69 23 13 6 109 65 43 |146 110 17 125 147 25 |4 49 83 30 77 |101 120 103 5 169 79 136 |15 159 157 189 44 |45 |
9653.92 719656
159 143 13 85 55 24 131 42 138 144 185 |71 48 63 156 177 40 67 18 12 198 52 191 124 187 53 8 88 160 197 97 |128 94 23 193 126 106 192 140 |74 199 165 182 77 162 51 161 172 80 54 188 104 |30 167 107 9 4 61 148 141 68 145 35 |36 130 59 86 117 164 17 72 31 190 119 153 93 |92 196 129 29 38 133 39 28 45 37 152 70 98 41 78 166 100 64 57 |105 175 76 183 46 87 69 157 91 125 200 150 82 111 174 |127 33 184 108 113 109 26 137 163 22 176 146 171 50 |32 3 60 181 19 14 99 116 118 134 25 11 123 151 95 195 75 7 ||102 49 121 44 139 58 73 154 |170 2 96 15 56 178 16 173 |43 122 149 |5 103 |84 158 186 |136 114 155 142 |6 |83 112 65 |81 168 27 |135 90 89 |180 101 |20 147 169 |79 |120 194 110 |132 1 189 62 |47 21 |34 66 179 |115 10 
9885.81 684913
155 136 76 184 143 19 119 114 199 |44 112 104 12 150 188 198 54 194 157 23 |168 117 169 52 192 68 145 128 41 187 |176 163 22 57 7 75 195 63 156 177 40 144 32 93 165 3 180 65 138 |185 95 111 67 18 82 123 89 200 98 91 151 94 31 190 35 |171 78 70 191 11 37 140 50 124 86 59 69 |160 127 197 9 97 105 28 134 141 20 |39 80 38 162 126 29 174 106 14 |100 129 24 84 55 161 107 92 51 88 8 36 133 |182 64 166 42 153 60 115 167 131 116 53 193 175 ||61 79 |4 |173 146 109 |148 17 |121 172 33 183 170 |25 103 152 49 130 99 83 |66 87 46 142 |13 74 120 137 81 73 |186 147 118 196 |1 58 2 158 |96 48 135 10 101 85 26 |34 110 72 16 71 15 179 |164 139 |21 189 62 132 5 45 |102 108 30 27 154 159 43 90 |125 149 47 |122 178 56 6 77 113 181 
13255.4 283187
91 200 123 82 18 72 95 111 67 171 78 94 128 151 41 |70 52 191 11 37 140 117 |145 192 80 97 105 28 134 141 59 |104 12 150 98 188 198 54 68 50 124 86 |36 131 161 107 127 160 88 8 53 133 193 |167 129 24 55 92 51 162 126 29 14 |176 177 185 144 32 3 165 199 |57 7 156 195 166 42 60 153 119 174 106 35 |75 22 163 182 64 100 93 138 190 31 187 |152 170 197 9 17 38 56 175 ||44 89 |23 |173 74 |168 |87 114 63 |77 43 81 146 21 |16 15 137 154 159 136 125 |184 30 116 76 39 25 148 61 |71 34 139 149 40 |109 10 102 169 132 58 90 |158 27 135 47 1 |164 66 180 49 99 |85 113 84 118 196 83 183 20 |5 2 |103 178 147 |186 115 79 69 |73 45 33 |112 65 |13 157 |130 46 172 19 62 |4 6 189 |120 181 142 |121 26 122 |143 194 110 48 |101 108 96 179 |155 
14904.5 260547
92 98 150 200 91 67 185 171 94 31 187 |188 12 104 123 82 18 95 177 144 93 166 165 |78 7 156 195 75 100 32 3 138 190 |39 61 114 55 162 167 109 135 153 174 106 |77 113 155 9 59 69 |11 50 191 70 52 192 194 68 54 198 145 128 151 41 |111 176 22 163 182 64 42 60 119 199 35 |57 24 129 131 126 29 14 |141 197 127 160 107 161 51 88 8 53 193 38 |86 124 37 140 117 105 134 28 97 80 36 133 175 ||23 13 43 |186 |73 |89 143 |159 19 172 |152 142 102 183 181 |58 44 |34 146 122 |81 125 |71 40 112 164 139 |20 45 4 27 56 |83 84 21 |149 2 96 178 6 76 130 |49 116 179 62 25 |115 26 16 63 |87 |5 30 85 |79 157 90 189 147 168 148 136 |47 15 137 110 66 65 154 |158 173 48 99 121 103 |46 10 33 169 132 |196 108 184 101 74 120 |72 |1 17 170 |118 180 |
16275.5 255490
111 18 82 123 104 12 70 52 198 98 91 145 128 151 41 |150 68 192 117 11 37 140 50 124 86 |22 57 7 67 95 177 185 78 171 94 190 31 |200 32 156 176 163 182 64 42 166 153 199 |118 33 142 134 141 191 44 59 |26 180 2 75 195 144 100 93 165 3 138 |129 24 55 107 51 126 53 193 175 187 |54 8 162 60 119 174 106 35 |127 160 88 161 92 131 167 29 14 |188 105 28 80 97 9 197 36 133 38 ||173 74 |168 |87 114 63 |77 43 81 146 21 |16 15 137 154 159 136 125 |184 30 116 76 39 25 148 61 |71 34 139 149 40 |109 10 102 169 132 58 90 |158 27 135 47 1 194 79 23 |5 103 147 172 155 183 101 6 170 |19 4 186 112 89 |122 |157 20 17 143 189 |113 130 121 49 73 13 |96 152 69 |45 83 84 115 181 56 |62 46 108 |48 164 66 72 110 |99 196 85 120 65 |178 |179 |
16944 247399
55 162 167 109 135 153 174 106 |77 113 155 9 49 76 59 69 |11 50 191 70 52 192 194 68 54 198 145 128 151 41 |176 22 163 182 64 42 60 119 199 35 |57 24 129 131 126 29 14 |141 197 127 160 107 161 51 88 8 53 193 38 |86 124 37 140 117 105 134 28 97 80 36 133 175 |18 82 123 104 12 150 200 98 91 67 111 78 171 94 |188 95 7 75 195 156 177 185 31 |92 144 32 100 166 93 165 3 138 190 187 ||23 13 43 |186 |73 |89 143 |159 19 116 172 |152 142 102 183 115 181 |58 44 |34 146 122 |81 125 |71 40 112 164 139 |20 45 4 27 56 178 |83 84 96 21 |5 30 85 |87 |79 157 90 189 147 168 25 148 |47 63 15 137 26 110 66 136 |158 173 48 2 16 65 6 99 |121 46 103 154 10 130 |33 169 196 108 184 101 |74 120 132 149 |72 |1 17 170 |118 180 |62 |39 61 179 114 
17107.7 235240
141 134 28 9 197 127 160 8 162 126 29 14 |24 129 131 55 92 161 107 51 88 53 193 |191 117 50 124 59 97 80 36 133 38 175 |70 104 12 200 98 145 128 151 41 |177 144 32 167 174 106 199 35 |95 111 67 91 52 192 68 |105 11 37 140 86 185 78 171 187 |18 82 123 150 188 198 54 94 |156 7 195 75 100 93 166 165 3 138 190 31 |57 22 163 176 182 64 42 60 153 119 ||71 |180 142 136 |47 |4 |186 148 23 189 143 |196 65 132 |1 21 |158 159 109 10 69 |19 13 173 135 44 |168 46 157 74 181 114 |5 34 112 17 48 |108 155 33 15 56 |73 72 58 113 |149 2 96 178 6 76 130 |25 87 62 49 116 179 |115 26 16 63 |30 81 101 183 99 170 |85 120 194 66 43 |152 122 83 |102 172 146 40 89 |77 |139 147 45 103 39 61 79 |110 125 90 169 20 |118 |154 137 |27 84 121 184 |164 |
17650.1 226419
18 82 123 200 188 98 67 111 78 171 94 |11 37 140 191 68 54 198 91 145 128 151 41 |104 12 150 70 52 192 86 124 59 |50 38 133 36 8 53 29 14 |127 197 9 97 80 28 134 105 117 141 |160 88 107 161 55 92 51 162 126 193 175 |24 129 131 167 42 60 153 119 174 106 |75 176 163 182 64 166 165 199 |22 57 7 195 100 93 3 138 35 |95 177 156 144 32 185 190 31 187 ||120 61 159 71 69 |130 21 |137 48 |77 118 |33 13 143 |76 108 74 110 |15 136 178 113 |180 |122 |25 |39 |43 |44 |121 |157 148 164 40 |109 10 102 169 132 58 90 |158 27 135 47 1 194 79 23 |5 103 147 172 155 183 101 6 170 |19 4 186 112 89 |62 49 116 179 |115 26 16 63 |46 2 181 |20 72 |189 173 114 99 83 |184 87 45 |142 |66 56 |146 196 |125 |139 149 |34 |73 65 96 |81 |168 30 |154 |152 85 84 |17 |
18486.5 214177
141 117 105 134 28 97 80 36 133 38 193 175 |9 197 127 160 88 51 162 126 8 53 |24 107 161 92 55 131 167 29 14 |57 7 75 195 177 144 32 138 190 187 |156 185 95 111 67 78 171 31 |129 42 60 153 119 174 199 35 |176 22 163 182 64 100 166 93 3 165 106 |11 37 140 50 124 59 86 68 54 151 |191 192 70 52 188 198 98 91 145 41 |150 104 12 18 82 123 200 128 94 ||65 |152 |48 |61 146 96 |139 |110 154 |143 15 85 |125 69 34 |142 |118 184 113 |178 180 |122 |25 |39 |43 |44 |121 |157 148 164 40 |109 10 102 169 132 58 90 |158 27 135 47 1 194 79 23 |5 103 147 172 155 183 101 6 170 |19 4 186 112 89 |62 49 116 179 |115 26 16 63 |46 2 181 |20 72 |189 173 114 99 83 |33 74 120 66 |87 |130 73 |56 81 71 136 137 159 |149 21 77 30 |17 |76 13 |168 45 108 84 196 |
18820.9 208274
18 82 123 200 188 98 67 111 78 171 94 |11 37 140 191 68 54 198 91 145 128 151 41 |104 12 150 70 52 192 86 124 59 |50 38 133 36 8 53 29 14 |127 197 9 97 80 28 134 105 117 141 |160 88 107 161 55 92 51 162 126 193 175 |24 129 131 167 42 60 153 119 174 106 |75 176 163 182 64 166 165 199 |22 57 7 195 100 93 3 138 35 |95 177 156 144 32 185 190 31 187 ||120 61 159 71 69 |130 21 |137 48 |77 118 |33 13 143 |76 108 74 110 |15 136 66 |180 113 |122 |25 |39 |43 |44 |121 |148 |40 |109 56 |132 58 90 |158 |135 |1 194 79 23 |5 103 147 172 155 183 101 6 170 |19 4 186 112 89 |62 49 116 179 |115 26 16 63 |46 2 181 |72 |189 173 114 99 83 |184 87 45 |142 |169 20 |102 |178 10 |164 47 27 |157 |146 196 |125 |139 149 |34 |73 65 96 |81 |168 30 |154 |152 85 84 |17 |
19114.8 200585
141 117 105 134 28 97 80 36 133 38 193 175 |9 197 127 160 88 51 162 126 8 53 |24 107 161 92 55 131 167 29 14 |57 7 75 195 177 144 32 138 190 187 |156 185 95 111 67 78 171 31 |129 42 60 153 119 174 199 35 |176 22 163 182 64 100 166 93 3 165 106 |11 37 140 50 124 59 86 68 54 151 |191 192 70 52 188 198 98 91 145 41 |150 104 12 18 82 123 200 128 94 ||65 |136 |49 |48 183 |146 96 |112 154 |143 15 85 |122 69 34 |142 |21 |113 26 178 180 |179 77 |25 16 |43 |30 |121 |157 148 164 40 |109 10 |173 132 58 189 |158 27 170 47 1 194 |116 |5 |115 44 4 135 |62 23 |137 72 |17 89 184 |155 102 |139 147 87 45 103 39 61 79 |149 110 125 90 169 20 |118 |46 2 181 |76 172 99 |84 74 120 159 |63 |130 73 71 81 |152 83 66 |56 186 |101 19 114 |33 |6 168 13 |108 196 |
19638.4 197954
141 117 105 134 28 97 80 36 133 38 193 175 |9 197 127 160 88 51 162 126 8 53 |24 107 161 92 55 131 167 29 14 |57 7 75 195 177 144 32 138 190 187 |156 185 95 111 67 78 171 31 |129 42 60 153 119 174 199 35 |176 22 163 182 64 100 166 93 3 165 106 |11 37 140 50 124 59 86 68 54 151 |191 192 70 52 188 198 98 91 145 41 |150 104 12 18 82 123 200 128 94 ||65 |152 |49 |48 183 |146 96 |112 154 |143 15 85 |122 69 34 |142 |83 |113 26 178 180 |179 19 |25 16 |43 |101 |121 |157 148 164 40 |109 10 |173 132 58 189 |158 27 170 47 1 194 |6 |5 |115 44 4 135 |62 23 |137 72 |17 89 184 |155 102 |139 147 87 45 103 39 61 79 |149 110 125 90 169 20 |118 |46 2 181 |114 172 99 |33 74 120 66 |63 |130 73 |56 81 71 136 |159 |186 21 77 30 |116 |76 13 |168 |108 84 196 |
19669.8 196831
160 197 9 97 80 36 133 38 |86 191 192 188 91 145 128 151 |70 52 150 123 200 98 198 54 68 |12 104 82 18 67 95 111 78 171 94 41 |57 195 156 144 177 185 32 138 190 31 187 |7 163 176 182 64 100 93 3 165 |22 75 166 42 60 153 119 174 106 199 35 |24 129 167 131 55 162 126 29 14 |127 88 107 161 92 51 8 53 193 175 |11 37 140 117 105 28 134 141 50 124 59 ||65 |84 |49 |48 183 |146 96 |112 154 |143 15 85 |71 69 137 |172 |184 |113 26 178 13 |108 19 |99 16 |43 |101 |121 |157 148 |17 |109 10 |173 132 72 |158 27 74 33 155 |56 |23 |5 |168 102 135 |62 6 76 130 |58 2 40 89 125 90 |149 77 110 1 |189 186 147 87 4 61 79 |142 30 63 81 180 |169 194 66 46 103 |34 139 73 47 114 181 |83 |152 164 44 |179 |25 |120 |45 170 39 116 |122 |115 |20 |118 |196 |159 |136 |21 |
28047 195263

Time:10
Last Iter:10
Last Update:10
Tabu:0
Last Time10
20
74 119 42 64 182 16 40 95 17 104 70 52 191 37 38 175 8 107 55 |192 98 125 94 199 158 131 193 |25 117 49 9 33 51 92 84 24 181 174 144 145 68 12 |6 129 118 160 130 20 59 86 54 91 32 22 |1 128 171 67 18 112 21 195 71 166 106 14 187 50 140 105 97 161 |3 153 170 115 85 162 102 134 141 11 198 200 78 31 57 |35 159 138 178 60 27 26 30 126 83 88 80 87 188 123 111 41 |190 165 120 77 101 76 13 197 28 194 156 7 176 |163 75 48 93 135 56 109 29 196 167 36 124 151 185 177 |154 100 2 66 34 82 150 69 45 186 39 121 133 53 127 ||99 179 79 157 169 5 46 |180 108 155 164 |58 110 72 |4 184 136 43 149 |147 61 189 47 |142 113 |103 152 168 132 23 90 |19 65 15 173 96 63 |89 |116 114 137 122 81 62 139 44 |148 183 10 172 143 |73 146 |
8805.99 764550
64 57 146 177 67 78 190 41 68 191 18 106 193 |58 157 3 119 40 63 75 22 129 92 |29 6 83 8 59 141 94 144 21 156 |194 54 128 111 104 52 42 126 107 |124 86 87 125 98 200 73 31 199 32 77 131 88 160 133 |10 55 118 197 97 28 103 50 23 1 188 95 138 93 100 |89 123 198 151 171 185 47 153 14 35 43 79 175 38 117 70 |91 145 62 12 112 72 165 154 27 167 24 127 9 134 105 37 |187 99 174 109 30 85 113 51 61 148 169 11 192 166 182 176 163 195 7 |161 162 53 116 170 60 122 173 15 36 80 46 140 150 82 ||44 132 164 34 110 17 179 159 |19 168 20 4 49 102 |189 152 |5 147 183 184 155 108 84 76 13 |65 135 178 120 130 121 39 |186 25 143 48 71 158 26 |56 2 149 139 |137 |136 181 115 196 101 33 142 172 69 |45 90 66 81 16 96 180 |74 114 |
8820.11 711649
150 62 89 17 75 153 187 88 197 105 11 50 |64 71 3 135 106 31 21 156 104 12 124 9 162 126 131 |38 121 45 52 68 151 98 138 32 199 35 119 60 182 167 55 |116 175 130 20 155 100 144 7 176 128 91 200 188 192 70 54 41 |46 117 140 143 34 110 67 171 57 14 36 8 24 129 |173 63 178 18 82 123 43 166 29 160 80 141 |95 133 127 39 28 |44 86 132 198 145 78 190 165 93 163 177 185 |183 33 107 161 118 115 174 179 94 194 37 134 |193 76 102 97 148 59 191 81 111 146 195 22 42 51 92 53 ||66 157 136 170 196 |172 49 101 85 154 79 109 19 |77 168 |83 184 27 120 65 |99 |30 84 142 4 |1 58 125 139 73 40 16 47 |147 149 |108 |87 169 69 164 189 74 |15 122 48 159 13 181 |72 113 |112 90 23 114 180 6 |10 158 56 96 2 137 26 |61 25 103 5 152 186 |
9248.13 641631
61 127 102 193 60 155 162 161 129 134 67 150 18 |78 56 151 164 139 191 105 88 8 29 190 31 3 160 42 64 182 176 93 |51 197 121 175 39 20 140 86 188 131 198 174 22 57 156 144 32 138 |163 100 111 68 80 117 53 28 141 50 124 |195 149 125 104 70 166 153 9 97 |146 16 40 95 171 107 94 128 158 98 187 35 119 75 38 36 92 59 |133 83 24 167 30 106 199 |74 165 52 96 185 90 54 200 123 17 |177 7 126 55 14 41 132 145 |37 11 192 58 12 82 110 91 ||135 120 77 76 4 172 103 |21 168 |130 180 47 63 13 79 157 |6 10 69 148 194 62 1 |89 87 45 |137 |43 |108 170 114 181 27 122 136 |116 84 142 |49 186 25 5 |15 |85 115 109 26 173 |44 |72 66 48 71 |169 46 179 183 |81 73 34 143 159 19 65 |2 |178 196 113 23 |147 33 189 |154 184 152 |112 |118 |99 |101 |
13552.6 638705
34 110 70 68 140 50 117 28 141 |56 158 167 152 105 162 126 134 29 |129 24 55 107 51 88 183 53 193 175 |186 39 97 191 80 124 130 36 131 133 38 92 |181 115 127 197 9 160 86 59 161 69 90 81 177 8 195 144 32 138 190 31 |7 75 100 93 166 3 165 174 106 14 |22 163 64 137 42 60 153 119 71 48 180 199 35 156 2 57 176 182 178 114 187 |104 200 78 171 |185 149 95 128 111 67 189 91 41 11 37 192 52 188 98 198 54 145 151 |12 18 82 123 150 94 ||65 |23 |33 |120 146 |21 196 194 |125 73 |102 |1 |79 13 45 74 159 109 |135 170 76 96 26 |19 77 118 184 148 |84 |25 121 172 168 87 89 |66 112 5 4 |10 108 155 |49 |40 47 63 27 6 |142 |143 16 103 169 |85 |147 20 157 58 |101 83 113 136 139 |17 |43 |46 |62 72 154 99 30 61 |116 122 173 15 44 132 |179 164 
13670.3 483563
158 78 67 91 98 188 80 36 133 38 |171 111 95 137 129 113 24 53 193 175 |30 33 39 134 61 151 41 136 |18 21 177 185 174 10 170 106 14 |85 167 107 88 160 127 197 9 97 105 28 59 |5 184 83 51 92 161 118 55 162 101 126 29 |8 64 182 75 57 7 156 195 144 32 138 |123 82 104 12 70 52 192 68 198 54 145 128 94 31 190 187 |200 150 191 11 37 140 117 141 50 124 86 |131 119 153 60 42 163 22 176 100 93 166 165 3 199 35 ||49 44 |74 |62 157 81 180 |194 47 116 96 |132 45 |181 77 56 146 72 |143 69 130 172 152 |196 76 148 43 65 |71 34 89 58 73 149 |120 63 |99 6 84 142 |1 121 125 139 |155 178 40 |168 |17 66 |110 |87 169 |164 189 |15 122 48 159 13 |79 46 147 112 90 23 |19 114 16 20 25 179 154 |27 26 103 186 109 |135 115 108 183 4 102 |173 2 |
13929.7 276733
70 68 140 50 117 105 28 134 141 |138 56 158 167 131 162 126 29 14 |129 24 55 161 107 92 51 88 183 8 53 193 175 |186 197 9 39 97 80 130 36 133 38 |181 115 196 160 127 33 124 86 59 69 |90 81 177 195 75 71 100 48 180 3 93 166 165 199 35 |156 2 57 22 163 176 182 64 178 42 60 153 119 114 174 106 |7 144 32 185 149 95 111 67 189 91 128 41 |11 37 191 192 52 188 98 198 54 145 151 |18 82 123 104 12 150 200 78 171 94 31 190 187 ||146 |21 |194 |125 73 |23 1 |79 13 |65 74 159 109 84 26 |43 135 170 76 102 96 |19 137 77 118 184 49 148 |25 121 172 168 87 89 |66 112 5 45 4 |10 108 155 |40 16 47 63 27 6 142 |143 103 85 169 |152 |147 20 157 58 120 |101 83 113 136 139 |17 |62 72 154 99 30 61 |116 122 173 15 44 132 |46 164 34 110 179 
14293.1 251816
104 18 200 188 198 54 68 |95 111 67 12 82 123 150 98 91 145 128 151 41 |132 164 125 34 32 48 166 135 138 42 174 106 |105 186 28 134 36 133 38 193 175 |11 37 140 117 141 59 |70 52 192 191 50 124 86 |131 55 51 92 107 88 160 127 197 9 97 80 |161 24 129 167 126 162 8 53 29 35 |176 22 163 182 64 100 93 3 165 153 60 119 199 14 |57 7 75 195 156 144 177 185 171 78 94 190 31 187 ||158 114 |61 20 103 |96 47 40 |23 |87 39 33 |173 21 120 26 19 |116 196 30 27 112 1 |102 159 136 |44 45 6 |4 109 180 66 72 189 |152 46 |5 147 183 184 155 108 84 101 76 13 |169 148 130 99 154 181 178 74 |89 139 194 56 71 137 |170 157 115 118 85 79 |143 25 15 146 81 |90 49 65 69 |113 77 |58 73 149 16 63 122 2 |83 10 121 172 |110 17 62 43 179 142 |168 |
15145.2 238075
104 18 200 188 198 54 68 |95 111 67 12 82 123 150 98 91 145 128 151 41 |132 164 125 34 32 48 166 135 138 42 174 106 |105 186 28 134 36 133 38 193 175 |11 37 140 117 141 59 |70 52 192 191 50 124 86 |131 55 51 92 107 88 160 127 197 9 97 80 |161 24 129 167 126 162 8 53 29 35 |176 22 163 182 64 100 93 3 165 153 60 119 199 14 |57 7 75 195 156 144 177 185 171 78 94 190 31 187 ||158 114 |61 20 103 |96 47 40 |23 |87 39 33 |173 21 120 26 19 |116 196 30 27 112 1 |102 159 136 |44 45 6 |4 109 180 66 72 189 |152 46 |5 147 183 184 155 108 84 13 |65 157 |169 148 130 99 154 181 178 74 |89 139 194 56 71 137 |170 77 115 118 85 76 79 69 |143 25 15 146 81 |90 49 101 113 |58 73 149 16 63 122 2 |83 10 121 172 |110 17 62 43 179 142 |168 |
15407.1 237850
191 11 37 140 117 141 50 124 59 |12 70 52 192 68 86 |67 123 150 98 188 198 54 |104 82 18 200 91 145 128 151 41 |100 111 95 177 185 138 190 31 187 |22 176 163 182 64 42 166 93 3 165 153 119 199 |57 75 7 156 195 144 32 171 78 94 |60 24 129 167 131 162 126 29 14 |134 80 127 161 55 92 107 51 88 36 133 38 193 175 |105 28 97 9 197 160 8 53 174 106 35 ||157 58 146 |103 1 21 89 |47 79 63 154 99 159 |62 112 72 27 109 30 116 |40 85 113 61 148 169 |87 170 122 15 19 |125 44 132 164 34 110 17 73 189 |168 20 4 49 102 77 |152 46 6 10 |5 147 183 184 155 108 84 13 |65 135 178 120 130 121 39 |43 179 23 194 186 25 143 139 |149 137 173 2 |76 83 118 56 |48 |71 158 26 |136 181 115 196 101 33 142 172 69 |45 90 66 81 16 96 180 |74 114 |
15469.4 230415
191 11 37 140 117 141 50 124 59 |12 70 52 192 68 86 |67 123 150 98 188 198 54 |104 82 18 200 91 145 128 151 41 |100 111 95 177 185 138 190 31 187 |22 176 163 182 64 42 166 93 3 165 153 119 199 |57 75 7 156 195 144 32 171 78 94 |60 24 129 167 131 162 126 29 14 |134 80 127 161 55 92 107 51 88 36 133 38 193 175 |105 28 97 9 197 160 8 53 174 106 35 ||157 58 178 |102 1 21 |44 |79 63 154 108 170 |62 112 72 27 109 116 136 |6 196 113 76 159 158 137 135 |4 10 85 30 96 2 47 |26 122 40 34 17 139 43 |103 46 148 184 118 132 |66 89 110 |65 146 15 181 99 13 |194 189 87 186 39 121 |77 155 |125 84 |49 179 23 5 19 |25 143 |149 120 173 |168 |183 83 152 |48 56 |71 147 73 |61 130 115 169 101 |45 90 20 81 |74 114 16 164 180 |33 142 172 69 |
15526 229828
95 18 123 12 70 52 192 68 54 |28 134 141 117 11 37 140 50 124 86 59 |105 9 97 80 8 53 193 175 |191 160 127 197 142 36 133 38 |26 22 163 182 96 195 156 21 32 138 199 35 |42 24 129 167 131 10 162 29 |88 107 161 92 55 51 126 14 |57 75 144 100 3 165 93 166 153 60 119 174 106 |82 104 200 150 188 198 98 91 145 128 151 41 |64 176 7 177 185 111 67 78 171 94 31 190 187 ||13 172 |146 125 |83 130 |139 |39 23 1 |89 47 43 79 |62 112 72 154 27 |99 109 30 85 113 61 148 169 |116 170 122 173 15 |44 132 164 34 110 17 179 159 |19 168 20 4 49 102 |189 152 46 |5 147 183 184 155 108 84 76 |103 101 180 143 136 |121 65 114 135 196 6 115 |120 56 157 81 40 48 |69 87 45 186 33 118 |58 73 149 16 63 2 77 |74 181 71 |137 178 158 66 90 |25 194 |
16175.2 226701
191 11 37 140 117 141 50 124 59 |12 70 52 192 68 86 |67 123 150 98 188 198 54 |104 82 18 200 91 145 128 151 41 |100 111 95 177 185 138 190 31 187 |22 176 163 182 64 42 166 93 3 165 153 119 199 |57 75 7 156 195 144 32 171 78 94 |60 24 129 167 131 162 126 29 14 |134 80 127 161 55 92 107 51 88 36 133 38 193 175 |105 28 97 9 197 160 8 53 174 106 35 ||157 58 146 |103 1 21 89 |47 79 63 154 99 159 |62 112 72 27 109 30 116 |40 85 113 61 148 169 |87 170 122 15 19 |125 44 132 164 34 43 |73 189 |168 20 4 49 102 77 |152 46 6 10 |5 147 183 184 155 108 84 13 |65 135 178 120 130 121 39 |179 23 194 |17 66 |110 |186 25 143 139 |149 137 173 2 |76 83 118 56 |48 |71 158 26 |136 181 115 196 101 33 142 172 69 |45 90 |81 16 96 180 |74 114 |
17012.9 216876
160 124 50 141 97 80 36 53 193 38 |55 161 92 51 107 88 127 197 9 59 86 |11 140 37 117 105 28 134 175 187 |176 156 144 98 91 145 128 151 |57 22 163 182 42 60 153 119 35 |150 188 70 52 191 192 68 54 |198 12 104 123 82 18 67 78 171 94 41 |200 95 111 177 185 32 138 190 31 |7 195 75 64 100 93 166 165 3 199 |133 8 24 129 131 167 162 126 29 174 106 14 ||21 85 |43 |33 143 72 |113 137 90 |154 |62 112 |40 125 |181 114 |158 |89 16 115 |63 146 71 |79 |25 148 |103 139 |10 |30 169 |116 170 122 173 15 |44 132 164 34 110 17 159 |19 168 20 4 49 102 |189 |5 147 183 184 155 108 84 13 |65 135 178 120 130 121 39 |179 23 194 |152 46 |26 83 87 69 76 |77 101 157 48 180 136 |56 196 66 58 1 |2 45 186 142 |73 6 109 61 |172 149 47 |99 |81 74 27 |96 |118 |
17608.2 216021
191 11 37 140 117 141 50 124 59 |12 70 52 192 68 86 |67 123 150 98 188 198 54 |104 82 18 200 91 145 128 151 41 |100 111 95 177 185 138 28 190 31 187 |22 176 163 182 64 42 166 93 3 165 153 119 199 |57 75 7 156 195 144 32 171 78 94 |60 24 129 167 131 162 126 29 14 |134 80 127 161 55 92 107 51 88 36 133 38 193 175 |105 97 9 197 160 8 53 174 106 35 ||125 72 43 |143 |85 118 |154 137 71 |158 181 116 |25 |40 |115 146 |23 |113 |99 |62 148 |130 |33 84 |114 109 |103 172 10 183 30 |19 168 20 4 49 102 |189 152 46 170 179 159 |122 173 15 139 44 132 |164 34 110 17 169 1 |83 |147 |184 |135 178 |61 |47 |65 27 77 101 13 |48 56 66 194 157 |45 186 39 121 |5 180 108 155 |58 2 |6 |89 |120 |149 |21 73 26 |136 87 |196 |79 142 |69 |76 90 |81 16 96 63 |74 112 |
19172.9 212279
191 11 37 140 117 141 50 124 59 |12 70 52 192 68 86 |67 123 150 98 188 198 54 |104 82 18 200 91 145 128 151 41 |100 111 95 177 185 138 190 31 187 |22 176 163 182 64 42 166 93 3 165 153 119 199 |57 75 7 156 195 144 32 171 78 94 |60 24 129 167 131 162 126 29 14 |134 80 127 161 55 92 107 51 88 36 133 38 193 175 |105 28 97 9 197 160 8 53 174 106 35 ||72 149 |143 |118 |137 71 |184 49 |25 |157 58 146 |103 1 21 89 |47 79 63 154 99 159 |62 112 27 109 30 116 |40 85 113 61 148 169 |87 170 122 15 19 |125 44 132 164 34 43 |73 189 |168 20 4 102 77 |152 46 6 10 |5 147 183 155 108 84 13 |65 135 178 120 130 121 39 |179 23 194 |83 |110 |186 139 |48 173 2 |66 |45 |180 56 17 |158 26 |136 181 115 196 101 33 142 172 69 |76 90 |81 16 96 |74 114 |
19449.6 211700
191 11 37 140 117 141 50 124 59 |12 70 52 192 68 86 |67 123 150 98 188 198 54 |104 82 18 200 91 145 128 151 41 |100 111 95 177 185 138 190 31 187 |22 176 163 182 64 42 166 93 3 165 153 119 199 |57 75 7 156 195 144 32 171 78 94 |60 24 129 167 131 162 126 29 14 |134 80 127 161 55 92 107 51 88 36 133 38 193 175 |105 28 97 9 197 160 8 53 174 106 35 ||125 72 43 |143 |85 118 |137 71 |158 181 |25 |40 |115 146 23 |113 |99 |62 148 |130 |27 |33 84 |114 109 |103 172 |10 183 30 169 1 |19 168 20 4 49 102 116 |189 152 46 170 179 159 |122 173 15 139 44 132 |164 34 110 17 |5 147 |184 155 108 157 13 |135 178 56 61 121 39 |83 |89 154 47 194 |186 77 58 |48 6 |2 |66 |45 |180 120 65 149 |21 73 26 |136 87 |196 101 79 142 |69 |76 90 |81 16 96 63 |74 112 |
19515.4 204565
104 82 123 200 67 78 171 185 153 119 |12 150 70 68 86 29 14 |94 55 161 107 92 51 88 8 53 175 |37 191 192 52 188 98 91 198 54 145 128 151 41 |11 117 105 134 28 97 80 141 50 124 59 |140 160 127 197 9 36 133 38 |24 129 167 131 162 126 193 |18 111 95 177 195 75 42 60 174 106 187 |7 156 144 32 93 166 3 138 190 31 |57 22 163 176 182 64 100 165 199 35 ||72 149 |143 |85 118 |137 71 |184 181 |25 |40 |146 23 |113 |99 |62 148 |130 |27 |63 84 |47 109 |103 147 |10 |30 |116 |122 173 15 |44 132 |34 110 17 179 159 |19 168 20 4 49 102 |189 152 46 |66 |178 26 |87 69 |120 77 101 76 13 194 157 |135 |196 |125 89 79 186 39 121 |5 |108 155 |58 |96 139 1 43 136 |158 |183 172 73 6 |65 21 112 |83 |48 56 |115 169 |45 90 170 81 |74 114 16 164 180 |33 142 61 2 154 |
20002.8 202816
51 127 55 161 107 88 8 162 126 53 29 14 |92 160 197 9 97 80 36 133 38 193 175 |28 134 105 11 37 140 192 68 54 |70 52 191 50 117 141 124 86 59 |12 104 82 123 150 98 188 198 91 145 128 151 41 |24 129 131 167 42 60 153 119 174 106 35 |163 22 176 182 64 166 165 199 |18 156 100 93 3 138 190 |200 177 95 111 67 78 171 94 |57 7 75 195 144 32 185 31 187 ||72 149 |143 |85 118 |137 71 |184 181 |25 |115 146 23 |113 |99 |62 148 |84 |114 109 |103 135 |30 169 |116 170 122 173 15 |44 132 164 34 110 17 179 159 |19 168 196 |4 125 102 |152 |178 26 83 87 69 |120 |155 76 |147 46 20 130 49 |10 33 |189 40 65 27 77 101 13 |48 56 66 194 157 |45 186 39 121 |5 180 108 |90 139 1 158 43 136 |21 112 74 6 |89 142 183 172 |73 58 |61 79 81 |96 2 |16 47 |154 63 |
21806.5 200742
12 95 111 67 185 171 78 94 187 |177 156 7 195 100 93 165 199 |126 162 107 160 127 197 9 97 80 36 133 38 193 175 |140 86 98 188 198 54 31 190 |57 176 75 144 32 138 3 153 119 35 |105 28 134 117 141 50 124 59 |22 163 182 64 166 42 60 174 106 |37 11 191 70 52 192 68 |167 131 129 24 55 161 92 51 88 8 53 29 14 |104 18 82 123 150 200 91 145 128 151 41 ||6 85 |69 16 |110 149 |71 158 2 |21 15 81 |72 125 122 |79 76 |169 23 62 |159 184 146 |164 139 |114 109 196 83 1 |113 |47 135 |89 143 44 148 61 102 116 170 |179 43 |19 30 115 |173 |168 34 |155 172 5 |181 |154 84 |26 178 |99 40 |46 17 |147 142 |20 130 49 |10 33 |189 |65 27 77 101 13 |48 56 66 194 157 |45 186 39 121 |180 108 |58 |90 |183 |73 |112 |87 |120 137 |74 |4 |96 |136 |118 103 152 132 |63 25 |
22970.5 190701

Time:10
Last Iter:10
Last Update:10
Tabu:0
Last Time10
18
101 162 8 193 38 14 106 158 122 182 75 63 129 192 |111 94 41 128 98 194 59 133 175 11 57 |89 200 62 44 69 80 102 127 92 55 29 3 195 171 |143 124 197 24 174 153 138 32 67 |151 1 164 110 82 17 78 190 154 109 120 42 165 48 176 53 28 134 105 |21 177 185 31 43 187 157 68 86 191 188 189 145 65 166 100 119 88 |5 20 121 130 33 126 131 19 26 22 7 95 123 198 54 |70 139 91 34 72 18 66 81 71 64 85 167 108 160 9 117 37 |114 159 35 99 76 97 141 50 140 147 132 90 125 12 104 156 60 |163 96 47 144 93 74 199 179 79 4 36 172 51 107 161 52 150 ||58 23 103 30 |16 2 73 112 |27 178 113 84 |136 40 77 6 183 |45 46 142 118 137 181 |83 196 170 56 15 |186 39 49 184 115 146 |61 25 |152 148 10 155 116 |180 135 173 149 13 169 |87 168 |
8861.03 806284
156 21 16 75 2 57 165 153 119 106 31 78 133 55 105 141 |196 129 85 116 36 134 124 140 198 22 |90 98 89 82 67 94 43 35 79 68 52 138 29 175 193 131 |32 180 178 109 199 187 185 177 50 88 162 24 |111 190 159 173 126 53 183 28 192 70 200 123 |170 60 56 15 163 63 17 12 150 59 8 |93 166 3 71 144 195 137 77 167 101 83 92 127 4 80 103 117 54 151 18 |176 7 40 65 74 136 14 38 9 51 169 86 11 188 128 |6 115 184 197 97 13 41 145 91 62 95 48 100 64 96 |104 189 171 149 47 182 42 158 174 19 113 161 107 160 37 191 ||66 58 147 87 5 130 76 179 |114 118 33 10 30 26 |194 152 |112 34 73 72 1 |121 120 122 81 110 157 |61 69 |45 186 172 49 142 99 154 181 27 |44 139 23 84 155 |25 |125 132 143 148 102 108 |20 46 39 164 146 |135 168 |
8960.64 758877
155 113 129 27 135 178 71 153 185 41 86 11 |195 63 7 182 64 173 100 48 165 136 128 123 12 134 36 193 29 161 |54 89 82 67 94 3 166 14 38 126 51 92 131 |58 95 171 187 106 162 24 |68 157 151 189 198 150 50 172 53 55 42 190 57 |80 141 124 69 191 52 18 111 78 31 138 144 93 22 35 8 |179 199 109 167 101 175 61 59 5 28 39 9 180 34 200 ||90 91 125 188 139 194 192 70 140 117 20 88 184 107 19 174 119 |127 160 118 108 133 121 97 25 37 168 143 110 75 163 60 |103 105 130 102 197 183 83 10 30 181 26 158 176 156 32 177 72 98 145 104 ||45 46 169 79 62 73 65 114 |116 137 74 99 23 132 44 |149 112 17 |87 152 186 142 196 6 159 |40 146 16 120 115 84 13 |164 1 66 2 85 |76 49 148 43 47 170 |81 21 15 56 77 154 4 |147 33 122 96 |
9178.55 756345
83 92 183 102 76 29 6 109 181 22 177 95 31 151 91 12 28 |127 162 141 41 94 78 82 60 163 |167 106 119 65 100 64 182 2 47 67 123 188 36 |15 156 185 199 14 153 126 8 161 97 117 140 52 145 |165 71 96 57 42 27 196 118 53 175 49 186 128 150 |125 18 111 171 190 35 159 166 178 63 193 88 51 160 9 124 50 |7 32 120 26 170 116 55 107 184 197 4 134 37 11 54 198 187 |5 59 86 139 98 43 3 48 144 195 75 174 19 38 24 |62 164 194 68 191 70 138 93 146 115 85 131 129 133 80 |192 1 189 200 104 110 72 173 176 74 154 30 172 105 ||16 40 149 34 89 17 58 61 |114 148 169 45 168 39 130 |77 113 108 |155 10 69 44 136 |66 21 122 135 |87 121 142 |143 23 152 |158 13 157 73 90 |46 103 20 25 |56 137 180 81 179 79 132 99 |101 84 33 147 |112 |
9219.63 743215
82 125 145 157 31 3 185 177 95 156 7 167 107 88 |57 75 173 119 174 106 171 78 91 98 52 59 134 |9 160 184 8 38 175 131 166 22 50 117 |32 43 194 70 200 11 28 197 53 162 55 163 |48 180 60 195 47 89 12 68 41 191 141 193 29 |51 6 14 86 97 172 198 188 18 67 144 100 182 176 |10 126 116 24 109 154 153 71 73 110 104 54 192 80 105 |92 129 36 61 20 186 46 140 147 62 150 190 138 64 |111 81 16 42 158 56 114 19 85 183 127 133 76 124 152 151 94 |121 4 169 87 37 128 123 136 179 35 187 199 165 93 21 161 ||84 108 113 27 178 99 13 |130 45 5 149 58 |159 65 135 15 170 101 |77 115 196 96 1 |79 69 132 143 25 168 49 |83 33 142 |74 181 120 26 137 30 118 |164 103 112 17 72 |40 146 63 |2 122 66 102 |155 39 148 23 90 189 |44 139 34 |
9297.11 729615
92 38 80 25 140 41 151 190 165 100 182 163 22 123 |153 60 93 47 2 77 126 108 133 35 188 191 141 |75 42 119 138 171 67 95 72 110 17 89 200 98 128 187 175 53 51 167 97 |90 132 86 124 134 11 111 166 |34 112 54 69 46 121 49 88 |91 150 82 66 144 120 158 26 181 29 131 186 |102 36 197 162 55 24 129 135 195 7 57 146 185 12 52 50 |9 28 59 1 145 125 18 70 78 176 174 |62 139 194 68 192 44 157 37 4 142 127 160 107 83 8 113 14 106 199 3 64 177 |193 76 161 39 105 117 148 168 164 198 104 94 31 32 156 ||85 56 178 65 40 149 |87 15 96 173 27 |74 115 |159 13 169 189 73 |33 155 118 84 154 79 23 |103 147 43 |137 16 136 19 196 101 130 |143 45 5 20 61 58 |152 |172 183 184 99 109 114 81 179 |30 122 21 63 48 71 180 170 |116 6 10 |
9489.9 720096
38 193 36 85 15 182 75 32 190 91 198 188 |135 120 26 106 14 175 126 24 127 124 140 18 138 57 |93 65 199 42 56 173 2 7 146 177 104 192 191 53 8 107 161 55 160 |142 197 9 133 61 25 117 37 147 54 150 95 3 35 51 92 |98 68 87 97 39 49 136 154 174 166 |76 13 79 143 20 103 121 88 155 118 129 144 94 67 200 12 |23 86 11 134 102 29 167 108 60 165 185 |48 153 119 137 163 96 195 31 187 81 110 82 89 139 70 |156 22 131 83 33 28 50 168 52 145 123 111 171 |100 122 64 176 63 158 19 101 162 84 113 80 105 141 59 41 151 128 78 ||184 130 170 181 178 16 47 43 |159 74 114 71 21 66 73 17 157 |46 |45 5 152 169 148 4 |189 112 180 109 27 30 |196 172 |115 116 179 69 44 132 62 125 |149 186 |58 164 72 40 6 |183 10 77 1 90 194 |99 34 |
9692.78 718666
12 52 128 31 16 131 24 107 |67 151 190 138 185 174 126 161 134 50 104 57 22 |186 11 192 70 150 123 32 64 199 14 53 162 |88 55 4 97 103 117 86 41 198 35 106 42 176 7 |122 178 93 100 180 195 94 145 189 125 68 |26 158 3 146 18 112 200 98 54 59 124 141 193 |33 121 80 38 76 175 187 179 153 71 2 95 66 91 188 82 37 |28 25 140 152 142 133 8 184 92 108 27 166 156 171 |99 13 23 44 132 164 40 144 165 119 181 137 163 75 129 160 127 36 105 |116 29 101 51 118 84 167 85 60 182 177 111 78 79 191 9 197 ||34 110 73 62 194 169 39 |154 19 183 155 56 |5 17 |81 136 77 196 10 83 6 |1 139 87 168 46 20 130 102 |147 |58 89 143 69 170 114 135 |30 115 15 173 48 65 74 159 157 |90 72 |43 120 63 21 149 47 109 |61 148 172 113 96 |45 49 |
9804.31 712935
83 126 113 3 195 95 82 86 134 28 |169 37 80 160 24 120 182 176 185 171 94 192 52 12 188 |1 54 198 78 199 162 88 127 9 117 50 |100 174 166 32 67 57 193 38 53 184 107 161 105 140 11 70 |10 8 29 167 131 118 97 59 124 187 190 151 144 |123 92 200 34 149 177 21 2 163 64 165 65 106 68 141 |194 139 98 150 128 41 31 138 93 42 181 196 51 75 111 |148 20 5 61 35 14 175 76 116 101 55 129 77 22 7 18 104 |99 19 159 74 119 153 60 115 155 183 36 133 4 197 147 191 91 145 |135 180 81 16 47 156 15 ||13 69 121 84 |110 58 157 79 25 |173 178 158 27 109 114 179 143 |45 152 |71 |49 39 142 23 132 90 164 |154 96 63 146 48 137 26 |72 |73 122 56 130 186 |136 189 17 112 66 40 |44 |6 30 170 43 62 87 |102 33 172 103 46 168 125 |85 108 89 |
10472.4 689496
37 18 95 32 138 31 14 35 |117 141 28 97 36 92 8 29 175 |78 198 164 12 191 11 80 38 88 127 174 |178 120 56 57 177 151 188 200 123 82 140 126 51 167 129 |131 85 24 13 199 144 156 195 176 22 41 91 150 52 192 86 |109 30 53 76 130 155 134 50 185 64 60 |145 128 189 62 87 124 152 197 187 3 93 182 7 100 |67 111 40 47 153 27 106 190 171 1 70 104 59 105 162 55 |42 122 163 75 166 165 65 179 132 143 98 89 133 9 107 161 |110 54 68 94 16 21 63 2 158 119 170 193 160 ||159 74 96 157 90 20 |58 146 173 137 6 99 |118 10 79 169 25 45 4 |114 180 115 84 102 33 |49 172 142 186 168 46 |147 194 19 83 196 116 136 |23 61 |112 149 15 26 48 154 |125 34 72 17 103 69 |101 44 184 181 |135 77 121 148 |71 81 66 73 139 |43 5 39 183 108 113 |
12323.3 636254
105 140 11 70 156 75 3 165 119 174 |182 67 18 188 192 68 54 128 |64 24 55 161 51 162 126 29 175 |129 12 155 127 80 186 46 117 124 152 31 190 166 153 177 95 104 91 |160 88 106 60 42 163 94 151 145 86 50 |87 191 141 134 197 92 90 98 |108 167 14 35 41 78 185 7 198 36 133 38 |171 111 110 200 123 164 132 157 20 130 116 101 107 193 |37 169 69 4 172 115 158 199 195 57 22 176 144 138 |62 9 150 82 66 32 93 100 71 19 99 187 61 59 25 28 97 53 8 131 52 ||139 194 15 56 154 |85 121 |2 114 181 77 184 179 |135 26 10 76 43 81 189 |89 72 143 147 168 103 |83 196 183 |33 27 47 21 73 |109 120 178 122 65 16 146 |113 148 5 45 |112 |118 102 159 63 149 |17 79 23 13 |39 84 |6 30 170 |44 1 136 48 173 137 |49 142 74 125 58 34 |180 40 96 |
13440 547637
64 185 97 105 28 134 141 25 |77 84 55 88 8 36 133 38 |52 192 191 11 140 37 117 50 124 59 |70 12 150 200 98 188 198 54 68 86 |80 197 127 107 161 92 51 53 193 175 |160 24 129 131 167 162 126 29 14 |7 156 195 75 100 42 60 153 119 174 106 199 35 |104 123 82 18 111 67 91 145 128 151 41 |95 22 103 177 163 9 19 187 182 144 |57 176 155 93 166 165 3 32 138 171 78 94 31 190 ||132 194 56 120 |154 |181 47 |184 116 170 81 |130 102 142 10 118 115 48 |122 135 26 113 |1 173 |90 179 65 16 |43 |159 74 114 71 21 66 73 17 157 |46 147 |45 5 152 169 148 4 |189 112 180 109 27 30 |196 172 |146 40 89 183 13 |158 149 |139 62 125 72 34 61 69 20 |87 186 39 |58 99 |15 108 49 44 |137 85 6 76 |121 136 79 23 101 83 |110 164 143 168 |33 |96 2 63 178 
14382.5 279845
192 70 52 150 12 104 82 123 200 98 91 145 128 151 |121 136 79 23 101 51 83 162 126 29 |110 164 143 191 140 37 11 168 117 50 124 59 |141 160 127 33 197 9 97 80 53 193 175 14 |86 68 54 198 188 18 95 111 67 78 171 94 |177 144 3 165 42 60 153 119 174 106 35 |176 7 156 195 32 138 190 31 41 187 |75 57 22 163 182 64 100 93 166 199 |96 2 63 178 185 105 28 134 25 |77 167 131 129 24 84 55 161 92 107 88 8 36 133 38 ||103 19 155 |132 194 56 120 |154 |181 47 |184 116 170 81 |130 102 142 10 118 115 48 |122 135 26 113 |1 173 |90 179 65 16 |43 |159 74 114 71 21 66 73 17 157 |46 147 |45 5 152 169 148 4 |189 112 180 109 27 30 |196 172 |146 40 89 183 13 |158 149 |139 62 125 72 34 61 69 20 |87 186 39 |58 99 |15 108 49 44 |137 85 6 76 |
15198.4 257617
9 80 97 105 28 134 141 25 |186 71 55 88 8 36 133 38 |52 192 191 11 140 37 117 50 124 59 |70 12 150 200 98 188 198 54 68 86 |197 127 107 161 92 51 53 193 175 |160 24 129 131 167 162 126 29 14 |7 156 195 75 100 42 60 153 119 174 106 199 35 |104 123 82 18 111 67 91 145 128 151 41 |95 177 144 32 138 185 171 78 94 187 |57 22 176 163 182 64 93 166 165 3 190 31 ||142 184 108 27 |99 13 23 44 132 164 40 |116 101 159 84 85 79 |34 110 73 62 194 169 39 |154 19 183 155 56 181 137 |5 17 |81 136 77 196 10 83 6 |1 139 87 168 46 20 130 102 |147 |173 33 178 180 179 |89 16 149 66 76 61 |113 115 172 158 120 109 |148 43 157 125 72 65 74 |121 146 103 69 |189 152 143 58 |15 2 4 45 |48 122 21 170 47 |30 26 |135 118 |96 114 112 90 |49 |63 
15401.3 236760
161 131 167 19 29 126 162 8 53 76 |155 107 160 127 197 9 97 134 103 |177 18 82 104 12 150 98 91 128 151 187 |191 70 52 188 198 54 68 |144 185 95 111 67 123 200 145 41 |7 156 195 75 22 163 182 64 42 60 153 119 174 106 199 35 |129 24 55 92 51 88 80 36 133 38 193 175 |14 28 105 117 141 59 |192 11 37 140 50 124 86 |57 176 100 93 166 165 3 32 138 171 78 94 31 190 ||132 194 56 120 |154 |181 47 |184 116 170 81 |130 102 142 10 118 115 48 |122 135 26 113 |1 173 |90 179 65 16 |43 |159 74 114 71 21 66 73 17 157 |46 147 |45 5 152 169 148 4 |189 112 180 109 27 30 |196 172 |146 40 89 183 13 |25 84 158 149 |139 62 125 72 34 61 69 20 |87 186 39 |58 99 |15 108 49 44 |137 85 6 77 |121 136 79 23 101 83 |110 164 143 168 |33 |96 2 63 178 
15556.2 231482
92 107 127 160 88 8 36 133 38 76 |11 140 117 141 50 86 68 |37 54 198 188 150 200 98 91 145 128 151 41 |55 161 51 162 126 174 106 14 |176 75 177 185 95 111 67 78 171 94 31 190 |197 9 105 134 28 97 80 |18 82 123 104 12 70 52 192 191 124 59 |57 7 156 195 144 93 166 165 153 119 199 35 |60 24 129 131 167 29 53 193 175 |22 163 182 64 42 100 32 3 138 187 ||6 |183 |89 |189 66 |139 164 157 |181 120 |46 172 114 |103 168 194 125 17 72 |73 40 122 96 158 99 |87 110 170 30 |113 56 65 146 21 |148 169 4 39 33 184 83 74 |34 135 27 77 84 |121 63 2 |186 155 |178 137 108 19 142 23 |25 147 62 90 1 132 43 |71 180 81 149 136 196 101 |143 45 5 20 61 58 |152 130 |179 79 69 44 118 116 109 |112 49 10 102 13 |15 47 16 159 26 173 154 |48 85 115 |
16467.1 224699
9 80 97 105 28 134 141 25 |77 84 55 88 8 36 133 38 |52 192 191 11 140 37 117 50 124 59 |70 12 150 200 98 188 198 54 68 86 |197 127 107 161 92 51 53 193 175 |160 24 129 131 167 162 126 29 14 |7 156 195 75 100 42 60 153 119 174 106 199 35 |104 123 82 18 111 67 91 145 128 151 41 |95 177 144 32 138 185 171 78 94 187 |57 22 176 163 182 64 93 166 165 3 190 31 ||152 186 |189 |66 181 109 99 6 |23 132 164 147 |135 146 |139 85 44 157 |40 34 110 142 76 |87 15 96 173 27 |62 194 169 39 83 19 |115 148 155 |56 168 |61 13 20 103 |143 |179 |108 116 101 172 154 |1 |71 2 46 |184 183 26 |81 136 196 10 |130 |102 |33 178 |89 |149 |113 |158 120 |43 |125 58 65 74 69 121 |170 48 159 |90 72 |4 |47 |30 |21 73 79 |122 |16 |5 |45 |118 |63 |17 |114 112 137 |49 |180 
17148.6 201792
9 80 97 105 28 134 141 25 |77 84 55 88 8 36 133 38 |52 192 191 11 140 37 117 50 124 59 |70 12 150 200 98 188 198 54 68 86 |197 127 107 161 92 51 53 193 175 |160 24 129 131 167 162 126 29 14 |7 156 195 75 100 42 60 153 119 174 106 199 35 |104 123 82 18 111 67 91 145 128 151 41 |95 177 144 32 138 185 171 78 94 187 |57 22 176 163 182 64 93 166 165 3 190 31 ||152 186 |47 |189 89 |110 66 120 181 109 6 |23 121 |147 135 146 |1 125 |62 139 194 44 |157 142 |4 76 39 |83 |96 |148 164 |56 178 65 |74 |115 |27 |169 61 113 143 |168 |155 |19 184 183 13 20 103 |34 63 2 16 |71 |81 21 |17 |136 49 118 |10 |46 |130 |172 45 122 170 114 |30 79 |173 |85 26 15 40 73 |5 |87 116 |48 149 69 |58 |72 |99 43 132 |101 |108 159 |196 158 154 |33 |137 180 112 90 |179 |102 
19461.8 190964

Time:10
Last Iter:10
Last Update:10
Tabu:0
Last Time10
19
31 171 111 1 146 100 166 77 129 55 126 8 160 80 37 11 |51 101 108 102 121 186 50 187 174 42 93 156 200 188 104 |57 195 122 65 138 41 194 192 82 |168 105 28 25 59 139 123 18 106 14 193 92 161 107 131 |87 134 4 133 13 119 153 180 190 128 150 52 88 |199 136 135 67 98 68 169 38 175 29 53 127 197 24 |182 163 22 63 21 32 95 99 61 36 117 140 191 |79 23 86 148 97 155 167 116 114 48 144 75 64 137 54 198 70 12 |118 84 196 120 3 40 176 66 91 145 151 35 124 141 9 |16 177 185 78 94 43 179 159 165 71 173 7 178 60 158 30 85 113 162 83 39 ||69 103 164 17 19 |147 142 183 20 |34 112 125 47 96 26 74 |157 132 81 110 10 |45 152 130 6 170 154 181 |62 89 72 149 189 90 |56 |109 27 115 15 2 76 |33 184 172 46 5 44 143 58 |73 49 |
9069.55 767040
86 61 54 198 188 82 67 92 160 |129 108 196 162 29 159 114 165 185 52 169 37 11 9 88 |119 106 13 130 197 8 55 84 113 22 195 100 111 151 134 |156 93 174 14 175 167 59 117 78 |137 120 166 32 190 136 35 187 1 104 95 50 141 80 97 53 |38 101 83 107 161 127 33 28 150 12 17 110 41 42 64 182 163 75 57 |24 183 102 133 170 199 3 48 122 96 176 164 70 124 105 |30 116 118 49 140 90 94 138 65 144 149 200 123 60 |43 171 128 145 91 98 18 139 192 191 39 10 126 6 153 |36 193 51 131 19 154 181 31 23 69 20 103 5 68 177 7 ||62 194 143 142 115 76 |73 121 172 45 168 |135 26 112 |2 40 66 189 89 157 79 |27 184 155 4 46 87 |132 147 |178 180 179 146 63 |44 125 72 186 |152 58 21 47 |15 158 71 74 34 |148 25 109 77 56 16 81 |99 85 173 |
9219.81 762885
167 196 92 160 133 38 59 5 94 78 95 144 32 165 |44 192 54 128 157 123 185 138 42 57 |43 31 171 111 177 151 164 68 124 12 119 153 193 162 127 |156 75 71 100 15 34 191 140 97 197 88 51 8 29 24 |39 25 69 147 37 36 76 135 64 182 72 18 104 98 70 |65 3 199 158 176 126 55 105 86 52 188 |200 89 189 112 21 195 7 137 181 174 14 35 134 117 9 |82 150 194 66 180 93 173 26 131 116 118 187 11 |175 61 20 80 183 83 161 155 129 106 179 136 166 163 67 91 198 |53 13 190 41 145 90 110 63 47 22 56 27 60 107 28 141 50 ||16 81 74 154 120 122 |103 87 6 115 |125 |40 2 96 84 |172 49 130 139 58 |10 85 184 152 |149 178 114 109 77 108 101 99 |142 121 4 186 45 46 168 79 |159 |132 143 169 148 23 170 19 30 |102 33 113 48 146 73 |1 62 17 |
9248.45 742658
132 58 18 138 30 115 126 161 107 197 80 |11 140 147 117 45 52 187 29 |108 85 116 106 60 100 176 57 171 31 59 86 50 141 160 |190 136 199 74 32 146 16 22 41 151 133 53 |193 76 175 36 102 33 127 184 83 8 118 84 119 144 91 98 |166 135 181 174 43 40 177 149 75 96 162 92 38 198 188 150 12 104 |68 145 95 47 48 3 153 158 163 19 35 55 9 124 37 |122 26 167 196 129 130 4 39 186 191 54 111 185 195 |168 97 69 128 67 200 125 165 93 64 182 15 63 51 |78 94 90 192 70 123 82 34 156 7 42 14 6 131 24 88 28 134 105 ||73 81 21 65 109 120 137 |25 20 169 5 61 17 |154 170 77 113 2 |27 180 99 79 1 139 62 |189 56 183 |152 |172 148 44 143 157 179 159 |66 72 13 10 121 |103 87 |101 49 23 89 112 110 |114 178 71 173 164 194 |46 142 155 |
9312.21 711570
123 200 18 73 98 198 31 138 32 176 22 106 92 161 127 |196 83 142 9 97 68 60 |17 112 12 192 191 140 37 160 175 14 199 190 111 144 75 64 42 |28 5 157 82 47 93 174 129 |99 43 3 165 137 195 16 34 110 70 11 80 36 133 38 8 88 51 |156 177 95 94 128 164 125 61 76 35 179 182 163 107 |91 145 151 58 52 44 50 141 20 186 183 126 131 |162 118 24 114 166 185 171 41 23 187 136 189 188 124 7 57 |104 67 78 100 153 30 115 85 167 55 116 193 134 105 117 |1 54 62 150 89 86 59 79 29 170 119 120 48 53 197 ||21 173 135 158 181 74 159 81 |130 33 155 101 108 27 56 178 |103 46 87 15 |154 96 146 149 66 132 139 |169 184 10 194 |148 69 13 19 84 |45 40 63 2 122 |102 49 172 39 113 |121 4 25 147 90 72 |6 26 71 180 65 109 77 |143 168 152 |
9666.3 696272
159 72 82 87 125 169 115 190 199 85 167 29 14 |168 197 191 52 70 104 123 18 188 128 |189 106 194 98 53 83 38 73 171 185 195 75 |39 36 107 124 187 198 200 95 177 7 57 163 42 60 |164 34 78 138 119 135 182 156 129 88 9 97 80 28 105 59 86 |93 71 15 2 21 111 145 12 37 141 127 160 92 161 55 162 131 24 |192 143 132 139 90 151 41 43 136 174 153 100 122 176 32 133 |54 58 91 66 81 40 146 47 22 120 165 35 61 50 117 45 126 |65 3 166 154 27 30 196 8 193 79 68 89 67 11 140 134 |109 181 77 64 144 31 94 1 62 150 147 49 33 51 175 ||180 149 157 76 |186 121 4 101 114 48 |63 19 113 44 |5 |110 17 16 173 96 158 74 179 23 |10 148 25 20 112 |178 137 118 |26 69 130 |13 |116 6 |99 183 |46 103 152 108 155 |102 142 |170 172 56 |84 184 |
10409.3 694907
131 7 100 52 68 |70 139 98 132 41 72 21 175 38 133 88 107 36 |200 12 151 23 14 106 166 53 193 55 50 11 37 117 |89 104 90 44 69 28 126 167 174 60 93 163 199 |197 8 129 35 190 185 95 |49 160 184 92 162 42 54 91 146 144 3 122 182 67 94 128 86 59 80 172 10 |189 125 164 194 5 97 127 155 83 24 119 153 75 187 |191 192 150 66 111 177 176 22 109 116 124 |140 168 141 134 51 101 29 99 85 137 64 57 32 171 78 188 123 82 18 |17 105 112 34 145 198 62 143 169 186 9 142 33 161 165 138 31 195 156 ||170 179 135 63 2 73 1 |173 178 56 26 77 181 159 180 |148 183 84 27 120 15 |25 110 |149 71 19 30 4 20 |87 46 61 108 113 |136 154 74 158 115 130 121 39 103 |81 40 13 102 65 |79 43 114 48 16 47 96 6 76 |157 58 147 45 152 |196 118 |
11862.3 682364
130 73 23 46 12 200 189 66 67 78 171 185 31 190 136 |110 18 82 123 89 150 188 198 52 192 191 124 86 |64 118 92 88 127 197 36 133 38 |94 55 160 9 172 97 80 59 |24 161 107 8 174 60 42 166 3 165 153 119 114 199 159 35 |70 11 37 117 103 141 134 28 193 175 13 |158 122 182 163 22 57 176 75 7 195 156 63 32 138 187 |140 50 105 51 10 162 126 53 29 |104 72 111 95 177 144 48 100 93 178 106 14 |129 131 167 68 54 98 91 145 128 151 41 125 139 143 152 ||5 |146 27 109 |4 49 33 |65 149 |81 56 |6 71 180 |168 |196 83 |17 112 |157 |43 16 |164 76 179 |58 44 20 186 62 194 69 |155 108 19 170 79 |84 116 154 181 96 2 |21 137 135 26 169 |115 30 85 113 101 183 184 121 |87 99 74 |173 40 34 120 |77 15 47 61 148 25 |102 142 39 45 147 |132 1 90 
12642.3 317874
96 2 77 174 19 170 29 14 99 |191 150 91 188 70 52 139 192 143 68 132 |22 163 176 182 64 71 100 93 166 165 3 180 199 35 |7 146 40 177 95 111 67 185 171 78 94 |127 160 131 167 42 120 181 60 153 119 114 106 |110 18 82 104 12 123 200 98 198 54 90 145 128 151 41 |117 105 28 197 9 97 80 121 36 133 76 193 13 |4 134 168 11 37 140 50 141 124 86 59 |129 113 24 55 92 161 107 184 88 51 162 126 8 53 38 175 |57 75 195 156 16 144 32 138 190 31 187 ||23 |47 137 84 |48 72 |115 65 |118 |34 74 |179 157 189 58 89 66 149 |103 152 142 155 26 |79 136 154 81 135 178 173 |15 158 |69 44 62 |17 112 122 21 |194 |172 130 33 10 101 116 159 169 |20 5 45 147 |43 |196 |85 |27 56 6 83 183 102 39 61 |1 87 25 186 |63 164 49 |46 108 |30 109 148 125 73 
14231.4 233737
52 192 191 11 37 140 50 141 134 124 59 86 |117 105 28 80 97 9 197 127 160 88 29 14 |18 72 200 98 188 198 54 68 187 |135 167 131 118 161 92 51 8 36 133 38 |180 57 22 163 15 42 60 153 119 199 |67 111 95 177 93 174 106 35 |100 144 32 185 171 78 94 190 31 |156 7 195 75 176 182 64 166 165 3 138 |70 12 104 82 123 150 91 145 128 151 41 |129 24 55 107 162 126 53 193 175 ||58 89 137 |114 120 10 108 |56 77 113 |173 63 21 27 79 |2 122 66 90 |132 157 71 96 109 115 83 76 |99 159 74 16 26 85 101 |186 103 87 194 81 178 |39 169 147 62 179 170 6 |183 158 47 181 |139 5 152 4 |19 23 61 20 25 45 43 |48 146 34 110 112 17 125 |121 |149 189 73 13 130 102 |142 69 136 164 154 |40 30 172 |1 |65 116 184 155 49 |148 46 168 44 143 |196 84 33 |
14883.6 228482
162 126 57 182 42 60 119 |24 22 163 64 153 174 106 |176 75 7 156 195 144 32 138 199 35 |95 177 100 93 166 165 3 190 31 187 |18 91 67 111 185 171 78 94 |12 104 82 123 200 150 188 98 198 145 128 151 41 |105 141 117 11 140 50 124 86 59 |37 191 70 52 192 68 54 |51 134 28 197 9 97 80 36 133 38 193 175 |129 167 131 55 92 161 107 127 160 88 8 53 29 14 ||34 58 |87 |72 101 |56 |63 21 27 |17 19 84 |79 |135 71 96 |77 30 115 118 102 13 61 |114 109 10 155 4 121 20 5 25 |49 33 196 76 170 181 43 136 |108 113 116 99 120 16 |142 46 194 189 179 |146 149 168 152 |157 69 83 122 48 |132 143 169 39 |112 90 1 164 44 147 45 148 |15 6 125 65 |89 85 |130 |26 73 139 40 180 74 |23 103 110 154 |137 178 47 66 173 158 |62 183 172 |159 2 |184 |186 |81 |
16480.1 222802
42 174 167 131 55 92 88 8 53 |32 107 160 127 193 175 |129 24 161 51 162 126 29 14 35 187 |7 163 176 182 64 100 93 3 165 166 153 60 119 199 106 |22 57 75 195 156 144 177 185 78 171 138 190 31 |70 52 150 12 104 82 123 200 98 145 128 151 94 |18 95 111 67 91 188 198 54 68 41 |11 50 124 141 134 28 80 |197 9 97 36 133 38 |105 117 37 140 191 192 86 59 ||159 |130 |87 |72 101 |56 |63 21 27 |17 |84 |34 |49 19 |65 149 |173 |183 172 10 4 |79 |135 71 96 |77 30 115 118 102 13 61 |114 109 |155 |121 20 5 25 |33 196 76 170 181 43 136 |108 113 116 99 120 16 |142 46 194 189 179 |146 |168 152 |157 69 83 122 48 |132 143 169 39 |112 90 1 164 44 147 45 148 |15 6 125 |89 85 |154 66 73 |103 |2 |178 47 40 74 58 |184 139 |26 |186 |180 23 |158 137 |110 62 81 |
17029.6 209595
176 75 7 156 195 144 32 138 199 35 |95 177 100 93 166 165 3 190 31 187 |18 91 67 111 185 171 78 94 |12 104 82 123 200 150 188 98 198 145 128 151 41 |105 141 117 11 140 50 124 86 59 |37 191 70 52 192 68 54 |134 28 197 9 97 80 36 133 38 |107 127 160 88 8 53 29 14 |167 131 129 24 55 161 92 51 162 126 193 175 |57 22 163 182 64 42 60 153 119 174 106 ||27 |87 |130 |102 101 135 |73 89 139 61 |194 143 |189 34 |184 155 19 |146 65 |173 17 |172 109 10 196 4 121 |49 33 |76 170 181 43 136 |108 113 116 99 120 16 180 |142 46 40 179 |77 149 20 25 |5 183 85 26 |168 152 |157 69 83 122 48 |132 79 169 39 |112 90 164 |44 147 |45 148 |125 |58 |103 74 |23 110 21 |178 47 15 137 154 66 |62 |56 6 |159 72 |114 96 84 118 |63 |186 1 158 115 |71 |13 81 30 |2 |
17663.2 195216
176 75 7 156 195 144 32 138 199 35 |95 177 100 93 166 165 3 190 31 187 |18 91 67 111 185 171 78 94 |12 104 82 123 200 150 188 98 198 145 128 151 41 |105 141 117 11 140 50 124 86 59 |37 191 70 52 192 68 54 |134 28 197 9 97 80 36 133 38 |107 127 160 88 8 53 29 14 |167 131 129 24 55 161 92 51 162 126 193 175 |57 22 163 182 64 42 60 153 119 174 106 ||1 |58 87 139 |130 |101 |73 89 27 61 |194 |189 34 |184 |19 158 146 65 71 |72 17 |10 172 69 |4 121 120 49 76 |108 77 116 99 33 |16 180 181 109 136 196 170 |142 46 40 179 |149 20 25 |173 183 85 26 |168 152 |155 |157 |83 122 48 |132 79 169 39 |112 90 164 |147 44 45 148 |143 |125 |43 |103 74 |23 110 21 |154 47 15 137 178 66 |62 5 |102 6 135 159 |56 114 |84 118 |96 |186 |63 115 113 |13 81 30 |2 |
19504.2 194451
176 75 7 156 195 144 32 138 199 35 |95 177 100 93 166 165 3 190 31 187 |18 91 67 111 185 171 78 94 |12 104 82 123 200 150 188 98 198 145 128 151 41 |105 141 117 11 140 50 124 86 59 |37 191 70 52 192 68 54 |134 28 197 9 97 80 36 133 38 |107 127 160 88 8 53 29 14 |167 131 129 24 55 161 92 51 162 126 193 175 |57 22 163 182 64 42 60 153 119 174 106 ||27 |58 87 |130 |101 |125 73 89 152 |40 139 |143 146 |46 34 |49 19 |65 149 |173 |183 172 10 4 121 |33 |76 |170 181 |135 71 96 |77 30 115 118 102 103 61 |114 109 179 17 |116 |194 20 |5 85 |26 |168 |136 |142 |155 |16 74 |157 69 83 122 48 |132 79 169 39 |112 90 1 164 44 147 45 148 |186 |21 |23 |159 |66 178 13 |196 47 15 137 154 |56 6 72 110 189 62 |25 |113 84 |63 |43 184 158 180 |108 |120 81 99 |2 |
19950.7 193094
176 75 7 156 195 144 32 138 199 35 |95 177 100 93 166 165 3 190 31 187 |18 91 67 111 185 171 78 94 |12 104 82 123 200 150 188 98 198 145 128 151 41 |105 141 117 11 140 50 124 86 59 |37 191 70 52 192 68 54 |134 28 197 9 97 80 36 133 38 |107 127 160 88 8 53 29 14 |167 131 129 24 55 161 92 51 162 126 193 175 |57 22 163 182 64 42 60 153 119 174 106 ||27 |87 45 |76 |130 |135 102 |73 89 139 61 |143 |189 34 |158 149 |146 65 180 19 173 |17 |109 155 10 196 4 132 |1 |26 164 125 183 |170 184 113 179 99 |2 25 49 33 |39 152 77 |168 90 5 157 |83 |112 |20 136 |44 |120 |108 |96 |115 |85 169 |79 74 |16 |121 |116 |122 181 101 |194 |147 |148 |172 |103 |69 58 |71 48 84 |46 |63 142 118 |23 21 |110 72 137 15 154 178 |66 62 |159 47 114 |56 43 186 6 |81 13 |30 |40 |
21608.8 191045
176 75 7 156 195 144 32 138 199 35 |95 177 100 93 166 165 3 190 31 187 |18 91 67 111 185 171 78 94 |12 104 82 123 200 150 188 98 198 145 128 151 41 |105 141 117 11 140 50 124 86 59 |37 191 70 52 192 68 54 |134 28 197 9 97 80 36 133 38 |107 127 160 88 8 53 29 14 |167 131 129 24 55 161 92 51 162 126 193 175 |57 22 163 182 64 42 60 153 119 174 106 ||1 |87 |90 146 |183 130 |164 |135 |73 125 139 |152 |27 |109 49 |77 4 65 173 |58 17 |172 83 19 180 |33 10 76 113 158 |116 108 99 46 |189 179 |169 5 61 |170 149 168 25 |194 2 |85 |136 |155 |79 74 |16 121 102 |157 69 |101 181 122 |132 |147 89 |45 148 120 |44 143 20 |13 |43 71 48 |196 |142 21 26 |39 34 23 |110 |47 137 15 154 178 |66 62 |72 159 |114 |6 84 63 |56 96 186 |184 115 118 |81 103 |112 30 |40 |
21760.9 189591
176 75 7 156 195 144 32 138 199 35 |95 177 100 93 166 165 3 190 31 187 |18 91 67 111 185 171 78 94 |12 104 82 123 200 150 188 98 198 145 128 151 41 |105 141 117 11 140 50 124 86 59 |37 191 70 52 192 68 54 |134 28 197 9 97 80 36 133 38 |107 127 160 88 8 53 29 14 |167 131 129 24 55 161 92 51 162 126 193 175 |57 22 163 182 64 42 60 153 119 174 106 ||1 87 |90 |76 183 130 |164 |135 |73 125 139 152 |27 |146 109 49 33 |4 158 173 |77 65 58 17 |172 83 |180 |19 |10 113 23 |116 108 |46 99 25 179 |169 5 61 |39 149 |168 |2 |85 20 |186 |170 |136 |155 |79 74 |16 121 102 |157 30 |101 181 122 |132 |103 |89 |114 45 148 120 |44 143 194 |13 |43 71 48 |147 196 |142 21 26 |34 69 |110 |47 137 15 154 178 |66 62 |72 159 |189 |84 6 |56 96 |184 115 118 |81 63 |112 |40 |
22499.5 182867
176 75 7 156 195 144 32 138 199 35 |95 177 100 93 166 165 3 190 31 187 |18 91 67 111 185 171 78 94 |12 104 82 123 200 150 188 98 198 145 128 151 41 |105 141 117 11 140 50 124 86 59 |37 191 70 52 192 68 54 |134 28 197 9 97 80 36 133 38 |107 127 160 88 8 53 29 14 |167 131 129 24 55 161 92 51 162 126 193 175 |57 22 163 182 64 42 60 153 119 174 106 ||21 |58 87 45 |102 101 76 130 |168 135 164 |73 61 |139 143 |184 |146 27 155 |172 33 |65 149 |109 |83 19 4 121 49 23 |181 110 125 99 |108 89 |196 |113 20 169 189 69 |116 |142 120 |66 194 46 |77 |5 183 |180 |152 |136 173 |79 147 |148 |15 |17 |47 |157 132 90 1 |44 |25 159 |13 10 |103 43 |26 |118 |85 |34 |186 40 39 |63 122 170 |178 137 179 74 154 |62 |6 72 16 |96 84 114 |158 |115 |48 71 |81 56 30 |2 112 |
26889.3 182307

Time:10
Last Iter:10
Last Update:10
Tabu:0
Last Time10
16
163 75 156 165 153 131 8 197 80 |193 29 6 99 183 92 55 33 117 37 68 145 41 95 177 57 |100 93 3 180 106 14 158 129 162 161 98 200 150 12 52 |11 87 140 134 28 198 151 185 195 7 176 60 174 |125 89 123 70 194 157 128 171 138 119 96 167 133 97 |105 186 168 59 38 83 155 85 42 137 182 22 32 |148 50 191 104 82 72 144 47 173 2 53 107 127 |48 166 146 111 67 189 132 86 124 141 61 187 126 88 |190 31 94 81 16 21 64 135 199 179 170 30 113 24 84 160 49 36 175 54 91 |44 192 188 110 18 17 78 40 15 27 159 35 23 9 51 ||120 26 116 13 102 108 |46 121 79 136 115 10 |103 152 |154 181 178 65 73 34 1 58 139 |142 172 4 114 118 76 |5 45 |164 90 143 69 20 130 |149 112 66 62 19 |71 |74 77 184 169 25 43 |109 56 122 63 101 196 |39 147 |
8780.48 713882
106 6 108 51 197 97 145 95 42 22 |122 100 32 156 167 53 107 9 59 50 11 68 |93 153 60 181 85 92 160 127 28 188 |182 75 195 190 98 123 18 70 191 140 124 80 |192 132 54 151 67 111 82 7 119 86 134 |200 150 78 171 31 187 99 170 193 10 55 155 24 56 158 166 |37 172 130 162 126 29 14 154 165 27 96 185 |34 90 198 52 12 144 48 176 120 174 35 131 129 161 88 141 |72 89 157 94 81 177 47 57 64 137 3 109 175 38 8 117 |133 36 184 115 30 199 179 138 163 41 128 91 58 164 104 105 ||23 62 73 16 63 65 26 13 |61 148 103 121 83 113 77 19 |116 118 39 20 45 5 147 |146 21 17 194 76 |4 186 136 1 189 |149 112 169 |87 44 69 25 142 43 |125 46 74 180 40 |135 178 173 |159 114 71 15 2 66 110 |143 139 183 196 101 84 |79 49 102 33 152 168 |
9322.93 676113
163 75 156 165 153 131 8 197 9 80 |193 29 6 152 69 92 55 33 117 37 68 54 145 41 78 95 |24 57 177 199 |100 93 3 180 106 14 164 129 162 161 188 98 91 200 150 12 52 192 |11 87 140 134 28 198 151 185 195 7 176 60 174 |18 125 89 123 70 194 157 128 171 138 119 136 167 133 97 |105 1 130 59 38 83 155 85 42 137 182 22 32 |148 50 191 104 82 72 144 62 114 2 53 51 107 160 127 36 |154 166 146 111 67 189 132 86 124 141 61 187 126 88 175 |190 31 94 143 16 4 64 35 ||179 115 30 113 76 142 |44 65 17 40 |120 26 116 13 90 79 23 |20 58 15 96 27 |108 10 |99 170 159 135 21 149 66 73 110 |25 5 121 183 102 49 196 |173 184 |45 103 186 84 158 178 |139 46 168 81 48 |122 47 |19 112 71 |74 77 118 169 43 |109 56 181 63 101 |39 147 172 |34 |
11175.8 620395
149 16 195 75 182 64 173 100 93 70 141 3 124 138 |91 82 112 18 177 95 111 175 66 78 171 185 190 31 167 |41 9 8 51 10 131 |60 170 14 99 166 55 161 92 107 165 35 127 33 197 102 130 38 |200 140 37 11 87 191 144 192 52 32 188 198 90 145 128 88 94 187 |134 160 50 67 59 150 12 104 123 163 125 98 164 194 68 |54 86 46 105 186 28 97 80 121 36 133 53 193 7 |156 151 129 24 108 162 126 29 13 |117 57 176 157 26 158 42 |22 153 119 174 106 199 ||184 115 30 109 116 |72 |85 89 17 |196 |19 |135 62 |56 15 |40 |180 136 148 21 |143 96 120 |25 |110 189 |122 77 |183 103 169 168 74 |48 |6 39 132 |155 83 61 |63 2 |27 23 47 |113 84 49 |43 81 |154 181 178 65 73 34 1 58 139 |142 172 4 114 118 76 |146 5 45 152 |20 69 79 71 159 179 |147 44 101 |137 
12624.8 576527
149 16 195 75 182 64 173 100 93 166 165 3 180 138 |91 82 112 18 177 95 111 67 66 78 171 185 190 31 43 |41 9 8 51 10 131 167 19 170 14 99 |55 161 92 107 88 160 127 33 197 102 130 38 |117 140 37 11 87 191 143 192 52 70 188 198 90 145 128 151 94 187 |134 141 50 124 59 150 12 104 123 200 125 98 164 194 68 |54 86 46 105 186 28 97 80 121 36 133 53 193 175 |144 32 129 24 108 162 126 29 13 |156 57 176 163 26 158 42 60 153 119 199 |7 22 115 30 109 174 106 35 ||72 |89 17 |135 62 |56 48 |40 |79 136 81 21 47 96 120 |148 |25 |110 189 |122 77 |183 103 169 168 |74 196 85 |116 6 39 132 |155 83 61 |63 2 15 |152 27 23 |113 84 49 |154 181 178 65 73 34 1 58 139 |142 172 4 114 118 76 |5 45 |20 69 146 71 159 179 157 |147 44 101 184 137 
12633.1 260077
171 78 67 111 177 185 60 119 |12 188 192 50 124 86 59 |141 18 123 200 91 128 151 41 |196 129 24 55 183 160 127 197 9 39 97 80 36 133 38 |95 156 195 163 22 57 7 75 176 182 64 100 93 3 138 190 31 |134 105 11 70 52 98 54 |28 117 37 140 191 150 198 94 187 |166 158 131 162 51 92 161 107 88 8 53 193 175 14 |42 153 165 144 32 104 145 68 |82 167 126 29 174 106 199 35 ||122 |154 170 |58 |180 74 116 115 |109 181 48 |157 |113 |101 |56 30 |2 135 |114 34 143 |81 149 110 25 168 |5 20 152 112 |71 43 148 169 103 |90 62 72 63 137 26 27 6 |179 132 194 45 |108 89 |77 |44 125 136 10 184 83 |1 164 46 87 139 |40 16 21 |73 79 76 99 159 23 69 |186 130 66 189 13 |96 65 102 4 155 |33 118 61 147 |19 85 49 |146 |47 173 17 |15 120 121 |84 178 142 172 
15237.8 254778
177 156 75 195 144 32 93 166 165 3 138 190 |9 97 134 28 105 140 50 124 86 |7 57 22 163 176 182 64 122 42 60 153 119 199 35 187 |161 92 55 24 129 167 126 |131 151 128 91 200 67 78 171 94 31 |54 68 127 160 88 107 51 162 29 |41 198 188 70 52 192 191 11 37 117 141 59 |197 74 174 106 8 53 |145 100 80 36 133 38 193 175 |98 150 12 104 123 82 18 95 111 185 14 ||87 |125 89 194 157 136 |1 130 83 155 85 |148 72 62 114 |154 146 189 132 61 |2 137 |33 147 |169 186 |47 173 |48 |81 16 21 135 179 170 30 |44 110 17 40 15 |120 26 116 13 102 108 159 |46 121 79 115 10 |103 152 27 23 |113 84 49 |181 178 65 73 34 58 139 |142 172 4 |118 76 |5 45 |164 90 143 69 20 |149 112 66 |19 |71 |56 77 184 196 183 39 |180 |43 99 |101 168 109 |158 63 6 25 |96 |
16251.4 232152
124 50 140 37 117 105 134 28 97 80 |195 75 176 182 64 42 60 153 119 174 106 |163 22 57 7 156 144 32 138 190 31 |11 191 70 68 54 91 145 128 151 41 |12 104 123 82 67 111 185 78 171 94 |18 200 150 98 198 188 52 192 86 59 |141 9 197 127 160 88 8 193 175 |167 131 107 161 92 162 126 29 14 |129 24 55 51 53 36 133 38 |95 177 100 93 166 3 165 199 35 187 ||49 77 |125 |85 |132 |170 147 |25 79 102 118 |2 178 74 149 90 157 |84 101 115 181 120 135 81 |155 10 6 159 66 194 |20 89 130 83 |99 158 113 179 43 122 |45 44 186 152 136 |47 65 |189 112 17 |108 |137 30 183 76 4 1 |168 62 72 |173 96 15 |56 172 154 27 109 13 |34 48 180 110 |23 61 116 73 58 |121 69 16 63 19 |33 39 71 26 |146 87 46 |148 |21 40 |142 114 |103 5 |184 196 164 |169 |143 |139 |
16757.7 213366
124 50 140 37 117 105 134 28 97 80 |195 75 176 182 64 42 60 153 119 174 106 |163 22 57 7 156 144 32 138 190 31 |11 191 70 68 54 91 145 128 151 41 |12 104 123 82 67 111 185 78 171 94 |18 200 150 98 198 188 52 192 86 59 |141 9 197 127 160 88 8 193 175 |167 131 107 161 92 162 126 29 14 |129 24 55 51 53 36 133 38 |95 177 100 93 166 3 165 199 35 187 ||49 77 |125 |85 |132 |170 147 |25 79 102 118 |2 178 74 149 90 157 |84 101 115 181 120 135 81 |155 10 6 159 66 194 |20 130 83 122 47 65 136 |99 158 113 108 179 43 |45 44 186 152 |189 112 17 |137 30 183 76 4 1 |168 62 72 |173 96 15 |56 172 154 27 109 13 |34 48 180 110 |23 61 116 184 73 58 |121 69 16 63 19 |33 39 71 26 |146 87 46 148 |21 40 |142 |114 |89 103 5 |196 164 |169 |143 |139 |
16793.5 213194
124 50 140 37 117 105 134 28 97 80 |195 75 176 182 64 42 60 153 119 174 106 |163 22 57 7 156 144 32 138 190 31 |11 191 70 68 54 91 145 128 151 41 |12 104 123 82 67 111 185 78 171 94 |18 200 150 98 198 188 52 192 86 59 |141 9 197 127 160 88 8 193 175 |167 131 107 161 92 162 126 29 14 |129 24 55 51 53 36 133 38 |95 177 100 93 166 3 165 199 35 187 ||39 183 |87 |125 89 194 157 136 |1 130 83 155 85 |148 72 62 114 |154 146 189 132 61 |2 137 |33 147 |169 186 |47 173 |48 |81 16 21 |179 170 30 |44 110 17 40 15 |120 26 116 13 102 108 159 |46 121 79 115 10 |103 152 27 23 |113 84 49 |181 178 65 73 34 58 139 |142 172 4 |118 76 |5 45 |135 |164 90 143 69 20 |149 112 66 |19 |71 |158 122 109 77 180 56 |168 63 |43 101 74 |96 184 |99 |196 6 |25 |
17587 202038
124 50 140 37 117 105 134 28 97 80 |195 75 176 182 64 42 60 153 119 174 106 |163 22 57 7 156 144 32 138 190 31 |11 191 70 68 54 91 145 128 151 41 |12 104 123 82 67 111 185 78 171 94 |18 200 150 98 198 188 52 192 86 59 |141 9 197 127 160 88 8 193 175 |167 131 107 161 92 162 126 29 14 |129 24 55 51 53 36 133 38 |95 177 100 93 166 3 165 199 35 187 ||122 |85 |79 137 |74 |115 |90 147 169 186 20 69 |2 158 77 |149 179 170 30 130 |44 110 62 152 5 |101 40 |120 |116 |27 84 113 183 143 23 |89 125 139 159 76 49 172 |15 |108 196 |81 194 |181 180 65 73 112 109 |142 |10 72 |45 |157 99 136 |118 |16 164 189 |17 58 |33 102 87 |43 |47 |132 |34 71 |46 154 13 |48 1 19 |4 96 66 61 |26 121 39 56 |135 |146 |21 |114 |168 |103 83 173 |184 |155 |178 |63 148 6 |25 |
19814.5 199608
124 50 140 37 117 105 134 28 97 80 |195 75 176 182 64 42 60 153 119 174 106 |163 22 57 7 156 144 32 138 190 31 |11 191 70 68 54 91 145 128 151 41 |12 104 123 82 67 111 185 78 171 94 |18 200 150 98 198 188 52 192 86 59 |141 9 197 127 160 88 8 193 175 |167 131 107 161 92 162 126 29 14 |129 24 55 51 53 36 133 38 |95 177 100 93 166 3 165 199 35 187 ||120 |85 |63 |76 |74 |83 |90 |72 65 |69 62 |81 |17 170 101 77 136 |44 4 99 |71 149 40 47 |116 172 180 |27 139 179 183 |125 49 155 |143 |159 |10 |118 |109 |181 89 196 23 |66 73 122 |146 48 |15 2 13 43 |30 184 121 186 45 103 169 61 |102 87 152 |147 46 20 79 5 |164 110 58 194 25 148 |137 158 56 115 108 |168 |178 135 96 16 39 |130 |33 84 113 21 173 114 |6 |26 |34 189 157 132 1 |142 |154 112 |19 |
20483 198930
124 50 140 37 117 105 134 28 97 80 |195 75 176 182 64 42 60 153 119 174 106 |163 22 57 7 156 144 32 138 190 31 |11 191 70 68 54 91 145 128 151 41 |12 104 123 82 67 111 185 78 171 94 |18 200 150 98 198 188 52 192 86 59 |141 9 197 127 160 88 8 193 175 |167 131 107 161 92 162 126 29 14 |129 24 55 51 53 36 133 38 |95 177 100 93 166 3 165 199 35 187 ||122 |85 |170 137 |74 |115 |72 |90 |143 125 147 169 186 62 |69 20 158 173 65 81 |17 79 99 77 181 |40 136 2 |44 152 5 13 |101 30 183 |116 |172 23 84 113 179 |49 56 139 |159 |15 |102 |108 196 |154 71 46 |112 109 189 |142 130 4 120 |45 180 135 118 |89 |194 |164 |110 33 |157 |58 61 |47 |43 132 |21 149 |66 |27 |34 48 1 |184 |73 16 63 19 |26 |121 10 |96 39 |146 87 76 |114 |168 103 155 |83 |178 |148 6 |25 |
20754.4 197662
124 50 140 37 117 105 134 28 97 80 |195 75 176 182 64 42 60 153 119 174 106 |163 22 57 7 156 144 32 138 190 31 |11 191 70 68 54 91 145 128 151 41 |12 104 123 82 67 111 185 78 171 94 |18 200 150 98 198 188 52 192 86 59 |141 9 197 127 160 88 8 193 175 |167 131 107 161 92 162 126 29 14 |129 24 55 51 53 36 133 38 |95 177 100 93 166 3 165 199 35 187 ||45 122 |85 |170 137 |74 |115 |90 |143 125 147 169 186 65 |69 20 158 47 173 |17 79 99 77 181 136 |2 |44 62 152 5 |101 30 |164 116 |172 84 113 139 179 |49 56 |159 |15 183 |102 |108 196 |71 46 120 |189 81 194 130 |4 |180 118 89 |72 |157 40 73 |27 |16 |10 |110 58 |33 142 87 |43 |149 |132 |34 109 |154 13 |48 1 19 |112 96 66 61 |26 121 39 76 |135 |146 |21 |114 |168 |103 83 23 |184 |155 |178 |63 148 6 |25 |
20777.3 196760
124 50 140 37 117 105 134 28 97 80 |195 75 176 182 64 42 60 153 119 174 106 |163 22 57 7 156 144 32 138 190 31 |11 191 70 68 54 91 145 128 151 41 |12 104 123 82 67 111 185 78 171 94 |18 200 150 98 198 188 52 192 86 59 |141 9 197 127 160 88 8 193 175 |167 131 107 161 92 162 126 29 14 |129 24 55 51 53 36 133 38 |95 177 100 93 166 3 165 199 35 187 ||122 |23 |170 120 |143 125 115 |44 158 65 |172 13 69 |74 |77 173 40 |17 79 136 |152 25 20 5 46 85 |164 62 110 169 90 |149 30 113 84 183 |2 137 147 |139 116 |56 |99 |81 159 |15 179 |181 196 |71 189 |108 |142 |130 |118 |4 |135 |72 45 101 |89 194 |33 146 16 |157 |109 48 |102 58 114 |186 61 |47 132 |34 21 66 26 |43 |63 |27 |1 19 |121 10 |73 |96 148 |87 |76 |49 |180 |39 |168 103 |6 154 184 |83 178 112 |155 |
22085.1 189568
124 50 140 37 117 105 134 28 97 80 |195 75 176 182 64 42 60 153 119 174 106 |163 22 57 7 156 144 32 138 190 31 |11 191 70 68 54 91 145 128 151 41 |12 104 123 82 67 111 185 78 171 94 |18 200 150 98 198 188 52 192 86 59 |141 9 197 127 160 88 8 193 175 |167 131 107 161 92 162 126 29 14 |129 24 55 51 53 36 133 38 |95 177 100 93 166 3 165 199 35 187 ||122 |85 |137 |79 |74 |115 |147 30 125 90 |172 186 69 |62 |81 |17 170 46 |44 164 103 77 |110 5 169 149 |2 116 136 |84 |27 139 179 |49 159 |143 121 183 99 |15 |102 |108 181 |47 65 |158 120 |130 |89 |72 |142 101 |10 152 |45 |1 194 118 157 |146 109 |33 189 58 |113 |43 |87 114 |61 |132 |71 |21 13 34 |66 48 73 23 |16 96 |4 |63 19 |26 |56 |39 135 |196 76 |180 |154 |20 |168 |155 |40 173 |112 184 83 |178 |148 6 |25 |
24445.3 183264

Time:10
Last Iter:10
Last Update:10
Tabu:0
Last Time10
20
41 157 194 70 123 111 14 196 131 24 |52 151 171 18 156 75 35 193 8 162 92 107 134 105 |146 177 78 187 102 172 165 100 163 57 |188 125 200 82 66 192 28 97 93 182 22 195 |164 198 58 150 34 68 44 117 45 36 133 160 55 129 138 7 |175 38 4 80 25 124 140 197 142 161 109 144 176 98 |89 189 91 67 104 139 143 191 46 148 127 119 42 166 3 32 |135 153 137 30 113 126 29 183 121 141 5 147 59 145 12 95 185 |199 106 19 76 53 33 37 11 50 132 43 190 94 40 21 |88 51 118 108 167 174 154 179 31 81 128 1 54 86 69 9 60 64 ||110 2 65 158 115 |20 49 152 87 168 103 |26 112 |73 149 180 74 6 101 83 130 |84 155 39 61 159 |27 96 63 |62 23 136 99 114 181 120 122 |79 13 116 10 173 |169 |77 85 170 184 186 |48 16 47 72 90 17 |178 71 15 56 |
9022.54 746956
2 22 165 14 84 70 150 |80 197 88 53 119 57 151 98 188 52 200 18 104 |83 55 155 29 121 117 147 198 94 111 3 176 |9 107 24 137 153 93 16 171 35 192 82 |36 33 162 196 167 129 26 120 27 122 144 63 199 41 128 145 123 |184 160 113 56 158 42 60 154 32 146 78 12 50 |126 118 115 109 174 99 13 193 38 172 105 140 86 68 166 |141 59 187 136 185 177 95 67 66 91 112 7 163 64 133 127 |54 164 125 31 190 100 182 47 19 131 10 92 161 49 28 124 11 |58 89 191 37 134 39 97 102 183 8 51 175 106 159 138 195 75 156 ||79 179 65 180 21 149 34 |101 142 45 132 194 |40 173 74 81 |152 87 44 143 69 61 23 43 |25 186 46 168 73 |20 5 |71 170 30 4 148 |139 62 17 110 72 15 |169 103 |130 116 6 108 114 135 96 |157 1 90 189 48 178 181 77 |76 85 |
9041.08 721969
104 62 68 128 187 35 60 176 195 29 162 133 37 191 |57 47 146 32 100 42 92 107 160 80 70 91 123 171 |16 21 95 31 14 126 197 |144 48 165 122 64 185 78 54 188 139 50 141 134 9 127 88 38 |137 180 174 6 167 131 51 121 46 86 12 |43 3 182 27 109 196 108 102 117 140 59 145 200 ||111 66 73 82 143 124 11 36 175 8 155 84 115 199 |49 97 183 153 158 163 22 7 138 190 94 98 150 52 |77 129 55 170 154 114 65 71 75 156 18 198 41 28 |119 106 99 193 53 33 172 105 152 87 147 192 157 151 67 177 93 166 24 161 ||69 25 103 186 168 1 179 159 |173 10 118 184 13 23 |130 76 101 83 113 26 132 |44 90 112 40 2 74 |19 181 120 15 |189 58 34 63 |148 20 142 39 45 169 79 |164 89 110 149 81 178 56 |30 |4 61 136 135 96 85 |116 5 194 125 17 72 |
9378.06 699166
196 71 182 22 176 75 195 7 156 152 16 144 32 180 65 199 |93 153 119 141 117 105 28 134 20 |24 55 127 197 142 102 53 29 14 35 |100 177 185 95 111 78 39 97 80 4 133 |77 167 174 106 169 86 192 68 41 187 |188 150 12 104 17 82 123 89 67 66 91 145 54 128 151 94 |110 18 200 98 198 139 52 70 191 11 37 140 50 124 59 |171 5 30 131 161 155 107 92 51 162 126 6 |149 57 163 64 72 56 158 60 42 135 166 165 3 138 190 31 |129 8 183 88 160 9 49 36 38 193 175 ||125 146 178 |79 43 159 99 |48 85 118 |114 170 137 122 173 47 63 157 69 |109 10 62 87 |184 121 25 103 186 168 |1 96 |58 147 172 83 13 |76 116 26 120 130 101 74 |19 181 15 113 |44 90 112 40 2 |61 179 81 21 115 27 154 |45 148 23 194 73 |33 |46 108 143 132 |84 189 34 164 136 
11328.8 368204
150 91 70 52 192 191 86 59 |160 127 197 9 82 18 145 128 94 187 |107 95 111 185 78 151 41 |104 12 123 200 98 188 198 54 68 |53 167 75 57 7 156 195 32 3 165 199 |131 129 22 163 176 182 64 166 138 190 31 |117 11 37 140 50 124 141 134 28 97 80 36 133 38 193 175 |88 8 177 144 100 93 42 60 153 119 174 106 |4 135 85 24 55 161 92 51 162 126 184 29 14 35 |105 5 194 72 67 171 ||77 74 21 149 |58 79 61 132 48 |136 40 56 84 183 |148 46 89 112 |102 118 96 26 |114 170 137 122 173 47 63 81 66 73 90 |44 62 1 110 17 65 |27 120 158 |189 125 69 169 25 103 45 168 152 186 |146 16 139 180 6 |121 43 109 196 155 49 13 |143 115 154 71 99 179 159 |33 87 157 10 |23 147 172 76 |83 108 116 130 101 19 181 |15 113 2 |34 |20 142 39 |164 178 |30 |
14061.4 275880
11 50 124 141 105 28 134 97 80 36 133 38 35 |9 197 127 160 51 92 55 161 107 88 8 162 126 29 53 193 175 |24 129 22 163 182 42 119 174 106 14 |131 195 156 144 32 93 166 3 138 199 |167 117 37 140 191 192 68 86 59 |177 40 57 176 64 60 153 114 179 |183 16 47 7 2 75 100 165 159 |79 82 72 67 91 145 128 151 41 187 |18 95 111 185 171 78 94 31 190 |52 70 12 104 123 200 150 98 188 198 54 ||172 |194 |146 173 85 |43 26 101 |66 149 |108 83 155 6 77 137 |48 96 15 181 19 142 |112 125 62 44 169 168 4 |84 113 196 102 130 103 45 157 |154 120 135 180 23 90 34 110 |63 21 65 56 116 76 |25 20 5 46 152 147 17 |109 27 30 |178 122 74 115 118 |1 73 139 87 148 |189 89 |81 164 58 99 158 170 136 |184 121 61 49 69 132 143 |33 10 13 39 186 |71 |
14148.6 250682
42 153 119 167 55 161 92 51 162 126 29 175 |37 117 141 105 134 28 97 80 35 |111 95 177 185 171 78 94 151 41 |16 22 2 195 156 144 32 138 190 31 |60 108 24 129 131 170 174 106 14 |57 7 75 176 163 182 64 71 100 93 166 165 3 199 |67 82 150 98 188 198 54 68 |9 197 107 127 160 88 8 53 36 133 38 193 |12 104 18 123 200 91 145 128 187 |124 50 140 11 191 70 52 192 86 59 ||83 |76 135 |96 77 |26 27 137 178 113 120 158 154 |118 115 109 99 13 172 |136 66 112 146 |164 125 47 19 10 |58 89 39 102 183 159 |79 179 65 180 21 149 34 |101 142 45 132 194 |40 173 74 81 |49 |152 87 44 143 69 61 23 43 |25 186 46 168 73 |20 5 |181 |1 4 130 15 48 |196 63 |85 110 56 |30 |121 |33 184 84 17 |189 6 62 157 |148 122 116 155 |103 169 139 90 72 |114 147 |
14871.5 230024
11 50 124 78 95 111 67 128 41 |20 52 58 17 200 91 145 151 94 31 190 |104 18 188 198 68 86 59 |70 12 82 123 150 98 54 187 |171 177 156 195 100 3 165 93 166 42 60 119 199 |144 75 7 57 22 163 176 182 64 153 174 106 35 |191 140 37 117 141 134 28 97 9 29 14 |185 32 138 167 131 107 162 126 193 175 |192 129 24 55 161 92 51 8 53 |105 80 197 127 160 88 36 133 38 ||23 132 |135 179 |110 73 81 |103 157 89 71 |83 19 114 56 |168 194 |21 16 159 |146 154 99 |27 26 137 96 |72 149 122 178 79 61 |40 47 66 34 101 13 |170 158 85 108 10 183 116 |172 152 25 1 |33 186 147 |184 196 43 |15 181 |121 |139 125 148 5 4 |30 115 76 69 45 |169 87 142 |2 |118 84 120 48 173 65 |6 77 44 |155 |109 136 |180 102 49 |39 63 74 |130 189 |112 |164 62 90 |113 46 143 
15336.5 217568
7 22 163 176 182 64 42 60 153 119 199 |57 75 195 156 144 100 93 166 165 3 35 |126 174 106 185 177 32 138 190 187 |127 88 51 8 53 193 38 175 |129 24 55 107 161 92 162 29 14 |167 131 160 197 9 97 80 |86 117 105 28 134 36 133 |68 192 191 11 37 140 50 141 124 59 |18 82 150 70 52 188 98 198 54 145 128 151 41 |104 12 123 200 91 67 95 111 78 171 94 31 ||6 |169 90 |40 72 |83 |46 4 |76 135 |96 77 |26 27 137 181 178 102 154 |172 56 179 120 99 |118 113 |43 159 66 112 48 146 |10 19 47 115 109 |85 164 125 |89 58 183 |39 |79 180 170 21 122 65 |34 63 101 142 |81 194 1 45 132 |173 17 |158 |152 87 44 69 189 23 |186 168 143 25 |20 121 49 5 |73 |15 13 |61 |110 114 |30 33 |130 103 108 |74 196 136 16 116 |148 |147 71 |149 |157 139 |155 184 2 |84 62 |
18198.7 215965
127 161 107 92 51 88 8 53 175 |32 64 100 93 3 165 166 60 153 199 35 |57 7 75 176 22 163 182 42 119 174 106 |195 156 144 177 185 78 171 94 31 190 187 |138 95 111 67 91 54 86 |12 104 18 82 123 200 150 98 198 145 128 151 41 |191 188 70 52 192 68 |105 28 134 141 117 37 11 140 50 124 59 |160 197 9 97 80 36 133 38 193 |55 24 129 167 131 162 126 29 14 ||72 58 101 |85 |47 |136 |96 |21 |20 |4 49 168 114 |180 181 |73 17 43 79 |87 132 143 90 25 102 |1 125 110 173 26 48 71 |44 147 103 186 121 113 159 |69 46 152 189 194 |56 30 6 118 157 23 |40 178 135 122 27 99 83 170 |139 155 84 61 |81 66 65 15 108 |45 5 184 |120 183 |169 |137 |16 |34 109 196 |13 62 |148 115 154 |179 |33 |142 10 |116 172 76 |158 |19 |146 |2 |130 |164 |39 |112 |89 |74 77 63 149 |
18215.9 208672
7 171 111 177 95 185 40 67 78 |131 167 42 64 3 153 60 119 174 14 |163 22 176 182 100 93 166 165 199 |105 134 28 97 80 126 29 106 35 |57 75 195 156 144 32 138 190 31 187 |150 104 18 82 123 200 98 188 91 145 128 151 41 |12 198 70 52 192 68 54 94 |191 11 37 140 117 141 50 124 86 59 |129 24 55 162 88 36 133 38 |9 197 127 160 107 161 92 51 8 53 193 175 ||96 34 |83 |154 147 |194 168 |4 33 |87 132 143 90 |148 113 77 |122 27 |189 |139 61 149 110 58 |108 66 103 |173 46 159 |84 |5 |71 44 23 |116 26 |72 170 125 |121 39 25 15 135 181 136 |157 142 48 2 65 |76 99 |69 184 101 6 |19 178 118 109 |1 |43 10 102 |120 56 115 179 |13 146 |85 |152 |172 155 |73 21 |169 |30 180 |47 114 49 |63 74 |130 158 137 |112 17 62 |16 |164 45 79 |196 81 89 |183 186 20 |
20232.7 204747
127 161 107 92 51 88 8 53 175 |32 64 100 93 3 165 166 60 153 199 35 |57 7 75 176 22 163 182 42 119 174 106 |195 156 144 177 185 78 171 94 31 190 187 |138 95 111 67 91 54 86 |12 104 18 82 123 200 150 98 198 145 128 151 41 |191 188 70 52 192 68 |105 28 134 141 117 37 11 140 50 124 59 |160 197 9 97 80 36 133 38 193 |55 24 129 167 131 162 126 29 14 ||72 58 4 194 |168 |110 139 |89 77 96 |116 132 |26 186 196 |33 27 |44 |61 46 148 71 |147 84 183 83 |159 |189 122 173 108 |154 66 90 20 |23 34 5 103 170 |125 113 |121 39 25 15 135 181 136 |157 142 48 2 65 |76 99 |69 184 101 6 |19 178 118 109 |1 |43 10 102 |120 56 115 179 |13 146 |85 |152 |172 155 |73 21 |169 |30 180 |47 114 49 |63 74 |130 158 137 |112 17 62 |16 |164 45 79 |149 143 81 |87 40 |
20972.1 202947
145 70 192 191 140 124 59 |200 52 11 50 86 187 |42 153 119 167 55 161 92 51 162 126 29 175 |37 117 141 105 134 28 97 80 35 |91 111 95 177 185 171 78 94 128 151 41 |129 22 2 195 156 144 32 138 190 31 |60 108 24 131 170 174 106 14 |57 7 75 176 163 182 64 100 93 166 165 3 199 |67 18 82 123 104 12 150 98 188 198 54 68 |9 197 107 127 160 88 8 53 36 133 38 193 ||27 186 |40 72 |33 83 84 113 |58 135 |23 132 |179 |110 73 81 |103 157 89 71 |101 19 5 |43 194 1 137 56 |47 21 16 159 |146 |76 |96 77 |26 178 120 158 154 99 |172 136 118 |66 112 164 125 |10 115 109 13 |102 183 |39 79 180 65 |34 142 |45 |49 173 149 |74 |152 87 44 69 61 |168 46 143 25 |20 |181 |15 48 |85 114 |30 4 |130 |196 |63 121 |184 |189 6 62 |148 122 116 |155 139 169 |147 90 17 |
21726.9 201070
129 24 55 162 126 131 167 29 14 |127 161 107 92 51 88 8 53 175 |32 64 100 93 3 165 166 60 153 199 35 |57 7 75 176 22 163 182 42 119 174 106 |195 156 144 177 185 78 171 94 31 190 187 |138 95 111 67 91 54 86 |12 104 18 82 123 200 150 98 198 145 128 151 41 |191 188 70 52 192 68 |105 28 134 141 117 37 11 140 50 124 59 |160 197 9 97 80 36 133 38 193 ||6 |183 |186 |40 72 83 101 |85 58 |47 15 |136 |96 |21 |20 |4 49 168 114 |180 181 |73 17 43 79 |87 132 143 90 25 102 |1 125 110 173 26 48 71 |44 147 103 121 113 159 |69 46 152 39 194 |56 30 118 157 23 |178 135 122 27 99 170 |139 155 84 61 |81 |66 65 158 |120 |169 5 137 |45 |16 |34 109 196 |13 62 |148 115 154 |179 |33 |142 10 |116 172 76 |184 108 |19 |146 |2 |130 |164 |189 |112 |77 63 149 |89 74 |
22381.8 199667
95 111 67 104 12 123 200 91 94 |7 22 163 176 182 64 42 60 153 119 199 |57 75 195 156 144 100 93 166 165 3 35 |126 174 106 78 171 185 177 32 138 190 31 187 |127 88 51 8 53 193 38 175 |129 24 55 107 161 92 162 29 14 |167 131 160 197 9 97 80 |86 117 105 28 134 36 133 |68 192 191 11 37 140 50 141 124 59 |18 82 150 70 52 188 98 198 54 145 128 151 41 ||6 |183 |20 186 |40 72 |33 83 84 113 |58 135 |164 46 4 |152 89 26 |23 5 39 116 76 |181 30 102 16 |101 155 |196 179 178 |79 43 159 99 |48 85 118 |137 110 1 65 109 154 |74 143 130 194 |21 34 158 180 |147 172 142 |139 125 |45 25 |87 |69 2 |77 |168 |112 71 |44 |66 81 |103 |49 |19 |146 |13 |61 47 120 170 114 |63 121 |108 10 115 173 136 |96 15 73 62 |189 157 |148 122 27 |169 |90 17 |56 |149 |132 |184 |
22653.4 197848
7 22 163 176 182 64 42 60 153 119 199 |57 75 195 156 144 100 93 166 165 3 35 |126 174 106 185 177 32 138 190 187 |127 88 51 8 53 193 38 175 |129 24 55 107 161 92 162 29 14 |167 131 160 197 9 97 80 |86 117 105 28 134 36 133 |68 192 191 11 37 140 50 141 124 59 |18 82 150 70 52 188 98 198 54 145 128 151 41 |104 12 123 200 91 67 95 111 78 171 94 31 ||6 |183 |20 186 |40 72 |33 83 84 113 |58 135 |164 |46 4 |179 89 110 26 23 |101 181 30 137 102 116 |5 39 76 71 |194 |196 47 178 16 79 43 |118 48 143 |159 |154 |172 |74 |21 |170 173 |65 63 |81 139 |66 73 125 90 85 |27 152 99 |62 1 |17 25 |109 |77 |158 |108 |112 |44 |19 45 |142 |49 |69 |189 |146 169 103 168 |2 34 |120 |114 |157 |13 136 121 130 |10 115 61 |147 |56 |87 180 |148 |155 |149 |132 |184 |15 |122 |96 |
24312.8 195074
7 22 163 176 182 64 42 60 153 119 199 |57 75 195 156 144 100 93 166 165 3 35 |126 174 106 185 177 32 138 190 187 |127 88 51 8 53 193 38 175 |129 24 55 107 161 92 162 29 14 |167 131 160 197 9 97 80 |86 117 105 28 134 36 133 |68 192 191 11 37 140 50 141 124 59 |18 82 150 70 52 188 98 198 54 145 128 151 41 |104 12 123 200 91 67 95 111 78 171 94 31 ||6 |183 |186 |72 40 |33 83 84 |58 135 137 |164 113 46 |89 26 4 39 |23 116 1 152 |181 30 102 |101 |16 |79 |159 179 65 196 43 99 |85 143 |118 48 |194 |154 |172 |74 |21 |170 173 |47 63 |81 139 |66 73 125 90 178 |27 20 76 5 |62 110 |17 25 |109 |77 |158 |108 |112 71 |44 |19 45 |142 |49 |69 |189 |146 169 103 168 |2 34 |120 |114 |157 |13 136 121 130 |10 115 61 |147 |56 |87 180 |148 |155 |149 |132 |184 |15 |122 |96 |
26644.7 194713
7 22 163 176 182 64 42 60 153 119 199 |57 75 195 156 144 100 93 166 165 3 35 |126 174 106 185 177 32 138 190 187 |127 88 51 8 53 193 38 175 |129 24 55 107 161 92 162 29 14 |167 131 160 197 9 97 80 |86 117 105 28 134 36 133 |68 192 191 11 37 140 50 141 124 59 |18 82 150 70 52 188 98 198 54 145 128 151 41 |104 12 123 200 91 67 95 111 78 171 94 31 ||6 |183 |20 |40 72 |33 83 84 113 |58 135 |164 46 |23 110 |179 |89 114 |180 157 |73 17 79 |87 132 81 143 90 |1 16 99 |48 71 |44 147 |121 |15 152 43 |196 159 154 158 189 |103 186 168 25 102 181 |122 |63 |66 137 |62 |47 |65 |27 |139 |148 5 |125 |4 |115 |69 |142 178 |169 194 |45 116 |30 |49 |118 |120 173 |19 112 146 170 |10 |85 77 |13 2 |61 56 |101 |136 |39 26 |74 |109 |130 108 |34 |149 |76 |172 184 155 21 |96 |
29768 192761
7 22 163 176 182 64 42 60 153 119 199 |57 75 195 156 144 100 93 166 165 3 35 |126 174 106 185 177 32 138 190 187 |127 88 51 8 53 193 38 175 |129 24 55 107 161 92 162 29 14 |167 131 160 197 9 97 80 |86 117 105 28 134 36 133 |68 192 191 11 37 140 50 141 124 59 |18 82 150 70 52 188 98 198 54 145 128 151 41 |104 12 123 200 91 67 95 111 78 171 94 31 ||6 |183 |20 186 |40 72 |33 83 84 113 |137 135 |164 46 110 |152 89 26 |1 39 116 120 23 |179 58 132 |73 81 |103 157 71 |101 19 114 56 |168 194 |47 21 16 159 |146 122 154 99 |184 196 43 |2 142 |74 |48 34 |139 |125 |178 5 |30 27 76 |45 |25 |87 |69 |77 |15 |112 79 66 44 |85 |65 |49 |172 |13 |118 |61 130 4 170 180 |109 |63 121 |108 10 115 173 136 |189 102 96 |62 155 |148 |169 |90 17 |149 |143 181 |147 |158 |
30082 192370
127 161 107 92 51 88 8 53 175 |32 64 100 93 3 165 166 60 153 199 35 |57 7 75 176 22 163 182 42 119 174 106 |195 156 144 177 185 78 171 94 31 190 187 |138 95 111 67 91 54 86 |12 104 18 82 123 200 150 98 198 145 128 151 41 |191 188 70 52 192 68 |105 28 134 141 117 37 11 140 50 124 59 |160 197 9 97 80 36 133 38 193 |55 24 129 167 131 162 126 29 14 ||6 |183 |20 186 |40 72 |33 83 84 113 |137 135 |164 46 4 |152 89 26 |110 |1 39 116 120 23 |179 58 132 |73 81 |103 157 71 |101 19 114 56 |168 194 |47 21 16 159 |146 122 154 99 |184 196 43 |2 142 |74 |48 34 |139 |125 |178 5 |30 27 76 |45 |25 |87 |69 |77 |15 |112 79 66 44 |85 |65 |49 |172 |13 |118 |61 130 170 180 |109 |63 121 |108 10 115 173 136 |189 102 96 |62 155 |148 |169 |90 17 |149 |143 181 |147 |158 |
30487.5 185641

Time:11
Last Iter:10
Last Update:10
Tabu:0
Last Time11
19
25 50 140 68 188 151 171 67 32 100 75 57 175 9 55 |89 125 98 58 194 52 12 82 144 93 119 163 53 8 97 |71 122 165 106 170 126 129 176 195 41 128 91 105 |66 34 112 104 70 192 44 59 11 78 185 177 64 42 |62 164 54 187 179 74 181 26 96 21 124 141 117 |136 190 31 94 95 18 17 143 147 45 28 80 36 197 29 3 |145 157 86 169 37 150 63 7 138 193 38 162 107 160 |198 1 191 148 134 23 99 14 174 153 60 16 133 88 51 24 |189 200 90 79 13 35 199 109 166 182 156 146 131 127 |132 69 139 123 73 111 180 159 137 15 22 167 92 161 ||4 49 46 87 110 |19 27 48 47 116 84 |172 118 |81 154 135 30 113 101 33 183 76 |61 121 103 158 10 |168 |5 152 39 83 6 85 |149 72 114 120 196 |108 |186 20 130 142 155 115 77 56 |43 65 40 173 178 2 |102 184 |
8803.9 772383
158 173 146 111 31 128 54 68 124 150 8 88 107 |21 144 185 35 187 198 188 192 37 24 182 163 |57 195 71 135 60 10 92 161 184 172 97 117 86 82 |127 155 36 14 41 171 32 75 176 80 134 105 11 |133 4 53 183 101 108 28 103 141 50 90 145 94 95 93 |16 47 96 122 181 74 199 29 76 83 160 9 59 52 70 200 78 |98 189 91 123 191 147 49 197 193 126 162 51 55 84 131 167 166 165 100 |119 174 3 64 63 177 40 72 12 169 175 115 129 |27 77 137 153 114 106 99 136 43 65 151 164 73 18 140 |190 138 180 42 19 38 121 132 1 66 67 17 104 156 7 22 ||25 5 194 139 62 58 159 154 |113 48 34 110 |102 142 33 118 186 |196 30 15 61 20 |143 87 69 157 149 |112 |152 45 148 44 23 79 6 |89 39 168 |116 85 |56 26 170 13 130 46 |125 2 178 120 109 179 |81 |
8817.26 766387
60 120 166 195 176 15 167 14 38 133 160 50 140 11 188 67 |74 119 174 29 88 55 134 141 59 54 123 104 190 7 |118 161 51 9 105 168 86 41 145 91 198 200 138 93 35 |20 169 44 68 194 98 32 153 199 22 |28 80 117 191 150 111 177 16 48 71 64 75 3 193 129 24 |97 39 172 197 36 175 179 159 109 31 78 185 12 |142 33 127 155 126 131 113 6 170 106 156 128 52 192 124 37 |17 112 82 18 73 62 70 148 183 107 42 182 144 |90 125 34 66 94 65 165 100 163 149 19 162 92 |157 151 171 95 40 21 47 57 135 26 30 116 53 8 10 49 187 ||101 115 76 102 186 |110 72 189 58 139 147 |152 89 |146 79 69 87 164 136 |83 184 84 77 137 196 |61 4 5 |1 132 143 23 43 99 181 27 114 |85 96 2 25 103 |46 |173 178 56 154 13 130 121 |45 108 158 122 180 |81 63 |
8853.12 721147
179 43 79 192 191 117 8 88 119 7 111 82 |127 197 97 105 68 188 123 18 185 32 100 166 24 |13 29 154 165 96 95 89 52 41 9 |177 47 176 182 56 138 73 98 141 37 175 161 |34 72 58 164 31 174 122 196 38 80 124 140 |94 190 14 133 102 184 107 10 167 64 28 |160 84 6 76 148 187 128 145 104 81 153 42 22 |26 163 131 129 55 51 126 35 151 91 110 86 134 11 |75 156 16 93 3 60 109 106 193 130 59 50 168 70 150 200 67 171 |180 144 195 2 57 78 90 198 54 194 189 12 199 53 36 162 92 ||169 61 30 85 146 |69 103 152 39 49 121 4 172 20 |17 45 |149 62 23 170 116 |120 77 87 147 25 |159 83 183 142 186 |108 |113 27 173 63 136 132 |44 143 46 74 178 137 |48 40 21 |114 181 135 71 65 19 99 157 139 |5 33 155 118 101 115 158 |1 125 112 66 15 |
8992.03 719496
42 195 156 22 72 18 139 70 41 35 14 51 134 50 |88 117 140 68 82 104 95 32 93 153 182 7 |57 119 190 31 128 110 141 80 133 193 24 |183 107 9 28 105 54 145 188 150 144 199 |176 15 56 26 166 48 138 185 146 34 151 126 129 197 |181 109 165 71 122 149 67 171 198 12 59 |167 108 92 184 127 29 106 179 3 100 64 163 75 91 123 86 124 11 |2 173 135 74 187 23 76 53 116 162 131 49 37 191 98 |43 79 157 169 36 38 196 170 60 77 96 63 111 200 52 |161 55 84 83 8 160 142 97 45 69 192 66 78 94 177 174 175 ||155 118 85 6 19 81 |25 39 121 46 40 |17 21 120 30 99 |1 58 89 194 87 172 |10 113 |158 27 178 114 13 4 130 33 |103 5 147 148 61 20 168 44 |90 164 62 143 73 |101 102 186 152 132 189 |159 180 47 112 125 136 154 |65 16 137 115 |
9235.5 718454
29 36 197 107 118 106 199 35 70 123 |64 176 131 25 191 54 145 91 95 |67 177 31 90 139 5 184 167 163 |81 40 57 22 138 190 188 12 104 18 86 37 193 162 51 160 |79 14 76 10 55 135 166 165 21 111 117 |155 108 53 49 134 50 11 59 68 192 150 200 32 |92 142 102 38 175 19 60 42 56 77 146 185 128 198 98 124 105 |8 161 33 116 170 181 153 7 73 94 52 |96 144 3 65 174 109 6 126 88 127 9 80 4 141 46 140 151 171 187 |82 112 62 41 78 48 100 93 122 182 75 2 195 47 156 119 129 24 84 133 97 28 ||69 23 58 110 173 |27 137 158 178 71 180 136 179 |149 99 20 152 |26 120 66 72 17 194 143 |169 87 189 1 164 132 157 148 |196 30 74 13 130 39 186 |103 44 61 43 34 89 125 |115 85 113 |63 16 15 114 154 159 101 83 |121 172 45 168 147 183 |
9339.75 701276
135 100 106 167 24 97 140 191 188 171 |166 180 199 14 126 162 115 184 160 59 54 145 98 150 12 82 |144 165 154 35 132 52 89 112 66 67 149 163 8 133 |161 127 9 38 86 50 72 182 57 |91 68 17 18 31 93 7 175 129 |2 176 32 138 190 119 85 55 102 36 41 198 123 104 |192 164 1 185 177 195 75 22 158 108 92 197 |117 134 80 49 193 88 107 83 131 77 120 42 178 64 16 111 153 |96 15 71 3 65 114 174 109 116 196 142 28 105 11 70 128 78 |183 51 33 53 29 181 60 137 173 156 95 94 151 187 200 124 141 37 ||170 76 21 63 47 146 40 19 |121 186 46 101 113 43 |103 152 168 87 |143 194 125 34 122 56 27 |61 148 169 25 84 136 |81 58 62 |155 118 30 6 13 26 |20 45 5 172 69 157 79 179 159 74 |110 |99 4 10 48 73 |139 44 147 39 130 23 90 |189 |
9391.24 700040
60 120 166 195 176 15 167 14 38 133 160 50 140 11 188 67 |57 95 171 151 187 |119 174 29 88 55 134 141 59 54 123 104 190 7 |118 161 51 9 105 168 86 41 145 91 198 200 138 93 35 |20 169 44 68 194 98 32 153 199 22 |28 80 117 191 150 111 177 16 48 71 64 75 3 193 129 24 |97 39 172 197 36 175 25 103 109 31 78 185 12 |142 33 127 155 126 131 113 6 170 106 156 128 52 192 124 37 |17 112 82 18 73 62 70 148 183 107 42 182 144 |90 125 34 66 94 65 165 100 163 149 19 162 92 8 53 ||96 40 21 47 135 26 30 116 |101 115 76 102 186 10 |110 72 189 58 139 147 |152 89 49 |146 2 85 164 |83 184 84 77 137 196 |61 4 5 87 136 |1 132 143 23 43 99 181 27 114 |69 157 79 179 159 74 46 |173 178 56 154 13 130 121 |45 108 158 122 180 |81 63 |
10430.6 679913
37 191 12 150 200 54 187 |160 92 36 93 165 138 35 |117 50 124 80 97 197 33 162 153 42 166 7 78 67 128 104 |113 129 55 161 77 163 22 144 177 31 |167 29 175 14 106 174 119 3 190 185 95 125 192 |181 60 65 100 122 126 28 11 86 188 98 |56 120 182 176 195 47 63 81 151 90 132 79 193 133 53 131 24 105 |2 57 64 48 146 199 23 41 157 68 140 8 88 82 |66 73 111 40 32 156 178 154 43 143 52 70 123 18 134 9 127 107 |147 87 141 20 59 38 51 170 75 171 94 145 91 198 ||172 39 103 148 69 168 |44 45 152 142 116 99 179 |169 61 109 26 85 155 183 |149 30 108 184 118 |121 46 |135 137 71 74 13 |4 83 6 10 76 |136 159 180 15 34 112 |101 |139 5 |158 27 115 114 96 16 |102 186 194 1 189 89 17 |62 |110 72 173 |25 130 49 196 19 21 |164 58 84 |
11497.3 634649
156 195 75 126 107 127 197 9 36 133 |97 172 29 118 24 129 106 174 119 199 |16 35 70 123 82 151 41 |64 176 131 25 191 54 145 91 95 78 171 187 |67 177 31 90 139 5 184 167 163 182 100 93 3 |81 40 57 22 138 190 188 12 104 18 86 140 37 193 162 51 88 160 |79 14 76 10 55 135 166 165 21 111 117 141 |155 108 53 49 134 50 11 59 68 192 150 200 144 32 |92 142 102 38 175 19 60 42 56 77 146 185 128 198 98 124 105 28 80 |8 161 33 116 170 181 153 7 73 94 52 ||96 65 109 6 4 |112 62 48 122 2 47 |69 23 58 110 173 |27 137 158 178 71 180 136 179 |149 99 20 152 46 |84 |26 120 66 72 17 194 143 |169 87 189 1 164 132 157 148 |196 30 74 13 130 39 186 |103 44 61 43 34 89 125 |115 85 113 |63 121 147 |168 114 |83 |159 45 15 154 |183 101 |
12976.6 550643
126 28 105 117 11 37 140 50 124 86 59 |91 80 8 53 36 133 38 193 175 14 35 187 |15 163 22 176 75 144 32 93 166 199 |107 160 127 134 141 191 70 52 145 128 151 |55 161 92 51 88 97 79 192 143 68 |42 200 18 67 78 94 |9 197 162 196 24 129 131 167 60 153 119 174 106 |82 123 104 12 150 98 188 198 54 41 |29 182 177 95 111 185 171 31 190 |64 57 7 156 195 100 3 165 138 ||169 |180 |184 |58 139 |155 |103 |2 120 |173 |172 142 76 |77 19 |84 |33 83 |40 63 158 13 130 39 |27 26 45 69 61 |152 72 48 |110 147 168 |101 10 118 113 115 102 186 |56 178 109 170 99 136 121 |164 189 112 17 194 74 |148 5 87 |73 183 125 66 |34 65 149 21 47 135 137 |30 116 4 |159 181 132 122 114 179 23 |44 71 146 62 89 |90 157 1 85 6 154 43 |81 25 46 49 108 |96 16 |20 |
14307 242108
176 163 22 57 7 75 100 42 60 106 175 |182 144 94 54 192 68 |104 12 150 78 171 185 32 3 93 166 165 35 |123 82 18 95 177 138 190 31 187 |156 200 98 188 198 |64 195 111 67 91 145 128 151 41 |70 11 37 50 141 124 86 59 |53 107 161 92 55 24 129 131 167 174 153 119 199 |105 9 197 127 160 88 51 8 162 126 29 14 |52 191 140 117 134 28 97 80 36 133 38 193 ||130 172 |110 |183 |15 56 26 48 146 34 |181 109 71 122 149 |143 189 137 180 158 154 |65 61 152 132 90 62 |20 147 |108 184 179 |2 173 135 74 23 76 116 |43 79 157 169 196 170 77 |84 83 142 45 69 |155 118 85 6 19 81 66 |25 39 121 46 40 |96 63 49 |17 21 120 30 99 |1 58 89 194 87 |10 113 |164 125 112 101 114 13 |16 44 139 72 73 |148 115 27 102 159 |5 186 47 178 |4 |33 168 136 |103 |
16341.1 238246
197 127 107 161 92 55 24 129 131 167 29 14 |75 150 198 188 98 91 145 128 151 41 |195 57 22 163 182 64 100 165 199 |156 7 176 42 93 3 35 187 |68 54 166 60 153 119 174 106 |12 123 200 67 111 144 32 138 190 31 |9 105 117 141 134 28 97 80 36 133 38 |70 52 192 191 11 37 140 50 124 86 59 |104 82 18 95 177 181 185 171 78 94 |160 88 51 30 162 126 8 53 193 175 ||81 77 19 170 74 136 130 |48 148 90 |87 155 46 |142 25 172 |196 |69 |5 |122 139 120 56 179 |108 110 16 146 |96 10 6 135 27 26 |34 |43 113 |66 73 1 |85 17 20 |186 115 40 180 65 |112 101 118 76 116 |72 89 |154 13 84 83 99 |61 102 39 152 114 |168 194 143 132 149 |47 183 21 |121 157 147 173 |2 137 49 |169 |62 33 103 |158 71 |178 |23 |4 44 109 79 |63 15 58 164 189 125 |184 45 159 |
17348.9 227665
177 75 182 64 100 93 3 165 166 42 60 153 119 174 106 |176 163 22 57 7 156 195 144 32 138 190 31 187 |68 91 200 82 18 67 111 95 185 171 78 94 |192 52 123 104 12 150 98 188 198 54 145 128 151 41 |24 129 167 131 55 51 8 53 193 |161 127 197 9 141 86 59 |160 88 107 92 162 126 29 14 199 35 |143 191 134 39 97 121 |70 117 105 28 80 36 133 38 |11 37 140 50 124 175 ||25 |56 |77 6 |27 118 |132 13 |16 23 |1 194 45 |17 112 73 62 148 |90 125 34 66 65 149 |157 40 21 47 135 26 30 116 19 |101 115 76 102 186 10 |110 72 189 58 139 147 |152 89 49 |183 |146 79 69 87 164 136 |169 61 142 44 43 179 154 114 159 |83 71 2 170 109 99 |113 20 173 74 |15 108 196 130 4 |155 5 178 120 |63 |33 184 172 168 |81 85 103 |46 |181 |96 |48 122 |137 158 180 |84 |
17365.2 223700
129 131 167 60 153 119 174 106 14 |29 107 127 160 88 8 36 133 38 |197 9 105 134 28 97 80 |141 54 70 52 192 68 172 86 |191 11 37 140 117 50 124 59 |82 123 104 12 150 198 188 98 91 145 128 151 41 |200 18 95 111 67 171 138 190 |7 42 3 32 144 177 185 78 94 31 187 |156 195 75 57 22 176 163 182 64 100 93 166 165 199 35 |24 161 92 55 51 162 126 53 193 175 ||170 142 |137 34 |33 87 |27 |58 |23 |196 169 148 |15 122 120 49 |74 125 |62 19 |5 189 |4 130 30 |139 178 181 |79 155 63 146 |108 |96 |43 113 |16 73 1 |17 20 |186 115 40 180 65 |112 101 118 76 179 |72 89 |154 13 84 83 99 |61 102 |103 159 |6 |26 |90 149 173 |66 147 116 |39 152 168 194 143 132 |47 183 21 |44 85 71 136 |157 |164 69 |46 |10 2 114 |121 56 |135 158 45 184 |25 109 |110 77 48 81 
18165.4 210286
182 195 185 67 78 171 94 |95 156 7 176 64 100 190 31 187 |18 82 123 104 12 150 98 188 198 91 145 128 151 41 |141 11 37 140 50 124 86 59 |9 117 105 28 134 97 80 36 133 |197 127 160 88 107 161 92 51 8 53 38 193 175 |55 162 126 29 153 119 174 106 14 |24 129 131 167 42 60 166 93 165 3 199 |163 22 57 75 177 144 32 138 35 |111 200 70 52 191 192 68 54 ||132 |125 |48 |33 135 |168 |21 121 |66 |164 154 183 |158 122 120 130 79 |62 |186 |89 108 |173 |147 169 |110 39 101 118 |61 16 45 |49 85 |196 |146 |77 181 |6 63 |84 |30 116 83 137 2 179 |69 73 74 115 184 76 |96 40 4 155 99 |23 157 90 1 81 |180 25 148 |152 19 26 27 114 178 136 |113 56 109 170 189 194 |112 17 5 |58 139 20 172 13 |15 71 65 47 72 34 |43 |149 102 |143 159 44 103 46 |10 87 |142 |
18677.4 210189
129 131 167 60 153 119 174 106 14 |29 107 127 160 88 8 36 133 38 |197 9 105 134 28 97 80 |141 54 70 52 192 68 143 86 |191 11 37 140 117 50 124 59 |82 123 104 12 150 198 188 98 91 145 128 151 41 |200 18 95 111 67 171 138 190 |7 42 3 32 144 177 185 78 94 31 187 |156 195 75 57 22 176 163 182 64 100 93 166 165 199 35 |24 161 92 55 51 162 126 53 193 175 ||170 132 |137 34 |33 87 |27 |58 |23 |147 169 148 |15 122 120 49 |74 125 |62 19 |90 189 |4 130 30 |173 139 178 181 |79 155 63 146 |108 |96 |43 113 |66 73 1 |17 20 |186 115 40 180 65 |112 101 118 76 116 |72 89 |154 13 84 83 99 |61 102 |6 |26 |5 157 |152 159 16 47 179 |77 103 25 39 172 142 |196 109 44 |21 85 71 136 |149 |164 69 |46 |10 2 114 |121 56 |135 158 45 184 183 |168 |110 194 48 81 
18700.6 197679
197 127 107 161 92 55 24 129 131 167 29 14 |75 150 198 188 98 91 145 128 151 41 |195 57 22 163 182 64 100 165 199 |156 7 176 42 93 3 35 187 |68 54 166 60 153 119 174 106 |12 123 200 67 111 144 32 138 190 31 |9 105 117 141 134 28 97 80 36 133 38 |70 52 192 191 11 37 140 50 124 86 59 |104 82 18 95 177 40 185 171 78 94 |160 88 51 115 162 126 8 53 193 175 ||142 148 19 170 74 136 |48 77 137 130 |44 164 |63 |81 |112 |186 114 71 |146 |181 178 189 |87 |122 |30 |10 84 118 6 |135 |26 2 |16 139 |89 110 62 |196 1 |85 |13 172 |73 179 |120 |101 121 |69 |83 |184 |4 |157 |5 180 15 159 |25 34 27 |43 61 |49 99 |109 154 56 108 |90 149 173 |66 147 116 |39 152 168 194 143 132 |47 183 21 |169 |102 33 103 72 |158 |23 |113 17 65 79 |155 96 58 |46 125 |76 45 20 |
20434.8 197349
18 82 123 104 12 150 98 188 198 91 145 128 151 41 |141 11 37 140 50 124 86 59 |9 117 105 28 134 97 80 36 133 |197 127 160 88 107 161 92 51 8 53 38 193 175 |55 162 126 29 153 119 174 106 14 |24 129 131 167 42 60 166 93 165 3 199 |163 22 57 75 177 144 32 138 35 |111 200 70 52 191 192 68 54 |64 176 7 195 156 185 190 31 |182 100 95 67 78 171 94 187 ||132 |125 |137 48 |33 135 |1 |58 148 23 |66 169 13 |164 27 180 158 122 120 74 |19 62 152 49 79 |189 139 |4 130 30 90 |5 186 116 181 |173 179 147 |108 170 39 |113 85 |40 16 45 136 |178 15 96 63 73 112 17 |101 184 155 196 20 |146 |172 76 6 61 |34 89 |87 |121 |26 |56 |154 |84 83 |102 |21 47 81 65 |114 109 159 |194 110 |72 |44 168 |69 118 99 |71 |183 |2 43 |149 157 |143 103 46 25 |10 115 |77 142 |
27171.7 194976

Time:10
Last Iter:10
Last Update:10
Tabu:0
Last Time10
15
136 199 138 180 81 171 98 192 86 50 197 24 182 |145 62 191 141 105 29 14 35 190 95 176 57 |52 91 128 18 111 32 165 59 80 160 |172 53 92 129 65 144 75 90 200 104 37 |127 28 20 132 68 54 164 188 150 151 177 100 163 167 |71 3 153 64 96 22 2 7 195 21 185 78 66 72 123 70 51 107 131 |58 89 12 34 67 149 16 166 178 60 114 26 162 83 183 118 133 36 38 97 187 |109 174 170 175 130 9 88 42 156 40 94 |106 99 116 126 108 184 115 158 79 61 143 117 134 82 |85 6 193 8 161 55 39 25 169 124 140 11 198 41 31 119 93 ||87 168 46 44 148 23 74 |135 56 146 1 194 139 |103 33 |45 147 69 4 49 155 |154 19 181 120 196 186 |125 112 |27 15 173 47 113 84 |13 30 10 142 5 |152 |102 121 76 101 77 159 179 43 |48 63 110 17 157 |73 189 122 137 |
8873.61 749426
184 108 101 126 175 170 153 165 31 144 7 111 52 192 |118 97 124 140 11 188 123 67 41 187 199 22 |54 94 138 32 42 106 167 55 88 9 38 59 50 176 |180 166 120 182 30 131 127 193 35 95 18 150 70 145 |129 107 155 8 197 134 44 1 82 104 190 93 100 57 |133 36 53 51 160 33 5 37 62 198 43 119 |68 86 141 117 105 39 121 142 162 24 29 14 60 158 56 75 195 156 78 |174 19 99 159 173 163 85 113 83 172 25 147 151 200 12 |66 81 177 146 64 137 27 77 116 13 4 130 80 183 92 128 91 98 |191 20 28 49 61 161 74 3 71 96 21 185 171 ||87 168 46 164 90 89 79 |65 63 15 72 189 58 |143 |84 196 76 23 132 139 |181 26 135 34 136 154 48 |47 |17 112 110 149 40 6 |148 103 186 152 102 178 |125 16 |169 45 10 115 109 114 179 69 |194 73 122 2 157 |
8961.74 744002
78 67 190 146 156 22 150 70 28 80 197 |115 85 133 124 11 192 188 31 144 166 182 |122 176 57 199 41 141 38 8 88 92 55 24 |35 43 32 95 145 54 104 29 161 160 |120 181 119 106 99 187 79 128 1 62 200 112 177 21 75 93 138 117 105 |86 59 169 23 157 151 94 198 52 168 97 36 193 53 165 64 |44 139 89 123 17 185 7 2 42 158 26 174 131 9 |73 98 82 18 143 147 37 45 152 102 162 129 14 153 60 100 195 |39 20 25 50 140 191 91 171 3 178 163 30 13 |69 148 134 49 175 126 167 51 184 107 155 127 87 68 132 90 12 111 ||194 74 180 96 |33 142 130 4 77 |40 16 47 63 71 135 66 110 |27 114 6 15 81 |164 61 121 186 116 196 |84 |170 19 136 189 58 101 |65 113 172 46 5 76 |154 48 149 72 34 125 |103 183 118 108 10 83 109 159 179 |137 56 173 |
9252.68 733922
162 39 141 70 91 78 111 144 75 176 |36 102 8 101 15 177 128 150 82 11 37 117 28 |198 90 200 192 191 50 9 160 167 182 |164 110 95 32 195 64 122 135 42 166 14 51 92 129 197 140 |180 71 173 7 137 56 174 136 94 66 72 105 |126 83 88 118 24 30 6 116 53 106 35 41 86 124 165 93 100 60 163 22 156 |170 154 179 43 190 185 40 21 57 158 85 55 193 133 68 54 123 18 |52 98 1 59 87 134 186 175 29 27 |67 145 151 31 187 99 153 131 107 49 121 4 80 97 103 |196 161 184 127 38 45 168 188 58 12 104 171 138 3 119 199 ||132 69 61 46 178 |149 63 2 96 47 65 |155 |79 13 19 114 77 113 115 10 |169 147 152 62 139 194 89 |130 172 33 108 84 26 157 |148 25 20 44 189 34 17 |109 120 48 16 146 |81 73 23 76 142 183 74 159 |143 125 112 5 |181 |
9411.4 711915
42 3 174 24 107 9 172 191 52 70 12 54 94 57 |173 182 195 7 78 187 35 175 36 142 131 124 140 11 192 |147 145 180 165 100 119 126 193 |41 125 112 156 176 133 51 105 |45 28 59 168 127 160 8 162 167 199 166 32 95 188 150 104 |111 18 123 200 190 106 109 27 22 21 86 50 117 134 197 92 |88 161 83 53 6 129 137 163 47 177 81 138 93 67 128 141 80 |34 189 198 139 82 17 151 171 136 179 170 60 153 196 38 37 |10 101 30 158 65 144 146 185 75 2 91 98 68 23 |31 66 40 64 114 14 29 55 97 61 ||13 43 181 15 149 110 |4 194 164 25 20 5 |108 155 |90 157 72 16 120 154 |116 115 84 183 130 169 44 143 62 |73 89 46 152 |121 39 184 19 159 74 56 26 |99 135 71 48 96 77 113 |1 58 132 87 76 |85 122 148 186 103 69 79 |178 63 102 49 33 |118 |
9420.78 694705
112 11 152 37 41 31 190 187 |95 177 146 75 176 163 182 64 56 135 42 60 153 119 174 159 199 179 |138 33 107 161 55 84 108 196 131 167 29 |104 12 150 70 52 192 191 87 140 50 124 86 |111 78 94 134 28 105 117 103 141 20 59 69 |24 118 160 127 197 9 102 130 36 133 38 |166 93 144 67 91 145 128 151 80 97 121 |129 92 184 88 8 51 10 162 101 126 53 193 175 13 |171 185 156 7 57 22 195 173 100 26 27 19 106 14 35 |165 3 32 18 82 123 200 125 98 188 198 164 54 68 44 ||89 |16 48 136 |5 114 169 132 61 |71 21 40 154 139 143 |186 194 81 2 96 170 |157 90 72 183 109 |6 30 83 |4 39 142 116 99 43 1 |189 110 85 113 77 |149 |46 148 155 181 178 |34 73 66 63 47 122 137 15 |49 25 45 168 147 62 |17 |180 65 74 158 115 76 79 |58 172 23 120 
10477.4 290914
44 46 52 70 150 188 58 98 198 54 |8 183 130 152 45 37 140 50 124 86 59 |100 73 95 149 177 146 144 32 138 65 3 165 153 119 199 35 |129 55 92 161 107 88 127 33 142 53 29 193 175 14 |93 60 131 118 160 197 49 97 80 28 134 |166 167 24 126 162 51 184 9 121 36 133 38 |22 57 7 156 47 195 96 182 64 135 42 27 174 106 74 136 |12 104 82 112 18 111 67 66 78 171 94 31 190 43 |56 163 176 75 185 123 200 91 145 157 |105 141 117 11 147 191 192 68 128 151 41 187 ||159 179 |17 |20 81 |120 164 |143 139 109 |63 |168 103 |72 173 |76 170 |2 |30 15 21 79 |83 77 114 13 |125 |1 23 61 148 169 |102 115 26 158 48 |6 |189 99 108 |132 90 110 |62 |137 |85 113 84 |186 25 5 87 172 4 101 |178 |16 122 181 |155 |69 39 71 |154 194 |196 |34 89 40 180 19 10 116 
13104.9 257070
177 156 7 75 176 22 163 64 137 42 93 166 119 199 35 |95 117 134 28 97 80 |12 104 82 123 150 188 198 98 91 145 128 151 41 |24 9 197 127 160 88 36 133 193 |57 129 92 107 8 53 38 175 |195 182 167 131 161 51 162 126 29 14 |55 100 144 32 138 3 165 153 60 174 106 |105 37 141 50 124 86 59 |140 200 18 67 111 185 171 78 94 31 190 187 |11 191 70 52 192 54 68 ||136 16 |101 |130 |40 |103 72 |69 48 |196 85 |148 44 132 194 125 73 66 |99 183 115 |122 135 27 179 65 |58 164 20 102 109 74 23 |89 62 139 90 5 157 |158 83 118 76 142 33 4 |172 21 30 |178 47 46 49 |147 |56 120 43 34 |169 108 84 155 116 13 |26 |121 45 186 |154 159 170 19 113 39 25 61 |180 71 146 77 96 2 |17 149 173 79 |184 152 168 6 |15 81 143 1 |114 181 87 |63 110 10 |189 112 
14249.3 226401
100 129 24 55 51 162 126 175 |150 52 192 191 11 37 140 50 124 86 59 |12 104 18 82 123 200 91 98 188 198 54 145 128 151 41 |105 28 80 97 9 36 133 38 |197 127 160 88 8 53 193 |56 22 176 182 64 42 60 119 174 106 |107 161 92 131 167 29 14 |70 68 117 141 134 20 |163 57 7 75 195 144 32 3 165 93 166 153 199 35 |156 177 95 111 67 94 78 171 185 138 190 31 187 ||19 76 71 23 |183 45 |5 |81 |33 84 |30 |173 108 |112 |130 58 17 |158 113 102 142 |194 143 63 15 137 135 |96 65 178 120 77 13 |99 179 154 74 181 21 73 1 |170 114 83 61 139 125 |66 110 132 49 44 |46 115 155 |27 26 48 146 90 157 79 |121 87 147 152 186 25 148 136 |196 |164 62 89 103 4 |85 122 47 16 149 69 |6 101 118 |116 10 109 43 169 172 39 |184 2 34 189 |159 180 40 72 |168 |
15005.8 223961
70 192 191 59 |52 24 129 131 167 174 106 |18 67 95 111 185 100 93 166 165 199 |11 37 117 105 134 28 80 97 9 197 36 133 |140 50 141 127 107 92 51 162 126 29 14 |124 161 160 88 8 53 193 38 |82 123 104 12 150 200 91 98 188 198 145 128 151 41 |55 175 86 68 54 78 171 94 187 |57 7 156 177 3 42 60 153 119 35 |22 163 64 182 176 75 195 144 32 138 190 31 ||109 63 137 |16 69 |170 |44 132 34 |66 |99 |115 |122 135 |116 65 |58 |84 |2 154 |189 173 |19 108 184 39 |180 71 |21 |112 143 |25 148 61 5 121 49 |1 90 125 139 136 179 13 130 |152 45 186 |73 142 33 |27 15 96 |110 |113 120 |23 158 20 |77 81 146 |87 74 |17 |30 196 194 |76 |155 |147 168 183 56 |164 62 89 103 4 |85 159 47 |149 46 |6 101 |48 181 |118 |102 10 83 43 169 172 |72 178 157 |26 114 79 40 |
16676.7 210229
42 60 181 64 100 166 165 153 119 174 106 14 |131 129 24 92 107 161 55 162 126 29 |134 28 197 9 97 80 36 |191 70 52 192 68 98 91 145 128 151 41 |11 140 37 117 141 50 86 59 |182 163 22 57 7 156 177 95 111 67 78 171 94 |105 124 193 175 199 35 |200 144 195 75 176 93 3 32 138 190 31 187 |185 18 82 123 104 12 150 188 198 54 |167 127 160 88 51 8 53 133 38 ||48 63 137 109 |16 69 |170 |44 132 34 |66 |99 |115 |122 135 |116 65 |58 |84 |2 154 |189 173 |19 108 184 39 |180 71 |21 |112 143 |25 148 61 5 121 49 |1 90 125 139 136 179 13 130 |152 45 186 |73 142 33 |27 15 96 |110 |113 120 |23 158 20 |77 81 146 |87 74 |17 |30 196 194 |76 |155 |147 168 183 56 |164 62 89 103 4 |85 159 47 |149 46 |6 101 118 |102 10 83 43 169 172 |72 178 157 |26 114 79 40 |
16771.9 208171
26 60 42 64 100 166 165 153 119 174 106 14 |131 129 24 92 107 161 55 162 126 29 |134 28 197 9 97 80 36 |191 70 52 192 68 98 91 145 128 151 41 |11 140 37 117 141 50 86 59 |182 163 22 57 7 156 177 95 111 67 78 171 94 |105 124 193 175 199 35 |200 144 195 75 176 93 3 32 138 190 31 187 |185 18 82 123 104 12 150 188 198 54 |167 127 160 88 51 8 53 133 38 ||23 |43 20 81 27 |110 4 65 146 |34 48 66 40 47 |39 90 |168 103 |72 173 |76 170 154 |116 186 84 33 102 49 |130 |13 6 5 87 |96 |149 73 |148 83 |46 143 |157 |159 |21 15 |63 |44 1 |61 |135 2 |77 |189 99 108 |137 181 109 115 |17 |30 196 194 139 132 |25 155 58 62 |147 142 114 |178 172 45 |101 |16 |69 169 71 |122 |19 120 85 125 |180 |10 183 |164 79 179 |89 |121 |152 118 56 158 74 |184 |113 112 |136 
17650.3 202609
126 162 55 161 107 92 51 8 53 193 175 |197 95 67 78 171 94 |50 105 9 127 160 88 36 133 38 |7 75 176 182 64 100 93 3 165 166 153 60 119 199 35 |42 163 22 57 195 156 177 185 144 32 138 190 31 187 |111 18 82 123 200 98 91 145 128 151 41 |104 12 70 52 192 68 |11 37 140 117 141 28 134 97 80 |150 188 198 54 191 124 86 59 |24 129 131 167 29 174 106 14 ||186 |40 |125 85 |84 |26 |189 72 |116 33 102 49 |130 |142 139 |13 6 5 87 |96 |149 73 |148 83 |45 46 143 |157 |159 |21 15 |63 |44 1 |34 61 |135 99 27 90 110 |77 |120 122 65 |108 |4 66 2 |23 169 20 |43 81 146 48 137 181 109 115 |17 |30 196 194 103 132 |76 25 155 58 62 |147 168 114 |178 172 |101 |16 |69 39 71 |154 |19 170 |47 |180 |10 183 |164 79 179 |89 173 |121 |152 118 56 158 74 |184 |113 112 |136 
19426.2 199732
126 162 55 161 107 92 51 8 53 193 175 |197 95 67 78 171 94 |50 105 9 127 160 88 36 133 38 |7 75 176 182 64 100 93 3 165 166 153 60 119 199 35 |42 163 22 57 195 156 177 185 144 32 138 190 31 187 |111 18 82 123 200 98 91 145 128 151 41 |104 12 70 52 192 68 |11 37 140 117 141 28 134 97 80 |150 188 198 54 191 124 86 59 |24 129 131 167 29 174 106 14 ||66 |40 |85 47 |84 |189 72 |116 33 15 43 |102 49 4 |45 |170 159 |89 130 |142 139 46 |6 5 |96 |178 |149 |73 |148 83 |143 |157 |21 |63 56 |44 1 |61 |135 |99 90 110 |77 |122 65 |108 |13 |118 76 |186 25 172 2 |23 |169 87 27 |81 146 48 103 |109 120 115 137 181 |17 |30 196 34 194 132 |155 58 62 |147 168 114 |101 |16 179 |20 |69 39 71 26 |154 |19 125 |180 10 |164 79 |173 |121 |183 152 158 74 |184 |113 |112 |136 
20661.8 193820
126 162 55 161 107 92 51 8 53 193 175 |197 95 67 78 171 94 |50 105 9 127 160 88 36 133 38 |7 75 176 182 64 100 93 3 165 166 153 60 119 199 35 |42 163 22 57 195 156 177 185 144 32 138 190 31 187 |111 18 82 123 200 98 91 145 128 151 41 |104 12 70 52 192 68 |11 37 140 117 141 28 134 97 80 |150 188 198 54 191 124 86 59 |24 129 131 167 29 174 106 14 ||72 116 102 49 |168 |81 |83 184 |26 15 |139 |6 5 87 |73 |33 159 |130 90 61 46 142 |2 13 47 149 |155 157 45 143 |96 21 |63 |148 |1 |34 |135 99 27 |77 |120 |19 122 65 |115 |108 |147 152 62 |89 110 |66 40 85 84 43 |189 4 170 178 56 |44 |118 76 |186 25 172 |23 |169 |146 48 103 |109 137 181 |17 |30 196 194 132 |58 |114 |101 |16 179 |20 |69 39 71 |154 |125 |180 10 |164 79 |173 |121 |183 158 74 |113 |112 |136 
28960.3 192448

Time:0
Last Iter:10
Last Update:10
Tabu:0
Last Time0
15
136 199 138 180 81 171 98 192 86 50 197 24 182 |145 62 191 141 105 29 14 35 190 95 176 57 |52 91 128 18 111 32 165 59 80 160 |172 53 92 129 65 144 75 90 200 104 37 |127 28 20 132 68 54 164 188 150 151 177 100 163 167 |71 3 153 64 96 22 2 7 195 21 185 78 66 72 123 70 51 107 131 |58 89 12 34 67 149 16 166 178 60 114 26 162 83 183 118 133 36 38 97 187 |109 174 170 175 130 9 88 42 156 40 94 |106 99 116 126 108 184 115 158 79 61 143 117 134 82 |85 6 193 8 161 55 39 25 169 124 140 11 198 41 31 119 93 ||87 168 46 44 148 23 74 |135 56 146 1 194 139 |103 33 |45 147 69 4 49 155 |154 19 181 120 196 186 |125 112 |27 15 173 47 113 84 |13 30 10 142 5 |152 |102 121 76 101 77 159 179 43 |48 63 110 17 157 |73 189 122 137 |
8873.61 749426
184 108 101 126 175 170 153 165 31 144 7 111 52 192 |118 97 124 140 11 188 123 67 41 187 199 22 |54 94 138 32 42 106 167 55 88 9 38 59 50 176 |180 166 120 182 30 131 127 193 35 95 18 150 70 145 |129 107 155 8 197 134 44 1 82 104 190 93 100 57 |133 36 53 51 160 33 5 37 62 198 43 119 |68 86 141 117 105 39 121 142 162 24 29 14 60 158 56 75 195 156 78 |174 19 99 159 173 163 85 113 83 172 25 147 151 200 12 |66 81 177 146 64 137 27 77 116 13 4 130 80 183 92 128 91 98 |191 20 28 49 61 161 74 3 71 96 21 185 171 ||87 168 46 164 90 89 79 |65 63 15 72 189 58 |143 |84 196 76 23 132 139 |181 26 135 34 136 154 48 |47 |17 112 110 149 40 6 |148 103 186 152 102 178 |125 16 |169 45 10 115 109 114 179 69 |194 73 122 2 157 |
8961.74 744002
78 67 190 146 156 22 150 70 28 80 197 |115 85 133 124 11 192 188 31 144 166 182 |122 176 57 199 41 141 38 8 88 92 55 24 |35 43 32 95 145 54 104 29 161 160 |120 181 119 106 99 187 79 128 1 62 200 112 177 21 75 93 138 117 105 |86 59 169 23 157 151 94 198 52 168 97 36 193 53 165 64 |44 139 89 123 17 185 7 2 42 158 26 174 131 9 |73 98 82 18 143 147 37 45 152 102 162 129 14 153 60 100 195 |39 20 25 50 140 191 91 171 3 178 163 30 13 |69 148 134 49 175 126 167 51 184 107 155 127 87 68 132 90 12 111 ||194 74 180 96 |33 142 130 4 77 |40 16 47 63 71 135 66 110 |27 114 6 15 81 |164 61 121 186 116 196 |84 |170 19 136 189 58 101 |65 113 172 46 5 76 |154 48 149 72 34 125 |103 183 118 108 10 83 109 159 179 |137 56 173 |
9252.68 733922
162 39 141 70 91 78 111 144 75 176 |36 102 8 101 15 177 128 150 82 11 37 117 28 |198 90 200 192 191 50 9 160 167 182 |164 110 95 32 195 64 122 135 42 166 14 51 92 129 197 140 |180 71 173 7 137 56 174 136 94 66 72 105 |126 83 88 118 24 30 6 116 53 106 35 41 86 124 165 93 100 60 163 22 156 |170 154 179 43 190 185 40 21 57 158 85 55 193 133 68 54 123 18 |52 98 1 59 87 134 186 175 29 27 |67 145 151 31 187 99 153 131 107 49 121 4 80 97 103 |196 161 184 127 38 45 168 188 58 12 104 171 138 3 119 199 ||132 69 61 46 178 |149 63 2 96 47 65 |155 |79 13 19 114 77 113 115 10 |169 147 152 62 139 194 89 |130 172 33 108 84 26 157 |148 25 20 44 189 34 17 |109 120 48 16 146 |81 73 23 76 142 183 74 159 |143 125 112 5 |181 |
9411.4 711915
42 3 174 24 107 9 172 191 52 70 12 54 94 57 |173 182 195 7 78 187 35 175 36 142 131 124 140 11 192 |147 145 180 165 100 119 126 193 |41 125 112 156 176 133 51 105 |45 28 59 168 127 160 8 162 167 199 166 32 95 188 150 104 |111 18 123 200 190 106 109 27 22 21 86 50 117 134 197 92 |88 161 83 53 6 129 137 163 47 177 81 138 93 67 128 141 80 |34 189 198 139 82 17 151 171 136 179 170 60 153 196 38 37 |10 101 30 158 65 144 146 185 75 2 91 98 68 23 |31 66 40 64 114 14 29 55 97 61 ||13 43 181 15 149 110 |4 194 164 25 20 5 |108 155 |90 157 72 16 120 154 |116 115 84 183 130 169 44 143 62 |73 89 46 152 |121 39 184 19 159 74 56 26 |99 135 71 48 96 77 113 |1 58 132 87 76 |85 122 148 186 103 69 79 |178 63 102 49 33 |118 |
9420.78 694705
112 11 152 37 41 31 190 187 |95 177 146 75 176 163 182 64 56 135 42 60 153 119 174 159 199 179 |138 33 107 161 55 84 108 196 131 167 29 |104 12 150 70 52 192 191 87 140 50 124 86 |111 78 94 134 28 105 117 103 141 20 59 69 |24 118 160 127 197 9 102 130 36 133 38 |166 93 144 67 91 145 128 151 80 97 121 |129 92 184 88 8 51 10 162 101 126 53 193 175 13 |171 185 156 7 57 22 195 173 100 26 27 19 106 14 35 |165 3 32 18 82 123 200 125 98 188 198 164 54 68 44 ||89 |16 48 136 |5 114 169 132 61 |71 21 40 154 139 143 |186 194 81 2 96 170 |157 90 72 183 109 |6 30 83 |4 39 142 116 99 43 1 |189 110 85 113 77 |149 |46 148 155 181 178 |34 73 66 63 47 122 137 15 |49 25 45 168 147 62 |17 |180 65 74 158 115 76 79 |58 172 23 120 
10477.4 290914
44 46 52 70 150 188 58 98 198 54 |8 183 130 152 45 37 140 50 124 86 59 |100 73 95 149 177 146 144 32 138 65 3 165 153 119 199 35 |129 55 92 161 107 88 127 33 142 53 29 193 175 14 |93 60 131 118 160 197 49 97 80 28 134 |166 167 24 126 162 51 184 9 121 36 133 38 |22 57 7 156 47 195 96 182 64 135 42 27 174 106 74 136 |12 104 82 112 18 111 67 66 78 171 94 31 190 43 |56 163 176 75 185 123 200 91 145 157 |105 141 117 11 147 191 192 68 128 151 41 187 ||159 179 |17 |20 81 |120 164 |143 139 109 |63 |168 103 |72 173 |76 170 |2 |30 15 21 79 |83 77 114 13 |125 |1 23 61 148 169 |102 115 26 158 48 |6 |189 99 108 |132 90 110 |62 |137 |85 113 84 |186 25 5 87 172 4 101 |178 |16 122 181 |155 |69 39 71 |154 194 |196 |34 89 40 180 19 10 116 
13104.9 257070
177 156 7 75 176 22 163 64 137 42 93 166 119 199 35 |95 117 134 28 97 80 |12 104 82 123 150 188 198 98 91 145 128 151 41 |24 9 197 127 160 88 36 133 193 |57 129 92 107 8 53 38 175 |195 182 167 131 161 51 162 126 29 14 |55 100 144 32 138 3 165 153 60 174 106 |105 37 141 50 124 86 59 |140 200 18 67 111 185 171 78 94 31 190 187 |11 191 70 52 192 54 68 ||136 16 |101 |130 |40 |103 72 |69 48 |196 85 |148 44 132 194 125 73 66 |99 183 115 |122 135 27 179 65 |58 164 20 102 109 74 23 |89 62 139 90 5 157 |158 83 118 76 142 33 4 |172 21 30 |178 47 46 49 |147 |56 120 43 34 |169 108 84 155 116 13 |26 |121 45 186 |154 159 170 19 113 39 25 61 |180 71 146 77 96 2 |17 149 173 79 |184 152 168 6 |15 81 143 1 |114 181 87 |63 110 10 |189 112 
14249.3 226401
100 129 24 55 51 162 126 175 |150 52 192 191 11 37 140 50 124 86 59 |12 104 18 82 123 200 91 98 188 198 54 145 128 151 41 |105 28 80 97 9 36 133 38 |197 127 160 88 8 53 193 |56 22 176 182 64 42 60 119 174 106 |107 161 92 131 167 29 14 |70 68 117 141 134 20 |163 57 7 75 195 144 32 3 165 93 166 153 199 35 |156 177 95 111 67 94 78 171 185 138 190 31 187 ||19 76 71 23 |183 45 |5 |81 |33 84 |30 |173 108 |112 |130 58 17 |158 113 102 142 |194 143 63 15 137 135 |96 65 178 120 77 13 |99 179 154 74 181 21 73 1 |170 114 83 61 139 125 |66 110 132 49 44 |46 115 155 |27 26 48 146 90 157 79 |121 87 147 152 186 25 148 136 |196 |164 62 89 103 4 |85 122 47 16 149 69 |6 101 118 |116 10 109 43 169 172 39 |184 2 34 189 |159 180 40 72 |168 |
15005.8 223961
70 192 191 59 |52 24 129 131 167 174 106 |18 67 95 111 185 100 93 166 165 199 |11 37 117 105 134 28 80 97 9 197 36 133 |140 50 141 127 107 92 51 162 126 29 14 |124 161 160 88 8 53 193 38 |82 123 104 12 150 200 91 98 188 198 145 128 151 41 |55 175 86 68 54 78 171 94 187 |57 7 156 177 3 42 60 153 119 35 |22 163 64 182 176 75 195 144 32 138 190 31 ||109 63 137 |16 69 |170 |44 132 34 |66 |99 |115 |122 135 |116 65 |58 |84 |2 154 |189 173 |19 108 184 39 |180 71 |21 |112 143 |25 148 61 5 121 49 |1 90 125 139 136 179 13 130 |152 45 186 |73 142 33 |27 15 96 |110 |113 120 |23 158 20 |77 81 146 |87 74 |17 |30 196 194 |76 |155 |147 168 183 56 |164 62 89 103 4 |85 159 47 |149 46 |6 101 |48 181 |118 |102 10 83 43 169 172 |72 178 157 |26 114 79 40 |
16676.7 210229
42 60 181 64 100 166 165 153 119 174 106 14 |131 129 24 92 107 161 55 162 126 29 |134 28 197 9 97 80 36 |191 70 52 192 68 98 91 145 128 151 41 |11 140 37 117 141 50 86 59 |182 163 22 57 7 156 177 95 111 67 78 171 94 |105 124 193 175 199 35 |200 144 195 75 176 93 3 32 138 190 31 187 |185 18 82 123 104 12 150 188 198 54 |167 127 160 88 51 8 53 133 38 ||48 63 137 109 |16 69 |170 |44 132 34 |66 |99 |115 |122 135 |116 65 |58 |84 |2 154 |189 173 |19 108 184 39 |180 71 |21 |112 143 |25 148 61 5 121 49 |1 90 125 139 136 179 13 130 |152 45 186 |73 142 33 |27 15 96 |110 |113 120 |23 158 20 |77 81 146 |87 74 |17 |30 196 194 |76 |155 |147 168 183 56 |164 62 89 103 4 |85 159 47 |149 46 |6 101 118 |102 10 83 43 169 172 |72 178 157 |26 114 79 40 |
16771.9 208171
26 60 42 64 100 166 165 153 119 174 106 14 |131 129 24 92 107 161 55 162 126 29 |134 28 197 9 97 80 36 |191 70 52 192 68 98 91 145 128 151 41 |11 140 37 117 141 50 86 59 |182 163 22 57 7 156 177 95 111 67 78 171 94 |105 124 193 175 199 35 |200 144 195 75 176 93 3 32 138 190 31 187 |185 18 82 123 104 12 150 188 198 54 |167 127 160 88 51 8 53 133 38 ||23 |43 20 81 27 |110 4 65 146 |34 48 66 40 47 |39 90 |168 103 |72 173 |76 170 154 |116 186 84 33 102 49 |130 |13 6 5 87 |96 |149 73 |148 83 |46 143 |157 |159 |21 15 |63 |44 1 |61 |135 2 |77 |189 99 108 |137 181 109 115 |17 |30 196 194 139 132 |25 155 58 62 |147 142 114 |178 172 45 |101 |16 |69 169 71 |122 |19 120 85 125 |180 |10 183 |164 79 179 |89 |121 |152 118 56 158 74 |184 |113 112 |136 
17650.3 202609
126 162 55 161 107 92 51 8 53 193 175 |197 95 67 78 171 94 |50 105 9 127 160 88 36 133 38 |7 75 176 182 64 100 93 3 165 166 153 60 119 199 35 |42 163 22 57 195 156 177 185 144 32 138 190 31 187 |111 18 82 123 200 98 91 145 128 151 41 |104 12 70 52 192 68 |11 37 140 117 141 28 134 97 80 |150 188 198 54 191 124 86 59 |24 129 131 167 29 174 106 14 ||186 |40 |125 85 |84 |26 |189 72 |116 33 102 49 |130 |142 139 |13 6 5 87 |96 |149 73 |148 83 |45 46 143 |157 |159 |21 15 |63 |44 1 |34 61 |135 99 27 90 110 |77 |120 122 65 |108 |4 66 2 |23 169 20 |43 81 146 48 137 181 109 115 |17 |30 196 194 103 132 |76 25 155 58 62 |147 168 114 |178 172 |101 |16 |69 39 71 |154 |19 170 |47 |180 |10 183 |164 79 179 |89 173 |121 |152 118 56 158 74 |184 |113 112 |136 
19426.2 199732
126 162 55 161 107 92 51 8 53 193 175 |197 95 67 78 171 94 |50 105 9 127 160 88 36 133 38 |7 75 176 182 64 100 93 3 165 166 153 60 119 199 35 |42 163 22 57 195 156 177 185 144 32 138 190 31 187 |111 18 82 123 200 98 91 145 128 151 41 |104 12 70 52 192 68 |11 37 140 117 141 28 134 97 80 |150 188 198 54 191 124 86 59 |24 129 131 167 29 174 106 14 ||66 |40 |85 47 |84 |189 72 |116 33 15 43 |102 49 4 |45 |170 159 |89 130 |142 139 46 |6 5 |96 |178 |149 |73 |148 83 |143 |157 |21 |63 56 |44 1 |61 |135 |99 90 110 |77 |122 65 |108 |13 |118 76 |186 25 172 2 |23 |169 87 27 |81 146 48 103 |109 120 115 137 181 |17 |30 196 34 194 132 |155 58 62 |147 168 114 |101 |16 179 |20 |69 39 71 26 |154 |19 125 |180 10 |164 79 |173 |121 |183 152 158 74 |184 |113 |112 |136 
20661.8 193820
126 162 55 161 107 92 51 8 53 193 175 |197 95 67 78 171 94 |50 105 9 127 160 88 36 133 38 |7 75 176 182 64 100 93 3 165 166 153 60 119 199 35 |42 163 22 57 195 156 177 185 144 32 138 190 31 187 |111 18 82 123 200 98 91 145 128 151 41 |104 12 70 52 192 68 |11 37 140 117 141 28 134 97 80 |150 188 198 54 191 124 86 59 |24 129 131 167 29 174 106 14 ||72 116 102 49 |168 |81 |83 184 |26 15 |139 |6 5 87 |73 |33 159 |130 90 61 46 142 |2 13 47 149 |155 157 45 143 |96 21 |63 |148 |1 |34 |135 99 27 |77 |120 |19 122 65 |115 |108 |147 152 62 |89 110 |66 40 85 84 43 |189 4 170 178 56 |44 |118 76 |186 25 172 |23 |169 |146 48 103 |109 137 181 |17 |30 196 194 132 |58 |114 |101 |16 179 |20 |69 39 71 |154 |125 |180 10 |164 79 |173 |121 |183 158 74 |113 |112 |136 
28960.3 192448

