Time:12
Last Iter:10
Last Update:10
Tabu:0
Last Time12
25
61 147 137 35 195 144 6 100 115 70 17 |37 113 145 69 129 23 170 60 76 15 45 178 172 96 71 197 |81 72 157 87 175 127 102 168 19 48 149 180 62 |188 165 142 190 139 159 30 141 20 24 183 2 128 42 43 198 |57 4 150 66 181 179 3 119 158 112 163 110 138 200 65 192 |7 14 167 90 189 44 32 126 97 88 118 185 75 26 80 187 |41 36 74 121 176 169 101 174 146 108 153 28 95 |56 85 21 122 86 154 148 105 171 25 49 46 33 79 34 40 111 |132 182 152 98 1 94 177 12 18 166 156 73 199 117 173 160 140 |5 83 16 161 47 184 50 120 116 186 125 52 109 53 67 31 55 162 133 ||136 39 |191 82 |11 104 |130 9 123 |54 |29 114 193 |59 124 |99 10 134 22 |13 63 8 |103 |68 164 131 |64 91 58 |38 |89 155 |107 |78 93 196 151 51 |92 143 77 |194 84 135 |106 |27 |
15439.8 1.3361e+06
41 172 64 119 17 113 7 141 44 80 49 117 43 100 173 |59 32 40 185 157 151 76 2 74 19 129 65 149 71 195 |45 126 66 166 21 4 198 54 30 20 125 48 96 |110 159 60 192 177 168 5 42 62 31 53 180 176 197 |120 34 69 145 147 163 18 154 75 26 162 133 |72 146 55 194 143 37 9 111 |3 52 11 104 152 92 94 61 35 199 85 189 167 |121 24 70 187 160 101 174 128 112 144 171 175 57 115 165 142 28 |47 188 150 39 86 127 156 118 88 123 50 14 23 79 200 99 183 109 140 67 153 137 15 |182 33 107 169 135 103 73 102 56 178 190 138 170 ||46 81 22 87 |114 29 38 |139 90 95 51 |93 122 |58 158 108 |68 |89 27 1 |131 84 |105 63 8 |36 77 |134 193 116 |164 106 |161 78 124 12 191 |186 130 155 98 |82 |16 148 83 25 |196 6 |10 132 91 179 |184 13 181 97 |136 |
15646.3 1.17858e+06
23 130 92 125 200 80 76 142 44 198 102 156 62 160 187 |149 107 11 37 20 145 79 59 165 192 117 171 42 112 |6 63 175 13 185 66 40 120 141 28 170 24 70 109 119 57 |148 199 166 122 21 126 190 163 49 146 55 195 26 169 14 |75 35 43 68 100 4 27 98 152 19 172 |17 74 53 2 162 71 144 108 106 173 15 168 |1 138 113 65 89 50 123 54 16 22 151 131 |177 45 86 5 154 73 34 129 69 94 147 67 137 96 128 135 133 140 33 |176 197 180 48 99 61 110 51 31 101 111 85 115 |30 139 153 3 174 158 103 83 181 157 161 188 178 18 183 ||196 150 97 184 |191 121 |105 25 93 |39 |155 |167 |90 95 186 81 72 |91 46 164 58 |78 8 |77 194 |41 38 179 |47 124 12 189 |182 |88 56 136 118 |193 52 64 |29 84 |114 87 |60 116 7 |143 10 134 36 132 |159 32 9 82 |104 |127 |
15960.8 1.1664e+06
79 155 30 116 50 190 15 117 18 67 53 172 149 140 133 195 |85 88 111 123 129 98 113 19 20 17 176 160 26 75 35 100 |9 89 141 14 65 126 185 43 171 42 101 62 31 61 198 115 |175 105 136 90 170 3 119 |82 23 189 168 188 66 39 127 57 163 48 183 173 |6 55 96 49 92 138 104 |196 137 2 41 107 37 152 7 167 80 162 128 112 144 |24 109 52 77 74 186 44 120 95 72 76 157 142 86 154 4 102 |69 28 94 153 46 36 169 71 180 187 146 5 166 156 45 |33 70 197 10 134 193 110 1 125 200 145 34 12 124 40 192 165 178 21 73 199 ||68 131 |13 83 174 |132 11 121 |150 78 97 177 161 |93 |99 81 59 151 |179 87 63 194 |103 8 |22 181 56 |51 147 130 191 91 |25 108 135 |54 122 118 |164 106 |139 159 32 27 60 |182 143 |58 29 38 84 |64 158 114 |47 184 16 148 |
16372.8 1.1455e+06
16 127 122 188 165 185 75 55 146 38 133 119 180 17 183 113 129 14 |21 45 27 28 82 95 65 200 48 176 3 153 157 |169 172 163 110 138 145 37 190 40 44 111 73 100 171 42 144 117 |70 149 31 84 43 199 18 178 198 50 141 170 |123 124 120 34 69 33 197 63 5 115 85 173 |53 137 22 15 93 175 88 192 142 184 94 139 164 |24 99 74 130 30 19 20 140 160 162 128 195 |101 131 112 29 103 71 52 67 72 121 79 23 154 |57 166 156 86 102 177 32 90 152 125 80 49 179 76 109 187 |168 191 60 61 2 62 114 174 96 26 135 25 35 66 83 4 ||47 159 89 147 |11 10 104 |7 98 155 186 |106 158 |36 64 |51 151 87 181 13 39 |81 107 |58 91 193 46 |6 105 148 196 |68 |108 194 |1 92 116 9 |182 161 |126 12 97 78 150 |56 |132 134 77 41 |59 189 |8 |54 118 136 |167 |143 |
16818.6 1.12633e+06
35 199 150 161 127 115 171 195 96 162 61 30 69 |185 109 47 123 111 57 148 105 63 6 112 101 31 110 28 152 176 |41 172 52 10 71 53 129 34 4 73 173 144 128 |3 137 175 100 18 68 125 113 138 23 70 197 74 |43 180 83 188 165 76 81 193 46 62 133 187 79 170 120 168 |156 14 86 85 56 40 192 44 89 60 19 33 119 146 55 75 163 142 |21 140 122 88 97 189 145 200 24 64 26 42 154 66 117 15 |181 160 93 39 54 190 94 50 167 65 98 20 183 48 149 2 49 153 |184 157 87 174 103 169 17 67 80 159 141 |178 166 5 102 198 45 ||118 22 179 |72 99 114 |12 90 59 |194 108 29 |7 11 |91 139 |37 143 |32 177 78 16 |186 9 132 |134 121 130 |25 84 |77 107 104 |27 126 13 151 51 |92 82 95 |131 164 38 |135 106 |191 |136 |116 1 147 |124 |58 158 |155 182 36 |196 8 |
19511 1.0505e+06
79 34 155 30 116 50 190 15 117 18 67 53 172 149 140 133 195 |85 191 111 123 129 98 113 19 20 17 176 160 26 75 35 100 199 |9 197 89 141 14 65 126 185 43 171 42 101 62 31 61 198 115 |192 40 175 105 |90 170 3 119 |82 23 147 168 188 66 39 127 57 163 48 183 173 |6 145 55 96 49 92 138 200 70 104 33 125 110 |196 137 2 108 107 37 152 7 167 80 162 128 112 144 |24 109 130 77 74 186 44 120 95 72 76 157 142 86 154 4 102 |69 21 28 94 153 46 36 169 71 180 187 146 5 166 156 178 45 165 ||10 134 164 |68 131 25 |13 83 174 |132 11 121 1 |150 78 97 177 161 |93 122 73 |99 81 59 151 |51 87 63 194 |103 8 |22 181 91 |41 38 179 |124 12 189 |182 |88 56 136 118 |193 52 64 |29 84 |114 135 158 58 |159 60 139 32 47 184 |54 16 148 |106 |143 |27 |
20301.7 1.01181e+06
159 32 27 60 182 58 29 64 158 47 184 16 148 |70 125 110 28 139 153 |79 40 155 30 116 50 190 15 117 18 67 53 172 149 140 133 195 |85 33 83 88 111 123 129 98 113 19 20 17 176 160 26 75 35 100 5 199 |9 169 89 141 14 65 185 43 171 42 101 62 31 61 192 198 115 178 45 165 |175 105 136 90 170 145 3 119 |23 71 189 168 188 66 39 127 57 163 48 183 173 |69 6 55 96 49 92 138 200 104 187 180 |197 196 137 2 41 37 152 7 80 162 128 112 144 146 |24 34 109 52 74 186 44 120 95 72 76 157 142 86 154 4 102 21 156 166 ||94 46 36 |10 134 193 1 |68 131 |13 124 |11 121 |150 78 97 177 161 |12 |73 |99 81 59 151 |179 87 63 194 |8 |22 56 |51 147 130 191 |25 108 |54 118 |82 |143 107 77 |135 103 |167 |91 164 84 |93 181 122 126 |132 114 174 |38 |106 
20687.7 998947
66 18 166 156 21 4 88 185 117 15 |46 2 200 113 138 67 |79 100 199 131 62 31 81 |30 148 35 75 172 24 152 90 142 178 57 154 175 42 144 112 |85 109 115 73 171 157 190 80 61 125 3 101 96 140 34 168 192 |74 153 191 95 111 198 102 146 70 187 180 |173 19 68 106 105 86 161 78 76 71 169 17 33 |23 195 167 82 89 120 40 165 127 137 91 53 149 48 183 143 20 145 197 119 160 162 26 |5 129 181 43 63 55 164 128 158 114 49 36 10 163 28 141 50 44 45 188 |97 176 136 184 59 32 94 110 52 174 133 69 170 14 65 ||72 98 |134 64 93 |8 108 194 |150 16 39 54 |37 155 60 130 92 |47 126 139 159 186 |56 |22 151 87 58 |99 |124 12 123 189 27 51 |11 132 |38 103 |6 |135 |25 179 29 |177 7 |84 |104 |116 9 |13 196 83 |41 107 121 182 |118 122 |193 77 |1 147 |
21168.4 962065
200 33 62 32 42 199 66 165 50 80 156 57 |115 71 64 172 31 15 35 171 83 157 |112 197 125 152 138 30 120 44 190 |104 67 187 176 24 143 48 149 140 160 128 55 49 154 4 85 111 141 65 23 129 79 145 113 |74 147 153 2 182 14 185 117 5 166 86 |94 56 69 170 90 10 52 76 45 178 43 173 133 96 |63 168 175 181 18 188 40 59 34 88 102 195 180 183 70 |137 121 163 81 20 9 21 78 75 146 101 119 3 |72 53 61 110 19 7 28 158 142 192 127 |54 118 198 100 144 26 162 169 17 109 ||184 161 36 |91 25 164 29 131 |191 1 193 196 |68 108 |37 155 60 130 92 |47 126 139 159 186 |136 |73 |82 89 |77 |22 151 87 58 |99 |124 12 123 189 27 51 |11 132 |38 103 |6 |135 |93 116 |46 107 |177 174 |8 105 150 |122 39 |167 95 |98 |97 41 |179 13 16 |148 106 |194 84 |134 114 |
24666.9 960159
197 33 48 3 31 |23 18 130 92 125 200 80 76 142 44 198 102 156 62 160 140 180 187 61 |149 188 107 11 37 20 145 79 59 165 192 117 171 42 112 |6 30 63 175 13 185 66 40 120 141 28 170 24 70 109 119 57 |148 183 199 166 122 21 126 190 163 49 146 55 195 26 169 14 110 |75 35 43 68 100 4 27 98 152 19 172 |17 85 74 53 2 162 71 144 108 106 173 15 168 |115 1 138 113 65 89 50 123 54 16 151 131 |176 177 45 86 5 154 73 34 129 69 94 147 67 137 96 128 135 133 101 |111 178 157 153 ||93 181 |22 |99 51 |139 174 |196 150 97 184 161 |191 121 |105 25 |39 83 |155 |167 |158 |103 |90 95 186 81 72 |91 46 164 58 |78 8 |77 194 |41 38 179 |47 124 12 189 |182 |88 56 136 118 |193 52 64 |29 84 |114 87 |60 116 7 |143 10 134 36 132 |159 32 9 82 |104 |127 |
25305.5 945800
75 195 55 146 193 46 52 163 |113 138 145 69 129 1 110 |11 7 4 187 71 140 119 160 162 128 112 26 96 101 62 197 49 |109 48 17 183 33 70 24 143 61 |65 43 167 170 23 14 100 116 30 28 80 153 |144 57 54 97 178 111 45 188 185 117 35 157 15 137 |42 171 141 34 89 120 50 44 32 190 40 192 165 142 |168 176 173 180 79 169 149 172 3 2 67 |20 152 19 200 125 74 53 |133 85 175 154 5 31 73 102 115 198 21 156 166 18 86 199 66 76 ||103 |63 |10 |84 |22 196 25 174 |182 184 |13 |39 93 151 |155 94 91 |59 159 9 72 |36 132 41 64 77 |127 136 118 |29 161 47 |16 148 181 |139 87 |130 37 121 99 |194 58 158 131 |83 186 |126 |90 27 |6 |124 |107 114 |38 |164 68 |12 122 |108 8 |105 |189 88 |150 78 177 81 147 |134 104 |82 98 |56 |51 |92 95 |191 |135 106 |123 |60 |179 
25843.3 543100
113 138 145 69 129 1 110 163 |11 60 116 4 197 71 140 119 160 162 128 112 26 96 101 62 31 49 |109 48 17 183 33 70 24 143 61 |65 167 170 23 14 7 30 28 80 153 |57 54 97 178 111 45 188 185 117 35 157 15 |141 89 120 50 44 32 190 40 192 165 142 |168 176 187 180 169 149 172 3 2 67 |79 152 19 20 200 125 74 53 |133 85 175 154 5 100 73 102 115 198 21 156 166 18 86 199 66 76 |34 43 171 42 173 103 144 195 55 146 75 137 ||10 |84 |22 196 25 174 |92 182 184 |135 106 |126 12 39 93 151 |155 94 91 |59 159 9 51 72 |36 132 41 64 77 |127 136 118 |29 161 47 |16 148 181 87 |139 123 186 |130 37 99 |194 58 158 131 |63 83 |95 90 27 |6 |124 |107 114 |191 13 |121 |122 8 |105 38 |108 164 |68 |189 88 |150 78 177 81 147 |134 104 |82 98 |56 |179 193 46 52 
26232.6 447100
79 155 69 145 138 113 200 125 74 132 61 |126 168 50 120 34 141 28 80 153 |9 14 23 170 129 30 60 110 163 |65 71 149 169 180 187 104 176 197 17 33 183 48 109 52 |85 140 119 160 162 133 158 128 96 174 91 49 67 |42 70 24 20 19 152 192 111 178 45 78 190 142 |173 198 102 115 4 21 156 166 100 86 16 18 150 188 165 66 185 157 15 76 |44 40 57 5 154 175 148 199 117 35 179 137 |171 8 43 26 62 31 3 172 2 53 |101 84 144 29 112 195 55 146 75 ||64 |135 |106 |59 |151 143 |27 22 |159 81 196 |182 11 72 193 |36 107 |38 108 |191 |93 51 |94 |164 6 63 |97 54 124 |105 39 161 |95 |56 127 |99 |7 90 177 |136 181 |167 |98 41 |103 131 87 |77 194 |89 189 12 |114 58 |116 1 |83 13 |10 |68 |186 123 147 |88 32 |82 |25 |122 |130 121 |46 134 37 92 139 |73 118 47 184 
26590.9 430407
20 19 79 145 138 113 110 61 53 |176 34 141 23 170 129 69 152 33 48 109 74 |17 183 70 24 200 80 163 153 |43 171 175 199 93 185 157 137 |14 42 173 144 112 195 26 96 174 146 55 75 |160 111 102 115 198 4 21 166 57 18 150 188 76 |65 125 128 133 162 101 62 31 49 |28 120 50 44 66 165 40 192 190 142 |85 197 187 180 169 71 119 140 149 172 3 2 67 |168 30 45 178 156 86 100 5 154 35 117 15 ||116 |147 182 |94 56 |63 181 59 |121 81 52 |72 7 9 |54 118 127 78 |184 161 36 |91 25 164 29 131 |191 1 193 196 |68 108 |37 155 60 130 92 |47 126 139 159 186 |136 88 |73 |82 89 90 |77 158 |10 |22 151 87 58 |99 |124 12 123 189 27 51 |11 132 |38 103 |6 |135 |194 39 13 |177 97 16 179 |32 95 |148 83 105 |104 107 64 |98 |106 84 |143 |167 |41 114 |122 |46 |8 |134 
27280.2 419137
4 197 71 140 119 160 162 128 112 26 96 101 62 31 49 |109 48 17 183 33 70 24 143 61 |65 167 170 23 14 7 30 28 80 153 |57 54 97 178 111 45 188 185 117 35 157 15 |141 89 120 50 44 32 190 40 192 165 142 |168 176 187 180 169 149 172 3 2 67 |79 152 19 20 125 74 53 |133 85 175 154 5 100 73 102 115 198 21 156 166 18 86 199 66 76 |34 43 171 42 173 103 144 195 55 146 75 137 |129 69 145 138 113 200 110 163 ||10 |84 |22 196 25 174 |92 182 184 |135 106 |126 12 39 93 151 |155 94 91 |59 159 191 9 51 72 |36 132 41 64 77 |127 136 118 |29 161 47 |16 148 181 87 |139 123 186 |130 37 121 99 |194 58 158 131 |63 83 |95 90 27 |6 |124 |107 114 |13 122 |164 68 |8 105 |38 108 |189 88 |150 78 177 81 147 |134 104 |82 98 |56 |179 193 46 52 |1 |11 60 116 
28499.1 414794
4 20 19 152 79 69 145 138 113 200 125 74 61 53 |173 144 112 62 31 2 67 |183 48 109 149 172 3 195 49 |133 128 26 55 75 137 |169 71 140 119 160 162 101 96 146 |21 180 33 24 129 170 23 14 65 141 28 80 163 153 |187 42 43 171 100 175 154 86 18 199 66 185 117 35 157 15 |57 166 156 102 198 85 178 111 45 188 165 76 |115 17 176 197 70 110 40 192 |5 168 30 34 120 50 44 190 142 ||107 |46 114 |29 |73 177 |82 9 |179 63 122 |68 |158 77 |182 193 |39 134 |191 164 |167 72 |90 7 |148 64 41 |196 121 52 |150 16 25 181 |37 155 60 130 92 |47 126 139 159 186 |184 8 |108 194 |143 |84 |22 151 87 58 |99 |124 12 123 189 27 51 |11 132 |38 103 |6 |135 |104 36 147 |89 161 |83 105 127 |78 136 118 |174 |88 1 81 |106 91 |131 13 32 |95 59 |10 94 |97 93 |98 |54 56 |116 
28538 414027
85 112 198 115 102 21 156 166 57 86 18 66 185 117 35 157 |5 154 175 171 43 75 137 15 |34 120 50 44 40 192 190 142 153 |100 14 23 170 129 69 79 145 138 113 200 125 74 61 |152 19 20 24 70 33 183 109 53 |65 101 128 133 162 160 119 140 71 169 149 62 172 3 31 49 |180 187 197 176 17 48 2 67 |141 28 30 110 80 163 |4 144 173 42 96 26 195 55 146 199 45 |168 111 178 188 165 76 ||123 181 |63 105 16 |126 |83 |131 108 8 |60 9 |64 1 130 |177 32 12 78 161 |116 81 114 |97 118 47 184 59 |41 46 147 22 87 |182 37 191 |179 93 124 39 |95 167 7 |193 77 104 |164 10 |136 88 54 |189 132 |143 11 107 |158 58 |68 103 |82 |186 94 90 |151 98 |148 174 |52 134 99 121 |135 |139 |150 196 |91 194 72 |73 |127 25 |13 89 27 |56 |106 84 |36 29 |51 6 |159 |122 |155 92 |38 |
29640.2 407201
85 112 198 115 102 21 156 166 57 86 18 66 185 117 35 157 |5 154 175 171 43 75 137 15 |34 120 50 44 40 192 190 142 153 |100 14 23 170 129 69 79 145 138 113 200 125 74 61 |152 19 20 24 70 33 183 109 53 |65 101 128 133 162 160 119 140 71 169 149 62 172 3 31 49 |180 187 197 176 17 48 2 67 |141 28 30 110 80 163 |4 144 173 42 96 26 195 55 146 199 45 |168 111 178 188 165 76 ||148 |126 |63 |191 72 179 |196 147 150 47 |6 |177 41 52 |181 164 |184 73 39 |193 |122 |25 139 159 |84 |93 46 |37 182 |123 |95 90 7 |194 29 |51 60 |68 |104 |99 87 |124 189 |143 36 10 134 |158 94 |97 136 |98 155 |130 92 186 114 |64 8 |108 58 |22 151 16 54 161 |83 105 127 |78 118 |174 103 |89 |121 |116 1 |91 131 |38 |27 81 |13 132 |56 32 59 |106 |107 |82 12 |77 |167 |135 |11 |9 88 |
29779.4 398342
18 57 4 198 85 178 111 45 188 165 142 |144 115 102 21 156 166 86 5 154 175 199 185 117 35 157 15 |43 187 176 197 24 70 33 125 74 61 53 |100 140 119 160 133 128 96 26 112 195 55 146 75 49 |34 141 28 190 76 137 |66 168 120 50 44 40 192 153 |65 170 23 14 30 163 |129 69 79 145 152 19 20 200 113 138 110 80 |171 42 173 71 169 180 17 183 109 67 |48 149 162 101 62 31 3 172 2 ||124 |136 |155 36 |196 8 |139 98 159 |47 6 |41 63 161 |81 193 46 107 59 |84 |78 27 72 147 |181 131 194 87 |97 118 56 |184 39 93 148 150 |12 9 32 177 |88 122 16 |164 38 158 |143 52 64 |108 |37 182 |82 |73 |167 |89 189 |114 58 |116 1 |105 83 13 |134 10 |68 |60 |22 |94 127 |103 179 91 |99 7 186 |90 |104 |54 25 |11 132 121 |130 77 |174 29 |126 151 51 |92 95 |191 |135 106 |123 |
30438.8 396104
183 48 109 101 62 31 |162 71 169 149 172 3 2 67 |173 18 57 4 198 85 178 111 45 188 165 142 |144 115 102 21 156 166 86 5 154 175 199 185 117 35 157 15 |43 187 180 17 176 197 24 70 33 125 74 61 53 |100 140 119 160 133 128 96 26 112 195 55 146 75 49 |34 141 28 190 76 137 |66 168 120 50 44 40 192 153 |171 65 170 23 14 30 163 |42 129 69 79 145 152 19 20 200 113 138 110 80 ||63 |191 72 179 |196 147 150 47 |6 |177 41 52 |181 164 |184 73 39 |193 |122 |25 139 159 |84 |93 46 |37 182 |123 |95 90 7 |194 29 |51 60 |68 |104 |99 87 |124 189 |143 36 10 134 |158 94 |97 136 |98 155 |130 92 186 114 |64 8 |108 58 |22 151 16 54 161 |83 105 127 |78 118 |174 103 |89 |121 |116 1 |91 131 |38 |27 81 |13 132 |56 32 59 |106 |107 |82 12 |77 |167 9 |126 88 |11 |135 |148 |
30959.5 385688
13 171 43 112 194 195 55 75 49 |108 144 133 128 96 26 146 137 |45 178 85 111 168 44 40 192 15 |50 120 34 141 28 190 142 66 185 76 |18 86 100 5 154 175 199 117 35 157 |156 102 115 198 21 4 166 57 188 165 153 |173 65 14 23 170 129 30 69 79 145 152 20 19 138 113 200 110 80 163 |24 70 197 176 17 48 109 172 3 2 |149 169 71 140 119 160 162 101 62 31 67 |42 187 180 183 33 125 74 61 53 ||87 |182 181 |123 |52 47 |68 |25 124 32 |131 92 |126 148 |104 |72 |98 37 |122 73 150 |94 97 |11 107 64 |54 |143 60 116 |6 |103 |95 |7 |155 41 |38 |39 22 46 132 |114 91 159 |56 |27 |139 59 |90 |58 |51 184 |99 121 |189 9 186 130 |158 |84 151 179 |16 |29 |10 |36 191 |89 161 |83 105 127 |78 136 118 |174 |88 1 81 |106 164 193 |135 93 196 |177 |147 |134 |82 12 |77 |167 |63 |8 
34270.1 384070
17 28 180 176 197 24 70 33 183 48 109 172 3 2 67 |141 34 120 50 44 142 |69 170 23 14 129 30 110 80 163 |113 138 145 79 152 19 20 200 125 74 61 53 |149 169 71 140 119 160 101 62 31 |59 144 26 96 146 49 |168 111 45 188 40 192 190 153 |187 178 85 198 102 4 21 156 166 57 18 86 100 5 154 175 199 35 157 15 |65 43 171 42 173 112 195 55 75 137 |115 133 162 128 117 185 66 165 76 ||25 |123 41 |87 131 132 52 72 |136 47 81 |13 150 126 39 |118 139 159 |99 114 46 |12 90 89 191 |194 108 29 174 |7 11 |91 143 182 |98 60 32 |10 64 77 |73 83 181 |68 103 58 |56 97 88 124 |189 |167 95 |105 63 6 8 |106 |155 |104 |121 51 184 |158 38 |9 186 130 |84 179 151 |16 161 |107 116 |27 92 |78 122 127 |148 |37 22 |164 193 134 |54 1 |36 |196 147 |135 93 |177 |94 |82 
35247.5 379923
17 28 180 176 197 24 70 33 183 48 109 172 3 2 67 |141 34 120 50 44 142 |69 170 23 14 129 30 110 80 163 |113 138 145 79 152 19 20 200 125 74 61 53 |149 169 71 140 119 160 101 62 31 |59 144 26 96 146 49 |168 111 45 188 40 192 190 153 |187 178 85 198 102 4 21 156 166 57 18 86 100 5 154 175 199 35 157 15 |65 43 171 42 173 112 195 55 75 137 |115 133 162 128 117 185 66 165 76 ||25 |123 41 |97 132 72 |136 47 81 |13 150 126 39 |118 139 159 |99 114 46 |12 90 89 191 |194 108 29 174 131 |7 11 |98 60 32 |10 64 77 91 |73 83 181 |68 103 58 |56 16 |88 124 |189 |167 95 |105 63 6 8 |106 |155 143 |104 182 |52 |121 51 184 |158 38 |9 186 177 |84 179 151 |130 161 |107 116 |27 92 |78 122 127 |148 |37 22 |164 193 134 |54 1 |36 |196 147 |135 93 |87 |94 |82 
37576.5 379550
17 28 180 176 197 24 70 33 183 48 109 172 3 2 67 |141 34 120 50 44 142 |69 170 23 14 129 30 110 80 163 |113 138 145 79 152 19 20 200 125 74 61 53 |149 169 71 140 119 160 162 101 62 31 |115 165 66 185 117 76 |144 133 128 26 96 146 49 |168 111 45 188 40 192 190 153 |187 178 85 198 102 4 21 156 166 57 18 86 100 5 154 175 199 35 157 15 |65 43 171 42 173 112 195 55 75 137 ||25 |123 97 |147 131 |134 72 |136 47 81 |150 126 148 |193 58 |73 |37 |104 |8 |64 |194 108 |107 |181 11 |122 32 |116 60 |54 83 |6 164 |103 135 |95 82 |155 41 |88 89 |132 22 46 91 |159 1 |27 12 139 59 |90 93 196 |121 51 184 |189 9 |179 105 |167 186 |84 |151 158 |29 161 |99 182 143 10 |127 78 16 |56 |98 130 |77 |68 |38 |114 |36 174 |118 191 |52 7 |63 13 87 |92 39 |124 177 |94 |106 
38790.4 369402

Time:18
Last Iter:10
Last Update:10
Tabu:0
Last Time18
26
46 3 107 19 129 170 142 175 4 42 173 |2 49 72 153 32 44 78 54 136 199 100 200 14 17 |96 164 75 162 71 53 20 30 111 57 166 156 86 102 115 |74 125 80 94 191 120 90 23 155 176 133 15 117 185 21 85 |139 159 116 79 134 149 140 172 84 8 171 188 165 198 |91 41 36 183 37 145 69 1 81 190 47 35 154 18 50 195 160 119 |43 63 179 137 51 76 157 67 132 138 197 169 62 101 128 146 192 168 |59 40 45 196 5 131 112 194 58 109 10 187 110 28 89 95 |7 141 113 152 70 33 48 180 64 26 38 144 147 163 |193 61 52 99 143 24 182 31 114 55 108 148 66 178 12 123 34 65 ||130 121 |27 126 |103 68 |39 122 |158 |106 87 25 |174 16 |167 |177 184 22 151 93 |150 73 |104 11 |13 181 60 |124 56 127 |6 83 |88 97 118 161 |77 135 |29 105 |186 92 98 82 |9 189 |
15761.5 1.34268e+06
28 139 159 190 165 51 150 16 166 5 171 103 128 125 33 70 |71 11 200 23 34 66 117 86 75 173 |56 85 115 175 157 80 20 17 176 140 |199 93 76 49 61 74 182 19 65 50 192 178 146 101 119 169 |2 149 77 162 137 179 196 13 83 142 120 24 187 |79 98 138 110 193 91 185 59 12 111 18 156 21 48 |15 35 72 41 134 113 69 129 30 60 141 90 32 123 168 127 164 133 42 |45 4 102 148 151 55 58 62 172 67 163 14 183 109 180 |3 53 132 130 145 170 189 88 198 122 154 100 43 8 106 26 160 |191 44 40 177 188 161 39 57 118 105 112 195 96 158 144 31 153 152 197 ||155 37 99 |114 36 107 |143 52 81 |186 22 25 |174 194 |181 184 124 126 |1 131 |108 63 |82 |121 104 |54 87 |46 10 64 |135 84 |95 167 92 147 |136 47 |94 89 9 7 116 |6 38 29 |27 78 97 |73 |68 |
15877.8 1.28838e+06
132 37 138 130 176 55 144 199 154 100 111 168 192 165 76 |87 35 5 166 78 126 123 120 80 2 31 140 133 19 |32 16 172 33 70 24 30 |179 137 163 145 141 40 178 63 43 42 149 |197 48 169 64 49 67 15 117 86 85 44 129 79 125 171 |193 61 110 92 186 28 23 170 200 143 121 17 71 3 96 158 112 68 142 |174 164 29 106 173 75 41 147 99 11 7 190 45 198 102 |161 18 127 57 115 97 124 12 89 159 94 60 113 152 104 119 62 53 26 195 128 |95 167 65 20 74 46 134 109 10 187 160 162 194 8 148 175 185 157 153 |21 4 156 73 188 66 47 50 34 14 116 69 183 180 101 146 ||91 181 13 39 |139 177 54 |118 25 |189 |108 |182 1 184 |114 58 135 |9 155 |93 83 27 |136 |82 98 191 |196 56 |38 |90 |131 105 |72 84 |22 151 59 81 52 |150 122 88 |77 107 |103 51 |36 |6 |
16011.6 1.21627e+06
62 51 153 80 110 125 70 170 23 166 21 4 43 |116 145 34 120 123 73 137 3 149 176 133 |35 185 188 44 163 61 109 48 20 175 86 156 |19 79 30 28 130 53 31 162 160 119 71 42 171 18 76 192 111 168 |57 150 148 196 22 72 74 1 186 129 152 90 190 195 112 140 |16 198 124 40 50 94 165 49 101 68 17 113 69 |187 197 33 2 172 96 29 38 144 8 83 178 7 65 |67 75 26 58 128 169 180 10 183 99 121 182 138 159 142 157 199 154 85 |141 60 155 77 91 146 106 173 5 66 115 |84 55 41 52 11 24 200 14 167 27 78 45 56 102 127 100 117 15 ||46 36 81 59 13 |104 |136 54 118 |181 177 92 |98 |82 191 139 47 151 |132 134 164 174 114 |87 105 |37 143 184 |12 122 |89 189 193 |131 108 103 |158 |9 95 |39 6 |161 93 126 97 |147 64 107 |179 25 63 194 |32 88 |135 |
16020.6 1.20305e+06
169 17 33 145 120 44 189 56 66 |125 20 70 197 176 10 99 52 172 62 162 160 119 71 42 171 157 85 198 |5 43 25 55 195 96 49 15 142 188 178 168 138 74 180 |179 137 53 69 23 141 115 106 |128 158 174 101 146 91 3 107 24 19 116 80 35 54 102 123 34 |87 75 131 29 144 173 140 41 46 134 186 30 98 79 65 190 192 45 166 199 175 76 |183 187 182 200 113 152 129 7 89 18 86 156 4 26 |112 164 133 8 154 136 185 177 32 28 110 163 2 109 121 |48 149 64 31 67 61 59 165 117 105 16 57 21 60 |111 40 50 139 153 132 36 11 170 14 82 100 ||143 37 92 |151 13 127 |135 103 |51 22 147 9 |68 |167 |1 155 184 |196 83 78 |38 181 47 |97 122 |90 |39 161 88 |72 114 84 |191 126 159 94 |93 118 73 |194 6 |130 193 77 |27 124 12 150 |148 63 |58 108 81 |95 |104 |
16419.4 1.20218e+06
44 165 163 129 65 86 154 101 |67 72 196 57 118 29 138 |128 158 26 75 35 16 188 120 61 183 20 |87 8 100 102 111 192 28 30 14 80 3 119 169 180 48 133 |2 31 71 84 103 63 150 178 34 69 200 125 70 |64 140 114 91 96 112 38 68 171 105 33 152 79 170 23 |173 144 194 135 149 134 172 49 137 151 5 156 115 85 50 141 90 113 |145 24 17 36 41 162 146 55 195 6 42 117 157 15 76 142 40 88 21 166 18 |191 110 74 143 176 7 95 168 45 161 66 185 175 43 153 198 |164 58 108 160 62 53 46 109 107 99 197 187 19 1 190 184 199 4 ||94 116 82 132 |39 122 73 |106 83 |186 155 |56 |81 59 97 |131 |121 139 |54 136 123 |47 93 181 179 25 |130 92 147 193 174 |78 126 |167 60 |124 |37 104 |51 22 13 |148 127 27 |159 98 182 |52 10 11 77 |32 177 12 189 |9 89 |
16610.2 1.14984e+06
43 5 115 136 28 129 110 53 109 |121 134 172 3 162 148 86 100 4 138 145 69 23 |177 40 45 56 73 18 199 185 80 61 33 187 14 141 |39 111 168 198 83 171 42 160 183 79 153 76 |37 24 17 107 62 114 146 49 67 157 93 105 21 102 165 192 120 |140 149 101 26 112 158 35 127 166 65 170 |180 71 36 139 9 15 196 175 118 85 55 |200 113 60 98 34 50 44 191 159 163 51 142 188 178 57 154 63 173 133 176 197 |156 66 190 124 82 81 125 48 70 104 128 75 137 |182 20 19 152 30 12 88 16 117 72 2 31 96 195 38 144 84 8 119 169 74 ||94 32 184 147 46 |29 |130 116 143 |78 122 13 151 179 |25 58 |108 91 22 |150 54 |89 189 123 126 27 |181 97 |41 6 |11 52 59 |161 87 |135 106 |90 155 |99 10 |64 77 174 193 |47 186 1 92 132 |131 |7 167 95 |164 194 68 |103 |
16830.5 1.1415e+06
43 5 115 136 28 129 110 53 109 31 |144 121 134 172 3 162 148 86 100 4 138 145 69 23 30 |177 195 40 45 56 73 18 199 185 80 61 33 187 14 141 |39 111 168 198 83 171 42 160 183 79 153 76 |37 117 24 17 107 62 114 146 49 67 157 93 105 21 102 165 192 120 |140 149 101 26 112 158 35 127 166 65 170 |180 71 36 139 9 15 196 175 118 85 55 |20 19 152 200 113 60 |34 2 50 44 191 159 163 51 142 188 178 57 154 63 173 133 176 197 74 |156 66 190 124 82 81 125 48 70 104 169 119 128 96 75 137 ||12 88 16 |94 32 184 147 46 72 |29 38 84 |10 116 |78 122 13 151 179 |25 58 8 |143 |108 91 22 |150 54 |189 123 126 27 |181 97 |41 6 |11 52 59 |161 87 |135 106 |90 155 |99 130 |89 98 |182 |64 77 174 193 |47 186 1 92 132 |131 |7 167 95 |164 194 68 |103 |
18409.2 963012
43 5 115 136 28 129 110 53 109 31 |144 121 134 172 3 162 148 86 100 4 138 145 69 23 30 |177 195 40 45 56 73 18 199 185 80 61 33 187 14 141 |39 111 168 198 83 171 42 160 183 79 153 76 |37 117 24 17 107 62 114 146 49 67 157 93 105 21 102 165 192 120 |140 149 101 26 112 158 35 127 166 65 170 |180 71 36 139 9 15 196 175 118 85 55 |20 19 152 200 113 60 |34 2 50 44 191 159 163 51 142 188 178 57 154 63 173 133 176 197 74 |156 66 190 124 82 81 125 48 70 104 169 119 128 96 75 137 ||12 88 16 |94 32 184 147 72 |29 38 84 194 |10 116 |78 122 13 151 179 |25 58 8 |143 |108 91 22 |150 54 |189 123 126 27 |181 97 |41 6 |11 52 59 |161 87 |135 106 |90 155 |99 130 |89 98 |182 |64 77 174 |47 186 1 |68 |46 193 |103 |131 92 |7 167 95 |164 132 |
18446.5 957977
189 54 198 86 185 |62 51 45 188 66 |164 160 53 109 8 94 190 199 154 35 |139 100 75 101 138 153 26 74 183 197 61 |57 128 39 175 102 111 192 28 30 14 80 3 119 169 180 48 133 |65 2 31 71 84 103 63 150 178 34 69 200 125 70 67 |64 120 140 114 91 96 112 38 68 171 105 33 19 152 79 170 23 129 |173 20 144 194 135 149 134 172 49 137 151 5 156 115 85 168 44 50 141 90 113 110 |145 4 24 17 36 41 162 146 55 195 6 42 43 117 157 15 76 142 40 88 21 166 18 |187 191 7 1 81 165 11 176 77 60 163 ||159 122 |82 13 |58 174 158 |161 25 131 |104 10 |155 186 |95 167 |16 127 |143 |52 92 59 22 |118 136 196 |179 181 108 |46 37 |148 83 93 |73 |116 |124 27 177 12 |121 193 147 47 |9 |97 |130 98 182 |89 |106 |78 87 72 |32 132 |107 |29 |123 |184 126 56 |99 |
21816.4 927771
84 8 106 108 98 141 189 12 136 76 153 |74 125 110 89 59 117 35 137 |173 69 200 152 19 20 24 70 187 104 176 197 17 183 33 99 2 |149 169 180 10 48 109 134 36 61 53 |113 138 145 79 23 129 30 28 94 163 80 49 |128 133 144 58 112 131 75 72 |65 171 63 43 195 55 146 26 96 172 3 |71 140 119 160 162 101 62 31 67 |170 100 165 188 45 57 166 156 18 86 5 154 175 199 66 185 157 15 |42 34 14 4 21 102 115 198 85 178 111 168 120 50 44 40 192 190 142 ||52 179 161 |130 116 159 196 |37 |95 7 |60 |127 126 177 139 |88 |78 118 |47 147 |123 |77 |32 |167 |151 181 184 27 124 |150 193 |41 132 121 182 |1 186 |68 158 |73 39 |6 105 93 13 |46 92 |103 |87 194 |11 64 |29 164 135 |82 90 |155 |107 |143 81 51 |91 191 |148 16 |9 |56 54 97 |38 |83 122 |114 174 22 25 
25030.1 494799
56 12 123 124 43 42 68 144 128 96 146 49 |21 60 34 120 50 168 126 44 27 40 192 190 142 |101 162 133 112 26 195 55 75 137 |188 45 111 178 86 5 154 175 199 117 35 157 15 |100 198 85 54 39 185 76 |20 171 115 102 156 166 57 18 66 165 |173 30 113 19 152 69 170 14 141 28 191 159 163 153 |187 65 167 23 129 79 145 138 200 110 125 74 132 61 80 |33 183 99 48 107 109 149 172 3 2 53 |4 24 70 176 197 17 180 169 71 140 119 160 62 31 67 ||105 |189 |194 41 196 |94 139 51 78 |13 122 91 |116 7 1 81 |82 90 186 |38 58 174 158 |161 25 131 114 |104 10 11 134 |155 143 |95 |103 84 |16 127 97 88 |77 64 |8 |36 52 92 59 22 |118 136 150 93 |179 181 108 |46 37 |148 83 63 6 |73 |121 193 147 47 |9 177 |135 106 |130 98 182 |89 |151 87 29 72 |32 |164 184 
25171.8 455822
180 109 48 129 23 170 79 152 20 19 113 138 110 80 163 |57 4 21 156 166 86 18 66 185 157 |169 78 43 87 75 26 101 62 31 172 3 49 |28 30 69 145 200 125 132 2 53 67 |149 140 119 160 162 133 128 96 146 195 55 137 |112 85 115 102 100 5 154 175 199 117 35 15 |144 173 42 171 168 123 40 192 142 |126 56 178 111 45 188 165 76 |198 24 70 197 176 187 17 183 33 99 74 61 153 |71 14 65 141 34 120 50 44 190 ||164 8 |39 |103 |64 114 38 |51 148 25 |122 88 97 150 |63 83 16 127 |98 116 139 184 |91 54 |94 159 191 9 82 |136 196 179 |81 105 |121 182 107 36 |84 68 |73 |189 |151 22 32 |29 72 |60 143 |194 135 134 52 46 |90 7 1 186 92 |124 27 177 12 161 |41 6 |193 147 47 13 59 |11 77 174 |58 158 131 |104 10 |130 155 37 |89 95 |106 181 93 |167 |118 |108 |
26216.4 429630
31 62 140 119 71 169 37 125 |130 60 129 155 79 145 138 113 110 |133 43 100 166 21 4 102 115 198 85 178 111 45 44 |160 95 141 34 50 168 40 192 165 153 |156 120 188 57 18 86 5 154 175 199 66 185 117 35 157 15 76 |69 30 28 190 142 |171 65 14 23 170 152 19 20 200 80 163 |24 70 33 74 61 53 67 |42 187 176 197 17 183 48 109 149 172 3 2 49 |180 173 144 162 101 128 96 26 112 195 55 146 75 137 ||179 |127 161 |118 47 177 |88 9 |167 116 147 |159 107 64 |181 123 126 196 |139 32 78 51 151 |77 104 91 |184 27 124 39 |29 148 |150 16 193 |41 132 121 143 182 |1 186 97 |68 158 |135 |73 |82 |6 105 93 13 |46 92 |164 103 |87 194 38 |83 122 |114 174 22 25 |11 10 94 81 72 |63 131 58 |36 134 99 59 |84 8 |106 108 |98 |189 12 |136 54 |7 90 89 191 |56 |52 
27649.2 427453
187 180 149 172 3 2 67 |169 120 50 141 170 23 14 129 30 28 110 80 163 153 |100 70 24 20 19 152 79 69 145 138 113 200 125 74 61 49 |65 168 45 86 18 199 66 185 117 157 15 76 |140 102 115 198 85 178 111 188 165 44 40 192 190 142 |71 119 160 162 31 |96 26 112 195 55 146 75 137 |57 4 21 156 166 5 154 175 35 |17 176 197 33 183 48 109 53 |34 171 43 42 173 144 133 128 101 62 ||9 |181 164 |93 161 151 |41 196 |179 |158 29 8 |12 94 |38 106 72 |77 52 182 |16 148 59 |103 84 |167 |83 39 13 |32 78 177 |10 46 107 132 |90 124 |104 37 |7 155 |25 127 |6 63 105 |194 1 |27 150 47 159 |60 89 189 |11 |191 186 116 |131 58 108 87 |193 36 |123 122 54 |82 95 |88 |98 92 130 |68 |121 143 81 51 22 |73 |139 126 91 |114 135 134 |99 184 147 |136 |97 |118 56 |64 174 
28859.9 386794
187 180 149 172 3 2 67 |169 120 50 141 170 23 14 129 30 28 110 80 163 153 |100 70 24 20 19 152 79 69 145 138 113 200 125 74 61 49 |65 168 45 86 18 199 66 185 117 157 15 76 |140 102 115 198 85 178 111 188 165 44 40 192 190 142 |71 119 160 162 31 |96 26 112 195 55 146 75 137 |57 4 21 156 166 5 154 175 35 |17 176 197 33 183 48 109 53 |34 171 43 42 173 144 133 128 101 62 ||9 |181 41 |93 161 151 |94 131 179 |158 |29 8 |98 72 |139 |38 106 87 |16 148 51 147 |103 84 58 |167 95 116 |73 39 |32 78 177 |130 186 143 134 |90 124 191 |104 |7 155 |25 127 |108 |136 |91 22 |150 54 |89 189 123 126 27 |97 |6 |63 105 13 196 |114 77 |12 82 |184 47 159 59 81 92 1 |36 37 10 52 193 |83 194 |135 107 |88 118 122 |132 182 11 64 |46 |56 |68 |164 |99 |174 |60 121 
29804.6 386140
69 79 145 152 19 20 200 113 110 67 |35 43 171 100 154 199 185 66 165 76 |138 115 85 198 102 21 4 156 166 57 18 86 5 175 117 157 15 |65 44 34 141 50 120 168 111 178 45 188 40 192 190 142 153 |33 17 70 24 125 74 61 |170 23 14 129 30 28 80 163 |180 187 176 197 183 48 109 53 |149 169 71 160 119 140 62 31 3 172 2 |101 162 133 128 96 26 195 146 49 |42 173 144 112 55 75 137 ||104 |13 |147 |51 |103 |95 |59 131 87 |158 8 |7 124 |27 47 |106 38 |108 148 |46 134 126 |167 186 |98 116 139 184 |91 54 16 |94 159 191 9 82 |136 196 179 |81 105 |121 182 107 36 |84 68 |73 127 |189 |151 22 32 |29 72 |60 143 |123 88 118 |77 11 64 193 |58 39 161 |130 12 177 |99 181 |41 83 150 |56 97 122 |194 52 132 |37 10 114 |63 6 25 |135 164 174 |89 90 1 92 |78 |155 |93 
30220.3 382087
187 180 149 172 3 2 67 |169 120 50 141 170 23 14 129 30 28 110 80 163 153 |100 70 24 20 19 152 79 69 145 138 113 200 125 74 61 49 |65 168 45 86 18 199 66 185 117 157 15 76 |140 102 115 198 85 178 111 188 165 44 40 192 190 142 |71 119 160 162 31 |96 26 112 195 55 146 75 137 |57 4 21 156 166 5 154 175 35 |17 176 197 33 183 48 109 53 |34 171 43 42 173 144 133 128 101 62 ||9 |181 136 |93 161 151 |41 |179 |158 29 8 |98 155 94 139 |38 106 72 |108 87 |16 148 51 147 |103 25 |167 95 116 |73 39 |32 78 177 |130 186 143 134 |90 124 191 |131 194 84 135 |7 36 |107 58 |91 22 |150 54 |89 189 123 126 27 |97 |6 |63 105 13 196 |114 77 |12 82 |52 193 |127 |88 118 122 |132 1 159 |182 11 64 46 |56 59 |68 |104 37 |83 |10 |92 184 47 |81 |164 |99 |174 |60 121 
30983.6 380053
187 180 149 172 3 2 67 |169 120 50 141 170 23 14 129 30 28 110 80 163 153 |100 70 24 20 19 152 79 69 145 138 113 200 125 74 61 49 |65 168 45 86 18 199 66 185 117 157 15 76 |140 102 115 198 85 178 111 188 165 44 40 192 190 142 |71 119 160 162 31 |96 26 112 195 55 146 75 137 |57 4 21 156 166 5 154 175 35 |17 176 197 33 183 48 109 53 |34 171 43 42 173 144 133 128 101 62 ||9 |181 136 |93 161 151 |41 131 |179 |158 29 8 |98 155 94 139 |38 106 72 |108 87 |16 148 51 147 |103 84 58 |167 95 116 |73 39 |32 78 177 |130 186 143 134 |90 124 191 |104 |7 |25 127 |91 22 |150 54 |89 189 123 126 27 |97 |6 |92 159 |83 122 47 |1 10 |118 |68 |37 193 |184 |182 |11 99 52 114 |63 194 |81 |174 |13 107 36 |121 |135 |88 59 |46 196 |64 |77 |82 12 |56 |105 |60 |164 |132 
31189.7 378198
19 69 145 79 152 20 200 113 110 67 |35 43 171 100 154 199 185 66 165 76 |138 115 85 198 102 21 4 156 166 57 18 86 5 175 117 157 15 |65 44 34 141 50 120 168 111 178 45 188 40 192 190 142 153 |33 17 70 24 125 74 61 |170 23 14 129 30 28 80 163 |180 187 176 197 183 48 109 53 |149 169 71 160 119 140 62 31 3 172 2 |101 162 133 128 96 26 195 146 49 |42 173 144 112 55 75 137 ||177 47 |9 |94 |59 159 |151 |127 131 87 179 |158 29 8 |98 |139 |38 106 72 |16 148 51 147 |103 84 58 |167 95 116 |73 39 |136 32 |130 186 143 134 |90 124 191 |104 |7 |25 |108 41 |91 22 60 92 |150 54 181 |89 189 123 126 27 |97 |6 |155 |63 105 13 196 |114 77 |12 82 |135 193 |107 194 |88 118 122 |132 1 99 |182 11 64 46 |56 78 |68 |36 37 10 |83 |93 184 161 |81 |164 |174 |52 |121 
31976.5 377416
69 79 145 152 19 20 200 113 110 67 |35 43 171 100 154 199 185 66 165 76 |138 115 85 198 102 21 4 156 166 57 18 86 5 175 117 157 15 |65 44 34 141 50 120 168 111 178 45 188 40 192 190 142 153 |33 17 70 24 125 74 61 |170 23 14 129 30 28 80 163 |180 187 176 197 183 48 109 53 |149 169 71 160 119 140 62 31 3 172 2 |101 162 133 128 96 26 195 146 49 |42 173 144 112 55 75 137 ||9 |181 136 |93 161 151 |41 131 87 179 |158 29 8 |98 155 94 139 |38 106 72 |108 148 |130 186 32 184 47 51 |91 126 124 147 |167 159 59 |27 54 177 |116 89 90 81 |95 7 92 |6 150 |103 84 58 |16 127 39 |78 191 |83 164 |104 11 134 |13 22 46 |97 82 |10 |73 |189 |143 |196 |114 77 |12 |52 135 193 |107 25 |123 88 118 |174 1 132 |182 36 |64 |121 60 |56 |68 194 |37 |63 105 |122 |99 |
32927.7 374552
69 79 145 152 19 20 200 113 110 67 |35 43 171 100 154 199 185 66 165 76 |138 115 85 198 102 21 4 156 166 57 18 86 5 175 117 157 15 |65 44 34 141 50 120 168 111 178 45 188 40 192 190 142 153 |33 17 70 24 125 74 61 |72 170 23 14 129 30 28 80 163 |180 187 176 197 183 48 109 53 |149 169 71 160 119 140 62 31 3 172 2 |101 162 133 128 96 26 195 146 49 |42 173 144 112 55 75 137 ||99 |147 52 |116 60 |196 |64 87 |36 8 |78 179 |51 148 193 |122 41 |56 |186 |177 47 |88 |139 164 |11 132 |103 29 |108 38 194 58 |107 158 |90 124 191 |104 143 |7 155 |25 127 |84 131 |68 |134 |91 22 |150 54 |89 189 123 126 27 |97 |6 |63 105 13 181 |77 |106 114 |37 10 |73 118 16 |182 98 |167 82 32 |12 136 |174 |121 |83 |161 9 |46 |94 |135 |130 95 |151 |81 |59 |92 1 159 184 |93 39 
34793.4 374524
69 79 145 152 19 20 200 113 110 67 |35 43 171 100 154 199 185 66 165 76 |138 115 85 198 102 21 4 156 166 57 18 86 5 175 117 157 15 |65 44 34 141 50 120 168 111 178 45 188 40 192 190 142 153 |33 17 70 24 125 74 61 |170 23 14 129 30 28 80 163 |180 187 176 197 183 48 109 53 |149 169 71 160 119 140 62 31 3 172 2 |101 162 133 128 96 26 195 146 49 |42 173 144 112 55 75 137 ||104 |47 |87 |95 |64 8 151 |25 58 |94 127 |158 |51 |98 139 72 |148 38 |29 106 |124 |41 |63 132 |99 59 |194 108 |88 97 |90 186 |177 78 131 |193 143 182 11 |7 12 |73 |84 |83 |68 |107 |16 |27 |167 |6 |105 |134 |13 |164 103 |181 |118 |82 155 |114 |52 135 |37 |77 |136 |174 |22 191 |122 |92 81 89 9 |179 |196 10 36 147 |121 116 |56 54 |60 |189 |130 |150 |46 |126 |161 |159 91 184 |32 39 |123 1 |93 
35043 372057
69 79 145 152 19 20 200 113 110 67 |35 43 171 100 154 199 185 66 165 76 |138 115 85 198 102 21 4 156 166 57 18 86 5 175 117 157 15 |65 44 34 141 50 120 168 111 178 45 188 40 192 190 142 153 |33 17 70 24 125 74 61 |170 23 14 129 30 28 80 163 |180 187 176 197 183 48 109 53 |149 169 71 160 119 140 62 31 3 172 2 |101 162 133 128 96 26 195 146 49 |42 173 144 112 55 75 137 ||99 |147 52 |116 60 |196 |64 87 |36 8 |78 179 |51 148 193 |105 41 |56 |186 |177 13 |88 |139 164 |11 132 |103 29 |108 38 194 58 |97 |106 131 |98 143 |7 12 59 |73 127 |84 |83 |68 |107 182 |16 |27 |167 |6 |72 |134 |124 |63 |181 |118 |82 155 |114 |25 135 |90 |37 |77 |136 |174 |22 191 |122 |92 81 89 9 |158 |94 10 |47 |121 151 |104 |54 |95 |189 |130 |150 |46 |126 |161 |39 32 159 1 |91 123 184 |93 
35343.1 367820
69 79 145 152 19 20 200 113 110 67 |35 43 171 100 154 199 185 66 165 76 |138 115 85 198 102 21 4 156 166 57 18 86 5 175 117 157 15 |65 44 34 141 50 120 168 111 178 45 188 40 192 190 142 153 |33 17 70 24 125 74 61 |170 23 14 129 30 28 80 163 |180 187 176 197 183 48 109 53 |149 169 71 160 119 140 62 31 3 172 2 |101 162 133 128 96 26 195 146 49 |42 173 144 112 55 75 137 ||104 |130 |9 91 |94 |59 |151 58 |89 |64 |87 25 |29 8 |98 |38 72 |108 |54 |148 41 |158 10 |78 47 |116 27 177 |77 |107 |90 124 |193 143 |7 155 |84 106 131 |6 |127 39 83 |16 150 161 |186 |68 103 |189 88 |167 |191 |32 |181 |196 105 93 13 |36 |63 164 194 |118 122 12 |82 |132 |52 37 |182 60 |11 |174 |92 179 |121 81 51 22 |73 |139 46 |114 135 134 |99 184 147 |136 |97 |95 |1 159 |126 123 56 
41882.8 367791
69 79 145 152 19 20 200 113 110 67 |35 43 171 100 154 199 185 66 165 76 |138 115 85 198 102 21 4 156 166 57 18 86 5 175 117 157 15 |65 44 34 141 50 120 168 111 178 45 188 40 192 190 142 153 |33 17 70 24 125 74 61 |170 23 14 129 30 28 80 163 |180 187 176 197 183 48 109 53 |149 169 71 160 119 140 62 31 3 172 2 |101 162 133 128 96 26 195 146 49 |42 173 144 112 55 75 137 ||104 |147 |9 91 |94 |95 |151 58 |89 |64 |87 25 |29 8 |98 |38 72 |108 |139 |148 41 51 |158 |99 47 |97 27 177 |77 |107 |90 124 |193 143 |7 155 |84 106 131 |6 |127 39 83 |16 150 161 |73 |68 103 |189 88 |167 |191 |32 |181 |196 105 93 13 |22 |63 164 194 |118 122 12 |135 |82 |132 |52 37 |182 60 |11 |114 174 |92 179 |121 186 81 |10 134 |36 78 |56 54 59 |136 |116 |130 |46 |1 159 184 |126 123 
42543 364220

Time:24
Last Iter:10
Last Update:10
Tabu:0
Last Time24
16
92 110 61 67 31 64 77 180 104 183 20 138 120 192 57 198 96 |55 128 71 169 109 163 28 14 170 65 113 199 21 |200 132 172 75 43 42 173 103 156 40 190 |23 30 139 153 165 66 123 115 195 149 33 |152 48 53 193 49 91 137 15 157 185 188 18 85 44 34 62 101 133 |136 45 27 184 47 196 35 179 87 174 160 74 154 |98 155 79 130 189 168 16 13 100 112 26 162 140 187 24 |143 121 37 17 2 69 129 7 141 50 54 166 86 8 |80 147 46 11 10 197 176 119 114 164 194 144 171 76 159 116 78 178 |146 25 151 117 161 142 111 4 102 5 175 6 41 3 125 19 145 70 ||81 186 94 177 124 |131 58 |99 |9 95 |97 56 |59 32 191 72 |52 182 |150 105 63 |89 |38 84 51 |60 12 |90 167 |88 122 |135 68 |73 118 39 93 |22 181 148 83 127 |29 106 |126 82 1 |36 134 107 |158 108 |
15350 1.24809e+06
58 96 101 162 114 112 105 175 117 15 110 152 |80 61 41 31 91 151 179 35 87 195 71 113 138 170 28 50 188 199 154 21 198 |8 63 144 84 119 24 125 141 120 178 65 |69 30 23 82 90 34 40 168 111 88 85 122 166 127 86 157 53 183 146 133 |140 149 52 172 74 92 116 197 176 26 55 75 5 |64 109 33 70 1 165 66 39 83 100 156 115 136 56 137 |7 129 79 145 200 20 48 107 77 17 76 185 45 192 173 |6 42 68 174 160 180 11 19 95 190 163 |102 73 4 18 126 123 44 153 72 49 62 128 29 43 171 169 187 |3 2 67 134 182 104 98 14 167 139 191 142 27 57 ||155 130 51 |89 181 |158 108 |189 |99 60 22 |25 13 150 |164 135 36 193 |147 94 78 16 |161 47 32 159 81 |132 37 143 |97 118 196 |131 38 93 |59 184 124 54 |194 103 |186 9 12 177 |121 |148 106 |46 10 |
15908.8 1.22668e+06
19 79 143 109 163 15 175 5 86 21 102 85 |141 89 189 12 126 178 57 118 115 66 76 35 67 2 31 162 119 149 190 |173 133 101 3 61 33 17 176 152 170 120 168 165 199 100 |136 154 117 80 98 65 24 180 26 |104 70 11 134 46 153 188 45 27 129 69 200 169 71 55 42 |58 128 158 144 172 49 81 28 40 73 145 48 |10 52 74 7 34 54 4 198 13 185 137 62 146 38 |157 142 72 91 114 195 63 171 166 156 50 9 130 113 197 187 140 160 |82 14 23 30 186 110 125 20 99 107 96 75 6 16 18 161 192 44 |64 36 53 22 93 43 112 183 138 111 ||59 51 60 |108 |122 83 |37 |131 29 164 135 |106 84 |184 47 191 139 94 92 |41 174 148 |167 95 |97 181 25 |105 8 |87 194 68 |193 1 32 124 |150 39 56 |155 116 |177 78 127 196 179 |147 132 182 121 77 |90 |103 151 |159 123 88 |
15933.7 1.15613e+06
165 188 45 123 198 73 175 199 15 153 146 42 19 |187 121 125 74 89 65 100 195 |115 5 154 83 96 133 140 169 2 79 |29 38 8 171 151 185 34 113 24 149 162 101 |52 183 33 180 71 64 55 75 186 30 14 98 20 |190 27 178 118 4 166 105 35 26 158 62 172 53 49 163 70 197 176 |152 134 3 160 17 84 173 57 40 50 120 28 142 |136 85 56 111 12 168 44 141 95 170 145 200 109 31 119 76 66 43 |91 137 157 117 93 86 156 87 131 128 144 103 147 80 129 |135 164 112 106 68 25 148 18 21 102 78 124 192 72 67 61 110 138 69 23 48 ||90 82 189 |22 179 181 |6 81 |130 182 37 |77 104 |196 13 122 94 |174 58 194 51 184 |150 32 92 |7 60 159 47 |132 107 |167 |177 126 97 16 161 |193 114 99 11 |143 36 46 41 |1 39 |63 108 |127 |116 155 59 |54 |10 |9 88 |139 191 |
16445.5 1.14234e+06
65 188 133 151 162 101 96 79 10 195 55 146 75 153 |113 198 19 54 115 5 154 175 199 45 191 185 15 |59 33 183 165 64 121 149 2 180 52 |34 123 71 140 88 9 125 74 29 |89 83 73 42 171 186 30 14 98 20 |190 169 27 178 118 4 166 105 35 26 158 62 172 53 49 163 70 197 176 |152 134 3 160 17 84 173 57 40 50 120 28 142 |136 187 85 56 111 12 168 44 141 95 170 145 200 109 31 119 76 66 43 |100 91 137 157 117 93 86 156 87 131 128 144 103 147 80 129 |135 24 164 112 106 68 25 148 18 21 102 78 124 192 72 67 61 110 138 69 23 48 ||90 82 189 |22 179 181 |6 81 |130 182 37 |77 104 |196 13 122 94 |174 58 194 51 184 |150 32 92 |7 60 159 47 |132 107 |167 |177 126 97 16 161 |193 114 99 11 |143 36 46 41 |1 39 |63 108 |127 |8 |155 |139 |38 |116 |
21466.2 1.05457e+06
106 84 161 90 30 129 79 145 138 113 110 80 |82 141 12 27 177 153 |198 168 33 176 187 17 183 48 107 149 109 52 53 |180 65 170 23 14 7 28 139 163 |73 169 71 140 119 160 162 128 58 26 96 101 62 31 3 172 2 67 49 |85 146 29 6 43 175 148 181 117 196 137 |102 171 69 200 152 19 20 37 24 70 143 121 125 74 132 61 |4 42 133 173 68 144 108 112 195 55 75 35 157 15 |100 154 5 86 166 156 21 57 18 199 66 185 |115 197 155 34 120 50 44 111 178 45 188 165 40 192 190 142 76 ||72 |10 1 |131 38 194 114 91 |89 60 |123 22 |64 182 99 |77 134 11 |83 16 126 |167 |189 88 |78 |186 191 150 |94 13 93 |25 8 |122 118 124 |159 92 |9 95 |103 |63 158 |51 116 |127 97 56 |46 41 174 164 |39 |136 54 184 |179 32 |36 104 |98 |135 |147 87 105 151 |130 81 47 59 193 
23582.3 488058
144 4 21 102 156 166 57 188 66 185 151 |100 171 6 43 35 15 76 |2 3 172 101 26 194 112 195 55 146 75 137 153 |178 111 78 110 125 80 |45 18 86 5 154 83 175 148 199 117 157 |173 136 85 168 44 40 190 165 47 |115 170 20 19 152 200 113 138 30 28 124 192 142 |198 109 145 79 69 129 23 14 65 141 34 189 120 50 163 |17 160 180 169 71 140 119 162 133 128 96 174 62 31 49 |42 33 149 107 48 183 187 176 197 70 24 121 132 74 61 53 67 ||84 |179 |167 |135 |36 52 94 |73 184 72 |158 |93 22 |161 25 58 |92 90 9 177 |118 56 123 |143 37 64 |7 98 60 |103 108 |105 27 |77 99 |89 |32 191 |134 10 11 |95 |41 68 |97 |29 106 114 |51 196 39 127 54 |126 59 81 193 |13 1 130 46 |122 181 87 |164 38 63 |182 104 |147 186 116 82 139 159 |12 88 |131 |8 150 |16 |155 91 
24659.2 453769
70 5 100 156 21 102 115 198 85 178 188 165 76 |28 141 34 120 50 168 111 45 66 185 153 |4 65 170 23 14 30 129 69 79 145 138 113 110 80 163 |197 32 144 173 42 171 43 35 117 157 15 |161 86 16 18 57 192 40 44 98 190 142 |169 140 119 160 26 112 195 55 146 75 137 |128 133 162 64 3 31 67 |33 183 48 109 149 172 2 53 |187 71 176 17 24 20 19 152 200 125 74 61 |180 166 154 175 199 96 101 62 49 ||191 |89 |37 155 |134 158 58 164 |118 87 |124 196 181 39 |114 143 52 |11 132 116 |88 27 139 |13 105 150 |189 90 60 186 81 |38 108 68 |25 83 |7 95 9 |126 |73 |103 |82 12 72 |193 1 46 77 |63 6 147 |94 159 177 41 |194 106 |107 47 |167 |104 |93 |184 51 151 |130 97 |10 121 91 |8 29 174 |22 122 136 56 |99 |179 131 148 59 |78 123 |182 36 |92 127 |54 |135 84 |
27614.7 448162
21 19 30 |173 28 120 168 50 44 40 192 111 178 45 188 165 66 185 76 |171 63 43 35 137 49 53 67 |20 156 97 34 141 170 14 23 129 69 79 145 138 113 200 125 74 61 |183 48 109 75 93 117 157 15 |160 119 140 71 169 149 172 3 51 |65 38 112 96 162 101 2 80 163 153 |102 180 176 197 17 70 24 33 110 139 190 142 |187 42 115 198 85 57 122 4 166 18 86 100 5 154 175 148 199 |152 144 84 133 128 26 195 55 146 62 41 31 ||87 |8 |150 39 56 |116 |27 191 89 |68 |47 22 |143 92 |155 7 |90 189 |151 161 177 |124 32 60 |6 194 114 |9 98 72 |78 179 131 |107 64 36 134 |91 174 25 |16 123 |103 |37 |73 |167 |108 29 |126 59 81 193 |13 1 130 46 |127 54 |10 147 186 94 159 |83 181 105 |11 77 99 52 |82 184 196 |132 104 121 |135 158 |58 164 |88 118 |95 |12 136 |182 |106 
27711.3 445236
141 43 8 112 195 55 26 96 174 146 75 49 |142 190 192 40 44 168 111 178 78 45 188 165 |127 166 122 18 86 199 157 15 |100 5 154 175 117 35 137 |187 171 85 198 115 102 4 21 156 57 66 185 76 153 |50 42 173 144 128 101 31 2 53 163 |162 160 119 140 71 169 149 80 |34 62 28 30 74 125 200 20 19 152 145 138 113 110 |133 120 65 14 23 170 129 69 79 24 183 48 109 172 3 67 |180 17 176 197 70 33 61 ||191 |89 |37 155 |134 158 58 164 |118 87 |124 196 181 39 |114 143 52 |11 132 116 |88 27 139 |13 105 150 |189 90 60 186 81 |38 108 68 |25 83 |7 95 9 |126 |73 |103 |82 12 72 |193 1 46 77 |63 6 147 |94 159 177 41 |194 106 |136 56 54 184 |179 32 |36 104 |98 |93 91 131 51 22 |84 64 |47 123 16 |167 92 130 |10 182 107 |121 59 |148 29 |135 |97 161 151 |99 
27876.1 419628
180 168 198 85 88 178 111 45 188 66 165 |65 200 24 33 187 176 197 17 183 48 109 149 3 67 |171 43 26 128 101 96 146 |175 154 5 21 4 166 86 18 185 76 |70 100 115 102 73 156 57 199 117 35 157 15 |34 133 144 42 112 195 55 75 137 |173 141 69 79 145 152 20 19 138 113 110 125 74 61 |28 50 120 44 40 192 190 142 163 80 53 |169 71 140 119 160 162 62 172 2 153 |14 23 170 129 30 31 49 ||63 39 |136 |54 |116 191 123 |121 98 |186 95 |38 84 87 |135 164 25 72 |90 82 189 |22 179 181 148 147 |6 81 |130 182 37 143 |77 104 |106 68 131 |78 124 |103 8 |196 13 122 94 |174 58 194 51 184 |150 32 92 |7 60 159 47 |132 107 |167 |177 126 97 16 161 |193 114 |10 99 36 41 64 |91 46 93 151 |139 11 52 134 |83 12 |1 127 |118 56 27 |29 158 |108 |155 89 |9 |105 |59 
28457.1 415905
65 187 9 176 197 17 33 74 |34 180 71 169 149 172 62 31 3 2 49 |24 70 183 48 109 61 |20 19 152 79 145 138 113 200 125 53 67 |190 192 40 168 44 120 50 28 80 153 |69 170 23 14 129 30 110 163 |141 140 119 133 128 162 101 96 26 195 55 146 75 |115 112 144 173 42 171 43 35 137 |142 165 18 86 5 154 175 199 117 157 15 |160 102 100 57 166 156 21 4 198 85 178 111 45 188 66 185 76 ||58 147 92 |97 |194 64 |105 |47 94 |46 |114 8 |184 |16 |193 177 |143 132 |56 |77 134 |108 68 103 |186 87 25 72 |27 54 88 |7 167 116 1 |22 151 196 161 139 191 |155 121 |6 174 179 |10 181 |89 90 82 |135 84 |189 |123 32 13 93 |164 |104 |127 122 118 136 |159 124 41 |130 60 78 |38 29 |126 |107 51 |99 91 |106 |37 59 |83 148 39 150 |73 |95 |11 52 |12 81 |98 |131 158 |63 36 |182 
29064.7 392358
65 187 104 176 197 17 33 74 |34 180 71 169 149 172 62 31 3 2 49 |24 70 183 48 109 61 |20 19 152 79 145 138 113 200 125 53 67 |190 192 40 168 44 120 50 28 80 153 |69 170 23 14 129 30 110 163 |141 140 119 133 128 162 101 96 26 195 55 146 75 |115 112 144 173 42 171 43 35 137 |142 165 18 86 5 154 175 199 117 157 15 |160 102 100 57 166 156 21 4 198 85 178 111 45 188 66 185 76 ||72 147 92 155 |97 |93 |47 139 |46 12 |114 8 |179 54 136 |193 25 177 |143 32 |56 87 |77 134 |108 103 |83 22 |89 181 |88 126 27 |68 |123 118 |95 159 191 |9 116 |105 |37 |196 13 122 94 |174 58 194 51 184 |6 |132 130 7 60 1 |73 161 |16 78 124 |52 82 |167 |29 164 64 |41 |106 |38 |121 107 |99 91 |84 135 151 |127 148 39 150 59 |189 186 |10 11 |90 98 81 |131 158 |63 36 |182 
32459.3 387940
65 187 104 176 197 17 33 74 |34 180 71 169 149 172 62 31 3 2 49 |24 70 183 48 109 61 |20 19 152 79 145 138 113 200 125 53 67 |190 192 40 168 44 120 50 28 80 153 |69 170 23 14 129 30 110 163 |141 140 119 133 128 162 101 96 26 195 55 146 75 |115 112 144 173 42 171 43 35 137 |142 165 18 86 5 154 175 199 117 157 15 |160 102 100 57 166 156 21 4 198 85 178 111 45 188 66 185 76 ||72 147 92 155 |97 |194 |93 |139 47 46 |114 8 196 |179 54 136 |193 25 177 |143 32 |56 87 |77 134 |108 103 |83 22 |13 181 |27 88 126 |68 |123 118 122 |95 9 94 |159 191 |105 |37 52 |12 89 |116 |167 82 |184 |130 |6 174 |132 7 60 1 |29 58 164 64 |73 161 |16 78 124 |41 |106 |38 |121 107 51 |99 91 |84 135 151 |127 148 39 150 59 |189 186 |10 11 |90 98 81 |131 158 |63 36 |182 
33902.4 380630
115 133 169 71 140 119 160 162 101 96 146 55 49 |156 21 4 85 54 57 18 86 185 76 |198 187 180 149 75 35 137 |144 65 129 23 170 69 79 145 152 19 20 113 138 110 163 |165 188 45 178 111 168 50 |70 24 200 125 74 61 80 153 |173 28 30 14 141 34 120 44 40 192 190 142 |102 42 43 171 100 166 5 154 175 199 66 117 157 15 |195 112 26 128 62 31 172 3 2 67 |17 176 197 33 183 48 109 53 ||191 |167 59 |116 161 151 22 |127 83 39 47 |38 8 |73 16 150 |11 121 182 52 |164 174 |139 10 72 |98 130 |118 56 78 |12 148 181 51 |122 159 184 |9 82 124 177 |104 193 81 147 |95 89 94 |136 88 |27 |103 135 |158 106 |68 87 25 179 |37 60 32 |6 105 |92 7 |108 |143 77 |91 |132 189 |13 126 |29 58 64 |107 |131 194 |63 |97 90 |93 123 |134 186 36 46 |84 41 114 |1 99 |196 |155 
46815.7 380322
115 133 169 71 140 119 160 162 101 96 146 55 49 |156 21 4 85 54 57 18 86 185 76 |198 187 180 149 75 35 137 |144 65 129 23 170 69 79 145 152 19 20 113 138 110 163 |165 188 45 178 111 168 50 |70 24 200 125 74 61 80 153 |173 28 30 14 141 34 120 44 40 192 190 142 |102 42 43 171 100 166 5 154 175 199 66 117 157 15 |195 112 26 128 62 31 172 3 2 67 |17 176 197 33 183 48 109 53 ||83 |38 8 |39 |164 13 |90 |104 |11 47 |88 127 151 51 |106 135 91 |46 59 179 87 |118 122 93 196 22 |95 159 191 |73 150 |121 37 52 147 |12 89 9 116 186 |167 82 92 |29 158 58 194 |105 27 |143 139 184 |64 107 174 |161 130 |98 177 |94 181 |155 |103 |132 |1 60 32 |6 |10 182 72 |68 |7 |136 81 |25 131 148 |126 124 |84 |77 |189 |123 |134 |63 |97 |16 |193 114 |56 |41 |36 108 |99 |78 
55401.6 379395

Time:20
Last Iter:10
Last Update:10
Tabu:0
Last Time20
22
118 127 16 199 175 137 80 74 109 187 162 144 40 50 168 |161 45 192 139 159 34 14 170 79 19 20 33 17 197 180 119 67 154 |55 195 164 106 63 5 73 185 190 28 129 65 70 176 48 |32 165 15 179 171 38 96 101 173 166 57 85 198 |112 128 71 114 49 53 2 52 183 110 136 102 |26 194 29 108 103 84 8 196 27 178 88 4 113 152 169 140 160 |125 121 61 72 163 22 93 39 18 188 100 133 141 |42 131 75 146 174 31 172 149 10 153 76 157 |200 182 134 3 151 35 83 150 156 21 115 30 69 167 |43 6 117 66 47 142 44 120 111 86 62 77 24 138 145 23 95 ||105 25 193 |94 9 89 123 78 |37 143 147 51 |184 90 |158 135 |104 |148 87 177 |81 116 82 124 |36 99 |126 122 |12 97 13 181 |59 46 91 |92 60 155 |54 56 |132 107 130 |98 |186 1 191 7 |41 11 |58 68 |64 |189 |
15935 1.23353e+06
3 52 11 180 147 80 142 168 145 |161 39 15 53 109 24 170 14 192 115 112 |102 5 35 96 128 101 84 144 173 110 69 129 23 50 120 |107 169 187 79 9 40 165 188 157 146 156 21 198 |86 148 93 47 184 22 72 91 114 140 160 183 70 20 30 45 42 |150 66 117 18 57 124 94 28 98 19 143 176 62 67 195 171 |37 121 48 17 197 149 71 26 55 75 137 76 185 4 34 138 152 74 |85 178 16 175 105 6 106 108 131 25 51 163 113 31 119 |133 162 172 49 153 61 130 159 190 141 65 166 |27 44 111 88 73 127 154 100 199 181 151 43 164 194 58 64 2 125 200 33 ||122 97 13 |186 82 60 81 |174 29 68 |77 87 |134 10 104 |38 |139 7 167 |41 126 12 |54 56 |103 |78 136 118 196 |46 36 116 |89 189 90 191 |59 1 132 99 |158 135 |155 182 193 |179 8 177 |92 32 123 |63 83 |95 |
16095.8 1.22604e+06
186 28 14 95 34 111 136 115 166 35 49 195 133 71 74 125 113 145 79 20 |110 132 2 64 96 26 146 42 156 45 168 23 |117 5 63 84 101 62 153 80 170 |47 177 120 81 53 114 140 176 |184 190 126 188 161 13 22 163 61 31 174 128 173 43 154 100 109 197 138 |91 48 11 24 104 152 69 130 192 40 78 88 85 198 73 57 86 199 185 |21 102 148 171 112 55 158 67 19 70 9 |143 46 3 75 8 105 93 157 165 18 4 129 180 119 160 |141 30 65 159 142 76 137 87 196 66 97 118 106 172 33 |1 92 200 183 17 187 169 149 134 162 144 83 175 15 178 44 50 ||123 59 72 |179 36 37 |94 139 32 90 |103 |150 151 191 |89 |25 181 39 16 127 |58 68 |122 54 27 |155 99 |38 108 135 |194 164 29 193 |60 116 98 7 |131 77 |10 |56 |167 |12 82 147 |41 121 |6 51 |52 107 182 |124 189 |
16536.2 1.20631e+06
198 85 166 102 171 42 173 75 76 40 50 138 145 152 187 71 |167 65 14 141 111 49 197 176 |120 34 30 155 98 70 33 183 61 53 101 140 157 190 45 |72 59 139 28 9 189 113 48 119 62 128 43 117 86 |36 99 10 17 104 180 160 26 55 112 63 83 199 73 163 110 129 20 24 |149 107 109 11 182 69 23 44 78 97 57 156 5 100 67 3 |22 51 142 94 80 193 116 168 188 115 195 146 |179 35 93 66 16 118 56 88 154 6 144 174 2 125 170 |162 96 38 87 31 77 19 177 165 185 18 4 |79 200 74 132 46 134 172 169 133 108 25 137 15 153 192 178 21 175 ||123 54 39 |1 130 60 90 |58 131 13 |124 150 |191 89 7 |127 122 136 |84 68 164 91 |92 37 143 52 |47 32 126 186 |81 147 114 |105 148 181 196 184 |41 194 8 |103 |64 158 135 |106 29 151 |161 27 12 159 |121 |82 95 |
16604 1.18332e+06
14 92 19 182 17 76 199 4 85 |63 171 35 127 102 163 110 74 24 176 79 |167 129 69 145 200 77 172 137 66 165 188 5 128 144 |73 100 166 122 18 153 80 187 |90 28 30 89 120 50 44 190 161 198 115 26 31 71 |183 48 109 46 37 169 62 101 42 117 45 178 111 168 156 |3 41 149 70 125 113 141 9 34 192 142 196 21 43 112 |49 114 146 75 15 185 181 148 105 29 133 197 143 170 23 65 |193 61 2 36 140 162 174 195 103 179 151 157 93 154 40 20 |173 164 96 55 67 72 147 53 52 33 180 119 160 152 138 126 123 57 86 175 ||98 155 130 |25 131 38 |12 189 |54 136 56 78 177 |116 1 47 13 |150 39 16 97 |6 58 |81 32 99 |64 107 10 121 |59 184 27 124 159 |95 |82 60 186 191 139 |68 |194 91 |7 |8 |104 |84 108 |22 106 87 51 |118 94 |11 132 134 |135 158 |83 88 |
16799.4 1.154e+06
153 91 3 71 176 23 111 115 43 |114 41 193 147 13 195 194 |107 197 119 53 49 125 20 145 30 165 188 57 86 199 102 85 |127 35 157 190 50 95 65 33 31 101 144 |158 96 146 137 15 59 32 44 126 89 28 14 19 200 24 109 61 163 103 |172 149 140 38 106 68 117 76 192 129 79 74 |173 29 58 62 77 10 110 80 138 69 185 18 4 |9 189 124 78 45 198 181 179 75 84 169 187 17 67 |136 166 154 100 171 112 55 151 66 27 120 34 168 113 152 70 48 180 160 2 |21 118 156 5 175 63 8 42 26 128 133 162 104 183 143 170 141 40 142 178 ||134 131 |161 88 |105 22 184 |191 92 130 60 159 81 51 |52 11 182 |98 37 |122 54 39 |186 82 155 |36 99 |6 108 |73 |16 148 |116 7 90 |56 12 139 |196 93 150 25 87 |1 47 177 |167 |83 97 72 |94 123 |132 64 174 164 |135 46 |121 |
16966.7 1.14786e+06
198 85 166 102 171 42 173 75 76 40 50 138 145 152 80 192 |71 65 14 141 111 49 197 176 |120 169 34 30 155 98 70 33 183 61 53 160 140 157 190 45 |21 72 3 139 28 9 189 113 48 119 62 128 43 117 86 15 |36 178 99 10 17 104 180 187 26 55 101 63 83 199 73 163 110 129 20 24 |149 107 109 112 182 69 23 44 78 97 57 156 5 100 175 67 |133 172 137 153 |22 59 142 94 179 193 116 168 188 115 195 146 |93 35 46 66 16 118 56 88 154 6 144 174 2 125 170 |162 96 38 87 31 77 19 177 165 185 18 4 148 79 200 74 132 ||134 108 |123 54 39 |1 130 60 81 |25 |58 131 13 |124 150 |136 |167 |191 89 7 |127 122 |84 68 164 91 |92 37 143 52 |114 |47 32 126 186 |11 147 |105 |181 196 184 |41 194 8 |103 |90 |64 158 135 51 |161 27 12 159 |121 151 |82 95 |106 29 |
20191.1 1.08219e+06
170 55 75 174 103 49 77 197 176 24 20 113 14 141 |171 178 45 168 40 142 |28 71 120 44 34 97 86 166 115 175 200 152 48 17 183 109 |35 112 153 80 9 10 169 119 38 5 21 111 69 19 |85 185 190 192 189 74 3 31 62 96 |132 107 149 172 2 53 76 |100 146 78 18 156 118 154 43 195 128 162 160 145 79 30 163 |157 181 13 4 199 173 136 27 124 50 143 65 23 32 138 110 125 61 70 33 |164 101 64 46 94 129 194 187 180 144 42 15 66 165 188 102 57 117 |198 26 58 135 133 140 67 72 106 151 137 ||91 114 63 |121 |126 127 |134 131 |161 88 |105 22 184 |191 92 130 60 159 81 51 |52 11 182 |89 |98 37 |122 54 39 |186 82 155 |36 99 |6 108 |73 |16 148 |116 7 90 |56 12 139 |196 93 150 25 87 |1 47 177 |167 |59 |147 193 179 41 |84 |29 68 |104 |83 8 |95 |123 |158 |
21094.8 977063
88 51 94 7 104 139 11 108 91 132 84 68 87 83 175 157 |160 162 55 67 |14 92 19 182 17 76 199 4 85 40 |63 171 35 127 102 163 110 74 24 176 20 152 79 138 |167 173 129 69 145 200 77 172 137 66 165 188 5 128 144 195 |180 73 100 166 122 18 153 80 187 33 61 53 |90 96 28 30 89 120 50 44 190 198 115 26 31 71 119 140 2 |183 57 48 109 46 37 169 62 101 42 117 45 178 111 168 156 86 |3 149 70 125 113 141 9 34 192 142 21 154 43 112 |49 114 146 75 15 185 148 105 133 197 143 170 23 65 ||193 36 174 179 |164 72 147 |98 155 130 |25 131 38 |189 126 123 |54 136 56 78 177 |116 1 47 13 |150 39 16 97 |52 93 |6 58 |81 32 99 |107 10 |59 124 |60 186 191 22 |134 181 196 184 |41 194 8 |103 |64 158 135 |106 29 151 |161 27 12 159 |121 |82 95 |118 
22532.4 974148
196 167 59 132 193 41 68 60 138 113 200 77 51 99 |65 87 175 154 18 127 166 57 54 190 142 163 72 |170 192 14 40 123 168 44 50 120 189 34 9 141 28 110 80 |69 122 103 173 42 171 43 35 117 157 15 137 |23 102 199 5 86 156 4 21 115 198 85 178 111 45 188 66 185 165 76 |129 144 112 195 26 146 55 75 |180 169 149 125 74 61 153 |100 79 30 145 152 19 20 17 187 104 176 197 70 24 33 183 48 109 2 53 |71 140 119 160 162 62 172 3 67 |194 133 128 96 101 31 49 ||90 |147 46 1 |52 |186 107 |7 |32 181 91 |105 83 |56 148 151 |94 182 |158 10 |58 84 64 |108 106 |36 11 184 47 |6 8 |63 |161 136 |164 135 |179 |126 12 |98 |88 |78 177 |134 |82 |118 |37 116 81 |97 159 139 |13 89 |25 38 93 |73 |95 |27 |143 155 |131 150 16 |29 174 |130 |22 124 92 |39 191 |121 114 
23958.1 552036
68 131 158 105 38 99 72 21 102 73 156 166 18 199 66 185 52 2 |115 77 140 119 160 162 128 96 146 75 |168 170 120 28 50 34 141 90 23 129 30 116 200 125 74 61 |112 195 87 35 117 196 157 15 76 153 |57 122 54 85 56 97 178 111 126 44 40 192 190 142 |65 189 183 17 197 176 187 180 71 169 149 172 3 31 49 |135 133 101 62 134 53 67 |198 100 43 42 173 103 144 26 55 137 |14 171 10 175 154 5 86 150 188 45 165 59 163 |4 69 109 48 33 70 24 37 20 19 152 79 145 138 113 92 186 110 80 ||1 159 89 |118 16 93 |58 |7 123 |60 98 |9 |147 |193 |107 41 |121 46 |36 182 184 |6 |130 |88 |143 64 |84 |104 51 |194 151 |32 78 |13 181 148 39 127 |94 132 114 |63 164 |155 82 |95 |179 |47 177 |167 |139 11 |106 108 91 22 |83 8 29 |124 136 |174 161 |12 27 191 |81 25 
25616.7 543747
106 114 159 51 52 122 54 6 108 100 73 5 175 87 35 1 110 80 |198 187 104 176 197 70 24 33 125 74 |117 171 43 112 26 146 31 67 |21 180 169 71 140 119 160 162 62 53 61 |42 173 144 96 101 49 |128 135 133 158 58 195 55 75 137 |102 30 152 19 20 183 48 109 149 172 3 |115 170 34 28 14 23 129 69 79 145 138 113 200 2 |17 141 165 45 178 85 136 4 156 166 57 18 86 199 185 157 15 76 |65 154 66 188 111 168 120 50 44 40 192 190 142 94 163 153 ||174 103 |155 89 |39 118 88 |151 196 148 179 |64 194 131 25 |29 63 105 |38 164 72 |11 22 |191 126 123 97 |56 150 59 |32 82 132 |182 116 60 92 139 |90 12 |134 |84 68 |95 167 |121 99 36 193 81 |41 77 |161 83 8 |147 186 98 |124 78 |127 181 177 |91 37 |9 |10 143 |27 189 |130 7 184 47 |93 16 |107 46 13 
25630.7 524597
42 173 144 133 146 |169 71 160 119 140 172 2 67 |154 86 166 57 18 188 165 163 147 |41 183 33 70 24 121 74 125 110 80 |20 43 171 100 5 175 199 66 185 117 35 157 15 76 51 |156 138 28 30 14 23 129 69 79 145 113 152 19 200 52 107 109 53 61 |124 168 189 34 141 120 50 44 142 153 |170 112 4 21 102 115 198 85 178 111 45 40 192 190 |65 180 187 176 197 17 48 149 3 31 49 |62 162 101 128 96 26 195 55 75 137 ||186 95 |132 |114 38 135 174 |164 72 151 |148 92 |181 196 94 116 |22 91 99 143 |58 84 64 |108 106 25 87 |81 36 11 184 47 |13 6 |155 130 |63 29 |161 136 |103 158 |7 182 |104 |98 |126 12 78 97 177 |179 16 |134 89 |82 |118 |46 159 59 |88 9 |73 93 |8 105 83 150 |1 123 139 |194 193 |60 37 |131 77 |10 32 |56 191 |167 90 |39 127 122 54 27 |68 |
26267.6 435961
152 19 20 24 70 33 183 48 172 3 2 67 |133 158 162 101 96 146 |111 168 112 120 50 44 40 192 190 142 163 |128 26 195 55 35 157 15 137 |17 197 176 180 109 125 74 61 53 |86 18 57 21 115 198 85 178 45 188 165 |171 42 173 144 75 |187 34 28 141 65 14 23 170 129 30 69 79 145 138 113 200 110 80 |166 43 156 102 100 5 154 175 199 117 185 66 4 76 |149 169 71 160 119 140 62 31 49 153 ||46 |107 121 92 1 |126 54 56 196 22 |90 9 184 |32 87 |52 139 130 147 |60 159 151 93 |72 11 41 |59 186 193 36 134 |91 64 37 |123 97 16 |189 116 |143 |177 131 |103 84 |7 |135 38 |6 83 105 |88 |13 181 148 39 127 |94 132 114 |63 164 |155 82 |95 167 |150 |51 |29 194 58 8 |179 161 |99 10 182 |106 |124 136 |174 108 25 |12 27 191 47 81 |104 77 |73 118 78 |98 89 |122 |68 |
27018 431086
175 154 86 166 156 21 4 57 18 199 117 157 15 153 |122 103 173 42 171 43 35 137 |23 5 102 115 198 85 178 111 45 188 66 185 165 |144 112 195 26 146 55 75 |180 169 149 125 74 61 |100 17 187 176 197 70 24 33 183 48 109 2 53 |71 140 119 160 162 62 172 3 67 |133 128 96 101 31 49 |65 168 170 14 30 129 69 79 145 152 19 20 200 113 138 110 80 163 |28 141 34 120 50 44 40 192 190 142 76 ||90 22 |147 46 1 |159 92 |73 |107 |167 |139 |123 |191 114 91 |105 83 |56 148 151 |94 |182 121 |158 10 |58 84 64 |108 106 25 |81 36 11 184 47 |13 6 8 |155 130 |63 174 |189 88 |136 |68 |126 127 78 177 |179 16 97 |134 89 |82 |118 |32 150 39 93 181 |95 59 |87 161 27 124 |135 38 |104 37 132 |186 12 |143 52 |194 164 29 193 |60 116 98 7 |131 |41 77 |51 99 |196 54 72 |9 
28371.9 383414
103 173 42 171 43 35 137 |23 102 115 198 85 178 111 45 188 66 185 165 |144 112 195 26 146 55 75 |180 169 149 125 74 61 |100 17 187 176 197 70 24 33 183 48 109 2 53 |71 140 119 160 162 62 172 3 67 |133 128 96 101 31 49 |65 168 170 14 30 129 69 79 145 152 19 20 200 113 138 110 80 163 153 |28 141 34 120 50 44 40 192 190 142 76 |57 4 21 156 166 18 86 5 154 175 199 117 157 15 ||90 22 |147 46 1 |159 92 |73 |107 |167 |139 |123 |191 114 91 |105 83 |56 148 151 |94 |182 121 |158 10 |58 84 64 |108 106 25 |81 36 47 184 13 |155 130 |63 174 |11 |88 |136 |68 8 |189 |6 |126 127 78 177 |179 16 97 |134 89 |82 |118 |32 150 39 93 181 |95 59 |87 161 27 124 |135 38 |104 37 132 |186 12 |143 52 |194 164 193 |60 7 |131 29 |116 98 |41 77 |51 99 |196 54 72 |9 |122 
28896.2 370092
103 173 42 171 43 35 137 |23 102 115 198 85 178 111 45 188 66 185 165 |144 112 195 26 146 55 75 |180 169 149 125 74 61 |100 17 187 176 197 70 24 33 183 48 109 2 53 |71 140 119 160 162 62 172 3 67 |133 128 96 101 31 49 |65 168 170 14 30 129 69 79 145 152 19 20 200 113 138 110 80 163 153 |28 141 34 120 50 44 40 192 190 142 76 |57 4 21 156 166 18 86 5 154 175 199 117 157 15 ||90 22 |147 46 1 |159 92 |73 |107 |167 |139 |123 |191 114 91 |105 83 |56 148 151 |94 |182 121 |158 10 |58 84 64 |108 106 25 |81 36 11 184 47 |6 8 13 |155 130 |63 174 |143 |136 88 |68 |32 |126 |78 177 |179 16 97 |134 89 |82 |118 |127 150 39 93 181 |95 59 |189 161 |135 38 |104 37 132 |186 12 27 124 |52 |194 164 29 193 |60 116 98 7 |131 |41 77 |51 99 87 |9 196 72 |122 54 
28920.8 369626
60 173 42 171 43 35 137 |23 102 115 198 85 178 111 45 188 66 185 165 |144 112 195 26 146 55 75 |180 169 149 125 74 61 |100 17 187 176 197 70 24 33 183 48 109 2 53 |71 140 119 160 162 62 172 3 67 |133 128 96 101 31 49 |65 168 170 14 30 129 69 79 145 152 19 20 200 113 138 110 80 163 153 |28 141 34 120 50 44 40 192 190 142 76 |57 4 21 156 166 18 86 5 154 175 199 117 157 15 ||90 22 |147 46 1 |159 92 |73 |107 |167 |139 |123 |191 114 91 |105 83 |56 148 151 |94 |182 121 |158 10 |58 84 64 |108 106 25 |81 36 11 184 47 |13 6 8 |155 130 |118 127 |63 41 |135 |196 9 |189 |98 |134 99 |194 |103 164 |59 186 12 |87 161 |88 136 |37 116 |97 27 150 39 |174 77 132 52 |95 72 |54 122 124 |143 |131 29 |38 |89 |181 |93 |68 |82 |177 |179 |78 |126 |7 51 |32 193 |104 |16 
29332.3 367491
103 173 42 171 43 35 137 |23 102 115 198 85 178 111 45 188 66 185 165 |144 112 195 26 146 55 75 |180 169 149 125 74 61 |100 17 187 176 197 70 24 33 183 48 109 2 53 |71 140 119 160 162 62 172 3 67 |133 128 96 101 31 49 |65 168 170 14 30 129 69 79 145 152 19 20 200 113 138 110 80 163 153 |28 141 34 120 50 44 40 192 190 142 76 |57 4 21 156 166 18 86 5 154 175 199 117 157 15 ||72 |196 77 |90 |99 |46 193 |131 52 |139 167 |123 |191 114 91 |105 83 |56 148 151 |94 |182 121 |158 10 |58 84 64 |108 106 25 |81 36 11 184 47 |13 6 8 |155 130 |63 174 |189 88 |98 89 |32 27 12 |7 60 41 |136 |159 132 |78 97 177 |124 16 |134 |126 1 |107 93 |73 127 150 39 |95 |135 194 38 |104 37 |181 |179 |186 143 |116 161 |29 68 164 |82 |118 |92 |59 147 |22 51 |87 |9 |54 |122 
32407.9 366357
103 173 42 171 43 35 137 |23 102 115 198 85 178 111 45 188 66 185 165 |144 112 195 26 146 55 75 |180 169 149 125 74 61 |100 17 187 176 197 70 24 33 183 48 109 2 53 |71 140 119 160 162 62 172 3 67 |133 128 96 101 31 49 |65 168 170 14 30 129 69 79 145 152 19 20 200 113 138 110 80 163 153 |28 141 34 120 50 44 40 192 190 142 76 |57 4 21 156 166 18 86 5 154 175 199 117 157 15 ||41 22 |147 46 |159 |131 91 52 |92 107 |186 |83 |164 105 |56 148 151 |158 10 |58 84 64 |108 106 25 |94 182 |184 123 |13 6 8 |155 130 81 |63 29 174 |161 136 |126 179 |143 36 |89 32 27 12 |98 |135 181 |1 95 |11 139 |7 |88 |78 |177 |97 124 16 |134 82 |118 |191 |121 37 114 |150 39 93 |73 |104 |127 |194 |189 |167 |59 |72 |193 |196 |38 |116 |132 |47 90 |99 |9 |68 |60 77 |51 |87 |54 |122 
34182.6 365994
103 173 42 171 43 35 137 |23 102 115 198 85 178 111 45 188 66 185 165 |144 112 195 26 146 55 75 |180 169 149 125 74 61 |100 17 187 176 197 70 24 33 183 48 109 2 53 |71 140 119 160 162 62 172 3 67 |133 128 96 101 31 49 |65 168 170 14 30 129 69 79 145 152 19 20 200 113 138 110 80 163 153 |28 141 34 120 50 44 40 192 190 142 76 |57 4 21 156 166 18 86 5 154 175 199 117 157 15 ||90 22 |147 46 1 |159 92 |73 |107 |167 |139 |123 |191 114 |91 |105 83 |56 148 151 |108 |182 121 94 |158 10 |58 84 64 |106 25 81 |13 36 11 |6 8 184 47 |130 155 |63 174 |189 88 |136 |164 |186 89 |179 |126 12 |143 |98 |78 97 177 |124 16 |134 |82 |118 |131 32 |181 27 |52 150 |39 93 |104 37 |135 |95 |127 |194 196 |161 |38 |7 |59 |132 |29 193 |41 116 |68 |60 |77 |51 99 |87 54 72 |9 |122 
34299.2 365059
103 173 42 171 43 35 137 |23 102 115 198 85 178 111 45 188 66 185 165 |144 112 195 26 146 55 75 |180 169 149 125 74 61 |100 17 187 176 197 70 24 33 183 48 109 2 53 |71 140 119 160 162 62 172 3 67 |133 128 96 101 31 49 |65 168 170 14 30 129 69 79 145 152 19 20 200 113 138 110 80 163 153 |28 141 34 120 50 44 40 192 190 142 76 |57 4 21 156 166 18 86 5 154 175 199 117 157 15 ||90 22 |147 46 1 |159 92 |73 |107 |167 |139 |123 |191 114 91 |105 83 |56 148 151 |94 |182 121 |158 10 |58 84 64 |108 106 25 |81 36 11 41 52 |63 29 174 |161 136 126 184 |143 179 |89 32 27 12 |98 186 116 |131 164 13 |6 8 |155 130 |135 181 |95 |7 |88 |78 97 177 |124 16 |134 |82 |118 |37 |150 39 93 |104 |127 |194 |189 |59 |72 |193 |196 |38 |68 |132 |47 |60 9 |77 |99 |122 51 |87 |54 
42996.7 361789

Time:21
Last Iter:10
Last Update:10
Tabu:0
Last Time21
18
158 128 55 43 148 45 53 149 42 |67 109 187 58 154 156 115 168 192 69 79 |165 184 22 153 81 80 110 24 176 71 140 162 86 21 178 |194 195 31 125 113 142 188 85 173 |185 93 181 175 16 73 111 89 30 152 74 183 70 180 119 146 15 76 |47 177 78 150 161 117 171 8 133 33 197 145 102 |11 10 52 193 163 159 139 190 44 50 120 9 34 23 138 19 20 182 62 75 199 5 100 18 |141 129 200 37 143 99 77 64 3 2 49 101 112 108 144 103 35 66 88 4 |72 172 169 17 104 14 40 157 57 106 26 96 |160 48 36 61 147 91 137 29 166 198 28 170 65 ||84 |32 7 |107 121 46 |179 63 105 39 |94 191 1 27 |123 |6 25 59 |124 126 |90 95 186 |41 164 135 |87 68 |155 98 92 132 |114 131 134 |12 54 97 196 |83 118 |38 |122 13 51 |60 116 167 |189 82 |151 174 |127 136 56 |130 |
15549 1.23063e+06
188 165 15 117 21 120 170 125 70 17 187 62 133 |144 194 112 128 101 149 109 35 171 142 168 34 141 |60 14 167 79 37 61 67 2 75 146 140 71 66 85 |83 127 166 4 45 163 74 30 55 162 42 |50 89 82 69 138 200 20 182 197 176 96 5 115 178 40 190 |195 26 58 29 106 173 103 43 105 154 86 18 156 185 76 153 172 33 |110 152 143 24 48 107 169 64 3 137 6 73 111 |36 52 11 77 119 114 53 157 25 57 118 102 28 113 19 180 |65 98 145 159 147 31 174 158 160 131 179 199 175 100 198 192 44 |95 7 129 23 32 177 93 16 122 80 49 183 ||196 13 63 |191 59 92 |8 68 |126 88 78 12 |47 150 39 |148 87 91 193 |132 121 116 |90 9 123 |97 |104 |56 54 181 22 |46 72 81 94 139 130 |51 151 124 |155 134 |135 84 |186 1 99 10 41 |108 38 164 |184 161 27 |189 |136 |
16032.9 1.18051e+06
133 194 96 172 2 153 137 43 21 40 50 120 129 138 70 176 119 |80 110 200 79 141 189 168 156 154 49 3 187 |58 128 162 146 112 108 107 48 183 74 |170 23 30 9 44 165 157 5 85 55 31 144 20 152 |14 116 155 98 94 61 121 33 140 26 195 75 86 198 |113 24 99 134 71 158 135 84 173 42 171 100 73 115 178 111 192 76 185 163 |88 45 39 142 190 191 139 92 69 89 109 149 180 17 101 |28 159 1 125 52 169 160 197 82 12 188 4 166 175 |57 122 117 59 67 193 91 114 62 29 38 68 104 182 145 |102 18 199 13 196 15 22 35 66 78 32 34 65 19 37 53 ||150 97 118 51 |177 105 |77 |167 |179 25 87 181 |56 |27 184 93 |11 10 36 64 |174 106 63 |16 127 |8 |41 46 132 81 47 |124 148 |143 147 |131 83 |126 123 54 |72 151 161 186 |6 |136 |164 103 |130 60 7 90 |95 |
16990.8 1.17034e+06
168 90 19 172 67 75 26 128 173 171 175 199 166 |30 92 147 52 176 200 152 192 21 195 133 |37 33 109 31 53 163 110 113 28 190 44 15 55 |159 34 79 2 153 157 5 100 156 96 101 |160 140 64 149 104 70 61 69 129 142 117 154 102 178 |165 66 196 43 108 158 162 62 3 48 20 170 167 65 111 18 |125 74 193 99 17 138 23 89 27 40 86 4 112 |57 97 115 105 6 38 58 71 134 24 80 137 185 |107 10 183 187 46 114 146 29 63 83 16 35 126 32 120 141 145 |182 130 1 14 50 189 45 188 181 76 49 174 131 144 42 119 169 180 197 85 198 ||41 11 121 132 36 |94 155 98 |164 135 |39 78 |106 68 |118 |87 179 151 194 |59 191 124 12 |127 73 13 |161 136 |84 |25 8 148 93 184 |72 91 177 123 |56 |103 22 |186 139 |95 |150 122 47 |143 77 |60 7 9 |54 88 51 81 |116 82 |
20005 1.16866e+06
135 173 49 48 69 50 40 198 |127 166 83 63 131 29 103 119 169 67 80 163 110 129 142 76 66 188 |154 117 137 61 172 62 146 26 112 178 111 65 79 145 113 19 |118 4 18 13 15 44 123 100 171 3 74 197 |55 96 160 152 189 102 183 138 200 30 60 |94 7 190 168 75 107 17 176 70 180 2 |52 109 143 187 170 14 90 28 159 120 124 192 35 86 115 |24 121 33 134 36 77 31 128 133 195 43 157 185 156 73 136 23 |148 175 5 16 57 45 165 59 53 41 116 162 164 87 71 20 141 34 |42 144 8 105 199 150 21 85 56 153 125 149 140 101 ||191 32 126 193 |46 130 139 22 |196 161 39 122 54 78 47 |155 11 |12 177 184 93 |81 1 132 64 114 |179 194 38 84 |158 |58 108 25 |182 147 |88 |167 72 |174 6 |37 |95 186 |91 68 |99 10 92 |51 151 181 97 27 |9 89 82 |104 |106 |98 |
20046 1.16745e+06
172 140 160 180 20 19 170 15 188 4 55 |115 148 49 67 53 163 200 33 197 169 |86 166 85 123 165 185 112 109 145 |147 110 130 14 50 136 156 18 137 146 96 133 |151 69 72 41 64 195 187 199 5 54 141 129 125 |76 186 28 142 153 80 2 101 35 171 42 57 111 183 24 |107 30 10 48 104 176 71 119 162 128 62 3 43 66 190 192 120 168 |8 113 105 100 21 198 178 45 78 95 65 138 74 61 31 26 149 |175 23 154 13 184 40 44 32 34 56 73 144 52 17 152 79 |102 70 118 150 93 117 157 25 87 75 91 174 58 84 103 173 ||134 11 37 |194 135 |181 116 |39 16 127 122 179 |63 29 164 |36 177 124 |98 |81 191 60 22 196 |99 114 |161 97 89 |7 90 1 92 |193 132 155 |159 189 9 82 139 |143 94 |108 106 131 |126 83 |121 |12 88 47 59 51 |77 158 |38 68 |6 46 |27 182 |167 |
20526.5 1.08268e+06
176 100 114 93 118 13 97 111 178 45 188 146 76 12 165 |171 43 42 195 55 142 163 153 |102 197 17 183 32 70 24 20 152 36 200 125 53 193 |71 140 119 160 162 96 174 62 31 49 |69 137 144 26 58 133 128 101 59 3 172 2 67 |187 82 33 19 23 14 90 141 9 34 189 44 40 192 190 75 |170 198 199 175 154 112 143 52 156 21 4 166 5 35 91 25 |57 86 16 18 66 185 117 157 15 |173 115 92 85 54 168 123 120 50 28 30 129 79 145 138 113 110 80 |65 48 104 180 169 149 109 132 74 61 147 ||95 |159 139 186 60 116 81 |88 124 72 |46 131 87 161 |68 51 |134 37 |38 63 |98 |78 73 |121 155 |94 7 191 |150 122 56 |41 77 107 10 |108 |1 130 11 |151 47 184 27 |148 83 8 6 |135 103 |179 105 127 |136 |194 29 158 64 |22 182 99 |106 196 |181 164 |84 |177 |39 |126 |167 89 
22893.4 646979
78 161 108 12 136 73 90 194 62 20 19 152 98 155 69 79 145 138 113 110 80 163 |187 104 180 109 172 2 |128 133 162 149 48 3 31 |197 176 17 33 53 67 49 |100 183 169 71 140 119 160 101 96 26 146 195 55 75 137 |70 173 42 112 171 43 25 35 117 157 15 |144 34 141 95 167 14 23 170 129 200 24 125 74 61 |65 198 5 154 175 199 85 115 102 21 4 156 166 57 86 18 188 66 185 153 |60 30 28 159 32 40 192 190 142 76 |50 120 44 168 111 178 45 126 165 ||143 |39 93 63 87 |116 52 |8 105 196 22 151 |88 124 72 |131 91 193 47 |36 10 114 51 |81 184 177 54 |84 135 174 41 |27 97 118 13 |182 64 46 |189 |6 106 38 |68 158 |107 121 |16 122 150 181 |123 7 |164 77 |148 83 127 |56 |89 94 130 |134 |103 29 |1 92 139 9 82 |191 132 99 |11 37 186 147 |179 58 59 
23706 521489
141 28 115 100 199 188 47 51 |140 119 160 158 101 91 |38 26 96 128 162 62 31 49 |34 144 68 42 195 55 146 75 137 |169 17 70 24 182 125 74 61 153 |136 54 187 152 30 167 65 170 23 14 129 69 79 145 138 113 200 110 80 163 |20 112 6 8 171 43 35 185 66 165 76 |173 19 50 111 85 198 102 21 4 156 166 57 18 86 5 154 175 181 117 157 15 |45 178 168 124 44 40 192 190 142 |120 133 71 180 176 197 33 183 48 109 149 172 3 2 53 67 ||147 72 |104 |148 |10 107 64 41 151 |46 |186 |105 78 |184 32 |73 |118 |194 135 25 87 |159 116 177 |39 |130 |174 58 |103 |134 11 37 52 |98 |95 |13 27 97 |196 59 |16 122 150 |123 7 |164 77 |83 127 |56 |108 84 |93 |88 12 |36 143 |179 63 29 |114 |81 60 22 161 |99 92 132 |191 |89 |90 1 |193 155 139 94 |189 9 82 |106 131 |126 |121 |
25762.2 434563
198 71 115 102 4 21 156 166 57 18 188 66 76 |85 160 162 101 128 96 26 195 55 146 75 49 |42 180 187 176 197 17 183 48 172 62 31 3 2 |33 70 24 20 19 152 200 110 80 |133 173 144 112 171 43 35 137 |86 100 5 154 175 199 185 117 157 15 |14 65 34 141 28 163 153 |30 129 23 170 69 79 145 138 113 125 |119 140 169 149 109 74 61 53 67 |165 45 178 111 168 120 50 44 40 192 190 142 ||11 |147 130 |143 41 64 |186 181 |107 104 |78 136 |32 52 |25 91 174 58 |194 135 134 |36 124 |39 |182 37 |73 |105 |98 |95 |123 |177 |193 10 |77 51 72 |196 59 93 13 |127 12 126 27 |108 8 |148 47 |179 87 16 122 150 |88 83 |103 84 |54 118 56 97 |7 159 191 |116 151 184 |60 |114 164 63 |81 29 |22 161 |99 1 92 132 |89 90 189 139 |155 9 94 |82 |106 131 |121 |158 |38 68 |6 46 |167 
27750.7 382586
169 168 85 198 115 102 21 156 166 57 188 66 185 76 |43 171 100 175 199 117 15 |165 45 111 178 18 86 5 154 35 157 |170 71 119 160 133 144 112 195 55 146 75 137 |140 42 173 26 96 128 162 101 62 2 67 |33 17 183 48 109 149 172 3 31 49 |4 180 187 176 197 70 24 125 74 61 53 |69 79 145 152 19 20 200 113 138 110 80 |65 14 23 129 28 163 153 |30 141 34 120 50 44 40 192 190 142 ||148 |147 130 |143 41 64 |186 181 |107 104 |78 136 |32 52 |25 91 174 58 |194 135 134 |36 124 |39 |182 37 |73 |105 |98 |95 |123 |177 |193 10 |77 51 72 |196 59 93 13 |127 12 126 27 |108 8 |11 47 |179 87 16 122 150 |88 83 |103 84 |54 118 56 97 |7 159 191 |116 151 184 |60 |114 164 63 |81 29 |22 161 |99 1 92 132 |89 90 189 139 |155 9 94 |82 |106 131 |121 |158 |38 68 |6 46 |167 
28289.3 379650
71 198 115 102 4 21 156 166 57 18 188 66 76 |85 160 162 101 128 96 26 195 55 146 75 49 |42 180 187 176 197 17 183 48 172 62 31 3 2 |33 70 24 20 19 152 200 110 80 |133 173 144 112 171 43 35 137 |86 100 5 154 175 199 185 117 157 15 |14 65 34 141 28 163 153 |30 129 23 170 69 79 145 138 113 125 |119 140 169 149 109 74 61 53 67 |165 45 178 111 168 120 50 44 40 192 190 142 ||167 159 |108 87 |78 56 |83 127 |89 82 |29 106 |143 107 64 |177 93 13 39 51 |10 |8 63 |7 |161 |174 150 |155 98 |25 |9 147 139 |12 90 |68 |148 |95 |73 122 |103 |136 |191 47 |118 54 88 22 |60 116 189 32 59 |124 123 196 193 |104 99 134 41 |84 158 58 164 |27 97 16 181 151 |6 38 131 179 |126 130 94 |182 132 184 |114 135 |52 186 |105 |37 |121 77 |91 81 72 |11 36 |1 194 |92 |46 |
29174.4 370472
71 198 115 102 4 21 156 166 57 18 188 66 76 |85 160 162 101 128 96 26 195 55 146 75 49 |42 180 187 176 197 17 183 48 172 62 31 3 2 |33 70 24 20 19 152 200 110 80 |133 173 144 112 171 43 35 137 |86 100 5 154 175 199 185 117 157 15 |14 65 34 141 28 163 153 |30 129 23 170 69 79 145 138 113 125 |119 140 169 149 109 74 61 53 67 |165 45 178 111 168 120 50 44 40 192 190 142 ||167 159 |108 87 |78 |83 127 |89 82 |29 106 |132 143 107 64 |177 93 13 39 51 |10 |8 63 |161 |174 150 |155 |98 147 |25 |9 139 |12 90 |68 |148 |95 |73 122 |103 |136 |191 47 |7 |118 54 88 |22 |60 116 189 32 59 |124 123 196 193 |104 99 134 41 |84 158 58 164 |27 97 16 181 151 |6 38 131 179 |81 126 184 94 |182 130 |114 135 |56 |52 186 |105 |37 |121 77 |46 91 72 |11 36 |1 194 |92 |
31488.1 369850
71 198 115 102 4 21 156 166 57 18 188 66 76 |85 160 162 101 128 96 26 195 55 146 75 49 |42 180 187 176 197 17 183 48 172 62 31 3 2 |33 70 24 20 19 152 200 110 80 |133 173 144 112 171 43 35 137 |86 100 5 154 175 199 185 117 157 15 |14 65 34 141 28 163 153 |30 129 23 170 69 79 145 138 113 125 |119 140 169 149 109 74 61 53 67 |165 45 178 111 168 120 50 44 40 192 190 142 ||174 |123 |121 52 |32 |94 |78 82 |58 6 |130 |135 158 |68 194 |64 38 131 |106 |136 39 |41 |134 104 |95 |105 25 |148 |181 73 |147 167 |124 |189 |10 |177 |193 |77 51 72 |196 |59 93 13 |127 12 126 27 |108 8 |11 47 |179 87 16 122 150 |88 83 |103 84 |54 118 56 97 |7 159 191 |143 |114 |116 151 184 |60 |164 63 |81 29 |22 161 |1 92 132 |89 90 139 |155 9 |91 |107 |46 |98 99 |182 |37 |36 186 |
31593.5 369831
71 198 115 102 4 21 156 166 57 18 188 66 76 |85 160 162 101 128 96 26 195 55 146 75 49 |42 180 187 176 197 17 183 48 172 62 31 3 2 |33 70 24 20 19 152 200 110 80 |133 173 144 112 171 43 35 137 |86 100 5 154 175 199 185 117 157 15 |14 65 34 141 28 163 153 |30 129 23 170 69 79 145 138 113 125 |119 140 169 149 109 74 61 53 67 |165 45 178 111 168 120 50 44 40 192 190 142 ||174 |11 |52 87 |56 |123 82 |127 78 |130 |135 158 58 |64 |106 68 |38 6 |39 |136 13 |41 |8 191 |161 |148 |25 147 |124 |181 73 |95 |189 |12 |177 |193 10 |77 51 72 |105 93 |196 54 |126 27 |108 |90 22 47 |16 122 150 32 |88 83 |103 84 |179 |118 97 |7 159 |107 134 |104 |132 |116 151 |184 60 |114 164 63 |131 29 |59 |99 1 92 |89 |121 139 81 |155 9 |91 |167 |94 |46 194 |182 98 |143 |37 |36 186 |
32115.1 366942
71 198 115 102 4 21 156 166 57 18 188 66 76 |85 160 162 101 128 96 26 195 55 146 75 49 |42 180 187 176 197 17 183 48 172 62 31 3 2 |33 70 24 20 19 152 200 110 80 |133 173 144 112 171 43 35 137 |86 100 5 154 175 199 185 117 157 15 |14 65 34 141 28 163 153 |30 129 23 170 69 79 145 138 113 125 |119 140 169 149 109 74 61 53 67 |165 45 178 111 168 120 50 44 40 192 190 142 ||11 |123 |108 179 |56 |83 127 |78 59 |58 196 |94 |132 |64 |93 13 39 51 |38 |8 |136 16 |68 193 |97 150 |25 147 |95 |124 126 148 181 |158 10 52 |6 |73 118 122 47 |103 41 |164 194 |99 |54 161 |72 159 130 |105 174 |29 |37 |27 |12 |87 |134 |7 167 |98 |60 |177 |88 |36 143 114 |104 |84 |63 |81 |22 186 |92 184 |89 90 189 139 |106 131 91 |77 182 |155 9 |82 |121 32 |116 |191 1 |135 |151 |46 107 |
33986.2 361669
71 198 115 102 4 21 156 166 57 18 188 66 76 |85 160 162 101 128 96 26 195 55 146 75 49 |42 180 187 176 197 17 183 48 172 62 31 3 2 |33 70 24 20 19 152 200 110 80 |133 173 144 112 171 43 35 137 |86 100 5 154 175 199 185 117 157 15 |14 65 34 141 28 163 153 |30 129 23 170 69 79 145 138 113 125 |119 140 169 149 109 74 61 53 67 |165 45 178 111 168 120 50 44 40 192 190 142 ||11 |123 |108 179 |56 |83 127 |78 82 |58 196 |159 |132 |64 |93 13 39 51 |38 8 |68 |136 16 |135 193 |97 150 |25 147 191 |124 126 148 |189 |10 52 |6 |73 118 122 47 |103 41 |105 139 |182 134 |155 |7 |9 90 |158 |95 |181 |131 |174 164 29 |54 |87 |167 |116 143 |32 94 |36 91 72 |177 114 |84 |63 |88 161 |89 27 |107 60 130 |22 106 |194 |98 |104 |184 |81 |59 |121 |151 |46 |99 |1 77 |12 |37 |92 186 |
46485.7 361312
71 198 115 102 4 21 156 166 57 18 188 66 76 |85 160 162 101 128 96 26 195 55 146 75 49 |42 180 187 176 197 17 183 48 172 62 31 3 2 |33 70 24 20 19 152 200 110 80 |133 173 144 112 171 43 35 137 |86 100 5 154 175 199 185 117 157 15 |14 65 34 141 28 163 153 |30 129 23 170 69 79 145 138 113 125 |119 140 169 149 109 74 61 53 67 |165 45 178 111 168 120 50 44 40 192 190 142 ||130 |123 |108 179 |78 56 |83 127 |82 |58 |132 59 |64 |93 13 39 51 |38 8 |136 16 |68 193 |191 25 147 |97 150 |95 189 |124 126 |158 10 52 |164 6 |73 181 |148 118 122 47 |105 139 |134 11 |155 98 7 |9 90 12 |182 |103 |41 |174 |29 |54 |106 |92 143 121 |116 |32 |27 177 |60 1 |114 196 |161 |88 |99 |63 |46 89 |87 |81 |37 |91 |107 |135 |151 |36 |131 |159 |84 |167 |22 |186 |77 |94 184 72 |194 |104 |
47854 359671

Time:24
Last Iter:10
Last Update:10
Tabu:0
Last Time24
19
4 102 199 117 185 111 9 200 61 53 49 75 112 119 |174 114 3 2 149 183 182 30 90 65 189 120 44 40 66 18 55 173 |52 109 125 20 70 79 129 142 15 86 140 |25 179 151 93 154 171 165 163 67 31 62 33 138 34 |63 5 115 136 137 146 144 172 169 19 152 170 14 |141 59 184 177 181 6 108 26 162 74 17 |104 187 107 99 24 71 133 195 76 110 192 188 85 175 |80 153 186 145 69 23 10 176 135 68 42 166 178 |159 139 94 28 50 124 126 45 161 127 21 168 43 160 180 48 |27 32 190 191 60 130 113 143 197 77 101 96 128 58 29 8 35 157 57 156 198 100 ||51 47 13 131 41 |81 36 134 121 37 |7 98 155 |106 103 |16 54 97 196 |87 11 |82 167 |150 148 |88 |83 105 147 |46 1 92 116 72 |132 64 164 |38 158 91 22 |118 |194 84 193 |78 |95 89 |39 122 73 |12 123 56 |
15723.2 1.24272e+06
4 86 161 117 157 142 120 168 178 88 55 162 133 176 197 138 |149 52 81 110 23 39 166 85 100 195 128 |164 108 169 48 153 165 |123 12 40 192 47 57 43 26 53 200 14 |173 42 144 29 114 31 172 134 33 74 28 190 45 111 21 156 35 137 |60 30 34 189 27 177 188 150 148 171 75 151 67 96 101 160 119 140 71 180 187 70 24 |183 99 109 132 125 61 80 49 62 58 112 13 154 198 50 170 79 19 |102 115 136 122 18 5 181 25 6 103 2 163 76 69 17 |152 20 113 65 44 127 63 84 3 15 |185 66 199 175 105 8 87 179 146 194 64 77 92 145 129 141 54 ||38 68 131 |184 159 116 36 |174 11 121 |124 |155 |59 32 89 78 |91 106 |83 73 |118 |130 9 90 |104 |41 46 143 |139 82 167 |16 93 196 72 147 |94 191 126 97 |7 |56 |95 186 1 51 |158 |98 37 182 |22 135 193 |107 10 |
16096.7 1.18078e+06
115 156 88 123 44 28 80 125 145 157 128 |185 22 2 134 116 30 45 158 |92 186 69 36 172 68 173 100 166 102 198 40 192 |8 174 91 119 48 79 34 142 165 111 57 5 154 |176 10 182 19 110 153 67 3 31 117 175 86 43 |137 15 191 60 170 152 20 143 24 33 112 171 21 85 178 |66 196 35 25 6 106 42 101 41 77 187 197 138 98 167 95 168 18 |65 14 23 129 130 11 99 109 49 131 194 144 181 199 |1 163 190 50 7 113 37 74 132 17 104 169 71 160 149 146 75 188 4 |161 78 126 97 120 89 141 94 59 76 179 55 195 26 96 58 133 162 62 53 61 200 70 183 180 140 ||150 93 47 27 72 |46 107 164 |135 |155 |87 |73 |83 105 |159 29 |38 103 108 |63 16 |148 39 122 |52 64 114 193 |151 13 184 124 12 |136 177 |147 121 |32 9 82 81 51 |127 118 |84 |189 90 139 |54 56 |
16121.2 1.17315e+06
16 122 4 115 168 190 76 105 128 20 79 |36 99 176 169 31 19 69 34 44 188 57 18 5 |145 121 187 172 112 144 117 86 178 45 |82 141 94 186 155 24 70 183 48 101 26 55 75 154 111 |42 106 173 84 135 158 87 67 74 125 200 138 142 166 156 |33 197 104 119 3 153 35 43 100 191 28 129 65 |199 83 171 196 49 62 162 140 71 180 152 23 14 85 198 102 146 96 |182 37 113 167 9 12 126 97 56 150 66 15 137 80 2 149 195 68 |181 13 185 165 40 120 90 170 61 53 109 133 29 108 6 175 21 |163 110 30 50 189 123 192 157 64 77 160 17 143 ||27 124 39 91 |81 147 11 114 |164 |95 59 72 |41 134 107 |63 |7 92 193 51 |47 177 148 |73 127 |174 58 38 |88 |103 |98 1 151 |22 184 93 179 46 |159 139 32 116 |54 118 78 |8 |131 52 132 |10 |136 161 |25 194 |130 60 89 |
16813.8 1.14219e+06
89 9 8 136 57 5 175 75 55 119 169 33 24 |50 54 190 28 14 170 70 67 153 163 96 43 86 102 168 |83 35 80 3 103 79 |148 127 198 115 2 48 180 187 197 20 19 152 23 |45 195 40 192 142 59 159 139 1 200 121 61 53 62 146 149 69 129 120 |4 166 199 157 15 |30 155 167 74 36 72 140 133 106 42 165 178 85 21 |101 138 174 114 137 151 185 66 161 150 18 122 88 97 78 32 141 90 113 26 112 |73 71 154 171 68 144 194 31 76 188 125 109 17 176 145 |156 49 172 99 183 160 162 128 158 173 87 25 117 100 111 44 34 65 110 ||116 7 12 |179 13 27 51 |52 143 37 |84 108 58 |46 186 |104 |95 |6 |182 82 |181 39 |38 164 135 |196 105 |134 11 64 |118 |177 47 191 92 193 |91 63 16 |98 |189 124 |56 |81 147 22 131 |29 77 |10 132 107 41 |184 93 126 123 |94 60 130 |
19787.3 1.08839e+06
156 100 117 15 |172 128 26 157 49 |89 160 9 189 136 57 5 175 75 55 162 119 169 183 24 |50 71 191 190 28 14 170 70 67 153 163 96 43 86 102 111 168 44 |83 35 80 3 103 79 110 |65 148 127 198 115 2 48 180 187 197 20 19 152 23 |45 195 40 192 142 59 159 139 1 200 121 61 53 62 146 149 69 129 120 56 4 166 199 |173 30 155 167 74 36 72 140 133 106 42 165 178 85 21 |34 101 138 174 114 137 151 185 66 161 150 18 122 88 97 78 177 141 90 113 112 |73 33 154 171 68 144 194 31 76 188 125 109 17 176 145 ||99 158 |116 7 12 |179 13 27 51 |52 143 37 |84 108 58 |47 186 92 |104 |6 87 25 |182 82 |181 39 |38 164 135 |16 105 |134 11 64 |124 32 |54 |107 46 41 |196 63 8 |98 |95 |118 |81 147 22 131 |29 77 |10 132 193 91 |184 93 126 123 |94 60 130 |
19931.2 1.01363e+06
131 52 132 10 136 161 25 130 60 89 120 50 |30 40 192 163 |16 17 122 4 115 168 190 76 105 128 109 20 79 61 53 |176 169 31 19 69 34 44 188 57 18 5 175 157 |145 121 187 172 112 144 117 86 178 45 165 |141 133 94 186 155 24 70 183 48 101 26 55 75 154 111 |42 110 106 173 84 135 158 87 67 74 125 200 138 142 166 156 |33 21 197 119 3 153 35 43 100 28 129 170 65 |199 160 83 171 196 49 62 162 140 71 180 152 23 14 85 198 102 146 96 |182 185 37 113 167 9 12 126 97 56 150 66 15 137 80 2 149 195 68 ||181 29 108 |189 123 |27 124 39 91 |147 11 114 64 |164 77 |95 72 |41 134 107 |63 |90 |7 92 193 51 |47 177 148 |73 127 |174 58 38 |88 |103 |98 1 151 |22 93 179 46 |159 32 116 |54 118 78 |6 194 |81 59 191 139 36 |99 143 |104 |184 13 |82 |8 
22069.2 967005
170 165 188 198 85 178 45 111 168 44 40 192 190 142 |23 100 171 195 146 96 128 101 62 31 49 |51 124 196 32 68 52 95 105 12 123 |162 133 144 173 42 43 35 137 |187 18 4 115 102 21 156 166 57 86 5 154 175 199 66 185 |112 26 55 75 117 157 15 76 |50 120 34 141 28 61 2 67 |109 103 176 197 70 24 33 74 53 |97 65 14 152 19 20 200 125 163 153 |30 129 69 79 145 138 113 110 80 17 183 48 180 169 71 160 119 140 149 172 3 ||41 |29 46 91 |92 10 11 107 36 |25 147 191 81 |143 182 186 |164 64 |89 9 13 |56 88 136 |161 148 39 |131 |193 126 78 |87 179 |114 72 |132 99 134 |167 139 159 |60 116 |104 |177 |108 |189 82 7 |54 |106 158 |22 150 127 118 |121 77 151 |181 6 |16 73 |174 194 8 |1 37 |155 98 94 184 |47 122 |63 38 |135 84 |130 27 93 |59 90 |83 58 |
23202.1 549246
144 162 115 85 4 21 102 156 166 100 5 154 175 55 146 75 137 |173 42 195 35 117 199 188 66 185 157 15 76 153 |86 57 111 45 62 49 |18 187 138 145 79 69 170 141 34 120 50 44 190 |171 43 112 26 96 2 53 61 |28 128 109 33 24 200 125 74 80 163 |20 19 152 113 101 31 67 |133 27 32 59 93 196 65 95 90 14 23 129 30 130 110 |178 97 168 123 12 124 40 192 165 142 |198 70 176 197 17 183 48 180 169 71 160 119 140 149 172 3 ||41 |29 46 91 |92 10 11 107 36 |25 147 191 81 |143 182 186 |164 64 |89 9 13 |56 88 136 |161 148 39 |131 |193 126 78 |87 179 |114 72 |132 99 134 |167 139 159 |60 116 |104 |177 |108 |189 82 7 |54 |106 158 |22 150 127 118 |121 77 151 |181 6 |16 73 |174 194 8 |1 37 |155 98 94 184 |47 122 |63 38 |135 84 |52 83 |105 58 |68 103 51 
23671 490579
173 4 198 85 45 189 32 |168 178 111 126 137 |130 42 100 199 5 154 175 171 43 117 35 157 15 |57 21 156 166 86 18 188 66 185 76 |30 129 14 23 170 69 79 80 163 |65 152 28 141 34 120 50 44 40 192 190 165 142 153 |74 125 200 20 19 145 138 113 110 61 |102 187 33 24 70 197 176 17 183 48 109 2 53 67 |115 144 146 149 180 169 71 140 119 160 162 31 |75 55 195 112 133 128 26 96 101 62 172 3 49 ||11 |93 161 |64 |13 |95 59 |123 9 159 191 |107 |46 147 81 132 |179 143 36 |104 |6 87 25 |68 106 |122 88 97 78 27 177 |90 7 92 139 |12 89 60 |182 82 |8 83 148 39 |73 118 |136 |29 |52 10 |158 22 151 |150 127 16 |121 77 |167 |174 194 |1 37 |155 98 94 184 |47 114 |63 38 |135 84 |105 58 |91 103 |99 41 186 |56 72 51 |181 193 |196 134 |164 108 131 |116 |54 124 
25160.8 413241
173 4 198 85 45 177 32 |168 178 111 126 137 |130 42 100 199 5 154 175 171 43 117 35 157 15 |57 21 156 166 86 18 188 66 185 76 |30 129 14 23 170 69 79 80 163 |65 152 28 141 34 120 50 44 40 192 190 165 142 153 |74 125 200 20 19 145 138 113 110 61 |102 187 33 24 70 197 176 17 183 48 109 2 53 67 |115 144 146 149 180 169 71 140 119 160 162 31 |75 55 195 112 133 128 26 96 101 62 172 3 49 ||11 |93 161 |104 |13 |95 59 |78 9 159 191 |107 |46 147 81 132 |179 87 92 |139 27 89 60 |82 189 12 |167 |97 88 |41 91 |114 64 181 |143 182 36 |123 148 |106 83 |39 25 |29 8 |73 118 |136 |52 10 |158 22 151 |150 127 16 |121 77 |6 |174 194 |1 37 |155 98 94 184 |47 122 |63 38 |135 84 |105 58 |68 103 51 |99 7 186 |56 72 |90 193 |196 134 |164 108 131 |116 |54 124 
26129 409157
30 129 14 23 170 69 79 80 163 |65 152 28 141 34 120 50 44 40 192 190 165 142 153 |74 125 200 20 19 145 138 113 110 61 |33 24 70 197 176 17 183 48 109 2 53 67 |149 180 169 140 119 160 162 31 |133 128 96 101 62 172 3 49 |187 42 173 144 112 26 195 55 146 75 137 |43 171 100 5 154 175 199 185 |71 168 85 198 102 115 4 21 156 166 18 76 |86 57 178 111 45 188 66 117 35 157 15 ||11 |93 161 123 |104 |13 |95 59 |78 9 159 |107 41 114 |46 147 |143 |29 39 |179 87 91 92 |139 |89 |60 82 27 |12 126 54 |182 132 191 81 |167 |88 97 |106 158 |22 150 127 118 |121 77 151 |181 196 |16 73 |174 194 8 |47 122 105 |68 103 38 |99 58 |136 94 |63 52 |135 84 |1 37 184 |83 |155 98 |7 90 |25 36 10 134 |186 189 |193 64 |6 51 |164 108 131 |116 |56 |124 177 32 |148 |130 72 |
26866.9 374832
188 45 111 178 57 86 117 35 |30 129 14 23 170 69 79 80 163 |65 152 28 141 34 120 50 44 40 192 190 165 142 153 |74 125 200 20 19 145 138 113 110 61 53 |33 24 70 197 176 17 183 48 109 2 67 |149 180 169 140 119 160 162 31 |133 128 96 101 62 172 3 49 |187 42 173 144 112 26 195 55 146 75 137 |43 171 100 5 154 175 199 185 157 15 |71 168 85 198 102 115 4 21 156 166 18 66 76 ||103 |64 |52 |7 89 |54 63 |116 22 184 81 |82 98 92 147 |104 143 |9 1 132 46 |11 77 107 |123 59 93 |182 87 |38 179 47 |167 95 191 159 |8 194 |139 27 97 88 |106 158 |29 150 |121 151 |181 6 |16 73 39 |127 118 |174 |12 |186 196 51 41 |60 126 124 72 |131 148 25 |114 108 84 |155 36 |90 78 |134 193 99 |56 122 |68 58 164 |136 |135 |189 |105 |91 |94 |13 |10 130 |161 83 |37 177 |32 
29366.6 370959
30 129 14 23 170 69 79 80 163 |65 152 28 141 34 120 50 44 40 192 190 165 142 153 |74 125 200 20 19 145 138 113 110 61 |33 24 70 197 176 17 183 48 109 2 53 67 |149 180 169 140 119 160 162 31 |133 128 96 101 62 172 3 49 |187 42 173 144 112 26 195 55 146 75 137 |43 171 100 5 154 175 199 185 |71 168 85 198 102 115 4 21 156 166 18 76 |86 57 178 111 45 188 66 117 35 157 15 ||11 |59 164 |124 54 51 |82 134 |36 104 41 |9 116 92 186 |39 179 114 |143 107 |60 89 78 |29 |56 |93 27 191 81 |88 12 126 |167 |132 |97 |106 158 |22 150 127 118 |151 182 121 |181 196 |16 73 |77 |194 |159 |8 |47 |68 87 |103 38 |122 |99 58 |136 94 |1 52 |63 105 |37 184 |83 |155 90 |98 |135 84 |72 |174 139 |7 |189 |25 193 |6 108 |95 |91 |147 |32 13 |130 |161 46 |131 |148 123 |10 177 |64 
31828.4 366736
30 129 14 23 170 69 79 80 163 |65 152 28 141 34 120 50 44 40 192 190 165 142 153 |74 125 200 20 19 145 138 113 110 61 |33 24 70 197 176 17 183 48 109 2 53 67 |149 180 169 140 119 160 162 31 |133 128 96 101 62 172 3 49 |187 42 173 144 112 26 195 55 146 75 137 |43 171 100 5 154 175 199 185 |71 168 85 198 102 115 4 21 156 166 18 76 |86 57 178 111 45 188 66 117 35 157 15 ||11 |123 93 161 |13 |95 59 |78 9 |186 107 41 114 |46 147 |143 |29 |39 |179 91 92 |89 |104 |60 82 27 |132 191 81 |88 12 126 |167 |97 |106 158 |22 150 127 118 |151 182 121 |181 196 |16 73 |77 |194 |159 |8 |47 |68 87 |103 38 |122 |99 58 |136 94 |1 52 |63 105 |37 184 |83 |155 90 |98 |135 84 |72 |174 139 |7 |189 |25 36 10 134 |131 |193 64 |6 51 |116 |164 108 |56 |124 54 177 |32 |148 130 |
33206 366140
30 129 14 23 170 69 79 80 163 |65 152 28 141 34 120 50 44 40 192 190 165 142 153 |74 125 200 20 19 145 138 113 110 61 |33 24 70 197 176 17 183 48 109 2 53 67 |149 180 169 140 119 160 162 31 |133 128 96 101 62 172 3 49 |187 42 173 144 112 26 195 55 146 75 137 |43 171 100 5 154 175 199 185 |71 168 85 198 102 115 4 21 156 166 18 76 |86 57 178 111 45 188 66 117 35 157 15 ||11 159 |29 |124 126 88 |12 |174 |36 |116 72 |194 |167 92 |99 151 |177 58 |108 103 38 131 |189 46 |63 105 127 16 |90 7 |158 |32 27 184 |13 73 |41 |196 84 |161 39 |82 |186 81 182 |89 9 |91 164 |37 121 143 10 |97 22 |87 |95 |8 191 |93 47 |52 |155 |78 1 |136 94 |135 77 |59 |150 |83 |179 |181 |139 |122 |60 132 |56 118 |134 25 193 |68 106 |123 147 51 |114 |104 |54 |98 |107 |148 |130 64 |6 
34181.9 362443
30 129 14 23 170 69 79 80 163 |65 152 28 141 34 120 50 44 40 192 190 165 142 153 |74 125 200 20 19 145 138 113 110 61 |33 24 70 197 176 17 183 48 109 2 53 67 |149 180 169 140 119 160 162 31 |133 128 96 101 62 172 3 49 |187 42 173 144 112 26 195 55 146 75 137 |43 171 100 5 154 175 199 185 |71 168 85 198 102 115 4 21 156 166 18 76 |86 57 178 111 45 188 66 117 35 157 15 ||11 159 |29 |124 126 88 |12 |174 |36 |116 72 |194 |167 92 |99 151 |177 58 |108 103 38 131 |189 82 7 |63 105 127 16 |90 |158 |32 27 184 |179 |41 46 |196 84 |161 39 |13 |186 81 182 |89 9 123 |91 |37 121 143 10 |97 22 |87 |95 |8 191 |93 47 |52 |155 |78 122 |136 94 |135 77 |1 |150 |83 |59 |181 |139 |73 |60 132 |56 118 |134 25 193 |68 106 |164 147 51 |114 |104 |54 |98 |107 |148 |130 64 |6 
34370.5 361282
30 129 14 23 170 69 79 80 163 |65 152 28 141 34 120 50 44 40 192 190 165 142 153 |74 125 200 20 19 145 138 113 110 61 |33 24 70 197 176 17 183 48 109 2 53 67 |149 180 169 140 119 160 162 31 |133 128 96 101 62 172 3 49 |187 42 173 144 112 26 195 55 146 75 137 |43 171 100 5 154 175 199 185 |71 168 85 198 102 115 4 21 156 166 18 76 |86 57 178 111 45 188 66 117 35 157 15 ||63 |123 |93 |77 194 22 |95 27 |118 127 |29 46 91 |92 10 11 107 36 |25 147 191 81 |143 182 186 |164 64 41 |89 9 13 |56 88 136 |161 148 39 |84 |131 |121 |193 126 78 |87 179 |114 72 |132 99 134 |167 139 159 |60 116 |104 |177 |108 |189 82 7 |54 |59 124 |8 47 |122 |155 |58 |37 |181 |83 105 |12 |68 |90 |98 |158 |174 150 |106 |73 |6 51 |151 94 |52 1 |184 97 16 |196 |32 |38 |135 103 |130 
37685.5 361144
30 129 14 23 170 69 79 80 163 |65 152 28 141 34 120 50 44 40 192 190 165 142 153 |74 125 200 20 19 145 138 113 110 61 |33 24 70 197 176 17 183 48 109 2 53 67 |149 180 169 140 119 160 162 31 |133 128 96 101 62 172 3 49 |187 42 173 144 112 26 195 55 146 75 137 |43 171 100 5 154 175 199 185 |71 168 85 198 102 115 4 21 156 166 18 76 |86 57 178 111 45 188 66 117 35 157 15 ||11 |123 |93 |13 |9 |103 |107 52 147 |127 |186 60 116 139 1 81 |6 87 51 |143 |89 47 59 |46 27 126 |132 191 179 |88 12 |167 |63 124 |39 |104 41 |106 131 |22 150 181 |73 196 |182 |118 |114 |155 82 |121 |77 72 |8 38 |108 |98 |16 |25 |29 159 |36 |84 |194 |122 |78 |83 105 |99 58 |37 |158 |68 |92 90 |193 |7 95 |136 |174 |134 |189 |64 |91 |151 94 |164 10 |184 161 56 |54 97 32 |148 177 |130 |135 
48567.5 360328

Time:22
Last Iter:10
Last Update:10
Tabu:0
Last Time22
18
152 24 71 162 26 106 157 142 45 154 |79 19 186 80 67 137 172 180 17 173 100 102 |109 2 22 15 40 88 122 118 21 29 133 200 170 |187 10 48 11 52 31 49 75 55 42 103 5 178 165 145 |85 4 156 150 43 3 160 14 |93 13 25 171 108 101 119 77 107 183 197 176 74 163 44 23 69 |195 91 149 104 20 113 110 191 34 168 111 |62 41 64 140 169 158 96 146 35 117 181 199 148 86 16 198 188 185 184 27 50 189 141 125 61 |129 98 28 32 192 12 120 66 76 175 127 57 115 131 112 144 |18 166 56 161 190 153 81 53 114 174 128 135 33 70 138 30 65 ||194 84 |59 159 60 116 |126 123 |105 196 177 |78 136 |92 |6 151 51 |46 72 179 164 |139 37 |124 97 9 |90 |63 83 39 |94 89 130 |121 |58 68 |147 193 36 132 143 |7 |95 167 82 |47 1 155 |87 8 38 |54 73 |134 99 182 |
15464.7 1.19551e+06
88 21 199 148 35 49 96 140 149 33 152 110 141 |74 125 116 129 50 165 18 166 75 146 62 3 67 119 |200 130 69 7 14 95 168 115 175 185 61 31 183 |66 15 76 179 171 6 108 101 80 30 120 45 102 |192 89 1 138 155 23 11 104 172 128 42 43 198 |71 169 17 53 94 190 178 4 156 195 170 65 |154 5 83 73 124 27 44 59 153 20 24 26 112 |60 167 34 189 32 40 78 85 86 100 181 55 144 109 180 |137 157 93 63 173 174 162 2 48 176 37 182 113 145 79 98 28 142 |57 150 188 111 12 177 163 147 117 105 58 158 133 160 187 197 70 19 ||97 54 136 126 184 |51 131 68 |143 99 193 72 |196 29 |39 161 191 |134 107 77 64 |194 84 164 114 |8 139 |186 92 82 9 |81 22 13 16 127 |135 106 |41 52 10 |122 |159 47 151 25 87 91 |46 36 132 |118 56 123 |38 103 |90 |121 |
15858.9 1.17052e+06
34 7 65 182 62 140 15 |2 134 48 187 29 4 142 190 50 120 170 |158 195 112 41 119 33 129 168 85 115 156 175 117 |132 109 143 138 98 141 80 67 137 185 199 86 21 133 |139 116 37 24 70 99 160 26 144 76 165 188 102 |38 108 173 6 146 174 128 135 162 149 52 74 110 69 20 44 |192 126 56 136 166 66 157 151 75 55 58 84 101 172 10 19 |94 60 130 152 79 23 90 89 12 45 178 73 5 83 43 8 35 96 31 53 183 169 |198 57 148 105 42 103 91 72 163 61 17 145 14 40 |59 153 49 3 71 180 176 197 125 200 113 155 30 28 124 111 18 154 100 171 ||9 32 191 184 47 196 |147 46 36 25 87 |39 78 123 22 |81 193 194 |150 13 63 |106 |27 189 |167 82 |11 |97 54 122 93 179 51 |159 177 161 |88 186 1 |114 107 92 |95 |104 121 |181 16 127 118 |68 164 131 |64 77 |
16195.9 1.16165e+06
75 112 8 57 136 53 20 |71 149 70 141 40 45 4 185 76 153 55 133 144 |98 69 142 192 188 85 21 195 62 2 169 |102 115 86 128 19 79 30 50 |152 200 113 186 163 74 52 48 17 180 160 172 26 117 44 34 14 23 |145 130 110 125 147 67 49 3 119 104 197 90 199 154 171 43 |140 101 68 173 42 15 66 18 166 198 190 120 129 170 183 |146 87 35 13 161 148 63 103 135 77 11 33 121 187 61 28 65 |175 156 97 111 189 184 137 25 6 106 38 96 162 109 80 |138 1 191 165 157 131 31 41 107 99 24 37 176 168 178 5 100 ||12 124 47 |116 143 46 |151 179 108 84 |7 123 |118 |78 150 122 93 181 196 22 |174 194 158 |105 51 91 |60 155 |54 73 |95 82 |88 39 59 |72 81 94 9 89 92 |114 58 29 |132 36 10 182 |139 159 32 177 193 |164 64 134 |27 83 |167 |126 56 127 16 |
16549.4 1.13712e+06
63 171 87 175 169 71 138 23 |157 137 163 61 74 36 11 149 195 144 42 115 145 19 170 |12 120 34 95 183 109 67 146 128 154 5 57 198 |200 99 104 187 162 31 153 40 168 111 4 21 166 |152 28 65 45 178 39 136 49 2 48 197 |173 135 140 62 114 41 3 33 20 30 142 15 199 |124 27 192 165 76 35 78 9 186 147 113 70 17 119 55 |44 126 123 161 66 196 117 122 156 8 112 84 101 172 53 79 129 141 |73 100 43 106 58 164 75 151 185 97 85 50 14 80 125 24 176 |188 18 86 102 105 26 96 133 160 180 10 143 37 110 69 190 ||121 134 179 |90 167 82 159 |46 130 116 |93 16 54 56 177 |1 60 32 |103 |91 22 59 94 132 |131 108 |127 88 |189 7 |155 98 |51 47 191 139 89 |52 181 |83 118 |182 |29 158 |13 150 148 |174 194 38 68 |72 193 64 77 |184 25 6 |81 92 107 |
16726.6 1.12992e+06
52 171 177 175 169 71 138 69 23 110 |133 157 137 163 61 74 36 11 149 195 144 42 115 145 19 170 |194 120 34 95 183 109 67 146 128 154 5 57 198 |200 99 29 187 162 31 153 40 168 111 4 21 166 |152 28 65 45 178 39 136 49 2 48 197 |173 135 140 62 132 13 3 33 20 30 142 15 199 |124 26 27 192 165 76 35 78 118 139 189 113 70 17 180 119 160 96 55 |44 6 123 7 66 196 117 122 156 8 112 22 101 172 53 79 129 141 190 |73 100 43 106 94 164 75 103 185 97 85 50 14 80 125 24 176 |188 18 86 102 ||10 143 37 |150 89 |90 167 82 159 |46 130 32 81 |184 116 98 92 |121 64 151 |131 93 148 |56 |83 181 114 |1 12 |54 88 161 51 |25 108 68 |191 59 186 |134 182 |58 158 38 |193 77 104 |179 41 174 |84 |60 155 9 |147 105 63 87 |72 91 47 126 |16 127 |107 |
21275.9 1.08071e+06
199 35 117 157 137 49 |139 111 177 142 |176 164 64 134 140 149 33 19 152 110 141 163 |187 21 74 125 116 129 50 165 18 166 75 146 62 3 67 119 |200 133 130 69 7 14 95 168 115 175 185 61 31 48 183 |197 66 79 15 76 179 171 6 108 101 80 30 120 45 102 57 |173 192 89 1 138 155 23 11 104 172 128 42 43 198 188 |71 169 17 53 94 190 178 4 156 195 113 145 170 65 28 |154 162 5 83 73 124 27 44 59 153 20 24 70 96 26 112 |60 160 167 34 189 32 40 78 85 86 100 181 55 144 109 180 2 ||93 63 127 |126 56 16 |136 |52 8 |135 174 193 |10 36 |191 159 92 |90 |106 131 |143 72 |196 118 161 |98 |47 82 |122 97 |38 103 |84 |105 |37 107 77 |186 147 87 13 22 |194 158 25 151 |51 91 68 |121 |54 184 |148 41 46 |12 |99 |123 150 |88 39 |81 9 |114 58 29 |132 182 |
21554.1 954539
171 102 106 35 49 2 74 125 110 28 44 142 145 140 101 |97 198 86 100 185 153 61 200 138 33 176 190 40 192 |189 112 120 34 191 163 30 170 65 152 17 71 62 31 75 128 173 43 175 5 57 178 45 |85 113 80 172 67 |54 73 177 129 119 133 146 |144 23 69 19 121 48 52 149 160 107 157 18 166 199 |136 162 56 21 156 115 8 42 195 96 53 169 187 24 20 |38 10 3 147 99 197 180 98 14 141 168 111 188 66 117 |161 183 13 93 181 148 154 118 4 55 50 116 79 167 70 109 26 |137 15 76 165 ||60 90 |22 150 27 |131 6 |7 193 132 |84 135 |36 |41 64 77 |124 126 123 32 159 |1 16 |46 174 194 87 |12 186 |108 68 |37 143 11 130 |155 182 |151 25 158 |95 82 |88 39 59 |72 81 94 9 89 92 |114 58 29 |134 |103 |105 127 122 |196 179 164 |139 91 |104 |47 184 |63 83 |51 |78 |
23006.4 952521
195 23 119 87 90 129 173 55 105 156 166 26 128 154 5 |187 96 14 170 148 6 83 35 76 |37 124 21 137 56 57 127 18 86 123 114 |4 75 89 120 50 44 40 116 125 74 146 |85 198 100 71 194 112 131 171 43 175 199 188 142 190 59 153 |115 65 159 7 189 34 30 141 28 92 110 163 |147 200 113 138 69 145 152 19 20 36 67 |54 133 169 180 183 24 70 33 172 3 2 53 61 80 |42 197 79 176 17 48 109 149 140 160 162 101 62 31 49 |144 102 168 111 178 45 192 165 66 185 117 157 15 ||177 136 |12 32 |174 158 |52 |121 |27 1 134 |58 151 |11 |78 139 |106 |122 118 73 39 161 |25 8 |132 |167 95 9 |107 10 182 |97 |196 193 91 |77 181 |47 191 186 130 |104 |63 38 |150 16 51 |41 |135 46 22 |88 13 93 179 |98 155 60 |84 164 72 |99 184 |143 81 |82 126 |103 68 108 29 |94 |64 
23250 653027
101 162 119 140 71 169 149 109 52 172 3 62 31 67 |43 171 100 175 148 66 185 76 |165 124 45 111 180 57 127 145 86 117 157 |63 34 89 120 50 103 40 192 190 142 |30 7 14 90 141 28 153 |187 170 23 129 69 125 53 2 49 |20 19 152 79 44 138 113 200 110 80 163 |48 24 70 197 176 17 183 33 74 61 |65 4 188 85 198 115 102 21 156 166 5 154 199 35 15 |168 178 160 133 144 173 42 112 195 26 128 96 146 55 75 137 18 ||93 |177 136 |56 |116 37 |83 87 |11 159 196 |131 6 105 |98 184 |147 94 123 78 151 |114 134 181 |29 106 |122 118 73 39 161 |25 8 |158 132 |167 95 9 |107 10 182 |97 54 |189 |91 59 1 193 |77 58 |47 191 186 130 32 |12 |38 |92 |150 16 51 |135 46 22 |88 13 |179 41 36 |121 155 60 |84 164 174 72 |99 194 |143 81 139 |82 126 27 |104 |68 108 |64 
25222.4 559118
101 162 119 140 71 169 149 109 52 172 3 62 31 67 |43 171 100 175 148 66 185 76 |165 124 45 111 178 57 127 18 86 117 157 |92 34 89 120 50 44 40 192 190 142 |30 7 14 90 141 28 153 |187 170 23 129 69 125 53 2 49 |20 19 152 79 145 138 113 200 110 80 163 |48 24 70 197 176 17 183 33 74 61 |65 4 188 85 198 115 102 21 156 166 5 154 199 35 15 |168 180 160 133 144 173 42 112 195 26 128 96 146 55 75 137 ||177 136 |56 |104 |116 37 |83 87 |11 159 196 |131 6 105 |98 184 |147 94 123 78 151 |114 134 181 |29 106 |122 118 73 39 161 |25 8 |158 132 |167 95 9 |107 10 182 |97 54 |189 |32 59 1 193 91 |77 58 |47 191 186 130 |12 |63 38 |150 16 51 |41 36 |135 46 22 |88 13 93 179 |121 155 60 |84 164 174 72 |99 194 |143 81 139 |82 126 27 |103 68 108 |64 
25225.7 410454
64 134 50 44 40 192 190 142 153 |149 180 169 71 140 160 162 62 31 49 |85 167 141 34 120 168 178 45 188 165 |133 14 126 111 56 198 115 4 21 156 166 57 127 16 18 66 185 76 |128 144 42 171 43 117 157 |28 30 79 145 152 19 20 200 125 74 61 |102 65 170 23 129 69 138 113 110 80 163 |173 187 176 197 17 24 70 33 183 48 109 172 3 2 53 67 |119 101 96 26 112 195 146 55 75 137 |86 100 5 154 175 199 35 15 ||136 |52 8 |135 174 193 |104 10 36 |32 191 159 92 |90 60 |106 6 131 |143 1 72 |196 118 78 161 |130 7 98 94 |47 27 89 82 |83 122 97 |38 103 108 |84 181 |63 105 |37 11 107 77 |186 147 87 13 22 |194 158 25 151 |51 91 68 |155 121 |54 73 184 |148 41 46 |189 12 124 |99 116 |179 123 150 |93 |95 |88 39 59 |81 9 |114 58 29 |132 182 |139 177 |164 
25738.1 404080
71 65 79 14 23 170 129 69 145 152 19 20 200 113 138 110 80 |112 26 162 101 62 31 49 |180 42 4 21 156 166 86 100 5 154 175 199 117 |173 171 43 35 |144 195 55 146 75 137 |187 57 102 115 198 85 18 66 185 76 |24 157 15 109 48 33 183 17 176 197 70 121 125 74 61 53 |96 128 133 160 119 140 169 149 172 3 2 67 |44 50 120 34 141 28 30 163 153 |165 168 111 178 45 188 40 192 190 142 ||196 179 164 |82 92 |83 |89 |104 |54 |52 |99 161 22 |64 11 10 81 147 |126 97 56 151 |9 189 139 94 |98 60 |106 158 |148 123 |90 78 |13 127 118 16 150 |184 114 134 132 |181 29 25 |122 73 39 |8 |32 59 1 193 91 |77 58 |47 191 186 130 116 |12 |63 38 |167 95 |107 |51 |41 36 |135 84 174 |27 177 93 |136 |131 6 87 72 |159 |124 46 |194 108 68 |37 143 182 |155 7 |88 |105 |103 
29251.5 395832
187 176 197 17 183 48 109 53 |200 152 19 20 24 70 33 121 125 74 61 |96 128 133 160 119 140 149 172 3 2 67 |44 50 120 34 141 28 30 163 |165 168 111 178 45 188 40 192 190 142 |14 170 23 129 69 79 145 138 113 110 80 |42 173 144 26 195 55 146 75 137 |112 171 43 35 117 157 15 |65 115 85 198 102 21 4 156 166 57 18 86 100 5 154 175 199 66 185 76 |180 169 71 162 101 62 31 49 153 ||148 |116 |130 7 |179 108 |164 135 38 |174 194 29 |184 |82 95 |87 25 13 196 |104 10 11 147 |97 54 136 126 177 |51 68 58 |41 81 72 |89 1 94 |27 |83 124 |167 60 |93 37 |78 181 |189 |182 98 |105 63 |131 |88 |16 |32 59 193 |47 191 |39 161 92 186 |122 114 |134 158 64 |84 8 |150 139 |73 |9 12 |103 |99 77 107 |123 |6 |155 |91 |143 |106 |90 |22 52 |127 |159 151 |36 46 132 |118 56 |
31090 371178
187 176 197 17 183 48 109 53 |200 152 19 20 24 70 33 121 125 74 61 |96 128 133 160 119 140 149 172 3 2 67 |44 50 120 34 141 28 30 163 |165 168 111 178 45 188 40 192 190 142 |14 170 23 129 69 79 145 138 113 110 80 |42 173 144 26 195 55 146 75 137 |112 171 43 35 117 157 15 |65 115 85 198 102 21 4 156 166 57 18 86 100 5 154 175 199 66 185 76 |180 169 71 162 101 62 31 49 153 ||148 |116 |130 7 |179 108 |164 135 |22 174 29 |82 95 184 |131 106 6 |87 25 13 196 |104 10 11 147 |97 54 136 |126 177 51 193 |89 41 72 |1 94 59 |68 58 194 |38 |167 32 |60 27 124 |189 78 181 |150 93 83 |98 37 182 |105 63 |158 99 |88 12 |73 |103 |16 123 |81 |161 |92 39 |134 107 77 64 114 |84 |8 139 |186 9 191 |122 |155 |91 |127 |90 159 |143 52 |47 151 |36 46 132 |118 56 |
42707.7 371042
187 176 197 17 183 48 109 53 |200 152 19 20 24 70 33 121 125 74 61 |96 128 133 160 119 140 149 172 3 2 67 |44 50 120 34 141 28 30 163 |165 168 111 178 45 188 40 192 190 142 |14 170 23 129 69 79 145 138 113 110 80 |42 173 144 26 195 55 146 75 137 |112 171 43 35 117 157 15 |65 115 85 198 102 21 4 156 166 57 18 86 100 5 154 175 199 66 185 76 |180 169 71 162 101 62 31 49 153 ||148 |116 |130 7 |179 108 |164 135 38 |193 174 194 22 |82 95 184 |131 106 6 |87 25 13 196 |11 147 |97 54 136 126 177 |10 51 |41 99 72 |89 1 94 |68 29 |27 |58 83 |189 124 32 |78 59 |93 182 |98 37 |60 181 |63 105 150 |73 16 |103 158 |88 12 123 |167 |104 |39 161 191 |107 |134 114 |64 |8 84 |186 9 139 92 |77 |122 |155 |143 |52 91 |81 |90 159 |127 |47 151 |46 36 132 |118 56 |
42885.4 370378
187 176 197 17 183 48 109 53 |200 152 19 20 24 70 33 121 125 74 61 |96 128 133 160 119 140 149 172 3 2 67 |44 50 120 34 141 28 30 163 |165 168 111 178 45 188 40 192 190 142 |14 170 23 129 69 79 145 138 113 110 80 |42 173 144 26 195 55 146 75 137 |112 171 43 35 117 157 15 |65 115 85 198 102 21 4 156 166 57 18 86 100 5 154 175 199 66 185 76 |180 169 71 162 101 62 31 49 153 ||148 |116 |130 7 |179 108 |164 135 38 |193 174 194 29 |82 95 184 |131 |6 87 25 13 |196 10 11 147 |97 54 |136 126 177 51 |89 41 72 |1 94 59 |68 58 |106 |167 32 |60 27 81 |189 93 |78 181 150 |182 98 |63 105 83 |158 99 |12 16 |73 |103 |123 88 124 |104 37 |161 |92 39 |134 107 77 64 114 |84 8 |9 191 |127 122 |139 |155 |91 |22 |186 |90 159 |143 52 |47 151 |36 46 132 |118 56 |
44955.6 370050
187 176 197 17 183 48 109 53 |200 152 19 20 24 70 33 121 125 74 61 |96 128 133 160 119 140 149 172 3 2 67 |44 50 120 34 141 28 30 163 |165 168 111 178 45 188 40 192 190 142 |14 170 23 129 69 79 145 138 113 110 80 |42 173 144 26 195 55 146 75 137 |112 171 43 35 117 157 15 |65 115 85 198 102 21 4 156 166 57 18 86 100 5 154 175 199 66 185 76 |180 169 71 162 101 62 31 49 153 ||186 |148 |130 7 116 |179 108 |164 135 |174 |29 196 184 |131 38 193 |6 87 25 13 |10 11 147 |97 54 |136 126 177 51 |89 41 72 |1 94 59 |68 58 194 |106 |167 32 |60 27 124 |37 181 |150 93 83 |98 182 |105 63 |123 78 |88 12 |73 |103 158 |189 82 |104 99 |95 |161 191 |39 |64 107 134 77 |84 114 |8 |139 92 9 |122 |155 |143 52 |91 |127 |81 |22 16 |159 |47 151 |46 36 132 |118 56 |90 
46123.6 366983

Time:20
Last Iter:10
Last Update:10
Tabu:0
Last Time20
17
193 61 147 81 94 44 45 57 5 140 169 19 152 |37 48 149 172 31 137 146 112 135 171 190 40 |68 38 29 174 62 75 35 157 4 141 110 109 119 |175 18 118 102 185 192 163 80 53 49 55 195 144 23 |67 36 107 104 138 116 50 76 166 85 100 42 |8 25 151 196 184 139 92 125 74 2 26 17 33 24 79 170 34 |155 200 197 176 3 101 133 63 142 120 111 198 |72 28 30 129 69 182 70 71 128 96 173 43 199 188 21 |191 153 117 86 156 115 88 97 168 189 95 14 7 60 145 113 20 143 160 |99 183 180 187 162 131 87 15 66 165 124 126 178 154 186 65 ||134 10 91 |164 |98 90 9 |41 77 11 |12 123 |167 |52 46 64 22 |32 39 127 |148 6 |136 150 93 |83 |130 |73 16 47 |59 177 89 |56 122 78 51 |179 181 105 |159 132 121 |158 |106 114 |1 82 27 |13 161 54 |194 58 108 |84 103 |
15639.6 1.21506e+06
85 166 100 38 2 48 33 24 65 |192 123 178 57 156 175 153 31 62 172 140 169 180 197 19 28 |71 119 101 164 112 55 15 117 66 4 115 67 20 |27 124 45 161 35 154 5 29 133 183 61 120 170 |14 30 60 17 104 187 160 128 194 146 137 157 199 21 102 173 144 |138 98 37 74 193 110 159 165 76 96 176 |125 53 47 190 50 12 168 54 150 73 43 42 145 23 |171 105 86 185 196 111 94 69 152 200 70 109 195 135 |18 188 177 142 151 3 58 158 6 83 34 141 79 113 |162 26 75 49 41 52 10 149 143 1 80 163 40 44 9 129 198 ||16 126 32 |91 134 116 |155 7 130 |46 132 99 |108 103 |121 64 22 |131 87 179 181 93 |148 88 |56 136 118 39 |13 78 97 |84 68 |167 186 72 |59 36 |127 122 184 51 |114 174 63 |92 182 |90 |11 107 77 147 81 |139 191 82 89 |189 |25 8 106 |95 |
16132.8 1.19782e+06
65 167 19 33 137 75 26 43 35 100 |79 69 138 37 24 187 149 101 158 135 15 117 163 |70 197 104 77 71 96 146 175 154 18 4 115 45 192 110 125 113 145 129 |47 142 190 50 34 66 122 67 53 2 172 62 128 140 48 74 152 |200 116 23 170 191 177 165 51 87 105 57 106 180 |109 169 160 41 3 176 98 28 168 111 178 86 102 |94 60 14 80 61 36 11 17 31 49 171 5 |32 40 12 123 188 199 157 25 55 164 173 134 141 166 156 21 198 |42 108 195 174 133 119 151 39 83 56 120 95 30 |76 153 159 44 185 85 112 29 144 68 103 162 10 183 143 20 ||7 155 186 147 193 |46 114 58 179 |196 22 131 |127 118 |84 |9 90 130 59 |91 64 107 |13 161 150 16 124 |88 |73 |184 72 52 99 |93 63 |92 182 |126 189 89 81 |121 |54 |139 82 78 |181 148 194 |132 |6 8 38 |97 136 27 |1 |
16168.2 1.14778e+06
90 69 74 33 187 128 146 173 166 40 |192 123 122 100 171 42 3 2 140 160 180 176 200 ||37 183 36 169 25 117 154 5 57 85 142 163 |70 152 153 157 188 21 195 112 144 119 |165 161 199 45 12 190 28 80 67 125 109 71 101 |83 39 150 27 198 73 35 49 31 53 61 20 96 26 |8 106 174 114 62 77 11 143 138 79 155 167 65 82 34 168 |115 4 56 111 120 184 76 179 55 48 197 113 145 |159 139 191 9 141 30 129 23 170 110 104 75 15 66 18 86 175 43 178 102 |24 17 99 134 149 172 162 133 194 68 103 6 87 137 185 156 44 50 14 19 ||89 94 1 |148 105 131 |58 29 108 84 |135 |118 |91 41 158 51 |7 |107 186 |164 63 13 196 |78 127 |38 |88 32 147 |193 60 116 92 81 132 |151 64 |182 98 |121 10 52 46 |181 177 |136 54 97 124 47 |72 22 189 59 |93 16 126 |130 95 |
16934.8 1.11499e+06
90 69 74 33 187 128 146 173 166 40 |192 123 122 100 171 42 3 2 140 160 180 176 200 ||37 183 36 169 25 117 154 5 57 85 142 163 |70 152 153 157 188 21 195 112 144 119 |165 161 199 51 12 190 28 80 67 125 109 71 101 |83 39 150 27 198 73 35 49 31 53 61 20 96 26 |8 106 174 114 62 77 11 143 138 79 155 167 65 82 34 168 |115 4 56 111 120 184 76 179 55 48 197 113 145 |159 139 191 172 141 30 129 23 170 110 104 75 15 66 18 86 175 43 45 102 |24 17 99 134 149 178 162 133 194 68 103 6 87 137 185 156 44 50 14 19 ||89 94 1 |148 105 131 |58 29 108 84 |135 |9 |91 41 158 |7 |107 186 |164 63 13 196 |78 127 |38 |88 32 147 |193 60 116 92 81 132 |151 64 |182 98 |118 |121 10 52 46 |181 177 |136 54 97 124 47 |72 22 189 59 |93 16 126 |130 95 |
19870.8 1.11369e+06
133 40 174 101 62 149 187 74 80 138 145 35 42 144 |21 20 9 136 85 57 16 5 63 6 137 76 129 69 65 14 30 140 |38 106 105 100 115 153 53 33 160 31 |143 147 61 125 19 141 111 54 199 15 75 146 195 2 119 |64 169 107 39 11 79 110 142 192 86 55 96 |8 87 163 |26 179 173 3 134 52 180 104 200 113 190 188 178 45 |120 171 72 49 172 77 48 17 197 24 155 170 95 28 191 50 116 66 175 166 156 198 185 |152 162 92 186 60 23 90 34 27 124 126 168 154 43 112 68 71 109 183 70 176 |102 128 4 18 148 117 196 157 165 44 139 67 46 ||84 |12 127 |130 167 82 |189 |41 |94 32 184 161 93 |7 |88 83 |37 121 10 193 |151 25 181 13 150 |158 135 |122 81 |132 1 |58 103 51 |99 |73 118 |59 47 131 |123 97 56 78 |98 |164 |159 89 22 |36 114 29 |177 |108 194 91 |182 |
20018.2 1.0715e+06
129 85 60 82 89 189 168 54 102 43 70 152 |192 128 94 110 113 170 14 65 176 180 119 42 171 86 18 198 165 |127 162 16 5 166 156 21 115 157 53 101 183 187 67 |40 188 175 117 35 |25 31 61 200 28 17 71 160 144 173 195 |13 24 199 122 73 56 123 120 47 49 62 149 104 112 138 |75 146 108 135 172 125 9 45 57 66 76 |145 4 2 72 147 1 7 155 79 20 33 11 48 109 169 140 133 26 55 154 100 178 111 34 |69 148 3 63 179 137 15 185 142 190 44 126 88 141 95 19 74 197 96 |50 23 30 80 163 153 ||36 12 |191 177 78 150 |151 196 27 124 139 |83 92 |68 |59 93 181 22 |116 39 |174 184 |132 10 107 |87 41 134 |37 |90 |136 |159 130 98 |64 38 |84 46 |77 161 |97 118 |105 |81 32 114 91 |29 6 131 |52 |103 106 |182 121 |8 164 58 51 |193 186 143 99 |158 194 |167 |
22198.2 1.03966e+06
158 11 74 53 67 153 |18 98 63 100 167 55 103 154 182 24 70 17 101 31 36 |114 29 169 39 163 200 199 5 156 21 102 4 178 142 |141 35 170 22 72 80 61 109 149 133 195 166 40 113 19 152 145 138 |64 168 3 110 129 34 192 45 157 42 43 137 |57 69 150 124 27 120 189 159 1 79 20 48 180 176 171 85 66 |128 50 135 173 175 86 185 196 117 49 125 30 7 23 14 28 190 188 111 |161 197 165 76 147 94 116 9 89 44 65 121 33 183 71 160 62 26 58 144 96 |177 187 184 59 78 115 181 15 75 |198 2 172 52 37 140 119 162 68 112 146 ||32 13 |193 108 131 |84 8 |186 60 95 |12 123 88 56 |16 122 105 |38 106 |132 104 |91 |174 164 51 |139 191 92 82 |90 |148 83 54 |41 10 |118 73 |179 25 93 127 |99 151 |87 |136 |194 47 |81 97 126 |46 134 130 |155 143 |107 77 |6 |
23013.5 1.00099e+06
181 177 116 159 2 172 3 101 128 38 194 164 26 96 62 31 49 |144 187 180 33 183 17 176 197 70 24 20 19 200 113 138 145 79 69 30 60 1 110 80 |152 103 173 42 6 112 195 55 146 75 179 |136 198 4 21 57 18 39 66 185 76 |169 102 115 85 97 27 40 192 190 142 165 |71 170 28 129 23 14 65 167 141 34 120 50 139 94 163 153 |199 73 100 105 171 43 137 |54 133 162 160 119 140 149 48 109 125 74 61 53 67 |122 166 156 86 5 154 175 83 35 117 157 15 |188 45 178 111 168 123 44 32 191 ||108 |98 37 |78 |51 |134 |8 47 |56 12 |104 36 |82 95 |11 77 |68 106 |158 135 29 |118 148 196 151 |81 182 99 |63 16 150 |174 84 58 87 |41 64 |10 143 |7 155 186 |147 193 |114 |22 131 |127 |9 90 130 59 |126 189 89 184 |121 91 72 |107 13 |161 124 88 |52 92 |132 46 93 25 
23745.7 483914
115 48 159 28 89 90 23 14 7 30 129 69 79 145 130 92 110 80 163 |117 181 105 175 154 5 86 18 57 188 66 185 157 15 76 |158 160 119 140 172 3 |35 195 194 26 96 146 49 |128 162 71 77 149 109 2 67 |176 173 144 84 133 101 62 31 53 |166 197 169 99 17 183 33 70 24 37 20 19 152 138 113 200 125 74 61 |43 171 42 106 112 55 75 137 |102 180 170 65 167 82 141 34 189 120 50 32 190 142 153 |187 100 199 156 21 4 54 198 136 85 88 97 178 45 111 168 123 12 44 27 40 192 165 ||103 108 |47 56 126 |22 52 |10 64 174 |104 |124 72 |186 148 |184 191 9 |179 25 87 131 58 114 41 |51 93 150 |6 193 |134 143 116 |95 |38 |73 |59 139 60 151 |78 |122 81 |132 1 |135 |121 182 |83 161 91 |29 |155 98 |196 39 118 127 |164 11 |68 |13 177 46 147 |16 63 8 |94 107 36 
25587.8 470985
187 28 30 200 19 20 197 176 17 24 33 183 48 109 74 125 110 80 |118 127 179 |38 106 76 163 61 |149 169 71 119 160 140 172 3 2 53 67 153 |100 152 23 170 69 79 145 113 138 129 14 141 34 50 120 168 44 40 192 190 142 |70 57 156 166 18 86 5 154 175 199 66 185 117 157 15 |180 65 4 21 102 115 198 85 178 111 45 188 165 |35 43 171 42 173 112 75 137 |144 26 195 55 146 |96 133 128 162 101 62 31 49 ||105 6 |174 41 134 92 |90 12 |103 |124 |182 159 |58 93 196 51 |193 99 36 46 |158 64 |167 95 191 |83 150 |108 |7 155 |148 194 |78 123 27 59 184 |126 97 56 122 16 |8 47 94 |186 116 121 143 72 |181 39 22 161 13 |130 132 10 81 |63 177 |11 60 |82 89 189 9 |54 73 |29 84 |98 91 |151 131 164 135 |136 |68 |88 1 |147 32 52 |139 114 87 25 |107 77 37 |104 
26593.1 440266
125 19 69 79 145 138 113 200 110 |65 176 197 17 70 24 33 183 48 109 74 61 80 163 |170 23 14 129 30 28 76 |149 169 71 119 160 140 172 3 2 53 67 153 |100 20 141 34 50 120 168 44 40 192 190 142 |187 57 156 166 18 86 5 154 175 199 66 185 117 157 15 |180 152 4 21 102 115 198 85 178 111 45 188 165 |35 43 171 42 173 112 75 137 |144 26 195 55 146 |96 133 128 162 101 62 31 49 ||108 13 |98 37 |78 |158 99 |81 51 |107 121 |88 89 |22 134 |124 |41 10 143 182 |8 87 150 47 184 |56 12 |59 90 |104 52 36 132 |25 |60 |136 |93 |73 16 |29 106 |82 155 |54 |63 |11 |92 58 |186 126 123 |64 38 |84 46 |77 161 |97 118 122 127 |105 |68 91 |83 6 179 151 |39 9 139 |95 167 1 |189 191 |130 7 27 |148 |181 193 |177 116 72 147 |159 196 131 |32 |164 |103 |174 |94 |194 |135 |114 |
28687.6 374756
125 19 69 79 145 138 113 200 110 80 163 |170 23 14 129 30 28 76 |149 169 71 119 160 140 172 3 2 67 153 |100 20 141 34 50 120 168 44 40 192 190 142 |187 57 156 166 18 86 5 154 175 199 66 185 117 157 15 |152 4 21 102 115 198 85 178 111 45 188 165 |35 43 171 42 173 112 75 137 |144 26 195 55 146 |96 133 128 162 101 62 31 49 |65 180 176 197 17 70 24 33 183 48 109 74 61 53 ||108 |13 |98 37 |78 |158 99 |81 51 |107 121 |88 89 |22 134 |124 |41 10 143 182 |8 87 150 47 184 |118 56 12 |59 90 |104 52 36 132 46 |77 |136 97 |93 73 16 |29 106 |82 60 |54 |84 |11 |64 58 |122 127 123 |32 92 186 |25 63 |126 |1 |68 91 |83 6 179 151 |39 9 139 |95 167 |161 189 191 |130 7 27 |194 148 |105 |181 193 |177 116 72 147 |159 196 131 |38 164 |155 |103 |174 |94 |135 |114 |
30675.9 370733
125 19 69 79 145 138 113 200 110 80 163 |170 23 14 129 30 28 76 |149 169 71 119 160 140 172 3 2 67 153 |100 20 141 34 50 120 168 44 40 192 190 142 |187 57 156 166 18 86 5 154 175 199 66 185 117 157 15 |152 4 21 102 115 198 85 178 111 45 188 165 |35 43 171 42 173 112 75 137 |144 26 195 55 146 |96 133 128 162 101 62 31 49 |65 180 176 197 17 70 24 33 183 48 109 74 61 53 ||143 |135 |51 98 |94 |177 |41 179 |46 |182 |196 81 |87 |88 189 |114 151 |72 89 124 |132 |78 |184 |118 56 |92 |83 |10 |121 77 52 36 |104 11 |39 97 93 |73 |38 |9 60 |7 |54 |84 |64 58 |186 126 |122 127 123 |32 139 |25 63 |191 27 |103 |6 131 |8 68 |16 |99 155 |29 |47 22 |37 159 1 |82 181 |105 148 91 |158 108 194 |59 136 |106 193 |116 130 |147 13 174 |90 |167 |150 |95 |12 |134 |161 |107 |164 |
34383.4 365828
125 19 69 79 145 138 113 200 110 80 163 |170 23 14 129 30 28 76 |149 169 71 119 160 140 172 3 2 67 153 |100 20 141 34 50 120 168 44 40 192 190 142 |187 57 156 166 18 86 5 154 175 199 66 185 117 157 15 |152 4 21 102 115 198 85 178 111 45 188 165 |35 43 171 42 173 112 75 137 |144 26 195 55 146 |96 133 128 162 101 62 31 49 |65 180 176 197 17 70 24 33 183 48 109 74 61 53 ||37 |143 |122 |88 |104 |46 94 |147 179 |118 |191 |196 193 |103 |150 47 139 |82 32 |159 114 |155 |107 |13 1 |135 |123 124 189 |56 39 |8 |22 89 |95 |60 |136 |93 |73 |106 58 25 |63 164 41 |9 |27 7 |10 121 11 |90 |161 158 |78 97 |12 |84 |126 151 |29 148 |68 194 |134 52 |72 |59 167 |36 186 91 |6 105 |54 |83 87 |130 131 |16 132 |99 177 |181 |174 |81 98 |92 |77 |64 |184 |182 |116 |38 |127 |108 |51 |
44738.5 365449
125 19 69 79 145 138 113 200 110 80 163 |170 23 14 129 30 28 76 |149 169 71 119 160 140 172 3 2 67 153 |100 20 141 34 50 120 168 44 40 192 190 142 |187 57 156 166 18 86 5 154 175 199 66 185 117 157 15 |152 4 21 102 115 198 85 178 111 45 188 165 |35 43 171 42 173 112 75 137 |144 26 195 55 146 |96 133 128 162 101 62 31 49 |65 180 176 197 17 70 24 33 183 48 109 74 61 53 ||37 |60 |122 |88 |104 |46 94 |147 179 |118 |191 |196 193 |103 |150 47 139 |82 32 |159 114 |155 |136 39 |13 1 |135 |123 124 189 |56 |8 |22 89 |95 |143 |107 164 |41 9 |11 |158 |106 58 25 |63 |73 |27 7 |10 121 |90 |161 |78 97 |12 |84 |126 151 |29 148 |68 194 |134 52 |72 |59 167 |36 186 91 |6 105 |54 |83 87 |130 131 |16 132 |99 177 |181 |174 |81 98 |92 |77 |64 |184 |182 |116 |38 |127 |108 |93 |51 |
46105.5 364885
125 19 69 79 145 138 113 200 110 80 163 |170 23 14 129 30 28 76 |149 169 71 119 160 140 172 3 2 67 153 |100 20 141 34 50 120 168 44 40 192 190 142 |187 57 156 166 18 86 5 154 175 199 66 185 117 157 15 |152 4 21 102 115 198 85 178 111 45 188 165 |35 43 171 42 173 112 75 137 |144 26 195 55 146 |96 133 128 162 101 62 31 49 |65 180 176 197 17 70 24 33 183 48 109 74 61 53 ||83 |184 |51 98 |94 9 177 |147 179 |46 |191 118 |196 193 |29 |103 |114 39 |82 139 32 |159 |1 |135 |189 123 |8 |56 22 |143 |107 |41 158 151 |11 164 |106 84 |121 10 |58 25 63 |73 |90 27 |95 7 |124 136 161 |13 78 97 12 126 |68 194 174 |127 186 |104 77 64 |105 148 |167 |38 108 |182 |88 |122 16 93 72 |155 52 |89 |131 |54 |130 87 |132 |59 36 |81 |150 |60 |47 |116 |37 |92 |91 |134 |99 |181 |6 |
53757.5 364203

Time:13
Last Iter:10
Last Update:10
Tabu:0
Last Time13
15
120 32 186 60 30 98 74 31 162 103 137 35 198 115 |22 153 61 52 11 19 3 140 195 75 142 166 156 4 102 85 |199 93 157 47 40 27 78 45 56 122 100 101 80 125 28 14 65 |12 192 191 159 1 24 180 149 185 86 21 |48 33 143 197 49 66 178 83 43 34 141 |20 152 113 145 7 90 168 124 111 18 154 148 76 110 109 17 176 119 96 55 |151 117 181 5 105 171 106 42 173 144 114 62 71 107 187 182 138 170 23 |175 161 188 54 136 50 92 200 121 70 169 26 |190 139 44 165 57 88 69 79 183 36 2 172 67 146 112 133 160 |189 9 123 150 39 15 25 194 128 64 46 53 72 163 132 129 ||63 8 108 51 |99 77 |104 |135 |127 118 73 |155 37 |177 126 87 |174 164 196 13 |81 158 29 |134 10 91 59 |131 68 |89 167 |184 97 |130 116 |6 179 147 |16 |84 |94 82 95 |193 41 58 38 |
15484.1 1.2486e+06
190 184 185 148 127 4 111 34 28 69 149 31 187 |166 54 115 199 83 137 61 80 172 101 96 140 200 113 |192 168 57 42 173 119 169 2 74 125 163 138 20 24 129 |58 128 114 41 48 33 180 110 18 100 |104 70 64 153 76 15 154 118 120 144 |198 136 21 102 16 39 66 181 35 178 65 79 145 109 |17 176 183 11 30 167 95 12 150 117 43 6 156 |86 122 73 126 142 50 141 14 98 152 19 182 132 36 53 186 10 75 26 |179 157 196 165 188 45 85 23 170 52 62 49 146 195 112 133 160 |3 67 22 161 78 88 40 44 5 175 171 106 131 55 194 162 71 197 ||32 159 51 13 |174 99 81 |124 |143 59 |25 164 134 |177 27 89 189 139 |46 77 121 92 |7 82 |38 158 |155 |93 87 193 147 |116 37 94 |47 191 |63 |68 84 135 |123 97 56 72 |1 130 60 90 9 |105 8 |103 108 29 91 |151 107 |
15902.3 1.17647e+06
145 69 113 121 33 49 55 188 168 34 198 |15 117 13 35 87 75 114 158 169 180 24 18 166 156 154 100 |101 128 140 3 53 132 52 134 17 70 50 40 5 173 |102 57 199 175 43 106 38 195 162 48 200 129 170 142 66 |79 155 138 20 99 176 110 159 32 120 45 85 165 76 146 96 112 |187 149 46 193 67 80 92 130 19 182 14 192 178 54 21 144 |4 150 185 157 22 137 31 61 147 1 186 82 184 119 133 |172 36 77 183 143 125 81 163 30 124 56 86 196 |74 2 109 152 23 65 141 28 139 190 161 111 97 115 73 |171 42 103 26 62 160 71 10 197 37 98 167 44 153 ||41 107 104 |151 83 105 |191 |135 |136 122 177 51 |148 |164 |94 9 90 95 |189 89 126 |194 84 |16 |29 25 131 |47 27 12 39 |127 118 88 78 |59 181 179 |58 6 |8 |60 116 7 72 91 |93 123 |64 11 |68 108 174 |63 |
16294.4 1.17553e+06
48 77 64 62 31 37 30 86 42 |88 198 115 102 21 4 5 75 53 162 129 14 34 |76 185 175 18 166 156 131 195 169 70 200 152 145 69 120 |190 192 122 141 23 2 109 17 180 26 173 |140 133 164 146 151 196 154 100 57 43 144 3 49 67 61 170 |168 44 50 142 80 116 138 197 149 119 160 101 128 112 35 117 199 45 |107 193 163 22 157 55 84 68 16 118 54 136 178 |6 87 194 134 11 183 143 125 79 28 40 111 85 |187 33 132 74 46 172 114 96 71 15 181 165 |92 110 159 27 124 188 66 137 91 72 153 52 99 24 176 20 19 113 98 65 171 ||89 189 161 51 |93 148 105 83 |1 32 82 |106 |95 |90 7 186 191 |147 182 121 |58 158 135 |47 184 59 139 |123 97 |73 |150 12 |41 36 174 |60 167 9 |130 155 |126 |8 108 38 |103 |177 81 |63 29 |104 10 |179 25 13 127 39 |94 78 56 |
16696.7 1.15004e+06
73 86 154 100 117 35 111 145 48 |150 45 50 189 141 60 130 79 20 70 80 67 137 195 171 160 |175 63 26 101 172 109 113 30 142 165 15 |128 194 131 42 49 61 200 19 152 40 |25 96 119 71 77 33 143 104 2 53 125 110 69 129 65 190 168 199 |135 84 112 55 146 62 31 151 179 43 105 5 156 192 34 170 24 17 |149 107 183 180 41 74 76 18 127 102 198 85 28 23 144 |11 36 37 197 140 158 103 185 153 188 178 118 4 |176 187 132 138 14 167 159 157 83 115 162 133 |173 164 75 3 64 169 52 163 186 22 47 66 57 122 166 21 44 120 ||193 72 1 134 |78 123 |98 7 |89 12 |68 |124 |95 |32 191 27 |114 58 38 87 |99 182 94 |126 82 |106 |155 |6 8 29 174 |139 121 10 |56 97 184 196 |148 |108 |59 51 147 177 |9 90 116 92 81 |46 93 13 181 161 |91 39 16 |54 88 136 |
17171.1 1.1485e+06
73 86 154 100 117 35 111 145 48 |150 45 50 189 141 60 130 79 20 70 80 67 137 195 171 160 |175 63 26 101 172 109 113 30 142 165 15 |128 194 131 42 49 61 200 19 152 40 |25 96 119 71 77 33 143 104 2 53 125 110 69 129 65 190 168 199 |135 84 112 55 146 62 31 151 179 43 105 5 156 192 34 170 24 17 |149 107 183 180 41 74 76 18 127 102 198 85 28 23 144 |11 36 37 197 140 158 103 185 153 188 178 118 4 |176 187 132 138 14 167 159 157 83 115 162 133 |173 164 75 3 64 169 52 163 186 22 47 66 57 122 166 21 44 120 ||193 72 1 134 |78 123 |98 7 |89 12 |68 |124 |95 |32 191 27 |114 58 |38 87 |99 182 94 |126 82 |106 |155 |6 8 29 174 |139 121 10 |56 97 184 196 |148 |108 |59 51 147 177 |9 90 116 92 81 |46 93 13 181 161 |91 39 16 |54 88 136 |
19747.2 1.14753e+06
120 50 165 117 35 137 |86 71 24 70 33 17 197 176 187 180 183 48 109 53 61 163 |43 171 100 156 166 18 188 76 |115 21 66 75 62 2 172 3 31 49 67 |4 140 133 128 146 26 96 101 162 160 119 149 74 125 153 |170 198 85 57 45 178 111 168 44 40 192 142 |141 28 190 59 51 |34 69 65 152 20 19 200 113 138 145 79 23 14 129 30 116 92 110 80 |46 93 181 185 15 |102 169 144 173 42 112 195 55 175 154 5 39 16 199 157 ||54 |189 60 |135 108 151 |124 9 82 |143 107 77 132 |36 11 161 |194 106 63 |136 88 97 177 |103 84 |158 8 25 179 |127 83 131 |27 12 |147 91 38 174 |81 1 159 191 7 |104 |37 155 98 |68 |13 130 94 186 72 |196 87 29 41 |89 126 150 22 |73 78 47 |182 52 64 193 |6 |105 |32 90 95 |118 122 123 |164 134 99 |114 58 |167 |139 121 10 |56 184 |148 |
21388.7 469548
85 79 14 69 129 170 23 65 141 34 120 50 40 192 190 142 165 |144 145 17 180 169 71 160 119 140 172 31 49 |187 104 176 197 125 74 61 |173 24 183 48 149 162 128 112 195 55 146 26 96 101 62 3 67 |133 198 115 102 18 199 117 35 157 15 |166 57 111 45 188 66 |42 4 178 168 44 28 30 110 80 163 153 |21 5 171 43 75 137 |100 156 86 154 175 185 76 |200 113 138 152 19 20 70 33 109 2 53 ||38 |8 58 |72 193 186 |116 159 59 51 |114 91 22 184 181 |106 135 |179 25 63 93 |1 9 |196 87 29 |89 126 150 |151 73 127 |182 52 |174 68 |6 148 |32 191 7 |95 |123 12 |121 |118 |161 47 27 139 |41 36 46 |84 |92 94 81 132 11 |39 97 78 124 |147 82 98 |105 |130 60 90 |167 |107 134 99 10 |83 |37 |64 194 158 |122 16 13 177 |189 |88 56 136 |143 77 |164 108 131 |155 |54 |103 |
25811.2 424520
168 187 149 109 48 17 176 197 70 24 20 19 152 113 200 125 74 61 53 67 |105 171 43 8 112 195 55 49 |42 173 108 128 96 26 146 75 137 |133 145 79 69 170 23 14 129 30 110 80 151 |28 141 44 40 192 66 153 |35 175 100 5 154 199 117 157 15 |115 65 34 120 50 190 142 163 |144 138 33 183 180 169 71 140 119 160 162 101 62 31 172 3 2 |4 198 85 178 111 45 188 165 |102 21 156 166 57 18 86 185 76 ||184 |54 |58 41 81 |186 193 114 |7 121 |72 37 77 64 |167 95 9 |36 99 132 147 139 59 |83 118 |92 11 143 182 46 |93 161 150 127 122 78 |32 89 123 |68 29 25 |88 1 |90 155 60 |107 158 91 |104 |103 |134 98 |13 148 73 |159 27 47 |136 16 39 181 |12 126 179 196 22 |6 106 131 51 |10 52 174 |194 164 38 |124 177 189 |82 |87 |116 94 |191 |63 |84 135 |97 56 |130 
27218 409397
35 117 199 45 178 111 44 190 142 |188 168 40 192 165 157 15 |141 34 120 50 28 110 80 163 153 |30 129 14 23 69 145 138 113 |175 154 5 57 4 21 156 166 86 18 66 185 76 |198 170 79 152 19 20 200 125 74 61 |65 180 187 176 197 17 70 24 33 183 48 109 53 |115 160 119 140 71 169 149 62 31 3 172 2 67 |85 100 43 42 173 144 112 26 195 55 75 137 |102 171 133 128 162 101 96 146 49 ||59 |105 |63 |36 84 |37 107 |29 |159 9 7 |126 51 22 87 |38 131 |108 158 135 |118 56 177 |167 |143 151 179 |77 116 60 |148 41 114 72 |95 90 92 186 |182 132 94 1 |150 8 25 |106 193 |124 130 191 |155 |64 164 194 58 |16 73 |78 97 54 |68 |121 52 134 |82 |139 147 |88 127 13 |89 123 27 |174 |103 |104 |83 |11 |10 32 |12 |98 |93 181 161 196 |122 |6 184 47 |91 39 81 |189 46 |99 |136 |
32182 376825
200 20 19 152 69 79 145 138 |34 42 175 45 168 120 50 44 40 192 190 142 153 |35 43 100 86 188 165 |111 178 5 154 66 185 76 |180 113 187 176 197 17 70 24 33 183 48 109 2 67 |62 160 119 140 71 169 149 172 3 31 49 |162 101 128 96 26 112 195 55 146 75 137 |65 171 85 198 115 102 4 21 156 166 57 18 199 117 157 15 |133 141 28 125 74 61 53 |173 144 14 23 170 129 30 110 80 163 ||59 |105 |63 |36 84 |37 107 |6 29 |159 9 7 |126 51 22 87 |38 131 |108 158 135 |118 56 177 |167 |143 151 179 |77 116 60 |148 41 114 72 |95 90 92 186 |182 132 94 1 |150 8 25 |106 193 |124 130 191 |155 |64 164 194 58 |16 73 |78 97 54 |68 |121 52 134 |82 |39 139 147 |88 127 13 |89 123 27 |174 |103 |104 |83 |11 47 |10 32 |12 |98 |93 181 161 196 |122 |99 81 91 |46 |136 184 |189 |
33734.8 375065
141 34 120 50 28 110 80 163 153 |30 129 14 23 69 145 138 113 147 |57 4 21 156 166 86 16 18 66 185 76 |198 170 79 152 19 20 200 125 74 61 |65 180 187 176 197 17 70 24 33 183 48 109 53 |115 160 119 140 71 169 149 62 31 3 172 2 67 |85 42 173 144 112 26 195 55 75 137 |102 171 133 128 162 101 96 146 49 |43 100 5 154 175 199 117 35 157 15 |190 192 40 44 168 111 178 45 188 165 142 ||36 84 |6 |159 9 7 |193 51 22 130 |38 131 |108 158 135 |118 56 177 |134 |107 |184 |47 123 97 161 |174 |82 |25 |68 151 |78 89 92 |39 93 |150 |11 52 60 |189 32 186 1 |143 |139 98 |126 12 88 |91 179 87 29 |167 |181 148 105 |103 |83 63 196 59 |122 72 46 |104 132 81 |73 13 |106 114 41 |27 191 90 94 |155 182 37 |127 54 136 |10 99 64 77 |95 116 |164 194 8 |121 |124 |58 |
35612.5 373473
141 34 120 50 28 110 80 163 153 |30 129 14 23 69 145 138 113 147 |57 4 21 156 166 86 16 18 66 185 76 |198 170 79 152 19 20 200 125 74 61 |65 180 187 176 197 17 70 24 33 183 48 109 53 |115 160 119 140 71 169 149 62 31 3 172 2 67 |85 42 173 144 112 26 195 55 75 137 |102 171 133 128 162 101 96 146 49 |43 100 5 154 175 199 117 35 157 15 |190 192 40 44 168 111 178 45 188 165 142 ||36 191 |103 |6 29 |159 9 7 |126 51 22 87 |38 131 |108 158 135 |56 177 |167 |107 |184 |47 123 97 88 |91 181 |122 |68 151 |78 89 124 |39 93 63 |150 196 |11 52 60 |189 32 186 1 |143 |193 |130 |83 164 |179 84 41 |118 161 |139 46 |37 92 13 |82 72 |98 134 |77 25 |121 94 |194 64 174 114 |8 58 |148 12 27 |104 99 |106 |155 |54 136 127 |132 81 |10 182 59 |90 95 |105 |116 |73 |
35737.3 367151
141 34 120 50 28 110 80 163 153 |30 129 14 23 69 145 138 113 147 |57 4 21 156 166 86 16 18 66 185 76 |198 170 79 152 19 20 200 125 74 61 |65 180 187 176 197 17 70 24 33 183 48 109 53 |115 160 119 140 71 169 149 62 31 3 172 2 67 |85 42 173 144 112 26 195 55 75 137 |102 171 133 128 162 101 96 146 49 |43 100 5 154 175 199 117 35 157 15 |190 192 40 44 168 111 178 45 188 165 142 ||36 84 |81 |193 |51 47 |139 59 |95 1 |6 105 22 |38 131 196 |7 177 |134 |103 29 |118 |159 9 |184 |108 158 135 |123 97 56 |82 |107 |25 68 151 |39 93 92 |89 |150 |11 52 60 |189 32 78 |186 |143 |126 88 |91 |130 179 87 |181 148 |72 161 |174 |167 |12 |114 |99 |106 |155 |13 |83 |63 |98 46 132 |58 77 |41 122 |121 94 |27 191 |104 37 |127 54 136 |10 182 |64 |73 |164 194 8 |116 90 |124 |
36569.4 362467
141 34 120 50 28 110 80 163 153 |30 129 14 23 69 145 138 113 147 |57 4 21 156 166 86 16 18 66 185 76 |198 170 79 152 19 20 200 125 74 61 |65 180 187 176 197 17 70 24 33 183 48 109 53 |115 160 119 140 71 169 149 62 31 3 172 2 67 |85 42 173 144 112 26 195 55 75 137 |102 171 133 128 162 101 96 146 49 |43 100 5 154 175 199 117 35 157 15 |190 192 40 44 168 111 178 45 188 165 142 ||25 8 |81 194 |97 47 |139 59 |95 1 |6 105 93 196 |124 51 150 |7 89 |36 84 |103 29 22 |159 9 126 177 |87 38 131 |108 158 135 |56 |167 |107 |91 |184 |123 88 |181 |122 |68 151 |78 92 |39 118 |63 |11 52 60 |189 32 186 |143 |193 |130 |83 164 |191 |72 161 |174 41 |12 |104 |27 |114 179 |99 |136 |106 |155 |13 127 54 |64 37 |82 |98 |77 |46 134 |58 |148 94 |121 |132 |10 182 |90 |116 |73 |
36674.9 359612

Time:12
Last Iter:10
Last Update:10
Tabu:0
Last Time12
20
2 172 109 10 132 116 167 34 111 4 21 171 112 173 |145 155 28 139 110 143 33 183 180 140 101 26 55 75 100 |142 66 13 63 144 58 128 133 160 149 48 3 31 67 53 80 69 129 141 65 |50 192 117 29 38 135 70 170 14 |49 62 96 146 195 157 185 188 122 198 115 154 175 61 125 20 197 |199 5 102 85 123 124 44 47 153 137 106 119 138 |130 200 79 98 23 7 189 126 178 16 35 108 68 |42 6 43 179 15 76 163 193 74 113 24 176 187 78 156 |131 164 162 71 169 182 19 72 151 18 166 73 168 |30 152 17 104 134 51 59 190 40 12 120 45 165 57 86 ||150 177 159 60 92 |105 |136 127 93 |91 11 |39 |84 8 87 |54 88 32 |196 114 194 |107 121 37 |1 81 147 36 99 |97 118 |82 90 95 191 |174 158 |56 |184 161 148 94 |41 64 77 52 46 |186 83 181 22 |25 103 |27 89 9 |
15217.5 1.1605e+06
138 152 116 192 57 118 153 53 62 128 133 149 |26 112 43 83 4 102 120 65 170 69 183 17 180 2 31 |150 45 165 35 137 101 68 42 154 5 141 125 33 |144 158 119 71 187 70 20 49 142 40 50 111 |123 85 198 105 181 72 169 200 ||194 29 103 173 140 197 155 34 185 199 |179 22 163 110 130 113 11 10 172 91 174 195 38 6 63 73 115 |134 74 61 94 30 14 19 176 160 96 151 157 66 86 156 175 44 |28 60 145 23 90 139 32 190 124 188 13 166 54 171 8 106 146 162 109 80 |168 178 18 127 21 136 100 117 15 76 47 184 59 67 3 75 55 48 24 79 129 ||52 99 121 37 |77 135 |108 84 25 |92 161 93 147 |132 64 |107 46 41 |177 78 97 56 |82 189 |143 |39 |104 |148 16 191 |1 186 95 |81 193 114 58 |7 98 |167 |131 87 164 51 |36 182 159 |9 12 |122 88 126 27 |196 89 |
15987.3 1.15101e+06
182 33 17 149 71 53 76 192 |159 60 130 90 50 168 45 75 128 173 70 |77 48 183 134 36 37 138 170 163 190 188 157 175 85 160 |112 25 35 199 154 171 111 165 120 125 200 152 140 |118 4 102 57 86 5 185 15 55 62 61 74 28 141 23 |198 136 156 93 49 67 153 142 7 129 113 20 24 65 |162 174 194 195 42 105 150 123 9 145 19 80 2 3 172 31 109 169 119 |101 26 164 146 158 103 43 148 13 18 166 21 27 177 34 167 14 79 |69 121 197 187 46 96 58 108 144 6 63 100 117 66 178 40 44 |176 180 107 110 30 124 127 115 179 137 133 ||104 10 52 132 |51 59 97 88 56 47 |72 81 22 32 |64 41 193 1 |143 155 |126 39 83 |91 38 84 |147 94 139 191 12 |11 184 |181 122 78 |89 116 92 |114 131 87 8 |161 54 73 |29 106 |135 |186 151 |16 196 |99 98 |189 82 |95 |68 |
16126.1 1.14814e+06
87 75 31 158 169 183 197 163 141 85 175 43 |195 58 106 160 71 77 74 142 66 188 166 |33 17 140 26 146 153 40 44 168 178 18 199 100 34 69 152 20 200 ||23 7 145 187 101 133 190 45 111 57 |135 164 172 109 180 143 113 65 192 165 185 137 |136 4 177 47 196 139 50 130 138 48 62 162 96 112 42 173 |179 35 181 148 86 73 56 120 9 60 155 19 125 2 3 149 176 15 171 |28 186 32 27 54 127 102 115 157 49 67 24 79 14 |156 118 21 154 25 55 114 128 144 76 53 61 129 |170 30 191 110 80 132 10 70 119 174 29 103 117 5 198 88 ||107 64 51 |161 6 |92 90 95 |151 63 83 16 |184 |104 11 52 36 147 |22 94 1 82 |98 |122 150 13 91 |8 78 |97 |41 131 38 108 |159 89 124 123 |105 59 |193 99 |167 |84 |121 182 134 72 81 |93 39 12 |68 194 |46 37 116 |126 189 |
16281 1.13605e+06
2 172 109 125 132 116 167 34 111 4 21 171 112 173 |145 155 62 139 110 143 33 183 180 140 101 26 55 75 100 |10 66 28 63 144 58 128 133 160 149 48 3 31 67 53 80 69 129 141 65 |50 192 117 29 38 135 70 170 14 |49 142 96 146 195 157 185 188 122 198 115 154 175 61 |20 197 17 |199 152 5 102 85 123 124 44 47 153 137 106 119 138 |130 57 200 79 98 23 7 189 126 178 16 35 108 68 |42 30 6 43 179 15 76 163 193 74 113 24 176 187 165 78 45 156 86 |131 120 164 162 71 169 182 19 72 151 18 166 73 168 40 190 ||104 134 51 |150 177 159 60 92 |105 59 |136 127 93 |91 11 |39 12 |56 |84 8 87 |54 88 32 |196 114 194 |107 121 37 |1 81 147 36 99 |97 118 |82 90 95 191 |174 158 |13 |184 161 148 94 |41 64 77 52 46 |186 83 181 22 |25 103 |27 89 9 |
19903.6 1.02115e+06
115 42 6 173 144 128 133 162 160 119 140 172 41 3 53 |102 71 169 180 17 197 183 33 70 24 200 19 20 37 182 125 74 61 |95 175 199 188 66 185 76 |176 141 34 9 44 40 192 177 117 35 157 15 |126 57 86 18 150 75 137 |190 168 123 120 50 28 186 1 110 80 153 |152 198 87 63 43 112 195 55 146 26 96 174 101 62 31 49 |65 171 154 5 100 166 156 21 4 136 85 178 111 78 45 165 142 |187 167 170 23 14 7 129 30 163 |155 69 79 145 138 113 48 149 109 36 2 67 ||47 83 |51 181 148 |116 |130 |151 132 |60 99 107 |10 |189 90 |84 108 29 164 |27 161 |13 39 8 |134 64 |97 127 |73 |88 |139 147 |105 122 |54 118 56 |196 25 |11 |159 |194 106 114 91 |72 59 191 32 22 |52 121 143 |82 98 |77 104 |12 94 92 193 |38 179 |89 46 81 |58 103 68 |184 124 16 93 |135 158 131 
20928.9 467313
89 106 144 133 128 96 101 62 1 |85 58 162 160 119 140 71 169 149 64 172 2 |182 154 5 102 115 198 178 78 45 188 66 185 35 157 15 |97 111 9 165 76 |122 75 175 43 112 26 195 55 146 31 3 49 67 |100 168 166 156 21 4 136 54 57 18 86 199 117 137 |171 17 187 176 197 70 24 33 183 48 109 53 |42 28 141 34 120 50 44 40 192 190 142 80 |173 113 138 69 79 145 152 19 20 200 125 74 61 |180 65 170 23 14 129 30 110 163 153 ||51 |130 87 |92 134 10 |196 22 99 |127 39 150 |83 25 41 |193 104 |56 |95 167 82 |135 84 108 38 |155 98 |105 63 8 |189 |194 |181 151 179 147 132 |11 |118 73 148 |93 174 |68 |6 131 13 |47 124 123 88 |158 114 46 |191 121 |103 |126 12 177 184 32 |159 186 116 91 |77 161 |139 90 60 |29 36 |27 94 81 |52 107 37 143 |16 |7 59 |164 72 
23479.8 453925
148 171 43 112 195 55 26 146 114 62 31 67 |144 200 113 138 19 152 145 79 69 129 30 116 110 80 |85 133 149 169 71 140 119 160 162 128 96 101 172 3 49 153 |173 4 115 102 21 156 166 18 165 |198 180 125 74 61 53 |199 175 100 154 5 86 57 66 185 76 |42 65 23 170 70 187 176 197 17 33 48 109 2 |28 14 141 34 120 50 163 |188 45 178 111 168 44 40 192 190 142 |183 24 20 75 117 35 157 15 137 ||179 |143 99 64 |56 136 |89 189 |167 95 |90 60 139 59 22 |193 11 107 77 41 |105 106 |174 177 |104 121 37 |78 150 127 54 |58 38 8 87 25 |73 |98 155 81 |16 88 126 184 |36 10 46 147 132 72 |6 29 164 91 |32 196 13 94 |123 39 181 |68 158 |7 |118 |27 51 |93 122 |135 103 |47 159 191 92 |63 83 |130 1 82 |134 194 131 |84 |9 97 161 |108 151 |52 182 |124 12 186 
24738.4 414054
14 23 170 129 30 28 80 153 |65 115 165 168 45 111 178 166 156 4 54 57 188 161 66 185 |85 149 169 180 183 48 109 132 52 53 67 |141 34 9 120 50 44 40 192 190 142 |101 128 133 160 71 119 140 172 3 49 |198 33 17 176 197 70 24 20 200 163 |144 162 102 21 18 86 100 5 154 175 199 117 35 157 15 76 |138 125 74 2 62 31 |19 152 79 69 145 113 110 61 |187 173 42 171 43 112 195 26 96 146 55 75 137 ||72 91 |95 |179 64 1 |135 46 |47 88 12 |11 182 37 99 |181 25 191 159 |130 143 107 |39 16 148 83 51 |134 121 60 139 |27 123 56 |131 38 108 174 114 |158 59 |126 122 |167 82 |189 |98 155 |106 |77 194 |150 127 97 124 |116 92 78 |118 73 |87 89 |81 186 90 22 |41 |136 93 196 13 |147 8 29 |164 105 151 |63 6 184 |104 10 193 |103 68 58 |177 7 32 |36 94 |84 |
25592.2 413314
144 43 117 35 75 137 |173 42 112 195 55 146 |36 52 180 140 162 101 62 31 3 172 67 |128 133 160 119 71 169 149 2 49 |171 17 187 176 197 70 24 33 183 48 109 53 |28 141 34 120 50 44 40 192 190 142 80 |113 138 69 79 145 152 19 20 200 125 74 61 |96 65 170 23 14 129 30 110 163 153 |168 178 111 45 188 165 76 |26 100 85 198 115 102 21 4 156 166 57 18 86 5 154 175 199 66 185 157 15 ||106 194 |155 116 |98 |148 13 27 177 |121 46 |107 179 |124 127 |58 108 63 |6 |12 |167 |47 |54 |64 72 1 |11 182 37 99 132 |181 25 191 159 |130 143 |39 16 83 51 |134 60 139 |123 56 88 |131 38 174 114 91 |105 118 |151 22 |94 10 92 |103 84 29 |189 90 32 59 |9 97 93 |122 8 |82 147 193 |135 68 164 |73 |158 |126 184 |186 |77 161 |104 81 |136 150 |95 89 |7 |41 |196 |87 |78 
26313.8 386757
71 140 119 160 162 172 3 67 |171 30 28 141 34 120 50 44 40 192 111 178 45 188 |187 168 85 198 115 102 21 4 57 18 86 66 76 |166 156 100 5 154 175 199 117 157 15 |43 35 185 165 190 142 153 |112 195 96 101 62 31 163 |65 173 144 133 128 26 146 55 75 137 49 |48 180 169 149 109 2 53 |183 197 176 17 33 70 24 125 74 61 |42 14 23 170 129 69 79 145 152 19 20 200 113 138 110 80 ||10 130 |122 54 78 |72 7 |9 |164 68 151 |127 39 150 97 51 |83 25 41 |193 104 99 |56 22 196 |95 167 82 |135 84 108 38 |155 98 1 59 |105 63 8 87 |189 88 |194 64 |106 58 |182 177 |181 179 147 132 |11 |118 73 148 |93 |136 |6 131 13 |47 124 123 |158 114 46 |191 121 |103 |126 12 184 32 |159 186 116 91 |77 161 |139 90 60 |29 36 |27 94 81 |52 107 37 143 |16 92 |134 89 |174 
28418.4 380706
71 140 119 160 162 172 3 67 |171 30 28 141 34 120 50 44 40 192 111 178 45 188 |187 168 85 198 115 102 21 4 57 18 86 66 76 |166 156 100 5 154 175 199 117 157 15 |43 35 185 165 190 142 153 |112 195 96 101 62 31 163 |65 173 144 133 128 26 146 55 75 137 49 |48 180 169 149 109 2 53 |183 197 176 17 33 70 24 125 74 61 |42 14 23 170 129 69 79 145 152 19 20 200 113 138 110 80 ||135 63 |92 130 143 |64 |56 136 |89 189 |167 95 |90 60 139 59 22 |37 99 193 41 |105 106 |174 177 |104 121 11 |78 150 127 54 |58 38 8 87 25 |73 |107 77 |98 155 81 |16 88 126 184 |36 10 46 147 132 72 |6 29 164 91 |32 196 13 94 |123 39 181 |68 158 |7 |118 |191 |103 194 |124 |82 |93 |1 |159 186 116 51 |161 |12 47 |84 |131 |27 114 |52 108 |148 97 |151 182 |179 122 |9 |134 83 |
28956.5 375694
171 30 28 141 34 120 50 44 40 192 111 178 45 188 |187 168 85 198 115 102 21 4 57 18 86 66 76 |166 156 100 5 154 175 199 117 157 15 |43 35 185 165 190 142 |112 195 96 101 62 31 163 |65 173 144 133 128 26 146 55 75 137 49 |48 180 169 149 109 2 53 |183 197 176 17 33 70 24 125 74 61 |42 14 23 170 129 69 79 145 152 19 20 200 113 138 110 80 |162 71 160 119 140 172 3 67 153 ||124 |132 |114 87 |104 52 |84 108 29 |72 92 27 161 93 |13 39 63 181 |134 64 38 |106 103 |127 94 186 1 |73 16 |7 182 |167 95 |6 |121 |191 139 147 91 |105 122 |54 118 56 |196 25 |82 59 |11 |9 |126 36 81 |189 78 12 |179 164 194 158 22 |10 159 32 |90 155 130 |88 136 150 184 |135 58 193 51 |107 46 |148 97 177 |116 99 |68 131 |47 37 |83 8 |98 |151 |89 |77 |41 |60 |174 |123 |143 |
29117.5 375273
171 30 28 141 34 120 50 44 40 192 111 178 45 188 |187 168 85 198 115 102 21 4 57 18 86 66 76 |166 156 100 5 154 175 199 117 157 15 |43 35 185 165 190 142 |112 195 96 101 62 31 163 |65 173 144 133 128 26 146 55 75 137 49 |48 180 169 149 109 2 53 |183 197 176 17 33 70 24 125 74 61 |42 14 23 170 129 69 79 145 152 19 20 200 113 138 110 80 |162 71 160 119 140 172 3 67 153 ||124 |132 |114 87 |104 52 |84 108 29 |72 92 27 161 93 |13 39 63 181 |134 64 38 |106 103 |127 94 186 1 |73 16 |7 182 |167 95 |6 |121 |191 139 147 91 |105 122 |54 118 56 |196 25 |82 59 |11 |9 |126 36 81 |189 78 12 |179 164 194 158 22 |10 159 32 |90 155 130 |88 136 150 184 |123 46 |77 41 |151 |51 |193 |116 |98 |60 177 |58 135 |148 8 |68 |37 |47 107 |143 |97 |89 |99 |131 83 |174 |
30573.1 374477
171 30 28 141 34 120 50 44 40 192 111 178 45 188 |187 168 85 198 115 102 21 4 57 18 86 66 76 |166 156 100 5 154 175 199 117 157 15 |43 35 185 165 190 142 |112 195 96 101 62 31 163 |65 173 144 133 128 26 146 55 75 137 49 |48 180 169 149 109 2 53 |183 197 176 17 33 70 24 125 74 61 |42 14 23 170 129 69 79 145 152 19 20 200 113 138 110 80 |162 71 160 119 140 172 3 67 153 ||84 |78 122 54 |105 |8 87 |88 |92 116 |108 164 |58 |47 127 27 |38 134 |10 13 |90 181 |51 60 |1 139 |29 |130 123 |179 72 147 |132 193 41 22 |99 114 |196 39 97 161 |106 |148 150 12 |191 91 151 |9 |118 56 |73 |82 59 |11 |159 94 32 |46 |77 |103 68 |184 124 |135 |6 |158 |37 |95 |16 177 126 |182 121 186 81 |155 7 |131 |93 |143 104 |167 |36 |98 |63 |89 52 |174 107 |189 |136 |25 |64 |83 |194 |
31437.1 368061
171 30 28 141 34 120 50 44 40 192 111 178 45 188 |187 168 85 198 115 102 21 4 57 18 86 66 76 |166 156 100 5 154 175 199 117 157 15 |43 35 185 165 190 142 |112 195 96 101 62 31 163 |65 173 144 133 128 26 146 55 75 137 49 |48 180 169 149 109 2 53 |183 197 176 17 33 70 24 125 74 61 |42 14 23 170 129 69 79 145 152 19 20 200 113 138 110 80 |162 71 160 119 140 172 3 67 153 ||182 |84 |78 122 54 |105 |8 87 |56 |92 116 |108 164 |36 46 60 |47 59 27 |93 114 |143 10 134 |95 |186 1 121 |63 |130 |147 |6 72 |132 193 41 22 |99 77 37 |155 |106 |97 |12 151 |58 150 |9 |73 148 |88 |131 |98 |135 174 |82 |32 196 13 94 |123 39 181 |68 158 |7 |118 |191 |103 194 |124 |127 |126 189 177 184 |159 167 51 |91 |161 |139 90 |29 179 |104 |38 81 |52 107 25 |16 |136 |89 |64 |83 |11 |
34242.3 367868
171 30 28 141 34 120 50 44 40 192 111 178 45 188 |187 168 85 198 115 102 21 4 57 18 86 66 76 |166 156 100 5 154 175 199 117 157 15 |43 35 185 165 190 142 |112 195 96 101 62 31 163 |65 173 144 133 128 26 146 55 75 137 49 |48 180 169 149 109 2 53 |183 197 176 17 33 70 24 125 74 61 |42 14 23 170 129 69 79 145 152 19 20 200 113 138 110 80 |162 71 160 119 140 172 3 67 153 ||10 147 |124 |54 |114 174 |104 52 |72 |27 161 93 |118 13 |134 64 87 |68 |150 63 |106 103 |1 181 |73 122 16 |7 186 132 |95 |83 6 131 |84 194 |121 182 |127 |90 82 |191 139 91 |108 |167 92 |38 196 |59 56 |11 |9 |105 179 |126 |81 189 78 |158 22 |12 |159 32 |130 155 |88 184 |123 46 |77 |41 |151 39 |193 |51 116 |98 |58 29 36 |135 8 |94 148 |107 25 |37 177 47 |143 60 |89 |97 136 |164 |99 |
34516.4 367591
171 17 187 176 197 70 24 33 183 48 109 53 |28 141 34 120 50 44 40 192 190 142 80 |113 138 69 79 145 152 19 20 200 125 74 61 |65 170 23 14 129 30 110 163 153 |168 178 111 45 188 165 76 |26 85 198 115 102 21 86 5 154 175 199 66 185 |100 4 156 166 57 18 117 35 157 15 |43 42 173 144 112 195 55 146 75 137 |96 128 133 162 101 62 31 3 49 |180 169 71 160 119 140 149 172 2 67 ||93 97 |132 52 134 |103 |68 |73 |148 87 |118 |164 |54 47 |60 124 |147 27 89 |13 181 25 |10 107 |177 136 122 |104 72 |63 |150 |95 |83 6 131 |84 194 |121 182 |127 |90 82 |191 139 91 |108 |167 92 |38 196 |59 56 |11 |9 |105 179 |126 |81 189 78 |158 22 |12 |159 32 |130 155 |88 184 |123 46 |77 |41 |151 39 |193 |51 116 |98 |58 29 36 |135 8 |94 |1 186 174 |143 37 64 |161 7 |99 |114 16 |106 |
35251.9 364853
171 17 187 176 197 70 24 33 183 48 109 53 |28 141 34 120 50 44 40 192 190 142 80 |113 138 69 79 145 152 19 20 200 125 74 61 |65 170 23 14 129 30 110 163 153 |168 178 111 45 188 165 76 |26 85 198 115 102 21 86 5 154 175 199 66 185 |100 4 156 166 57 18 117 35 157 15 |43 42 173 144 112 195 55 146 75 137 |96 128 133 162 101 62 31 3 49 |180 169 71 160 119 140 149 172 2 67 ||130 93 51 |182 52 134 |83 |8 |56 |92 116 36 |108 164 |95 47 |90 59 139 |105 27 |13 181 193 |11 107 77 |177 136 |104 121 |63 |150 127 54 |103 58 |38 87 25 |72 132 41 94 |60 |22 |99 37 |106 |98 155 81 |151 88 126 184 |118 147 |10 46 |161 194 179 |39 |114 12 |82 186 1 |73 122 196 |143 |89 97 |6 29 131 |158 135 84 |159 32 189 |78 148 16 |123 |9 167 |124 |174 |68 |64 91 |7 |191 |
40451.1 364534
171 30 28 141 34 120 50 44 40 192 111 178 45 188 |187 168 85 198 115 102 21 4 57 18 86 66 76 |166 156 100 5 154 175 199 117 157 15 |43 35 185 165 190 142 |112 195 96 101 62 31 163 |65 173 144 133 128 26 146 55 75 137 49 |48 180 169 149 109 2 53 |183 197 176 17 33 70 24 125 74 61 |42 14 23 170 129 69 79 145 152 19 20 200 113 138 110 80 |162 71 160 119 140 172 3 67 153 ||10 |130 |83 122 |25 |78 |151 |139 |60 |164 |63 91 |95 |179 46 |135 196 |47 |193 12 |104 41 |182 87 |56 |121 37 64 |9 16 |105 8 |99 194 |82 167 90 |155 |38 108 84 |127 54 |189 |147 |58 106 |98 |148 181 93 |184 118 |174 6 |11 132 72 |92 |73 |94 |68 |159 |77 1 |39 131 |103 51 |13 124 |191 |123 |150 88 |126 |158 |177 |114 |186 |116 |161 |36 32 |27 81 |89 52 |107 |7 59 |136 97 |22 |134 143 |29 |
41913.8 363558

Time:0
Last Iter:10
Last Update:10
Tabu:0
Last Time0
20
2 172 109 10 132 116 167 34 111 4 21 171 112 173 |145 155 28 139 110 143 33 183 180 140 101 26 55 75 100 |142 66 13 63 144 58 128 133 160 149 48 3 31 67 53 80 69 129 141 65 |50 192 117 29 38 135 70 170 14 |49 62 96 146 195 157 185 188 122 198 115 154 175 61 125 20 197 |199 5 102 85 123 124 44 47 153 137 106 119 138 |130 200 79 98 23 7 189 126 178 16 35 108 68 |42 6 43 179 15 76 163 193 74 113 24 176 187 78 156 |131 164 162 71 169 182 19 72 151 18 166 73 168 |30 152 17 104 134 51 59 190 40 12 120 45 165 57 86 ||150 177 159 60 92 |105 |136 127 93 |91 11 |39 |84 8 87 |54 88 32 |196 114 194 |107 121 37 |1 81 147 36 99 |97 118 |82 90 95 191 |174 158 |56 |184 161 148 94 |41 64 77 52 46 |186 83 181 22 |25 103 |27 89 9 |
15217.5 1.1605e+06
138 152 116 192 57 118 153 53 62 128 133 149 |26 112 43 83 4 102 120 65 170 69 183 17 180 2 31 |150 45 165 35 137 101 68 42 154 5 141 125 33 |144 158 119 71 187 70 20 49 142 40 50 111 |123 85 198 105 181 72 169 200 ||194 29 103 173 140 197 155 34 185 199 |179 22 163 110 130 113 11 10 172 91 174 195 38 6 63 73 115 |134 74 61 94 30 14 19 176 160 96 151 157 66 86 156 175 44 |28 60 145 23 90 139 32 190 124 188 13 166 54 171 8 106 146 162 109 80 |168 178 18 127 21 136 100 117 15 76 47 184 59 67 3 75 55 48 24 79 129 ||52 99 121 37 |77 135 |108 84 25 |92 161 93 147 |132 64 |107 46 41 |177 78 97 56 |82 189 |143 |39 |104 |148 16 191 |1 186 95 |81 193 114 58 |7 98 |167 |131 87 164 51 |36 182 159 |9 12 |122 88 126 27 |196 89 |
15987.3 1.15101e+06
182 33 17 149 71 53 76 192 |159 60 130 90 50 168 45 75 128 173 70 |77 48 183 134 36 37 138 170 163 190 188 157 175 85 160 |112 25 35 199 154 171 111 165 120 125 200 152 140 |118 4 102 57 86 5 185 15 55 62 61 74 28 141 23 |198 136 156 93 49 67 153 142 7 129 113 20 24 65 |162 174 194 195 42 105 150 123 9 145 19 80 2 3 172 31 109 169 119 |101 26 164 146 158 103 43 148 13 18 166 21 27 177 34 167 14 79 |69 121 197 187 46 96 58 108 144 6 63 100 117 66 178 40 44 |176 180 107 110 30 124 127 115 179 137 133 ||104 10 52 132 |51 59 97 88 56 47 |72 81 22 32 |64 41 193 1 |143 155 |126 39 83 |91 38 84 |147 94 139 191 12 |11 184 |181 122 78 |89 116 92 |114 131 87 8 |161 54 73 |29 106 |135 |186 151 |16 196 |99 98 |189 82 |95 |68 |
16126.1 1.14814e+06
87 75 31 158 169 183 197 163 141 85 175 43 |195 58 106 160 71 77 74 142 66 188 166 |33 17 140 26 146 153 40 44 168 178 18 199 100 34 69 152 20 200 ||23 7 145 187 101 133 190 45 111 57 |135 164 172 109 180 143 113 65 192 165 185 137 |136 4 177 47 196 139 50 130 138 48 62 162 96 112 42 173 |179 35 181 148 86 73 56 120 9 60 155 19 125 2 3 149 176 15 171 |28 186 32 27 54 127 102 115 157 49 67 24 79 14 |156 118 21 154 25 55 114 128 144 76 53 61 129 |170 30 191 110 80 132 10 70 119 174 29 103 117 5 198 88 ||107 64 51 |161 6 |92 90 95 |151 63 83 16 |184 |104 11 52 36 147 |22 94 1 82 |98 |122 150 13 91 |8 78 |97 |41 131 38 108 |159 89 124 123 |105 59 |193 99 |167 |84 |121 182 134 72 81 |93 39 12 |68 194 |46 37 116 |126 189 |
16281 1.13605e+06
2 172 109 125 132 116 167 34 111 4 21 171 112 173 |145 155 62 139 110 143 33 183 180 140 101 26 55 75 100 |10 66 28 63 144 58 128 133 160 149 48 3 31 67 53 80 69 129 141 65 |50 192 117 29 38 135 70 170 14 |49 142 96 146 195 157 185 188 122 198 115 154 175 61 |20 197 17 |199 152 5 102 85 123 124 44 47 153 137 106 119 138 |130 57 200 79 98 23 7 189 126 178 16 35 108 68 |42 30 6 43 179 15 76 163 193 74 113 24 176 187 165 78 45 156 86 |131 120 164 162 71 169 182 19 72 151 18 166 73 168 40 190 ||104 134 51 |150 177 159 60 92 |105 59 |136 127 93 |91 11 |39 12 |56 |84 8 87 |54 88 32 |196 114 194 |107 121 37 |1 81 147 36 99 |97 118 |82 90 95 191 |174 158 |13 |184 161 148 94 |41 64 77 52 46 |186 83 181 22 |25 103 |27 89 9 |
19903.6 1.02115e+06
115 42 6 173 144 128 133 162 160 119 140 172 41 3 53 |102 71 169 180 17 197 183 33 70 24 200 19 20 37 182 125 74 61 |95 175 199 188 66 185 76 |176 141 34 9 44 40 192 177 117 35 157 15 |126 57 86 18 150 75 137 |190 168 123 120 50 28 186 1 110 80 153 |152 198 87 63 43 112 195 55 146 26 96 174 101 62 31 49 |65 171 154 5 100 166 156 21 4 136 85 178 111 78 45 165 142 |187 167 170 23 14 7 129 30 163 |155 69 79 145 138 113 48 149 109 36 2 67 ||47 83 |51 181 148 |116 |130 |151 132 |60 99 107 |10 |189 90 |84 108 29 164 |27 161 |13 39 8 |134 64 |97 127 |73 |88 |139 147 |105 122 |54 118 56 |196 25 |11 |159 |194 106 114 91 |72 59 191 32 22 |52 121 143 |82 98 |77 104 |12 94 92 193 |38 179 |89 46 81 |58 103 68 |184 124 16 93 |135 158 131 
20928.9 467313
89 106 144 133 128 96 101 62 1 |85 58 162 160 119 140 71 169 149 64 172 2 |182 154 5 102 115 198 178 78 45 188 66 185 35 157 15 |97 111 9 165 76 |122 75 175 43 112 26 195 55 146 31 3 49 67 |100 168 166 156 21 4 136 54 57 18 86 199 117 137 |171 17 187 176 197 70 24 33 183 48 109 53 |42 28 141 34 120 50 44 40 192 190 142 80 |173 113 138 69 79 145 152 19 20 200 125 74 61 |180 65 170 23 14 129 30 110 163 153 ||51 |130 87 |92 134 10 |196 22 99 |127 39 150 |83 25 41 |193 104 |56 |95 167 82 |135 84 108 38 |155 98 |105 63 8 |189 |194 |181 151 179 147 132 |11 |118 73 148 |93 174 |68 |6 131 13 |47 124 123 88 |158 114 46 |191 121 |103 |126 12 177 184 32 |159 186 116 91 |77 161 |139 90 60 |29 36 |27 94 81 |52 107 37 143 |16 |7 59 |164 72 
23479.8 453925
148 171 43 112 195 55 26 146 114 62 31 67 |144 200 113 138 19 152 145 79 69 129 30 116 110 80 |85 133 149 169 71 140 119 160 162 128 96 101 172 3 49 153 |173 4 115 102 21 156 166 18 165 |198 180 125 74 61 53 |199 175 100 154 5 86 57 66 185 76 |42 65 23 170 70 187 176 197 17 33 48 109 2 |28 14 141 34 120 50 163 |188 45 178 111 168 44 40 192 190 142 |183 24 20 75 117 35 157 15 137 ||179 |143 99 64 |56 136 |89 189 |167 95 |90 60 139 59 22 |193 11 107 77 41 |105 106 |174 177 |104 121 37 |78 150 127 54 |58 38 8 87 25 |73 |98 155 81 |16 88 126 184 |36 10 46 147 132 72 |6 29 164 91 |32 196 13 94 |123 39 181 |68 158 |7 |118 |27 51 |93 122 |135 103 |47 159 191 92 |63 83 |130 1 82 |134 194 131 |84 |9 97 161 |108 151 |52 182 |124 12 186 
24738.4 414054
14 23 170 129 30 28 80 153 |65 115 165 168 45 111 178 166 156 4 54 57 188 161 66 185 |85 149 169 180 183 48 109 132 52 53 67 |141 34 9 120 50 44 40 192 190 142 |101 128 133 160 71 119 140 172 3 49 |198 33 17 176 197 70 24 20 200 163 |144 162 102 21 18 86 100 5 154 175 199 117 35 157 15 76 |138 125 74 2 62 31 |19 152 79 69 145 113 110 61 |187 173 42 171 43 112 195 26 96 146 55 75 137 ||72 91 |95 |179 64 1 |135 46 |47 88 12 |11 182 37 99 |181 25 191 159 |130 143 107 |39 16 148 83 51 |134 121 60 139 |27 123 56 |131 38 108 174 114 |158 59 |126 122 |167 82 |189 |98 155 |106 |77 194 |150 127 97 124 |116 92 78 |118 73 |87 89 |81 186 90 22 |41 |136 93 196 13 |147 8 29 |164 105 151 |63 6 184 |104 10 193 |103 68 58 |177 7 32 |36 94 |84 |
25592.2 413314
144 43 117 35 75 137 |173 42 112 195 55 146 |36 52 180 140 162 101 62 31 3 172 67 |128 133 160 119 71 169 149 2 49 |171 17 187 176 197 70 24 33 183 48 109 53 |28 141 34 120 50 44 40 192 190 142 80 |113 138 69 79 145 152 19 20 200 125 74 61 |96 65 170 23 14 129 30 110 163 153 |168 178 111 45 188 165 76 |26 100 85 198 115 102 21 4 156 166 57 18 86 5 154 175 199 66 185 157 15 ||106 194 |155 116 |98 |148 13 27 177 |121 46 |107 179 |124 127 |58 108 63 |6 |12 |167 |47 |54 |64 72 1 |11 182 37 99 132 |181 25 191 159 |130 143 |39 16 83 51 |134 60 139 |123 56 88 |131 38 174 114 91 |105 118 |151 22 |94 10 92 |103 84 29 |189 90 32 59 |9 97 93 |122 8 |82 147 193 |135 68 164 |73 |158 |126 184 |186 |77 161 |104 81 |136 150 |95 89 |7 |41 |196 |87 |78 
26313.8 386757
71 140 119 160 162 172 3 67 |171 30 28 141 34 120 50 44 40 192 111 178 45 188 |187 168 85 198 115 102 21 4 57 18 86 66 76 |166 156 100 5 154 175 199 117 157 15 |43 35 185 165 190 142 153 |112 195 96 101 62 31 163 |65 173 144 133 128 26 146 55 75 137 49 |48 180 169 149 109 2 53 |183 197 176 17 33 70 24 125 74 61 |42 14 23 170 129 69 79 145 152 19 20 200 113 138 110 80 ||10 130 |122 54 78 |72 7 |9 |164 68 151 |127 39 150 97 51 |83 25 41 |193 104 99 |56 22 196 |95 167 82 |135 84 108 38 |155 98 1 59 |105 63 8 87 |189 88 |194 64 |106 58 |182 177 |181 179 147 132 |11 |118 73 148 |93 |136 |6 131 13 |47 124 123 |158 114 46 |191 121 |103 |126 12 184 32 |159 186 116 91 |77 161 |139 90 60 |29 36 |27 94 81 |52 107 37 143 |16 92 |134 89 |174 
28418.4 380706
71 140 119 160 162 172 3 67 |171 30 28 141 34 120 50 44 40 192 111 178 45 188 |187 168 85 198 115 102 21 4 57 18 86 66 76 |166 156 100 5 154 175 199 117 157 15 |43 35 185 165 190 142 153 |112 195 96 101 62 31 163 |65 173 144 133 128 26 146 55 75 137 49 |48 180 169 149 109 2 53 |183 197 176 17 33 70 24 125 74 61 |42 14 23 170 129 69 79 145 152 19 20 200 113 138 110 80 ||135 63 |92 130 143 |64 |56 136 |89 189 |167 95 |90 60 139 59 22 |37 99 193 41 |105 106 |174 177 |104 121 11 |78 150 127 54 |58 38 8 87 25 |73 |107 77 |98 155 81 |16 88 126 184 |36 10 46 147 132 72 |6 29 164 91 |32 196 13 94 |123 39 181 |68 158 |7 |118 |191 |103 194 |124 |82 |93 |1 |159 186 116 51 |161 |12 47 |84 |131 |27 114 |52 108 |148 97 |151 182 |179 122 |9 |134 83 |
28956.5 375694
171 30 28 141 34 120 50 44 40 192 111 178 45 188 |187 168 85 198 115 102 21 4 57 18 86 66 76 |166 156 100 5 154 175 199 117 157 15 |43 35 185 165 190 142 |112 195 96 101 62 31 163 |65 173 144 133 128 26 146 55 75 137 49 |48 180 169 149 109 2 53 |183 197 176 17 33 70 24 125 74 61 |42 14 23 170 129 69 79 145 152 19 20 200 113 138 110 80 |162 71 160 119 140 172 3 67 153 ||124 |132 |114 87 |104 52 |84 108 29 |72 92 27 161 93 |13 39 63 181 |134 64 38 |106 103 |127 94 186 1 |73 16 |7 182 |167 95 |6 |121 |191 139 147 91 |105 122 |54 118 56 |196 25 |82 59 |11 |9 |126 36 81 |189 78 12 |179 164 194 158 22 |10 159 32 |90 155 130 |88 136 150 184 |135 58 193 51 |107 46 |148 97 177 |116 99 |68 131 |47 37 |83 8 |98 |151 |89 |77 |41 |60 |174 |123 |143 |
29117.5 375273
171 30 28 141 34 120 50 44 40 192 111 178 45 188 |187 168 85 198 115 102 21 4 57 18 86 66 76 |166 156 100 5 154 175 199 117 157 15 |43 35 185 165 190 142 |112 195 96 101 62 31 163 |65 173 144 133 128 26 146 55 75 137 49 |48 180 169 149 109 2 53 |183 197 176 17 33 70 24 125 74 61 |42 14 23 170 129 69 79 145 152 19 20 200 113 138 110 80 |162 71 160 119 140 172 3 67 153 ||124 |132 |114 87 |104 52 |84 108 29 |72 92 27 161 93 |13 39 63 181 |134 64 38 |106 103 |127 94 186 1 |73 16 |7 182 |167 95 |6 |121 |191 139 147 91 |105 122 |54 118 56 |196 25 |82 59 |11 |9 |126 36 81 |189 78 12 |179 164 194 158 22 |10 159 32 |90 155 130 |88 136 150 184 |123 46 |77 41 |151 |51 |193 |116 |98 |60 177 |58 135 |148 8 |68 |37 |47 107 |143 |97 |89 |99 |131 83 |174 |
30573.1 374477
171 30 28 141 34 120 50 44 40 192 111 178 45 188 |187 168 85 198 115 102 21 4 57 18 86 66 76 |166 156 100 5 154 175 199 117 157 15 |43 35 185 165 190 142 |112 195 96 101 62 31 163 |65 173 144 133 128 26 146 55 75 137 49 |48 180 169 149 109 2 53 |183 197 176 17 33 70 24 125 74 61 |42 14 23 170 129 69 79 145 152 19 20 200 113 138 110 80 |162 71 160 119 140 172 3 67 153 ||84 |78 122 54 |105 |8 87 |88 |92 116 |108 164 |58 |47 127 27 |38 134 |10 13 |90 181 |51 60 |1 139 |29 |130 123 |179 72 147 |132 193 41 22 |99 114 |196 39 97 161 |106 |148 150 12 |191 91 151 |9 |118 56 |73 |82 59 |11 |159 94 32 |46 |77 |103 68 |184 124 |135 |6 |158 |37 |95 |16 177 126 |182 121 186 81 |155 7 |131 |93 |143 104 |167 |36 |98 |63 |89 52 |174 107 |189 |136 |25 |64 |83 |194 |
31437.1 368061
171 30 28 141 34 120 50 44 40 192 111 178 45 188 |187 168 85 198 115 102 21 4 57 18 86 66 76 |166 156 100 5 154 175 199 117 157 15 |43 35 185 165 190 142 |112 195 96 101 62 31 163 |65 173 144 133 128 26 146 55 75 137 49 |48 180 169 149 109 2 53 |183 197 176 17 33 70 24 125 74 61 |42 14 23 170 129 69 79 145 152 19 20 200 113 138 110 80 |162 71 160 119 140 172 3 67 153 ||182 |84 |78 122 54 |105 |8 87 |56 |92 116 |108 164 |36 46 60 |47 59 27 |93 114 |143 10 134 |95 |186 1 121 |63 |130 |147 |6 72 |132 193 41 22 |99 77 37 |155 |106 |97 |12 151 |58 150 |9 |73 148 |88 |131 |98 |135 174 |82 |32 196 13 94 |123 39 181 |68 158 |7 |118 |191 |103 194 |124 |127 |126 189 177 184 |159 167 51 |91 |161 |139 90 |29 179 |104 |38 81 |52 107 25 |16 |136 |89 |64 |83 |11 |
34242.3 367868
171 30 28 141 34 120 50 44 40 192 111 178 45 188 |187 168 85 198 115 102 21 4 57 18 86 66 76 |166 156 100 5 154 175 199 117 157 15 |43 35 185 165 190 142 |112 195 96 101 62 31 163 |65 173 144 133 128 26 146 55 75 137 49 |48 180 169 149 109 2 53 |183 197 176 17 33 70 24 125 74 61 |42 14 23 170 129 69 79 145 152 19 20 200 113 138 110 80 |162 71 160 119 140 172 3 67 153 ||10 147 |124 |54 |114 174 |104 52 |72 |27 161 93 |118 13 |134 64 87 |68 |150 63 |106 103 |1 181 |73 122 16 |7 186 132 |95 |83 6 131 |84 194 |121 182 |127 |90 82 |191 139 91 |108 |167 92 |38 196 |59 56 |11 |9 |105 179 |126 |81 189 78 |158 22 |12 |159 32 |130 155 |88 184 |123 46 |77 |41 |151 39 |193 |51 116 |98 |58 29 36 |135 8 |94 148 |107 25 |37 177 47 |143 60 |89 |97 136 |164 |99 |
34516.4 367591
171 17 187 176 197 70 24 33 183 48 109 53 |28 141 34 120 50 44 40 192 190 142 80 |113 138 69 79 145 152 19 20 200 125 74 61 |65 170 23 14 129 30 110 163 153 |168 178 111 45 188 165 76 |26 85 198 115 102 21 86 5 154 175 199 66 185 |100 4 156 166 57 18 117 35 157 15 |43 42 173 144 112 195 55 146 75 137 |96 128 133 162 101 62 31 3 49 |180 169 71 160 119 140 149 172 2 67 ||93 97 |132 52 134 |103 |68 |73 |148 87 |118 |164 |54 47 |60 124 |147 27 89 |13 181 25 |10 107 |177 136 122 |104 72 |63 |150 |95 |83 6 131 |84 194 |121 182 |127 |90 82 |191 139 91 |108 |167 92 |38 196 |59 56 |11 |9 |105 179 |126 |81 189 78 |158 22 |12 |159 32 |130 155 |88 184 |123 46 |77 |41 |151 39 |193 |51 116 |98 |58 29 36 |135 8 |94 |1 186 174 |143 37 64 |161 7 |99 |114 16 |106 |
35251.9 364853
171 17 187 176 197 70 24 33 183 48 109 53 |28 141 34 120 50 44 40 192 190 142 80 |113 138 69 79 145 152 19 20 200 125 74 61 |65 170 23 14 129 30 110 163 153 |168 178 111 45 188 165 76 |26 85 198 115 102 21 86 5 154 175 199 66 185 |100 4 156 166 57 18 117 35 157 15 |43 42 173 144 112 195 55 146 75 137 |96 128 133 162 101 62 31 3 49 |180 169 71 160 119 140 149 172 2 67 ||130 93 51 |182 52 134 |83 |8 |56 |92 116 36 |108 164 |95 47 |90 59 139 |105 27 |13 181 193 |11 107 77 |177 136 |104 121 |63 |150 127 54 |103 58 |38 87 25 |72 132 41 94 |60 |22 |99 37 |106 |98 155 81 |151 88 126 184 |118 147 |10 46 |161 194 179 |39 |114 12 |82 186 1 |73 122 196 |143 |89 97 |6 29 131 |158 135 84 |159 32 189 |78 148 16 |123 |9 167 |124 |174 |68 |64 91 |7 |191 |
40451.1 364534
171 30 28 141 34 120 50 44 40 192 111 178 45 188 |187 168 85 198 115 102 21 4 57 18 86 66 76 |166 156 100 5 154 175 199 117 157 15 |43 35 185 165 190 142 |112 195 96 101 62 31 163 |65 173 144 133 128 26 146 55 75 137 49 |48 180 169 149 109 2 53 |183 197 176 17 33 70 24 125 74 61 |42 14 23 170 129 69 79 145 152 19 20 200 113 138 110 80 |162 71 160 119 140 172 3 67 153 ||10 |130 |83 122 |25 |78 |151 |139 |60 |164 |63 91 |95 |179 46 |135 196 |47 |193 12 |104 41 |182 87 |56 |121 37 64 |9 16 |105 8 |99 194 |82 167 90 |155 |38 108 84 |127 54 |189 |147 |58 106 |98 |148 181 93 |184 118 |174 6 |11 132 72 |92 |73 |94 |68 |159 |77 1 |39 131 |103 51 |13 124 |191 |123 |150 88 |126 |158 |177 |114 |186 |116 |161 |36 32 |27 81 |89 52 |107 |7 59 |136 97 |22 |134 143 |29 |
41913.8 363558

