Time:10
Last Iter:10
Last Update:10
Tabu:0
Last Time10
14
19 131 58 92 95 91 118 32 167 48 2 60 |81 181 160 12 39 135 190 35 6 61 31 184 64 |69 122 53 124 134 50 165 23 104 197 144 85 161 |29 132 47 143 200 65 123 97 68 173 194 151 |38 20 158 116 125 168 120 22 187 128 5 73 193 80 89 141 192 4 17 57 185 119 55 59 176 177 |88 15 16 154 127 137 36 18 129 43 142 157 13 79 87 49 |113 198 108 162 83 180 86 94 66 107 24 163 7 |9 147 78 153 188 149 155 166 101 146 102 148 56 |164 139 111 182 96 77 21 114 138 70 63 |106 74 3 93 11 84 41 76 179 103 45 156 171 ||195 44 72 175 40 42 99 |33 117 140 110 82 159 26 183 |169 54 130 |174 178 30 10 46 52 |67 136 28 14 126 |98 133 |1 34 172 115 152 191 |109 121 25 112 |37 |105 199 27 186 75 196 189 71 |150 8 90 145 51 100 62 |170 |
9439.18 769487
164 111 86 180 48 |5 196 172 20 169 146 134 22 127 187 |200 47 57 198 76 33 80 128 7 64 167 118 |120 131 21 74 181 123 141 117 132 79 69 41 194 32 |144 9 2 78 16 188 104 157 35 176 59 85 184 151 |161 72 173 136 133 122 23 24 182 91 163 114 137 58 153 66 |1 68 11 53 56 108 124 165 152 54 38 190 158 129 36 45 92 60 |97 189 42 140 52 177 65 94 98 15 81 95 171 |135 101 62 155 125 49 37 112 150 87 110 119 179 126 4 192 61 193 197 31 |13 99 6 17 83 185 55 67 70 175 93 34 166 168 ||29 154 77 |195 159 113 102 19 43 106 142 |107 139 186 73 89 147 |143 191 |51 30 148 100 199 149 10 183 |96 14 88 160 |39 |116 40 109 121 145 71 44 26 82 |162 170 174 138 |103 105 |25 27 |156 12 18 75 115 46 28 |3 90 178 8 63 50 84 |130 |
9568.09 722730
182 91 78 92 45 25 151 118 7 157 185 |98 104 97 112 191 72 64 85 163 |117 82 28 177 146 68 168 184 135 80 141 144 |197 5 24 57 132 107 |164 160 128 6 17 162 99 198 195 179 178 166 155 131 171 |11 133 26 67 56 50 143 46 43 129 188 |12 127 15 31 81 200 2 55 13 35 93 |120 19 58 22 139 95 186 74 158 69 79 108 180 76 165 59 181 111 193 9 123 61 60 |134 83 52 48 96 65 192 89 103 153 16 21 51 190 23 167 194 41 87 |116 40 114 109 36 137 199 187 154 42 115 38 32 161 173 176 119 4 86 66 ||110 124 14 147 172 101 138 20 10 189 |148 136 49 125 |27 |142 196 73 126 113 170 30 |18 39 156 140 47 |44 90 159 152 |100 77 145 169 1 63 |94 88 106 149 105 |8 54 70 84 29 |33 |53 122 102 71 150 174 |62 75 183 34 3 121 37 |175 130 |
10236.8 715425
182 91 78 92 45 108 42 118 7 157 119 185 |98 104 97 112 191 72 64 85 32 163 |117 82 28 177 146 68 168 184 135 200 141 144 66 86 |197 5 24 57 132 107 |164 160 128 6 17 162 99 198 195 179 178 166 155 131 171 |11 133 26 67 56 154 143 46 43 129 188 |12 127 80 31 81 151 2 55 13 35 93 |120 19 58 22 139 95 186 74 158 69 79 4 180 76 165 59 181 111 193 9 123 61 60 |134 83 52 48 96 65 192 89 103 153 16 21 51 190 23 167 161 194 173 41 176 87 |116 40 114 109 36 137 15 187 38 20 ||115 |110 |14 147 172 101 138 |10 189 |148 136 49 125 |27 |199 |88 |142 196 73 126 113 170 30 |18 39 156 140 47 |44 90 159 152 |25 |105 |100 77 145 169 1 63 |94 124 106 149 |8 54 70 84 29 |33 |50 |53 122 102 71 150 174 |62 75 183 34 3 121 37 |175 130 |
10600.4 662684
108 69 86 141 78 187 129 163 40 85 112 |5 181 182 111 17 79 198 59 184 131 58 22 |67 71 161 190 104 65 123 192 60 144 119 165 |142 42 200 57 158 21 171 127 154 80 193 |28 87 41 177 159 179 48 143 197 33 66 128 135 36 151 166 64 93 |191 72 8 174 194 68 23 115 189 100 109 137 45 188 81 4 76 |157 84 53 132 14 55 147 2 6 24 196 51 38 118 168 114 |167 178 37 146 7 32 39 92 16 153 89 94 83 180 176 |173 52 140 9 61 31 15 164 95 74 |91 73 155 145 97 35 133 150 56 185 134 ||19 138 3 30 101 11 170 |120 125 54 13 82 99 106 |98 152 136 29 |12 105 62 156 107 20 |169 |126 186 162 116 10 |121 1 183 172 77 46 75 199 |70 63 175 88 |25 18 49 96 |195 102 110 160 |90 44 124 113 117 |26 122 34 130 43 |103 139 149 27 |148 50 47 |
11441 658799
146 68 10 106 114 109 155 171 131 36 18 129 163 158 74 |89 107 147 143 199 105 187 91 |39 98 135 21 97 138 118 38 190 |124 102 93 121 166 184 168 32 125 85 7 23 |128 188 164 15 66 192 2 141 123 111 197 81 182 |151 137 58 127 22 45 92 95 16 153 5 78 181 104 |31 144 60 61 80 193 9 65 86 4 17 200 6 24 |64 177 176 179 119 185 132 198 108 79 48 |167 161 194 173 76 134 180 83 69 |55 165 41 59 87 56 57 157 35 ||103 156 149 27 |120 28 |139 90 |196 160 117 33 43 30 183 |44 148 82 75 1 116 |154 |47 126 |67 133 11 52 96 29 14 |145 |12 191 172 |110 195 113 142 51 20 3 |186 62 25 73 88 |99 |152 |175 49 178 71 34 46 140 162 |170 94 37 |50 |169 84 26 112 174 |150 136 159 115 42 77 101 |70 40 54 72 63 8 130 |122 13 53 |19 100 189 
12259.1 268061
102 82 105 3 10 72 93 146 68 97 23 190 |114 166 184 151 171 155 131 36 129 163 135 43 106 |55 110 87 59 176 177 173 150 35 157 |86 141 192 2 83 4 147 143 200 6 24 |76 165 41 56 198 53 57 79 48 69 |168 194 8 161 167 64 85 32 7 169 118 38 21 158 |180 134 14 179 119 185 132 108 17 96 104 |98 123 9 65 193 15 73 81 111 197 78 181 |144 66 61 80 60 89 31 164 16 153 5 182 42 |187 137 58 39 127 156 22 45 92 95 188 128 91 74 ||178 |11 |124 |77 75 |37 130 44 |34 40 109 62 |51 174 191 133 170 |20 145 120 139 126 |175 30 152 113 |121 71 |90 67 148 1 |70 |54 13 101 |47 50 |94 154 52 117 |196 |136 |160 26 |112 19 172 189 |115 159 122 100 25 |29 199 18 140 |186 116 142 |99 125 138 |162 |84 |103 149 195 46 |88 63 49 183 |28 12 27 |107 33 |
13864.6 239356
131 114 184 166 168 64 118 97 23 190 |194 161 167 32 85 7 93 146 68 35 |47 152 41 59 87 133 157 38 21 158 |2 192 90 15 164 188 128 187 91 74 |58 137 151 171 36 155 129 163 135 |144 60 66 141 123 80 111 197 81 182 |127 22 45 92 95 16 153 5 78 181 104 |31 61 193 9 65 86 4 17 200 6 24 |177 176 57 56 179 119 185 132 198 108 79 48 |173 165 76 55 134 180 83 69 ||136 |106 99 |159 98 |14 113 |148 172 77 96 138 |62 29 110 195 |191 13 142 10 199 120 |130 3 189 100 160 34 |53 117 84 11 183 101 |147 88 124 50 |18 175 63 |150 122 52 140 |89 178 70 72 174 |154 |19 156 20 125 |49 37 67 186 |149 25 139 28 |196 126 42 115 46 51 40 |12 27 39 109 145 |8 94 33 107 |105 |121 71 44 26 82 162 103 |170 102 143 75 73 43 |112 54 1 116 169 30 |
14568.4 233682
2 192 103 15 164 188 128 187 91 74 |58 137 151 171 36 155 129 163 135 |144 60 66 141 123 80 111 197 81 182 |127 22 45 92 95 16 153 5 78 181 104 |31 61 193 9 65 86 4 17 200 6 24 |177 176 179 119 185 132 198 108 79 48 |173 76 134 180 83 69 |55 165 41 59 87 56 57 157 35 |194 161 167 64 168 184 166 114 21 38 158 |131 32 85 7 93 146 68 118 97 23 190 ||99 |34 162 |43 |14 113 |90 172 |152 |62 101 73 195 77 142 |13 |3 53 1 160 |191 44 120 |170 117 84 11 183 54 |147 88 124 50 |18 |175 63 |150 122 52 140 |89 178 70 72 174 |154 |19 156 20 125 |49 37 67 186 |149 25 139 28 |196 126 42 115 46 51 40 |12 27 39 109 145 |8 94 33 107 |148 110 116 |29 |30 133 71 75 47 96 106 |169 26 136 112 10 100 189 |143 159 199 102 |98 121 138 |130 105 |82 
16079 214295
187 37 63 23 |123 9 86 59 173 35 157 |41 177 176 87 4 17 200 6 104 24 |165 76 55 179 132 198 56 57 79 |144 2 83 180 134 119 185 108 48 69 |161 167 85 64 7 93 146 68 97 190 |194 168 32 166 114 118 38 |127 58 137 151 171 131 36 155 184 129 163 21 158 |22 45 92 95 188 164 31 15 153 5 128 91 135 74 |16 65 192 141 66 60 61 80 193 111 197 81 78 181 182 ||33 43 30 |44 148 82 75 |1 183 |154 116 |178 |47 126 |67 133 11 52 96 29 14 |145 |12 25 172 |110 162 113 142 51 20 |186 62 73 88 3 |160 |152 |53 |49 121 |77 |170 136 18 120 |191 103 39 |100 94 156 |109 19 27 98 107 |72 8 130 13 28 34 |99 139 199 |143 |26 90 174 |115 175 54 112 169 |89 |124 150 |102 |125 138 |105 |84 |71 70 40 101 196 |117 50 |147 149 189 106 42 46 |10 159 |140 195 122 |
18369.2 211721
41 177 176 59 87 56 198 57 79 48 |180 83 4 2 192 66 61 80 193 111 197 181 |144 141 123 9 65 86 17 200 6 104 |60 31 15 164 188 16 153 5 81 78 182 |127 187 22 45 95 92 128 91 |58 137 151 171 131 36 129 163 135 74 |155 184 166 38 97 23 35 157 |168 194 161 167 64 85 7 118 190 |173 146 68 93 32 114 21 158 |165 76 55 134 179 119 132 185 108 69 24 ||73 25 186 |43 |195 191 |160 162 |99 3 |33 122 |51 140 152 |113 |37 88 53 |82 13 183 72 |1 178 |12 139 |170 115 |175 49 148 110 116 |29 |98 89 34 |199 14 |117 |71 107 46 |121 |150 18 |103 112 |130 |67 133 20 70 40 101 75 |96 47 94 154 52 |50 |26 19 |174 |159 10 |109 |147 143 |124 |102 |125 138 |105 189 172 |136 42 142 196 |100 77 145 169 126 |156 |106 149 30 90 |54 84 |39 |11 |8 63 120 62 27 |28 44 |
18726.1 193715
41 177 176 59 87 56 198 57 79 48 |180 83 4 2 192 66 61 80 193 111 197 181 |144 141 123 9 65 86 17 200 6 104 |60 31 15 164 188 16 153 5 81 78 182 |127 187 22 45 95 92 128 91 |58 137 151 171 131 36 129 163 135 74 |155 184 166 38 97 23 35 157 |168 194 161 167 64 85 7 118 190 |173 146 68 93 32 114 21 158 |165 76 55 134 179 119 132 185 108 69 24 ||72 |186 145 25 43 |54 |142 |195 191 |77 175 11 88 |99 12 |94 33 122 |172 |152 162 46 |126 29 42 |140 71 |73 199 |3 189 100 160 105 |113 117 84 |110 121 |37 |82 183 1 13 178 |116 53 |30 |115 170 |67 133 |70 |196 75 |20 |47 |52 49 40 |154 |101 |96 |50 169 |136 112 174 10 106 |143 |26 |109 19 107 147 |139 14 |39 90 18 |159 98 124 |125 89 138 |150 |102 |148 |130 |103 156 149 51 34 |8 63 120 62 |28 44 |27 
22680 189869
41 177 176 59 87 56 198 57 79 48 |180 83 4 2 192 66 61 80 193 111 197 181 |144 141 123 9 65 86 17 200 6 104 |60 31 15 164 188 16 153 5 81 78 182 |127 187 22 45 95 92 128 91 |58 137 151 171 131 36 129 163 135 74 |155 184 166 38 97 23 35 157 |168 194 161 167 64 85 7 118 190 |173 146 68 93 32 114 21 158 |165 76 55 134 179 119 132 185 108 69 24 ||73 |145 54 |162 43 |142 186 |195 191 |77 |126 |160 3 172 99 33 |88 140 113 42 46 122 |13 53 152 |170 |183 71 1 90 175 |110 121 115 |12 89 |14 196 30 116 |148 29 |133 |47 |72 174 178 |40 |70 20 |75 |96 |49 |94 130 101 |37 |156 |139 |67 117 |149 25 |169 |10 26 136 112 |106 |19 |82 52 100 189 109 |107 147 159 |39 |199 18 143 |98 |124 |154 150 102 138 |105 |125 |84 |103 50 |51 34 |8 63 120 62 27 |28 44 11 |
23350.2 188317
41 177 176 59 87 56 198 57 79 48 |180 83 4 2 192 66 61 80 193 111 197 181 |144 141 123 9 65 86 17 200 6 104 |60 31 15 164 188 16 153 5 81 78 182 |127 187 22 45 95 92 128 91 |58 137 151 171 131 36 129 163 135 74 |155 184 166 38 97 23 35 157 |168 194 161 167 64 85 7 118 190 |173 146 68 93 32 114 21 158 |165 76 55 134 179 119 132 185 108 69 24 ||73 169 |54 145 |43 154 |106 162 |94 98 |14 113 |71 |96 90 |62 29 110 195 77 13 |130 3 53 |100 160 115 |191 199 120 |170 117 84 11 183 121 |112 88 75 140 |18 175 63 150 |52 50 |122 89 178 |70 72 30 |49 |37 |116 156 20 |139 |67 186 |149 25 |39 |33 |82 126 99 |26 19 |174 |159 10 |109 |147 143 |124 |102 |125 138 |105 189 172 |136 42 142 196 46 |148 1 152 |12 40 101 133 |47 107 |103 51 34 |8 27 |28 44 |
26483.3 186788

Time:10
Last Iter:10
Last Update:10
Tabu:0
Last Time10
12
106 99 69 200 108 56 170 113 50 35 135 123 31 |40 145 138 7 155 137 58 65 61 80 192 76 59 173 |179 185 79 48 17 74 38 23 87 177 112 161 85 22 188 16 128 |100 182 15 164 98 149 18 131 151 184 |68 172 196 140 181 193 45 39 36 163 114 194 41 57 |9 141 47 119 52 13 157 190 158 24 104 91 5 95 171 166 |111 78 60 2 147 195 165 44 20 116 32 168 167 130 187 |92 153 197 86 6 4 117 134 132 198 133 84 77 146 93 89 66 |97 34 118 169 129 160 107 94 83 96 115 142 28 |73 81 186 25 127 21 51 90 64 26 176 55 124 180 144 ||54 178 183 101 62 199 156 |150 67 10 75 105 27 |139 174 |148 30 175 19 |154 12 3 102 136 110 |143 162 29 33 |14 82 122 42 103 88 |121 37 72 191 71 63 8 |109 |189 43 46 126 159 152 1 |120 125 49 70 11 53 |
8964.74 769862
46 48 179 68 64 184 158 137 |186 91 153 80 61 66 144 45 127 151 171 114 7 174 41 56 |182 128 111 193 98 180 79 57 190 129 166 |130 49 37 71 177 165 76 200 86 24 187 92 |131 18 25 15 31 81 197 83 185 55 146 161 |94 141 6 104 75 74 149 120 19 58 188 5 69 93 |181 17 117 119 59 84 102 23 10 138 85 63 155 36 16 164 60 9 |168 32 116 145 172 77 35 173 198 132 124 134 108 147 65 78 95 22 163 |109 21 38 118 97 157 87 159 50 26 112 178 167 194 4 2 192 |175 8 90 191 133 176 82 122 42 135 160 123 113 ||106 162 148 169 51 73 |126 88 14 143 96 |154 27 121 |139 105 62 103 47 29 |11 44 150 67 152 170 1 |125 |34 54 13 115 140 |136 99 142 12 |72 33 89 |28 183 20 189 196 3 30 40 101 |52 110 195 53 70 43 100 |107 199 156 39 |
9498.75 752521
126 147 47 29 185 190 158 129 128 111 80 141 |56 119 83 24 91 36 7 64 93 197 15 164 |31 98 192 180 41 118 21 184 161 137 45 16 |12 127 188 65 123 200 69 108 132 179 176 173 167 114 |81 5 181 89 4 124 165 177 35 149 171 168 |55 87 110 52 162 117 88 144 107 193 78 153 74 135 22 155 146 |194 54 90 3 138 43 62 156 60 57 |59 152 76 195 14 134 2 9 73 103 160 95 154 39 58 151 131 32 157 |187 120 100 196 104 6 86 46 28 133 198 170 38 |163 40 166 85 72 68 97 23 10 51 101 182 92 61 66 17 48 79 ||145 116 109 175 71 150 75 |53 191 178 18 27 |25 |142 77 186 33 26 |70 63 174 102 44 148 140 |94 50 |189 183 13 99 42 105 199 139 |121 125 130 19 34 |37 67 136 159 82 122 |1 30 169 172 11 115 96 143 |49 8 113 84 20 |106 112 |
9552.81 699402
102 178 159 94 103 145 60 98 80 21 197 193 61 123 9 65 86 |130 194 8 63 70 167 85 168 32 7 93 87 118 38 |58 173 127 156 154 45 22 187 79 |76 165 177 59 56 53 57 157 35 97 23 190 |176 81 153 128 91 137 129 163 135 74 |161 64 121 166 184 171 151 131 36 111 155 114 |89 15 104 164 92 31 95 188 16 160 5 78 181 182 |144 66 4 198 180 47 83 126 143 17 200 140 6 |68 158 146 55 119 185 108 48 69 24 |41 141 192 2 134 179 124 132 ||18 110 |152 175 |162 |133 13 183 |30 51 172 99 115 |142 19 88 147 117 |109 40 101 10 100 196 27 |149 25 73 189 29 |50 170 28 84 107 |138 |1 11 71 43 75 |120 62 12 |39 |105 169 49 72 46 |139 199 113 |42 96 122 82 195 |26 148 125 |186 |33 174 |150 |77 116 3 112 37 191 67 136 52 |14 54 90 44 34 20 106 
11920.9 401994
102 178 159 94 103 145 152 39 60 98 80 61 123 65 |130 194 8 63 70 167 85 168 32 7 93 118 38 |137 58 127 156 154 45 22 187 79 |76 165 177 59 87 56 198 53 57 157 35 97 23 190 |176 81 153 128 91 129 163 135 74 |161 64 121 166 184 171 151 131 36 155 114 21 158 |31 89 15 164 92 95 188 16 160 5 78 181 182 |144 66 4 180 47 83 126 143 17 200 140 6 104 |68 146 173 55 134 179 124 119 185 132 110 108 48 69 |41 2 192 141 9 86 193 111 197 24 ||162 |18 133 13 |183 |30 |51 172 99 115 |142 88 147 117 |109 40 101 10 100 196 27 |149 25 73 189 29 |175 50 170 28 84 |107 |19 138 1 11 71 43 75 |120 62 12 |105 169 49 72 46 |139 199 113 |42 96 122 82 195 26 148 125 |186 33 174 |150 |77 116 3 112 37 191 67 136 52 |14 54 90 44 34 20 106 
13751 305419
165 41 173 177 176 59 166 114 38 87 56 57 48 69 |161 167 64 93 146 68 97 35 23 190 |7 145 42 128 160 153 5 182 |62 151 171 19 155 131 36 129 163 135 74 |180 76 55 170 179 31 119 132 185 198 108 79 157 |194 168 85 32 184 118 21 158 |95 137 58 127 45 22 187 91 24 |144 192 4 141 193 111 197 17 200 6 |134 83 2 66 60 80 61 123 9 65 86 104 |92 188 16 164 15 81 78 181 ||117 |100 |88 115 152 |169 101 107 |147 67 99 |52 47 139 116 138 106 |10 51 130 37 191 26 84 82 110 |162 140 73 33 94 186 149 43 172 183 |175 34 142 12 199 120 |28 136 14 98 75 |54 121 105 154 27 |18 |44 |90 125 40 |11 |46 189 70 77 71 112 30 3 |72 1 20 195 122 53 |63 174 49 102 |156 113 29 96 |133 50 124 178 196 |148 89 |143 8 150 |103 25 39 109 |159 126 |13 |
14460.9 275451
155 171 151 137 58 127 22 187 91 135 74 |131 36 45 92 95 188 128 153 5 |192 60 31 15 164 16 81 78 181 182 |144 141 66 80 61 123 9 65 193 111 197 104 24 |180 134 55 179 119 185 132 108 69 17 200 6 |76 165 41 177 176 59 87 56 198 57 79 157 |168 167 64 85 7 38 |86 2 4 83 48 35 23 118 |173 194 161 93 146 68 97 190 |129 163 32 184 166 114 21 158 ||122 105 |50 136 |33 |75 110 178 140 46 |12 112 82 149 |10 183 89 13 143 |107 117 |30 |160 |37 63 1 189 |115 84 |159 29 51 |34 11 28 |42 43 40 120 139 126 162 |109 18 39 186 103 |138 125 130 49 77 142 |19 54 150 44 26 67 133 |170 |53 195 102 199 116 |94 99 |174 121 20 172 101 145 |71 148 |147 196 |191 90 100 88 96 |154 27 70 72 |62 169 156 52 |25 113 14 |98 |8 |47 |73 |152 |106 |175 |3 |124 |
15304.8 209201
155 171 151 137 58 127 22 187 91 135 74 |131 36 45 92 95 188 128 153 5 |192 60 31 15 164 16 81 78 181 182 |144 141 66 80 61 123 9 65 193 111 197 104 24 |180 134 55 179 119 185 132 108 69 17 200 6 |76 165 41 177 176 59 87 56 198 57 79 157 |168 167 64 85 7 38 |86 2 4 83 48 35 23 118 |173 194 161 93 146 68 97 190 |129 163 32 184 166 114 21 158 ||90 107 117 196 |142 145 |172 |46 140 |160 73 |124 100 |149 51 |63 191 |102 |1 183 77 |54 30 |143 10 3 |40 |94 25 18 |106 116 96 34 147 99 |20 71 89 139 105 189 |29 84 162 49 70 |52 154 98 33 |150 159 26 152 122 110 13 |12 186 39 |170 |113 178 120 |121 125 130 44 |8 43 |50 82 67 |53 195 47 199 |75 |126 |138 101 62 |103 169 |156 |112 72 42 |148 |27 |88 |19 |14 174 11 |175 37 109 |115 136 133 28 |
19455.4 202218
194 161 167 64 85 184 166 114 38 |87 185 119 132 108 4 9 65 86 17 6 |35 128 188 16 164 15 81 78 |146 168 32 7 93 68 118 97 23 190 |41 165 76 55 179 134 180 83 200 ||31 144 60 61 80 193 111 197 181 104 24 |95 92 45 22 187 91 135 158 74 |127 58 137 151 171 131 36 155 129 163 21 |173 177 176 59 56 198 57 157 79 48 69 |2 192 141 66 123 153 5 182 ||117 107 11 |136 172 |100 77 |19 28 |103 62 109 |8 54 42 47 147 |44 138 |98 |143 |27 |39 89 |90 96 |115 46 |160 73 |124 110 |26 51 |49 |116 |34 191 99 189 |159 94 33 152 122 |12 186 3 13 70 10 20 |18 139 105 84 162 |40 29 |52 154 |150 |170 |113 178 149 |121 125 130 25 |183 43 140 |50 82 67 |53 195 102 199 |75 |112 101 37 106 |88 |145 169 142 |174 14 196 |72 63 30 |71 126 120 |133 175 1 148 |156 |
19658.1 201895
155 171 151 137 58 127 22 187 91 135 74 |131 36 45 92 95 188 128 153 5 |192 60 31 15 164 16 81 78 181 182 |144 141 66 80 61 123 9 65 193 111 197 104 24 |180 134 55 179 119 185 132 108 69 17 200 6 |76 165 41 177 176 59 87 56 198 57 79 157 |168 167 64 85 7 38 |86 2 4 83 48 35 23 118 |173 194 161 93 146 68 97 190 |129 163 32 184 166 114 21 158 ||30 107 117 196 145 |100 |147 |88 |106 |98 142 |120 44 8 109 |103 47 71 |27 |39 89 |90 96 |115 46 |160 73 |124 110 |26 51 |49 |116 |34 191 99 189 |159 94 33 152 122 |12 186 3 13 70 10 20 |18 139 105 84 162 |40 29 |52 154 |150 |170 |113 178 149 |121 125 130 25 |183 43 140 |50 82 67 |53 195 102 199 |75 |126 |138 101 62 |77 169 |156 |112 72 42 |148 |172 1 |54 |19 |14 174 11 |175 37 63 |143 136 133 28 |
19867.9 201599
155 171 151 137 58 127 22 187 91 135 74 |131 36 45 92 95 188 128 153 5 |192 60 31 15 164 16 81 78 181 182 |144 141 66 80 61 123 9 65 193 111 197 104 24 |180 134 55 179 119 185 132 108 69 17 200 6 |76 165 41 177 176 59 87 56 198 57 79 157 |168 167 64 85 7 38 |86 2 4 83 48 35 23 118 |173 194 161 93 146 68 97 190 |129 163 32 184 166 114 21 158 ||140 |27 106 |143 |70 25 |33 |154 100 |178 117 152 |124 |183 |8 13 |82 122 |113 10 90 |136 160 3 |12 |191 |37 63 1 189 |115 84 |159 29 51 |34 11 28 |42 43 40 120 139 126 162 |109 18 39 186 103 |138 125 130 49 77 142 |19 54 150 44 26 67 133 |170 |53 195 102 199 116 |94 99 |174 121 20 172 101 145 |71 148 |147 196 |98 110 46 |50 |30 149 62 |47 169 |156 |112 72 88 |107 |14 |96 |73 |75 |105 |175 |52 |89 |
22774.4 193587
194 161 64 7 93 146 68 97 23 190 |173 180 108 48 69 17 200 104 24 |188 164 2 192 141 123 9 65 86 6 |137 151 171 131 36 155 166 118 38 |184 58 127 22 45 187 129 163 135 158 |92 95 16 15 31 60 80 61 193 111 |144 66 197 81 153 128 5 78 181 182 |4 83 134 179 132 119 185 56 198 79 |55 76 165 41 177 176 59 87 57 157 35 |168 167 85 32 114 21 91 74 ||27 |70 |25 |33 143 |52 100 |178 117 82 142 |124 |183 62 8 13 |102 196 |10 125 |136 160 3 |12 |115 42 116 40 18 189 |191 72 50 |105 73 109 |39 84 |51 |47 159 |34 49 |43 30 152 90 |139 |147 |170 |110 |14 |29 98 |77 46 |122 |130 121 |172 101 145 |133 148 150 |140 |94 |174 |99 |67 20 53 195 75 106 |71 169 199 120 103 |156 126 88 |112 138 149 |28 26 |107 |186 |96 11 |162 89 |44 1 |54 |19 |154 113 |175 37 63 |
22902.1 190859

Time:10
Last Iter:10
Last Update:10
Tabu:0
Last Time10
22
131 62 129 38 97 108 59 176 41 194 188 65 |68 90 114 166 36 190 160 164 92 111 192 83 132 185 |95 16 153 73 197 9 89 182 79 32 |34 183 158 104 81 123 141 187 146 87 56 55 76 |167 85 184 58 25 128 181 6 74 60 177 |78 5 31 61 88 144 180 134 57 69 142 23 64 168 22 |72 37 112 7 169 3 20 21 24 115 96 48 122 133 179 86 193 45 |71 93 161 175 163 91 196 46 52 17 119 50 66 80 15 |138 116 40 118 10 101 135 106 157 35 28 198 67 173 63 120 127 |2 4 143 200 14 124 113 165 152 84 150 178 130 109 155 171 151 137 ||82 110 77 51 1 102 54 |186 139 33 98 103 105 189 |145 27 |75 43 30 174 136 170 159 |162 126 147 53 195 199 |156 |148 44 191 121 19 172 |29 47 117 94 99 13 |107 149 |11 26 49 8 140 |39 154 12 18 100 42 |125 70 |
8985.91 791156
63 121 155 39 156 22 95 5 6 200 61 80 41 |16 153 92 137 131 168 173 87 185 55 17 86 |38 158 157 180 192 78 181 164 166 7 64 194 |100 135 91 160 103 89 65 126 162 57 23 45 177 165 |198 56 159 179 76 108 83 9 81 104 97 93 167 163 36 151 |74 118 146 148 150 85 130 187 128 197 193 |116 190 69 48 79 195 191 72 54 149 127 111 60 |58 188 15 73 94 4 147 134 113 170 132 53 35 24 129 |32 184 171 34 44 84 133 59 136 119 29 117 46 123 144 |161 68 145 21 189 101 114 12 182 115 176 2 141 66 31 ||138 1 90 71 26 50 124 110 42 |172 186 62 18 51 11 |49 |105 199 19 109 40 169 112 70 43 |99 140 33 98 139 25 |107 |106 122 13 82 178 175 |154 27 96 143 47 14 |152 88 |196 75 142 10 183 37 174 125 |52 120 67 102 30 3 20 |77 28 8 |
9028.81 743004
28 198 119 179 173 49 194 167 184 158 24 91 5 78 181 92 192 |199 127 164 153 123 53 87 176 165 38 |39 95 135 68 185 9 80 66 |166 169 8 63 151 128 15 6 132 |197 81 89 182 115 142 23 34 118 114 129 22 27 171 85 59 108 |175 161 125 64 90 7 21 190 35 57 56 55 83 193 16 187 |138 51 102 32 36 137 58 139 65 69 |41 152 79 17 104 189 183 3 116 121 155 131 188 60 61 141 4 |144 31 94 111 86 88 103 43 163 40 30 146 97 48 180 134 76 |143 200 140 162 52 157 133 177 195 170 14 2 98 73 45 74 93 168 ||47 96 99 46 77 37 |130 150 62 12 160 |145 18 174 178 |156 19 172 106 196 84 |54 113 149 |20 101 100 75 105 120 109 1 |29 159 50 67 44 71 |70 |186 42 13 11 26 136 110 |33 107 147 82 122 148 10 |112 191 72 124 117 126 |154 25 |
9435.99 735989
17 6 86 55 52 132 185 124 134 76 41 63 194 32 93 21 129 171 |178 70 71 84 133 176 198 79 74 181 197 80 60 188 22 131 166 |65 61 153 184 168 85 64 7 38 |20 11 69 24 111 15 157 163 155 58 66 141 192 119 108 |123 140 83 165 173 146 97 135 187 59 |31 92 142 190 30 148 177 48 |118 104 143 126 9 2 89 88 144 5 16 149 127 56 |150 44 87 136 28 57 53 99 4 180 91 114 |45 156 25 39 151 109 116 145 23 167 161 13 179 200 81 |73 160 164 137 36 62 158 51 68 102 1 35 95 128 182 78 193 ||33 98 147 195 77 172 138 |107 112 8 37 10 |115 117 82 113 42 100 18 |27 154 |96 75 189 183 121 19 120 |29 14 50 186 43 |105 40 125 |191 72 174 3 34 101 106 |12 139 170 |103 94 |122 46 196 162 47 |199 169 90 54 49 175 130 |110 159 152 26 67 |
9938.77 704164
63 121 155 39 156 22 95 5 6 200 61 80 41 176 |16 153 92 137 131 168 173 87 185 55 17 86 |38 158 157 180 192 78 181 164 166 7 64 194 161 68 |100 135 91 160 103 89 65 126 162 57 23 45 177 165 |198 56 159 179 76 108 83 9 81 104 97 93 167 114 163 36 151 |74 118 146 148 150 85 130 187 128 197 193 |116 190 69 48 79 195 191 72 54 149 127 111 60 31 182 |58 188 15 73 94 141 2 4 |134 113 170 132 53 35 24 129 21 |32 184 171 34 44 84 133 59 136 119 29 117 46 123 144 66 ||145 189 101 12 115 |138 1 90 71 26 50 124 110 42 |172 186 62 18 51 11 |49 |105 199 19 109 40 169 112 70 43 |99 140 33 98 139 25 |107 |106 122 13 82 178 175 |154 27 96 143 47 14 |152 88 120 |147 |196 75 142 10 183 37 174 125 |52 |67 102 30 3 20 |77 28 8 |
10937.7 657125
95 188 177 173 35 |2 83 55 176 68 23 24 |19 120 135 182 160 187 197 17 180 |192 94 193 103 45 69 48 119 64 118 |161 167 20 158 157 132 134 123 66 81 78 22 91 |87 185 50 52 104 74 38 97 146 85 114 137 16 141 9 65 |88 107 92 36 168 93 194 200 6 |156 139 186 5 181 111 86 98 82 56 59 7 166 129 171 163 |76 31 152 198 53 57 28 108 143 142 21 62 155 127 128 153 164 15 80 61 |32 184 40 190 102 178 175 131 151 58 89 60 144 4 79 179 165 41 ||191 150 26 133 183 34 138 116 109 |54 51 43 75 105 149 |172 77 46 115 99 159 44 125 |8 67 84 |27 117 |39 |63 174 162 14 11 10 |148 195 113 124 170 110 33 |112 72 3 |71 1 169 121 49 189 100 |122 13 96 126 136 29 |106 196 73 147 47 |199 12 154 42 140 101 145 |37 70 90 30 130 18 |25 |
12400 614185
9 4 83 180 76 56 87 59 176 35 |55 185 108 7 118 38 158 |123 61 15 164 92 95 188 16 193 65 86 17 190 |36 131 58 45 153 5 81 111 197 200 ||31 144 60 80 66 141 192 2 134 79 142 |165 119 52 91 135 163 21 74 |129 166 168 194 8 161 167 64 93 146 68 97 23 |155 114 69 48 179 132 198 57 157 |171 151 137 127 22 187 128 182 78 181 6 |184 32 85 41 177 173 104 24 ||63 39 156 |174 |170 152 148 |46 84 195 102 178 |110 113 26 122 75 |13 101 121 154 |53 124 47 126 196 100 77 |159 50 150 28 191 10 |172 186 62 51 11 34 44 133 |49 136 29 117 115 |145 149 |199 19 109 40 169 112 70 43 |99 140 33 98 139 25 |107 |143 14 82 72 130 54 183 |71 20 116 120 105 27 |3 1 125 37 175 |67 30 138 106 |73 88 18 |89 |160 103 162 94 147 189 42 |12 90 96 |
13203.2 261211
197 176 59 165 179 119 132 108 48 69 |111 193 4 55 134 185 198 57 79 157 |192 2 83 180 14 56 87 35 30 |63 64 39 181 |164 15 31 60 80 61 66 141 123 9 65 86 17 200 6 104 24 |144 81 78 92 95 188 16 153 5 91 |194 161 167 168 155 171 131 36 129 163 21 135 74 |76 41 177 173 146 93 68 118 97 23 190 |151 58 127 22 45 187 128 182 |137 184 32 85 7 166 114 38 158 ||106 |100 160 40 154 52 |88 67 |130 |195 191 72 |73 94 147 113 170 53 |34 44 84 133 136 29 117 46 |189 101 12 115 |138 90 26 50 124 110 42 |172 186 62 18 51 11 |49 |54 112 71 183 20 145 116 109 120 149 |105 25 27 3 1 125 37 |175 |152 142 |148 8 |96 122 159 |162 143 140 |10 13 99 |43 103 33 82 |70 174 150 28 |126 98 47 107 77 |19 89 156 199 |75 178 196 169 102 |121 139 |
14591.5 240580
137 151 131 155 21 158 |56 87 41 59 176 177 173 7 118 190 |168 161 167 64 85 32 184 166 114 38 |128 188 95 92 127 45 22 187 135 |4 123 9 65 86 122 13 28 57 198 110 79 157 |165 76 55 113 134 179 119 185 132 108 48 69 |194 49 93 146 68 97 23 35 |180 83 2 192 141 66 60 61 80 193 111 197 81 78 182 91 |58 171 36 129 163 74 |144 31 15 164 16 153 5 181 17 200 6 104 24 ||107 84 |26 |148 112 63 |89 |75 33 |138 51 102 139 |152 189 183 3 116 121 |94 88 103 43 40 30 |143 140 162 52 133 195 170 14 |47 96 99 46 77 37 |130 150 62 12 160 |145 18 174 178 |98 73 |156 172 101 29 126 106 42 |124 117 20 34 10 115 142 100 |191 54 67 147 |125 27 199 105 186 109 |39 169 159 11 |50 136 71 175 |70 44 53 82 196 |1 90 120 149 154 25 19 |72 8 |
15861.2 235076
177 173 161 167 85 32 118 38 |31 15 164 45 22 129 163 135 74 |131 168 64 7 93 146 68 23 190 |137 151 187 128 197 182 91 |180 83 144 60 66 61 80 193 111 81 78 |48 69 105 36 171 19 155 166 114 21 158 |119 76 50 165 41 176 59 87 56 82 198 185 132 108 79 |194 184 97 35 57 157 |58 127 92 95 188 16 153 5 181 6 104 24 |55 179 134 117 4 2 192 141 123 9 65 86 17 200 ||40 102 178 175 |191 150 26 133 183 34 138 116 109 |54 51 89 |170 1 |72 162 88 |71 3 160 |13 84 10 96 140 53 |122 30 |99 52 110 |47 126 29 124 113 136 169 |33 98 147 195 77 172 |186 12 199 149 145 90 46 |106 143 14 49 |63 |11 148 44 70 8 125 174 20 |139 154 121 103 43 |152 |130 112 |18 156 37 115 142 |75 27 196 42 159 28 101 189 |67 100 39 25 62 120 |107 94 73 |
16190.7 234662
134 170 55 113 179 108 48 69 99 104 42 24 |125 173 37 146 68 93 138 190 |36 151 137 58 127 45 22 187 129 163 135 43 |144 31 80 193 65 86 181 78 128 91 |194 161 167 168 166 114 21 158 74 |92 95 188 164 15 16 153 5 81 111 197 17 200 6 |182 177 56 57 79 97 23 |9 185 76 165 41 176 59 87 35 |60 61 66 123 141 192 2 4 83 180 132 119 198 157 |171 131 155 184 32 85 64 7 118 38 ||160 103 162 |148 122 75 |13 101 121 19 154 |53 124 47 126 33 196 100 77 |159 50 150 49 40 51 |199 172 28 |44 191 34 10 115 143 29 14 |82 140 72 130 |54 112 71 183 20 145 116 109 120 149 |105 25 27 3 1 |117 110 142 |52 152 |186 139 26 102 189 |18 8 30 90 63 |133 156 62 |46 174 147 |178 70 67 136 |195 39 12 |98 107 |175 |84 94 96 89 88 106 |11 169 73 |
16939.9 234256
18 114 184 166 32 85 7 1 93 30 118 145 38 |168 194 130 174 161 167 64 37 112 146 68 97 23 |151 137 58 127 199 22 45 187 91 135 74 190 |95 15 60 80 61 66 123 9 65 193 111 197 81 78 181 42 |144 31 164 92 188 16 153 5 128 182 196 |198 124 179 134 180 83 4 86 17 104 24 |165 76 55 170 195 56 87 57 79 122 157 |41 59 176 177 173 44 148 11 35 |27 171 155 131 36 12 129 163 21 158 |141 192 2 117 132 119 185 108 48 69 6 140 200 96 ||103 |63 |156 186 98 82 |152 53 143 |178 175 |191 150 138 116 109 125 |88 126 159 28 |67 84 13 142 106 10 90 20 |100 39 49 72 70 |25 |149 62 120 40 101 189 51 52 147 |139 154 121 133 |136 |3 169 34 183 102 71 54 8 |47 33 89 107 94 73 160 |110 29 14 26 |105 19 77 46 |50 113 43 75 172 115 99 162 
17003.2 230443
174 93 146 68 118 97 23 190 |144 60 9 193 111 197 81 181 78 128 91 |180 141 66 61 80 123 65 86 200 6 104 |58 127 137 151 171 131 36 129 163 135 24 |173 177 41 176 59 87 56 57 79 |194 161 166 184 168 32 85 21 74 |165 167 64 7 114 38 158 |192 83 134 76 55 179 119 185 132 198 108 48 |187 15 31 2 4 17 69 157 35 |155 22 45 92 95 188 164 16 153 5 182 ||142 |169 |3 |33 88 117 |29 150 71 |159 195 |44 191 130 |115 |82 183 51 |110 53 133 |52 105 |199 25 19 152 84 |147 189 67 140 46 |11 148 34 138 1 112 102 30 |149 49 136 170 |103 50 126 |156 |94 90 |139 43 10 |20 101 100 39 |54 |70 |75 172 |98 77 145 |72 37 125 160 73 42 |124 113 27 |154 107 |122 13 178 175 |96 143 47 14 |99 |63 89 28 |40 120 12 109 106 |26 |8 |62 18 196 |186 162 116 |121 
17095.2 205624
137 151 171 131 36 155 184 129 163 158 74 |194 161 167 64 7 118 21 104 24 |66 2 192 141 123 65 86 17 200 6 |164 15 31 60 61 80 193 111 197 78 181 182 |144 9 81 5 153 16 188 128 91 |4 83 180 132 108 79 48 69 |76 55 134 179 119 185 198 56 57 |165 41 177 176 59 87 157 35 |173 146 68 93 85 32 168 166 114 38 97 23 190 |58 127 95 92 45 22 187 135 ||169 |3 |99 |33 174 |29 150 71 |159 |191 |183 51 |110 53 |52 105 |199 13 |152 |147 |96 140 46 |148 34 |18 30 |149 1 49 |50 136 |112 |162 |143 |156 |94 90 |139 43 75 10 |20 101 100 39 |54 |26 70 8 178 172 |98 77 145 |72 37 125 |160 73 107 42 |124 113 27 |154 |63 130 109 138 84 28 122 115 106 |102 40 120 19 12 25 |196 170 195 44 11 117 126 142 |103 186 82 175 |116 88 67 189 |62 121 133 |47 14 89 |
19337.6 200683
137 151 131 171 184 155 36 129 163 158 74 |194 161 167 64 7 118 21 104 24 |66 2 192 141 123 65 86 17 200 6 |164 15 31 60 61 80 193 111 197 78 181 182 |144 9 81 5 153 16 188 128 91 |4 83 180 132 108 79 48 69 |76 55 134 179 119 185 198 56 57 |165 41 177 176 59 87 157 35 |173 146 68 93 85 32 168 166 114 38 97 23 190 |58 127 95 92 45 22 187 135 ||34 116 |29 |99 147 67 |14 136 11 117 |33 174 53 |150 49 112 47 195 |191 |170 |126 51 |159 |88 |199 84 |152 |13 19 |96 140 3 130 |148 71 82 110 |1 |186 |149 103 105 |115 |122 |133 |46 |52 50 162 |138 |121 25 143 |156 |94 90 |43 |139 75 10 |20 101 100 39 |54 178 26 |98 70 145 172 77 |8 125 |72 107 |124 113 27 |160 73 42 37 |154 |28 |106 |102 |12 |196 |63 44 109 |40 142 120 |175 |189 |62 183 |89 18 |30 169 
21055.2 196055
137 151 171 131 36 155 184 129 163 158 74 |194 161 167 64 7 118 21 104 24 |66 2 192 141 123 65 86 17 200 6 |164 15 31 60 61 80 193 111 197 78 181 182 |144 9 81 5 153 16 188 128 91 |4 83 180 132 108 79 48 69 |76 55 134 179 119 185 198 56 57 |165 41 177 176 59 87 157 35 |173 146 68 93 85 32 168 166 114 38 97 23 190 |58 127 95 92 45 22 187 135 ||169 |105 |99 |183 150 |30 |34 |96 33 140 |142 49 |112 47 |170 126 |159 88 |174 |44 |191 84 13 |3 130 |71 |82 110 |51 1 102 |199 |186 |149 46 29 |50 136 |162 |143 |156 |94 90 |139 43 75 10 |20 101 100 39 |54 |26 70 8 178 172 |98 77 145 |72 37 125 |160 73 107 42 |124 113 27 |154 |63 |109 138 52 28 122 115 106 |40 120 19 12 25 |196 |195 |11 117 152 |103 18 147 |116 148 67 189 |62 121 133 175 |53 14 89 |
22138.1 193408
137 151 171 131 36 155 184 129 163 158 74 |194 161 167 64 7 118 21 104 24 |66 2 192 141 123 65 86 17 200 6 |164 15 31 60 61 80 193 111 197 78 181 182 |144 9 81 5 153 16 188 128 91 |4 83 180 132 108 79 48 69 |76 55 134 179 119 185 198 56 57 |165 41 177 176 59 87 157 35 |173 146 68 93 85 32 168 166 114 38 97 23 190 |58 127 95 92 45 22 187 135 ||34 71 |170 162 |67 |140 13 |159 25 |96 117 142 112 152 53 |115 |122 30 |99 52 110 |47 126 29 124 113 136 133 169 3 |88 |195 |44 191 130 |82 183 51 |49 |199 |19 1 84 |102 |147 |11 148 33 103 |149 105 189 |150 46 |175 50 |138 121 |143 |156 |94 90 |139 43 75 10 |20 101 100 39 |54 |26 70 8 178 172 |98 77 145 |72 37 125 |160 73 107 42 |27 |154 |18 |109 |174 |14 40 28 |120 196 |62 186 |116 |63 |12 106 |89 |
22647.6 190386
137 151 171 131 36 155 184 129 163 158 74 |194 161 167 64 7 118 21 104 24 |66 2 192 141 123 65 86 17 200 6 |164 15 31 60 61 80 193 111 197 78 181 182 |144 9 81 5 153 16 188 128 91 |4 83 180 132 108 79 48 69 |76 55 134 179 119 185 198 56 57 |165 41 177 176 59 87 157 35 |173 146 68 93 85 32 168 166 114 38 97 23 190 |58 127 95 92 45 22 187 135 ||34 116 |29 147 |67 |140 14 |136 11 |117 |152 53 195 |142 49 |112 47 |170 126 |82 183 |159 88 |174 |44 |191 84 13 |3 130 |71 |110 |51 1 102 |199 |186 |33 149 103 |189 |150 96 122 133 |175 52 18 62 |138 121 25 |143 |156 |94 90 |139 148 169 10 |20 101 100 39 |54 |26 70 8 178 30 |98 |145 |72 37 125 |160 73 107 42 |124 196 27 |154 |63 109 28 106 |40 120 12 |89 |105 19 77 46 |50 113 43 75 172 115 99 162 
23819.6 190057
137 151 171 131 36 155 184 129 163 158 74 |194 161 167 64 7 118 21 104 24 |66 2 192 141 123 65 86 17 200 6 |164 15 31 60 61 80 193 111 197 78 181 182 |144 9 81 5 153 16 188 128 91 |4 83 180 132 108 79 48 69 |76 55 134 179 119 185 198 56 57 |165 41 177 176 59 87 157 35 |173 146 68 93 85 32 168 166 114 38 97 23 190 |58 127 95 92 45 22 187 135 ||142 |169 |122 3 |99 |33 |88 34 71 170 162 |67 140 13 96 115 |25 117 112 30 |195 152 53 52 110 20 |44 191 130 124 133 |113 136 47 126 29 159 |82 183 51 |49 |199 |19 1 84 |102 |147 |11 148 103 |149 105 189 |150 46 |175 50 |138 121 |143 |156 |94 90 101 100 |54 39 |26 70 8 178 172 |98 77 145 |72 37 125 |160 73 |139 43 75 10 |107 42 |27 |154 |18 |109 |174 14 40 |28 |120 196 |62 186 |116 |63 |12 106 |89 |
24031 188737
137 151 171 131 36 155 184 129 163 158 74 |194 161 167 64 7 118 21 104 24 |66 2 192 141 123 65 86 17 200 6 |164 15 31 60 61 80 193 111 197 78 181 182 |144 9 81 5 153 16 188 128 91 |4 83 180 132 108 79 48 69 |76 55 134 179 119 185 198 56 57 |165 41 177 176 59 87 157 35 |173 146 68 93 85 32 168 166 114 38 97 23 190 |58 127 95 92 45 22 187 135 ||34 71 |170 |67 |140 13 |159 25 96 |117 142 112 152 |53 115 |122 30 |99 52 |47 126 29 124 113 136 133 3 |44 |88 |195 |191 130 |82 110 183 51 |49 |186 199 |19 1 84 |102 |147 |11 33 103 149 105 189 |175 50 150 46 |162 |138 121 |143 |156 |94 10 90 20 101 100 |54 39 |26 70 8 178 172 |98 77 145 |72 37 125 |160 73 |42 139 43 75 |107 |27 |154 |18 |109 |174 |14 40 28 196 |62 120 |116 |63 |12 106 |89 |169 148 
24281.2 188364
137 151 171 131 36 155 184 129 163 158 74 |194 161 167 64 7 118 21 104 24 |66 2 192 141 123 65 86 17 200 6 |164 15 31 60 61 80 193 111 197 78 181 182 |144 9 81 5 153 16 188 128 91 |4 83 180 132 108 79 48 69 |76 55 134 179 119 185 198 56 57 |165 41 177 176 59 87 157 35 |173 146 68 93 85 32 168 166 114 38 97 23 190 |58 127 95 92 45 22 187 135 ||34 71 |170 162 |67 |140 13 |159 25 |96 117 142 112 152 53 |115 |122 30 |99 52 110 |47 126 29 124 113 136 133 169 3 |88 |195 |44 191 130 |82 183 51 |49 |199 |19 1 84 |102 |147 |11 148 33 103 |149 105 189 |150 46 |175 50 |138 121 |143 |156 |94 90 20 101 100 |54 39 |26 70 8 178 172 |98 77 145 |72 37 125 |160 73 |139 43 75 10 |107 42 |27 |154 |18 |109 |174 |14 40 28 |120 196 |62 186 |116 |63 |12 106 |89 |
24519.3 188172
137 151 171 131 36 155 184 129 163 158 74 |194 161 167 64 7 118 21 104 24 |66 2 192 141 123 65 86 17 200 6 |164 15 31 60 61 80 193 111 197 78 181 182 |144 9 81 5 153 16 188 128 91 |4 83 180 132 108 79 48 69 |76 55 134 179 119 185 198 56 57 |165 41 177 176 59 87 157 35 |173 146 68 93 85 32 168 166 114 38 97 23 190 |58 127 95 92 45 22 187 135 ||109 116 |29 147 |67 162 140 120 |136 |63 |186 |152 53 99 |117 49 |89 47 |150 |170 71 |88 159 195 |44 183 |191 84 52 105 |199 130 19 |189 82 110 |51 11 102 |34 138 1 |112 149 30 |103 |126 115 |122 133 46 |175 |50 |121 25 |143 |156 |94 90 |139 43 75 10 |20 101 100 39 |54 |70 |172 |98 145 |72 77 37 125 |124 113 160 73 42 |27 154 107 |13 |178 |18 |96 |14 174 |169 40 28 |196 |148 |8 |62 |26 |142 12 106 |33 3 |
25337.6 186399

Time:10
Last Iter:10
Last Update:10
Tabu:0
Last Time10
13
137 78 197 173 165 |169 38 115 140 65 61 31 91 166 85 194 |108 53 157 23 64 167 130 63 184 127 58 9 |47 141 80 6 69 55 95 |88 2 4 83 14 134 179 41 177 97 114 16 111 |99 142 24 104 200 196 43 158 51 138 146 132 124 192 66 60 92 45 155 |21 100 163 129 36 151 32 125 7 68 118 190 106 122 79 119 180 86 181 81 15 128 |42 182 73 188 187 18 131 171 27 121 1 90 183 35 150 176 17 |153 193 144 29 198 57 87 76 52 48 74 168 |30 93 112 191 161 102 148 11 59 56 159 185 113 50 117 123 5 164 22 135 ||126 147 96 75 28 82 13 71 |160 33 162 195 |174 |40 116 145 62 186 25 |84 44 110 70 72 49 54 3 |12 19 109 |107 89 98 103 139 154 156 105 |170 39 149 120 189 20 77 |94 |37 67 133 46 172 10 101 |199 8 175 178 34 |143 26 136 152 |
9072.89 730866
59 165 185 69 17 6 181 182 16 65 9 83 23 85 184 131 151 |163 21 190 1 171 128 48 |82 57 108 134 113 41 133 166 137 111 61 66 4 |192 141 33 73 187 129 114 168 112 68 35 157 87 55 |176 177 26 195 132 2 200 24 38 97 36 95 |127 39 92 186 91 153 78 86 193 94 80 98 99 79 |199 22 58 155 121 32 167 161 49 54 70 71 30 74 56 197 123 164 |76 119 29 180 47 126 173 93 189 135 45 |50 179 159 110 28 122 46 11 102 34 145 120 12 188 15 31 81 |158 101 118 116 7 64 125 194 37 191 146 84 198 14 104 5 60 144 ||18 100 51 10 52 103 160 |156 175 174 178 72 |130 8 90 169 109 96 106 75 77 |172 62 20 13 42 147 |162 143 140 43 183 3 44 150 67 |88 107 105 154 25 27 |89 |196 142 40 19 149 139 |117 152 136 148 138 115 |53 124 170 63 |
9396.78 724792
26 41 174 106 69 132 23 190 85 36 171 137 81 193 |6 79 57 102 76 88 60 127 158 118 64 161 |56 98 97 194 58 16 153 86 65 123 192 4 200 ||55 113 176 17 11 154 22 114 166 167 38 |151 135 99 143 198 108 48 |119 18 170 50 141 5 45 21 68 32 184 |29 54 70 46 152 134 180 126 66 80 197 181 182 |12 187 91 103 163 27 95 15 31 111 104 87 59 177 146 93 168 |144 96 196 128 107 61 117 47 179 185 133 44 150 173 7 155 74 |78 42 162 83 2 9 82 164 188 92 139 131 19 129 24 35 165 157 ||160 189 71 67 77 |14 28 172 101 43 149 39 105 |49 175 37 33 |156 199 112 120 |94 75 100 40 109 90 72 |122 159 124 136 191 63 |148 13 52 110 147 140 115 |1 30 73 89 186 |195 |62 34 142 84 183 20 51 145 116 169 |125 178 10 130 121 |25 53 138 3 |8 |
10456 658532
103 110 77 75 78 5 153 16 160 128 182 |100 131 36 40 174 112 133 |137 58 92 95 188 164 81 197 111 193 123 141 4 17 200 6 104 24 |127 22 187 15 31 144 60 80 61 66 192 2 9 65 86 181 |73 45 151 171 19 8 74 106 |175 90 34 172 101 145 163 129 135 91 196 |39 63 46 84 83 180 134 179 119 132 185 198 56 57 157 35 |55 76 165 41 177 176 59 87 108 79 48 69 |155 168 184 166 7 93 146 68 23 97 118 38 190 |173 194 161 167 64 125 85 32 114 21 158 ||186 |139 |154 |88 |113 |162 29 |71 |1 27 |126 199 |130 |26 122 47 |11 148 18 |49 191 |10 |70 156 |37 |28 195 143 20 102 116 |117 124 |54 72 3 51 99 52 82 |170 136 152 50 159 67 150 |115 30 44 121 109 |178 138 183 189 53 |33 94 107 12 120 25 |42 147 98 89 |169 142 14 140 96 13 |62 105 |149 43 
10790.3 302389
144 31 15 92 95 188 128 153 5 78 181 182 |96 140 83 47 119 57 28 157 183 3 51 |99 133 59 70 49 191 146 35 23 |50 76 55 179 134 180 29 132 185 159 56 82 198 108 48 69 |81 164 16 32 168 184 166 114 21 158 |111 197 155 171 131 36 105 187 91 135 74 |151 137 58 156 127 45 22 129 163 38 |79 194 174 161 167 64 85 7 138 118 190 |87 165 41 176 177 173 37 112 93 68 34 97 |193 4 2 192 141 66 60 80 61 123 9 65 86 143 17 200 6 104 24 ||169 88 |149 120 199 |139 |162 94 |72 148 145 |11 106 142 |33 89 19 121 125 |175 178 109 18 100 10 |40 189 20 46 27 |113 170 14 136 150 54 |160 103 73 25 |13 84 122 52 195 152 77 172 101 |8 39 |107 186 |117 147 124 26 44 71 |12 42 126 102 90 |63 |30 43 75 98 110 115 |154 53 62 116 |1 130 196 67 
14462.8 256716
165 176 173 146 93 68 104 24 |177 41 59 87 56 198 119 179 134 180 17 200 6 |76 57 185 132 83 9 65 86 |4 7 85 32 168 184 166 114 21 158 |194 161 167 64 129 163 35 157 |164 31 60 61 141 2 108 79 48 69 |55 192 153 16 188 5 182 91 135 74 |127 92 95 144 66 123 193 111 78 181 |171 151 22 128 80 15 81 197 |155 36 131 137 58 45 187 38 118 97 23 190 ||196 |98 |130 3 183 43 40 |139 47 159 53 |46 13 84 101 30 49 72 8 |67 112 124 160 |89 88 96 122 172 138 142 |116 14 162 |63 44 50 145 |169 19 39 154 12 62 120 18 149 |70 105 |175 11 26 150 136 52 |29 33 102 71 133 |82 113 |186 1 37 109 |115 34 170 126 |107 |195 110 143 117 75 42 |125 174 199 140 99 77 |103 147 |28 152 148 10 51 90 191 |73 27 |121 178 100 106 20 189 |94 156 25 54 |
15651.8 247516
14 2 192 141 123 9 65 86 140 96 69 48 13 |62 22 199 127 58 137 27 151 171 131 68 118 |194 180 83 4 17 200 6 |167 66 61 80 193 111 197 78 181 |60 15 153 91 163 32 85 7 38 |81 146 93 64 161 168 114 135 |144 31 187 129 155 184 166 21 158 74 |165 76 55 179 132 119 185 198 56 108 79 35 97 23 190 |134 173 177 41 176 59 87 57 157 |36 45 164 16 92 95 188 128 5 182 104 24 ||112 102 11 |90 20 |10 |103 |40 122 28 |71 1 101 130 175 |88 160 |39 149 43 |145 |174 19 |63 8 196 |46 |34 |67 |124 106 |18 |156 |49 |30 |75 183 |148 195 147 189 |154 105 186 162 110 152 |133 26 172 47 29 126 77 |37 191 143 100 73 |117 113 |170 |159 150 |115 44 121 109 |54 72 3 51 99 52 82 |138 |70 |136 84 116 |125 12 139 |178 50 |33 94 107 53 |120 25 |42 98 89 |169 142 
16947 232476
87 59 194 64 90 93 146 68 97 23 |139 31 107 66 141 35 |165 177 173 161 167 125 7 190 |41 176 85 32 168 184 166 114 21 158 |192 2 4 83 108 198 57 157 |180 134 76 55 179 119 132 185 56 79 48 69 |188 153 5 128 45 22 187 129 163 135 74 |127 58 137 151 171 131 36 155 118 38 |91 92 95 16 164 15 81 111 197 78 181 182 24 |144 60 80 61 123 193 9 65 86 17 200 6 104 ||27 |103 126 162 |170 |124 94 150 |130 62 |82 |13 110 14 |120 43 |96 88 53 |148 |199 |52 159 50 67 44 102 115 51 |19 |169 142 122 28 |140 138 |11 |147 |18 |156 |152 |30 |10 20 100 |12 154 109 49 63 175 191 |47 29 133 46 42 172 183 84 77 |136 195 189 26 101 |105 186 98 160 25 |113 70 112 8 116 40 |89 99 |71 |75 |34 |3 178 174 54 1 143 |149 121 145 |37 |33 39 |72 196 |106 73 117 
17088.1 213842
177 176 59 41 165 76 55 87 35 |171 131 36 135 185 119 132 108 79 157 |180 134 179 198 56 57 48 69 |66 2 4 83 17 200 6 104 |144 192 141 123 9 65 86 197 24 |31 111 128 187 22 129 163 21 158 74 |164 15 60 61 80 193 78 5 182 91 |155 151 137 58 127 45 92 95 188 16 153 81 181 |194 161 168 184 166 32 85 7 118 38 |173 114 167 64 93 146 68 97 23 190 ||103 |199 174 |20 34 |175 |96 18 |73 62 100 77 53 |90 |84 19 |150 |42 140 94 |138 |152 |71 191 63 130 |154 |105 39 27 189 183 |29 46 10 |13 110 8 169 116 |106 |75 122 52 |102 50 126 162 14 11 |49 186 30 |156 |43 172 1 70 |33 143 89 160 |67 |37 |178 133 147 149 |113 |54 72 3 |25 99 136 |12 139 112 125 |142 196 |40 109 |26 44 159 148 51 |120 47 145 121 |107 101 170 124 |82 |88 98 115 |117 28 195 |
19203.1 207477
55 108 180 83 17 200 6 104 24 |184 168 32 85 7 118 38 190 |76 165 41 59 176 177 173 68 97 23 |194 161 167 64 93 146 35 157 |179 132 119 185 198 56 87 57 79 48 69 |127 58 137 151 171 131 36 155 129 163 135 74 |81 5 153 188 95 92 45 22 187 91 |144 66 61 80 60 31 15 164 16 128 182 |4 2 192 141 123 9 65 86 193 111 197 78 181 |134 166 114 21 158 ||39 |149 40 |27 138 |199 84 |160 |72 175 |178 |170 136 145 |53 |12 120 |51 88 |100 142 18 19 |77 |101 115 71 191 63 130 125 |25 154 139 105 62 189 183 |113 29 |3 52 106 46 75 122 13 10 |156 110 169 102 |8 50 126 162 |14 11 116 49 34 |186 |43 172 1 70 |33 143 47 |26 148 99 103 |140 |98 112 109 |94 44 150 90 174 |152 |67 196 |37 |42 96 |89 107 |20 82 |147 117 |30 |195 133 121 |159 73 |28 124 |54 |
19806.8 195967
55 108 180 83 17 200 6 104 24 |184 168 32 85 7 118 38 190 |76 165 41 59 176 177 173 68 97 23 |194 161 167 64 93 146 35 157 |179 132 119 185 198 56 87 57 79 48 69 |127 58 137 151 171 131 36 155 129 163 135 74 |81 5 153 188 95 92 45 22 187 91 |144 66 61 80 60 31 15 164 16 128 182 |4 2 192 141 123 9 65 86 193 111 197 78 181 |134 166 109 114 40 21 158 ||152 113 |71 |112 84 27 |103 126 117 133 170 |124 94 116 |186 107 |13 100 14 |120 43 |96 88 53 |143 |199 |195 |52 159 50 67 44 102 |51 77 142 |110 169 |47 |11 148 |183 |156 |28 |49 191 30 70 101 |25 |136 20 10 |37 63 |8 |99 |115 |46 139 33 98 89 160 |72 |138 189 130 19 106 |29 154 105 62 172 |174 26 140 |73 |178 149 |54 42 3 |147 34 75 |12 162 82 125 |150 18 |175 90 |122 145 121 196 |39 1 |
23225.4 193703
55 108 180 83 17 200 6 104 24 |184 168 32 85 7 118 38 190 |76 165 41 59 176 177 173 68 97 23 |194 161 167 64 93 146 35 157 |179 132 119 185 198 56 87 57 79 48 69 |127 58 137 151 171 131 36 155 129 163 135 74 |81 5 153 188 95 92 45 22 187 91 |144 66 61 80 60 31 15 164 16 128 182 |4 2 192 141 123 9 65 86 193 111 197 78 181 |134 166 109 114 40 21 158 ||178 |160 |71 |107 1 |103 126 20 27 |170 |124 94 150 |130 62 |82 |13 100 14 |120 43 |96 88 53 |10 |199 |52 159 50 67 44 102 77 51 |19 |169 142 122 28 |110 140 138 |11 |18 |183 |156 |49 |191 30 70 |75 |25 148 195 147 |136 105 186 162 |133 26 |47 |63 8 |99 |46 |33 115 139 |37 98 89 |152 |72 |116 29 42 |34 3 113 |174 |117 172 145 54 |149 |121 |84 189 106 |112 39 |73 |12 |175 90 |101 |125 154 |196 143 |
26259.2 191288
55 108 180 83 17 200 6 104 24 |184 168 32 85 7 118 38 190 |76 165 41 59 176 177 173 68 97 23 |194 161 167 64 93 146 35 157 |179 132 119 185 198 56 87 57 79 48 69 |127 58 137 151 171 131 36 155 129 163 135 74 |81 5 153 188 95 92 45 22 187 91 |144 66 61 80 60 31 15 164 16 128 182 |4 2 192 141 123 9 65 86 193 111 197 78 181 |134 166 109 114 40 21 158 ||152 113 |117 |71 |112 84 27 |103 126 |133 170 |94 116 |130 62 |19 |13 145 124 |120 43 |96 88 53 |10 |199 121 28 51 100 77 |50 67 44 |72 |169 142 63 |25 |39 |29 138 |11 |46 |18 |156 |52 |30 |106 |122 |75 183 |8 195 147 189 |154 105 186 102 110 |160 |26 172 47 162 |14 42 |49 |99 174 115 |149 33 |89 |37 191 143 73 20 |178 |148 |140 |159 |54 196 3 |98 |34 136 |12 139 107 |150 70 125 |175 90 |101 |82 |1 |
29673 188400

Time:10
Last Iter:10
Last Update:10
Tabu:0
Last Time10
22
135 91 149 22 25 139 171 166 181 6 65 4 108 119 59 41 |38 23 157 198 132 123 193 60 144 16 92 45 114 7 64 161 |103 15 128 129 184 168 167 173 56 185 179 200 86 9 80 66 |115 52 143 147 47 124 195 177 49 32 36 188 111 |199 58 19 155 189 104 117 141 165 |63 21 75 5 81 107 31 95 131 |194 72 85 169 116 20 51 34 68 35 87 17 153 151 137 |84 13 142 190 10 158 74 182 160 73 164 61 88 192 140 134 55 93 |69 122 57 53 133 44 146 37 70 175 118 40 163 187 78 197 2 24 |176 76 29 180 83 33 48 79 46 106 43 97 127 ||196 100 145 172 148 150 28 82 |8 174 152 50 |98 |90 3 11 110 94 186 |96 162 26 136 12 |89 39 |191 178 18 101 99 42 |71 126 14 113 170 77 |138 125 156 |154 105 62 183 30 102 112 54 |120 27 109 121 1 130 |159 67 |
8741.65 752471
27 39 45 153 73 94 60 141 9 17 180 198 |177 41 87 152 83 123 61 31 164 188 95 137 74 23 97 |70 85 166 58 105 78 86 69 185 176 |98 6 75 149 131 184 168 93 179 |84 57 50 4 186 139 129 21 114 190 194 |113 76 134 47 126 2 144 15 128 91 104 158 38 35 157 79 59 |171 36 199 127 16 193 80 147 143 200 48 14 146 118 7 |24 196 189 100 163 62 120 155 151 30 11 173 165 119 65 81 167 |121 32 64 8 68 138 169 43 142 182 5 160 22 111 66 192 108 56 |52 132 55 44 161 109 19 12 187 92 154 25 135 181 197 ||150 67 195 159 110 77 172 |125 3 40 178 63 |29 |107 96 115 46 106 51 116 |37 49 191 90 34 82 170 |136 |174 130 175 101 99 140 162 |103 89 88 124 42 |33 156 |122 53 102 71 112 54 72 1 20 145 |18 10 183 13 28 133 148 26 |117 |
9615.7 713753
18 109 166 93 68 157 190 158 74 128 81 86 17 198 185 176 41 |1 146 13 69 24 5 2 165 |118 21 106 103 197 9 141 144 31 58 151 171 32 64 |113 134 48 57 59 10 78 61 95 92 |132 170 55 65 60 15 182 187 22 127 137 168 7 161 194 |155 154 16 164 193 66 42 46 23 90 8 |38 40 129 100 91 186 105 45 111 6 179 87 |180 126 80 98 188 139 27 131 163 184 178 97 35 79 177 76 |142 104 196 200 143 83 108 119 159 123 25 |147 4 192 89 107 153 181 43 135 51 183 138 114 36 39 85 167 173 56 ||162 29 152 191 189 115 |199 156 19 145 77 28 |67 72 |172 20 75 160 149 62 |88 94 47 124 53 133 148 102 3 |37 63 130 |82 195 117 33 73 12 101 |96 110 84 26 136 |175 |140 99 52 14 44 112 70 34 |169 54 49 174 125 121 116 30 |120 71 150 11 122 |50 |
10242.6 702057
135 91 149 22 25 139 171 166 181 6 65 4 108 119 59 41 176 |38 23 157 198 132 123 193 60 144 16 92 45 114 7 64 161 |103 15 155 129 184 168 167 173 56 185 179 200 86 9 80 66 |115 52 143 147 47 124 195 177 49 32 36 188 111 197 |93 58 19 128 189 104 117 141 83 180 76 165 79 |63 21 75 5 81 107 31 95 131 |194 72 85 169 116 20 187 34 68 35 87 17 153 151 137 |84 13 142 190 10 158 74 182 160 73 164 61 88 78 140 134 55 48 |127 2 24 97 |69 122 57 53 133 44 146 192 70 175 118 40 163 ||51 29 33 46 |43 |196 100 145 172 148 150 28 82 |8 174 152 50 |98 |109 |3 |90 |11 110 94 186 |96 162 26 136 12 |89 39 |191 178 18 101 99 42 |71 126 14 113 170 77 |138 125 156 |120 |199 |37 154 105 62 183 |30 102 112 54 |27 |121 1 130 |159 67 |106 |
11229.4 678935
91 135 181 65 108 38 6 22 171 59 41 4 119 149 187 139 |127 166 79 48 69 24 |83 180 76 176 146 97 |23 157 198 132 123 193 60 144 16 92 45 114 7 64 161 118 |103 15 128 129 184 168 167 173 56 185 179 200 86 9 80 66 |115 52 143 147 47 124 195 177 49 32 36 188 111 197 78 |199 58 19 155 189 104 117 141 165 57 |63 21 75 5 81 107 31 95 131 163 |194 2 72 85 169 116 20 51 34 68 35 87 17 153 151 137 |84 13 142 190 10 158 74 182 160 73 164 61 88 192 140 134 55 93 ||122 53 133 44 37 70 175 40 |29 33 46 106 43 |196 100 145 172 148 150 28 82 |8 174 152 50 |98 |90 3 11 110 94 186 |96 162 26 136 12 |89 39 |191 178 18 101 99 42 |71 126 14 113 170 77 |138 125 156 |154 105 62 183 30 102 112 54 |120 27 109 121 1 130 |159 67 |25 
12294.8 666296
91 135 181 65 108 38 6 22 171 59 41 4 119 149 187 139 |127 166 79 48 69 24 |83 180 76 176 146 97 |23 157 198 132 123 193 60 144 16 92 45 114 7 64 161 118 |103 15 128 129 184 168 167 173 56 185 179 200 86 9 80 66 |115 52 143 147 47 124 195 177 49 32 36 188 111 197 78 |199 58 19 155 71 104 117 141 165 57 |63 21 75 5 81 107 31 95 131 163 |194 2 72 85 178 116 20 51 34 68 35 87 17 153 151 137 |84 13 142 190 10 158 74 182 160 73 164 61 88 192 140 134 55 93 ||122 53 133 44 37 70 175 40 |29 33 46 106 43 |196 100 145 42 148 150 28 82 |8 174 152 50 |98 |90 3 101 110 94 186 |96 162 26 136 12 |89 39 |169 172 11 |18 120 189 |156 54 |170 77 |138 125 14 |191 99 126 |154 105 62 183 30 102 112 |113 |27 109 121 1 130 |159 67 |25 
12344.7 665103
107 86 101 160 69 48 144 161 28 179 134 180 192 141 17 200 |94 35 64 7 118 59 60 80 9 193 73 |184 121 177 41 136 176 97 129 163 135 74 |165 76 55 124 15 65 123 24 70 173 87 56 82 13 122 |154 125 168 166 114 38 32 23 167 85 21 158 |146 93 68 111 197 81 6 190 |151 137 58 127 22 45 92 95 188 128 182 |83 4 2 66 61 31 164 16 153 5 78 181 104 |116 194 174 155 171 131 36 12 187 91 75 |67 112 148 57 198 185 119 132 108 79 157 51 ||196 |8 178 1 30 145 |25 199 105 43 |152 99 |98 143 115 |27 |26 |102 |40 130 63 |39 20 |133 195 |109 71 |126 72 175 |52 |50 29 |37 47 88 |14 113 44 183 3 |169 172 11 10 42 18 120 189 |19 156 54 |89 33 84 191 49 |106 142 |170 110 159 117 96 34 138 |149 62 90 162 100 |140 77 150 53 |103 186 139 147 46 
12375.9 388171
100 107 63 122 143 124 159 150 133 28 82 189 138 130 18 163 129 105 187 91 |5 78 6 67 56 185 119 132 198 108 79 |92 95 188 16 160 153 60 66 123 193 111 197 86 200 17 57 157 |182 161 177 173 102 97 190 |164 15 31 144 192 179 87 59 44 35 |27 36 194 167 64 146 68 23 |154 45 22 151 171 155 166 114 93 118 38 158 |127 58 39 137 131 184 168 32 85 7 21 135 74 |128 81 61 141 2 55 134 180 83 147 48 69 104 24 |181 80 9 65 4 76 165 41 176 11 ||170 |26 136 |117 156 186 33 94 75 |13 10 40 71 8 172 101 |162 84 50 29 88 |121 90 |169 30 20 148 72 49 178 |25 139 62 116 3 112 77 46 |43 196 42 103 73 |120 199 34 142 52 53 110 |37 152 113 191 |115 99 140 106 51 195 14 47 126 |183 145 1 54 175 19 149 |125 174 70 89 |98 12 109 96 
12454.2 383858
25 50 33 88 89 4 126 57 79 157 |128 137 58 39 127 187 100 21 158 |15 164 139 154 45 22 12 91 182 |146 178 161 167 184 155 171 151 131 36 129 163 135 |194 173 177 41 165 76 55 170 185 198 82 108 48 69 |64 93 132 119 179 134 14 180 162 17 200 6 104 |192 2 83 110 56 87 59 176 35 68 97 23 190 |130 168 114 166 32 85 7 1 118 38 74 |31 144 80 61 66 141 9 65 86 143 140 24 |60 123 193 111 197 81 103 153 16 92 95 188 160 5 78 181 ||149 |152 136 |51 183 53 19 109 43 142 |159 29 47 96 73 107 147 |27 116 90 174 120 20 |44 122 18 101 145 138 189 |84 28 124 70 37 175 49 |195 105 |75 40 62 99 13 133 |112 54 52 172 3 169 |71 150 191 72 |106 63 8 10 46 |186 199 156 94 98 117 |34 30 102 125 |113 |115 77 11 148 26 67 121 196 42 
12771.2 281084
59 7 114 21 129 163 135 74 24 |76 55 165 176 173 146 68 118 38 158 |161 167 184 166 168 32 85 64 93 35 |192 141 60 80 123 9 65 86 200 17 48 69 23 |144 15 193 111 197 81 6 190 |151 137 58 127 22 45 92 95 188 128 182 |83 4 2 66 61 31 164 16 153 5 78 181 104 |116 194 174 155 171 131 36 12 187 91 75 |67 112 148 57 198 108 79 157 51 |180 134 179 132 119 185 56 87 41 177 97 ||196 |8 178 1 30 145 |25 199 105 43 |152 99 |98 143 115 |27 |142 90 63 150 |133 13 94 |53 14 113 191 |110 122 44 |20 186 160 |73 52 |89 |162 117 46 172 10 138 149 |47 106 139 154 156 39 |72 170 |140 147 88 29 34 |3 49 70 183 11 |136 |28 82 195 126 33 101 40 |62 125 130 159 42 |107 124 50 |37 169 18 120 189 |19 54 |26 84 109 |96 103 175 71 102 77 |100 121 |
13964.4 231819
164 25 127 22 45 187 129 163 135 74 |139 92 95 188 16 128 5 153 73 81 78 181 182 104 |123 180 134 56 87 59 176 133 35 34 |41 165 76 55 179 132 119 185 159 198 53 57 157 142 |144 61 66 141 192 2 4 47 83 143 17 200 6 115 |58 137 27 151 171 131 36 155 21 158 |60 80 111 91 109 166 114 116 38 |168 184 121 32 85 93 146 68 97 23 190 |177 173 194 174 161 167 64 7 118 |31 15 197 193 9 65 86 108 28 79 52 48 69 24 ||130 8 175 63 |124 |149 |100 40 |37 169 145 140 |33 117 |195 82 |160 152 148 44 70 |67 |196 49 |172 51 13 |75 1 |98 50 |43 20 189 120 |10 29 107 147 122 |90 3 11 110 94 186 |96 162 26 136 12 |89 39 |191 178 18 101 99 42 |71 126 14 113 170 77 |138 125 156 |154 105 62 183 30 102 112 54 |103 |88 199 106 |19 72 150 84 46 |
14801.7 228980
165 76 55 179 119 132 185 198 56 57 157 24 |29 152 136 41 176 59 87 108 79 52 |194 161 167 64 90 93 146 68 97 23 |128 155 184 166 114 21 38 158 |16 15 31 80 61 193 111 197 81 153 5 78 181 182 |35 134 180 83 4 17 48 69 |177 173 85 168 32 7 118 190 |164 188 95 92 151 171 131 36 129 163 74 |137 58 127 22 45 187 91 135 |144 60 66 141 192 2 123 9 65 86 200 6 104 ||51 20 183 |53 122 26 |115 13 30 112 |39 189 10 77 46 106 |94 156 18 |124 71 37 63 101 43 |138 67 49 121 145 |109 178 70 175 82 159 162 |195 110 147 196 1 |140 103 170 14 |130 73 107 12 |62 |19 120 199 105 75 |142 40 160 172 100 42 186 |116 169 54 174 8 3 150 102 34 |139 72 143 |154 25 98 148 |113 50 33 88 89 |28 133 84 44 |126 47 96 99 |191 |117 125 |149 27 11 
15129.5 216373
194 161 167 64 85 32 168 184 166 114 118 38 190 |87 59 176 177 173 146 93 68 97 23 |41 55 179 119 132 185 57 79 157 |4 35 7 21 129 163 135 74 |165 83 2 192 9 86 17 200 6 104 24 |180 134 76 56 198 108 48 69 |155 36 131 171 151 22 45 187 128 91 |60 31 188 16 153 5 158 |144 80 61 66 141 123 65 193 111 197 182 |137 58 127 92 95 164 15 81 78 181 ||28 |46 10 101 70 |73 |152 |122 82 26 52 136 |8 112 13 |107 94 |115 |102 |40 1 130 63 |199 |20 |133 195 |109 105 43 196 71 |51 126 72 175 |27 |50 29 |30 37 47 88 |14 113 44 183 |169 172 11 |42 18 120 189 |19 156 54 |89 33 84 191 49 |12 25 98 106 142 75 |178 174 |170 110 159 117 96 34 |116 |149 62 90 |100 162 67 3 138 |39 99 |143 140 77 148 150 53 |103 186 139 147 124 |160 121 125 154 |145 |
15915.9 214450
194 161 167 64 85 32 168 184 166 114 118 38 190 |87 59 176 177 173 146 93 68 97 23 |41 55 179 119 132 185 57 79 157 |4 35 7 21 129 163 135 74 |165 83 2 192 9 86 17 200 6 104 24 |180 134 76 56 198 108 48 69 |155 36 131 171 151 22 45 187 128 91 |60 31 188 16 153 5 158 |144 80 61 66 141 123 65 193 111 197 182 |137 58 127 92 95 164 15 81 78 181 ||28 |46 10 101 70 |73 |152 |122 82 26 52 136 |8 112 13 |107 94 |115 |102 |40 1 130 63 |199 |20 |133 195 |109 105 43 196 71 |51 126 72 175 |27 |50 29 |37 30 47 |88 |14 113 44 183 |169 172 11 |42 18 120 189 |19 156 54 |89 33 84 191 49 |12 25 98 106 142 75 |178 174 |170 110 159 117 34 96 |116 |149 62 90 |100 162 |67 3 138 |39 99 |143 140 77 148 150 53 |103 186 139 147 124 |160 121 125 154 |145 |
16605.9 212153
177 176 59 41 165 76 55 124 56 57 157 |87 173 194 121 32 125 93 68 |145 137 168 166 114 190 |58 85 161 167 64 7 97 23 |127 128 69 48 108 79 35 118 38 |164 16 188 95 92 45 22 187 91 135 74 |198 185 119 134 180 83 4 123 65 197 81 153 5 182 |179 132 2 192 141 9 193 111 86 17 200 6 104 |144 66 61 80 60 31 15 78 181 24 |146 184 155 151 171 131 36 129 163 21 158 ||103 33 126 |89 88 |154 25 39 139 140 143 |149 12 160 100 51 |50 67 53 110 162 42 196 |19 |28 |46 10 101 |73 |122 82 26 52 |112 13 |107 94 |115 |102 |40 130 63 |199 |20 |133 195 |109 105 43 71 |72 175 |27 |29 152 34 |3 1 49 8 70 183 11 |136 |30 37 47 |14 113 44 |169 172 18 120 189 156 |54 |84 191 |98 106 142 75 |178 174 |170 159 117 96 |116 |62 90 |138 |99 |77 148 150 |186 147 
17738.8 211014
137 58 127 45 22 187 91 135 74 |180 83 4 123 65 197 81 5 182 |2 192 141 9 193 111 86 17 200 6 104 |144 66 61 80 60 31 15 78 181 |184 155 27 151 171 131 36 129 163 21 158 |194 32 93 146 68 35 97 23 190 |165 41 173 177 176 59 87 56 57 157 |134 76 55 179 119 132 185 198 108 79 48 69 |164 92 95 188 16 153 128 24 |114 166 168 161 167 64 85 7 118 38 ||10 |20 |34 54 12 |89 |40 52 |199 51 183 |112 150 |90 14 |26 |189 77 46 106 |156 18 42 |50 |73 63 19 105 |138 3 |154 145 |109 178 70 175 82 159 |195 172 25 196 |191 1 126 |116 170 100 |103 39 94 140 |136 152 49 8 |169 71 130 122 53 110 115 |99 107 88 29 133 |67 72 |148 30 101 149 160 |162 |147 33 139 11 28 |113 |102 |121 124 47 13 43 |120 174 37 186 62 |98 125 44 142 |75 143 117 84 96 
17932.7 203667
137 58 127 45 22 187 91 135 74 |180 83 4 123 65 197 81 5 182 |2 192 141 9 193 111 86 17 200 6 104 |144 66 61 80 60 31 15 78 181 |184 155 27 151 171 131 36 129 163 21 158 |194 32 93 146 68 35 97 23 190 |165 41 173 177 176 59 87 56 57 157 |134 76 55 179 119 132 185 198 108 79 48 69 |164 92 95 188 16 153 128 24 |114 166 168 161 167 64 85 7 118 38 ||10 |20 |34 54 12 |89 30 |40 52 39 199 51 |112 |11 90 14 |26 |189 77 46 106 |156 183 42 |50 |73 63 19 |138 3 |154 145 |109 178 70 175 159 |195 18 25 196 |191 1 126 94 |124 170 100 |103 105 82 140 |136 152 49 130 |169 71 172 122 53 110 115 99 |67 72 8 116 133 |107 88 29 |150 |148 98 101 |162 149 160 |147 33 139 |28 |113 |102 |96 121 |47 13 43 |120 174 37 186 62 |125 44 142 |75 143 117 84 
18613.5 200800
137 58 127 45 22 187 91 135 74 |180 83 4 123 65 197 81 5 182 |2 192 141 9 193 111 86 17 200 6 104 |144 66 61 80 60 31 15 78 181 |184 155 27 151 171 131 36 129 163 21 158 |194 32 93 146 68 35 97 23 190 |165 41 173 177 176 59 87 56 57 157 |134 76 55 179 119 132 185 198 108 79 48 69 |164 92 95 188 16 153 128 24 |114 166 168 161 167 64 85 7 118 38 ||10 |20 |34 54 12 |89 |40 52 |199 51 183 |112 150 |90 14 |26 |189 77 46 106 |156 18 42 |50 |73 63 19 105 |138 3 |154 145 |109 178 70 175 82 159 |195 172 25 196 |191 1 126 |116 170 100 |103 39 94 140 |136 152 49 8 |169 71 130 122 53 110 115 |67 148 30 101 133 43 |13 149 37 186 |47 |33 88 |44 121 62 102 |107 174 72 |29 160 |28 |125 |162 |147 139 |113 |99 |11 124 |120 |98 |142 |75 143 117 84 96 
19195.9 197586
137 58 127 45 22 187 91 135 74 |180 83 4 123 65 197 81 5 182 |2 192 141 9 193 111 86 17 200 6 104 |144 66 61 80 60 31 15 78 181 |184 155 27 151 171 131 36 129 163 21 158 |194 32 93 146 68 35 97 23 190 |165 41 173 177 176 59 87 56 57 157 |134 76 55 179 119 132 185 198 108 79 48 69 |164 92 95 188 16 153 128 24 |114 166 168 161 167 64 85 7 118 38 ||10 |20 |34 54 12 |152 |13 40 52 |39 51 183 |136 |112 150 |90 26 |189 77 46 106 |156 |42 94 50 |73 63 18 101 |44 145 67 138 3 |109 121 70 175 82 196 |62 159 195 |191 1 126 |116 25 |100 |103 170 14 140 |49 8 |19 |199 |105 |172 169 71 130 122 53 110 |115 |107 174 133 |102 72 29 |160 |154 |148 |88 |89 |30 28 |125 |162 |147 33 139 |113 |99 |11 124 47 |43 178 120 |37 186 |98 |149 142 |75 143 117 84 96 
22913.4 194166
137 58 127 45 22 187 91 135 74 |180 83 4 123 65 197 81 5 182 |2 192 141 9 193 111 86 17 200 6 104 |144 66 61 80 60 31 15 78 181 |184 155 151 171 131 36 129 163 21 158 |194 32 93 146 68 35 97 23 190 |165 41 173 177 176 59 87 56 57 157 |134 76 55 179 119 132 185 198 108 79 48 69 |164 92 95 188 16 153 128 24 |114 166 168 161 167 64 85 7 118 38 ||138 |196 |150 |89 |25 39 139 154 143 140 |12 160 149 51 100 120 199 |183 29 82 54 34 |19 152 162 |28 |46 10 101 67 |178 122 109 52 |8 112 13 26 |107 1 |115 113 |102 |130 63 |117 |20 195 133 40 |43 71 |175 |94 |30 37 |14 |44 |105 75 |142 121 |145 70 18 116 |110 53 189 186 |174 |169 172 11 |72 |42 |156 148 |124 |50 147 73 |84 |49 |98 106 |47 170 159 96 |191 |62 90 |3 |99 |77 126 |103 |33 88 |136 |27 125 
23660.9 189289
137 58 127 45 22 187 91 135 74 |180 83 4 123 65 197 81 5 182 |2 192 141 9 193 111 86 17 200 6 104 |144 66 61 80 60 31 15 78 181 |184 155 151 171 131 36 129 163 21 158 |194 32 93 146 68 35 97 23 190 |165 41 173 177 176 59 87 56 57 157 |134 76 55 179 119 132 185 198 108 79 48 69 |164 92 95 188 16 153 128 24 |114 166 168 161 167 64 85 7 118 38 ||89 |150 |121 186 148 |154 25 39 139 140 143 |149 12 160 100 51 183 |50 136 67 53 110 162 42 196 |19 152 |28 |46 10 101 70 |73 |122 82 26 52 |8 112 13 |107 94 |115 |102 |40 1 130 63 |199 |20 |133 195 |109 105 43 71 |72 175 |27 |29 |30 37 47 |14 113 44 |169 172 11 |18 120 189 |156 54 |84 191 49 |98 106 142 75 |178 174 |170 159 117 96 34 |116 |62 90 |3 138 |99 |77 126 145 103 |124 33 88 |147 125 
23689.6 188005
137 58 127 45 22 187 91 135 74 |180 83 4 123 65 197 81 5 182 |2 192 141 9 193 111 86 17 200 6 104 |144 66 61 80 60 31 15 78 181 |184 155 151 171 131 36 129 163 21 158 |194 32 93 146 68 35 97 23 190 |165 41 173 177 176 59 87 56 57 157 |134 76 55 179 119 132 185 198 108 79 48 69 |164 92 95 188 16 153 128 24 |114 166 168 161 167 64 85 7 118 38 ||89 |150 |121 186 148 |154 25 39 139 140 143 |149 12 160 100 51 183 |50 136 67 53 110 162 10 |19 152 196 |28 |18 42 |124 |71 37 |101 |122 82 26 52 |8 112 13 |107 94 |115 |102 |40 1 130 63 |199 |20 |133 195 |109 105 43 73 |72 175 |27 |29 |30 |47 |14 113 44 |169 172 11 |46 120 189 |156 54 |84 191 49 |98 106 142 75 |178 174 |170 159 117 96 34 |116 |62 90 |3 138 |99 |77 126 145 103 |70 33 88 |147 125 
26256.6 184649

Time:11
Last Iter:10
Last Update:10
Tabu:0
Last Time11
15
56 55 17 86 9 123 197 22 21 85 161 |160 139 111 24 69 132 35 23 114 168 173 |104 77 172 100 154 156 58 89 185 41 194 |177 87 122 118 146 175 166 171 129 91 182 45 4 83 |140 42 74 158 189 38 190 34 68 70 184 187 128 81 79 57 179 |120 36 19 27 101 51 97 138 71 72 49 162 181 78 193 61 15 16 |151 131 62 163 12 188 106 6 2 117 119 76 59 7 |115 20 1 64 125 109 155 137 127 92 144 141 180 134 176 |121 32 40 93 149 199 5 31 80 66 48 157 165 |99 200 65 192 60 107 164 95 186 153 103 43 135 116 30 167 174 108 198 ||14 113 98 105 |39 145 54 191 133 |44 148 84 110 159 52 142 10 3 169 |112 37 130 63 152 136 183 |25 29 124 |178 90 150 33 |13 53 195 47 143 96 94 |18 75 196 46 102 8 |73 147 126 88 82 28 11 |26 67 170 50 |
9159.54 789831
10 20 38 74 182 17 192 141 92 155 184 146 |50 198 79 162 123 197 91 178 194 |5 78 128 16 193 94 86 6 104 24 157 97 64 167 32 129 171 56 |2 66 98 144 200 108 57 180 165 114 166 45 |164 107 61 147 134 179 124 76 133 150 102 158 135 151 137 58 |161 130 49 1 34 51 35 28 41 119 60 31 15 |176 177 148 185 4 153 25 127 131 163 190 7 |93 30 118 77 196 75 62 120 19 105 139 188 81 33 29 87 59 85 168 |68 23 172 43 100 21 121 70 53 52 69 181 111 55 |89 80 9 65 103 186 95 187 12 22 36 54 72 191 173 132 48 83 ||27 73 88 82 159 46 |3 169 125 37 175 |154 156 |195 136 122 142 189 101 145 40 |39 90 174 |170 |138 71 67 63 |117 160 18 116 112 |44 26 152 14 |8 |140 106 183 11 13 47 |109 149 199 42 113 110 99 |115 96 143 126 84 |
9451.84 783648
1 90 146 26 170 50 134 193 197 78 80 60 91 135 163 167 |41 56 14 180 5 153 16 137 114 194 |182 160 129 158 118 93 64 85 161 132 165 4 |87 198 108 17 88 31 181 128 45 190 23 7 168 55 |166 18 36 127 139 15 89 94 9 65 192 104 74 38 |52 162 110 124 59 68 37 32 109 187 111 66 |150 176 82 185 79 200 140 86 123 141 2 83 144 151 171 184 |11 84 44 102 97 138 46 69 6 81 164 154 27 131 173 177 |33 92 22 120 121 30 70 49 148 136 57 119 76 48 |35 157 122 28 179 113 143 99 115 24 51 21 155 58 95 188 61 ||189 145 169 3 172 75 42 62 |174 156 107 |142 133 195 29 47 |13 77 196 100 40 125 191 |39 98 126 |19 67 152 159 |106 103 73 105 116 112 53 |63 34 183 10 101 12 25 |71 178 8 175 |199 149 186 20 72 54 43 |96 117 147 130 |
9685.77 775191
50 17 6 45 118 7 167 |63 121 166 158 91 95 137 123 108 57 |74 43 104 96 46 102 87 161 194 32 151 127 92 153 78 182 193 |116 40 145 38 51 30 93 146 191 54 178 64 168 59 165 179 180 86 111 164 144 |79 132 117 9 94 33 5 128 155 |77 13 148 68 37 85 131 22 188 73 65 2 83 134 198 200 ||31 16 61 98 141 126 14 82 41 69 190 23 97 163 129 36 |100 106 115 48 122 119 136 177 70 1 125 184 187 58 60 192 4 |15 81 103 197 80 66 185 56 113 26 24 135 21 114 |171 12 181 42 142 157 35 183 138 174 173 176 55 76 ||53 3 72 49 71 67 |105 156 39 75 101 20 10 34 169 |140 90 175 |143 28 150 172 154 |162 47 159 88 107 |152 195 44 8 |25 160 89 147 110 |124 170 |18 120 149 27 139 186 99 52 |11 84 29 133 112 130 189 |196 62 19 109 199 |
9807.96 748696
91 182 24 69 65 139 21 35 165 |50 176 146 7 64 194 200 9 164 128 |99 10 118 68 161 166 156 4 180 179 56 76 |94 111 197 98 117 134 48 157 38 74 22 |53 57 79 198 55 2 123 78 45 163 158 190 97 184 168 |187 95 107 33 192 147 86 17 96 52 108 14 122 84 23 41 |72 49 85 189 77 104 193 186 92 12 62 171 173 |5 153 16 181 6 196 105 154 155 40 32 159 119 61 80 31 144 |133 11 177 67 185 83 88 141 66 81 15 188 58 27 131 129 114 93 167 |137 127 151 36 18 149 135 75 42 140 160 60 110 132 87 59 ||124 47 162 143 183 20 138 116 |71 178 121 169 30 63 |142 115 106 100 136 |34 13 46 44 191 112 |103 73 130 26 |120 170 152 |109 125 37 70 29 126 |113 8 1 145 101 172 43 |3 148 82 195 |25 39 199 19 51 90 |28 150 54 175 174 102 |89 |
9890.64 739332
59 41 50 17 193 15 5 92 22 58 131 158 74 64 194 |23 10 20 3 63 173 87 180 192 123 197 104 135 187 188 |169 32 184 161 190 91 105 78 31 80 66 141 79 57 55 165 |69 117 9 182 16 164 38 |71 44 11 198 110 29 2 107 81 153 181 95 171 155 166 7 167 |134 76 53 28 52 126 98 128 129 137 |27 163 21 51 77 46 99 162 147 4 86 61 185 119 56 146 93 |25 156 127 45 139 19 145 118 68 35 26 176 108 48 6 24 83 |140 200 111 89 60 160 186 199 62 151 114 85 168 |121 125 116 40 36 39 154 75 65 144 132 179 157 97 177 ||103 73 94 33 42 124 |90 70 72 175 174 112 191 |88 |43 142 122 96 148 18 120 |100 149 1 138 152 |54 37 130 101 106 143 |12 133 195 47 14 113 170 |84 82 102 |136 67 34 183 178 172 189 |196 115 13 159 150 30 109 |49 8 |
10012.2 731270
36 19 28 137 139 153 65 9 60 198 23 118 |186 182 78 81 89 141 192 86 104 24 74 97 157 134 165 64 168 155 131 45 |180 179 119 79 197 66 127 114 32 |56 75 93 194 129 92 16 80 4 |103 73 181 91 188 107 2 50 113 29 55 59 177 57 38 158 |170 136 133 115 200 147 31 156 151 163 161 |102 18 41 26 76 195 185 69 6 142 100 135 187 22 95 15 |120 171 25 128 160 111 123 77 52 82 10 68 7 85 167 |190 21 184 149 154 5 193 61 144 126 83 140 35 176 |166 116 34 146 150 173 87 84 108 132 48 17 42 106 164 58 ||159 143 99 183 145 178 |191 49 175 148 |109 |20 101 30 1 11 13 122 |27 39 62 44 67 |117 47 88 94 98 |152 |169 90 138 14 196 43 46 |121 162 172 125 |199 63 72 112 96 |110 33 |130 54 53 70 |124 105 71 189 51 |37 8 3 174 40 |12 |
10136.8 723725
156 121 17 126 159 53 79 69 |87 59 41 176 173 150 168 184 166 109 114 40 145 158 |128 188 95 92 187 191 125 169 21 20 51 190 |22 155 174 178 90 146 71 68 34 97 23 |16 164 15 94 86 26 11 35 91 182 42 104 24 |5 153 144 98 33 141 4 83 117 180 134 29 110 108 162 52 48 99 |45 154 127 58 137 27 151 171 131 36 129 163 135 100 189 43 74 |6 200 152 165 50 76 55 124 179 119 132 185 198 56 57 157 |177 194 161 167 64 85 32 7 93 118 38 |2 192 31 60 80 61 66 123 9 65 193 111 197 81 78 181 ||30 |89 88 |115 |19 |186 39 |70 |172 |63 |3 8 107 |120 25 183 |105 199 196 |10 1 |46 122 28 147 73 |140 |13 148 44 |116 138 142 96 |149 139 103 160 75 |62 72 175 |54 37 130 101 106 143 |12 133 195 47 14 113 170 |84 82 102 |136 67 112 49 18 77 
10348.9 295462
29 110 141 66 61 80 5 153 16 188 128 182 |134 124 53 152 20 43 115 |144 192 2 4 83 180 59 173 146 35 |60 123 9 17 41 177 176 87 157 |107 168 155 184 166 114 169 93 68 97 23 190 |165 76 55 179 119 132 185 198 56 57 108 79 48 69 |194 161 167 64 32 85 7 118 38 |6 171 137 45 22 187 91 135 74 |200 58 127 151 131 36 129 163 21 158 |92 95 164 31 15 81 86 65 193 111 197 78 181 104 24 ||52 77 63 19 |112 71 |150 89 33 162 |145 |117 |88 |174 |99 |105 199 196 |1 |46 122 28 149 25 120 10 |26 50 |30 |90 125 |11 |121 |147 42 |27 39 |47 |138 73 140 13 148 44 116 |142 96 139 103 160 75 62 |72 175 |54 37 130 101 106 143 |12 133 195 14 113 170 |84 82 102 |49 159 |136 67 34 183 178 172 189 |154 100 51 3 191 70 8 |40 109 18 |156 |94 186 98 126 
13061.9 255059
137 58 127 92 95 31 80 61 193 |60 15 164 16 188 128 187 91 158 |98 119 179 134 180 83 126 17 200 ||144 66 141 132 185 56 198 108 79 48 69 |21 165 76 55 192 123 9 65 111 197 182 |22 45 2 4 86 6 157 |118 57 107 81 153 5 78 181 104 24 |130 194 49 70 176 59 41 177 173 148 35 97 23 |87 146 178 161 167 85 32 121 166 184 109 114 38 190 |68 93 7 64 168 155 36 131 171 151 149 129 163 135 100 74 ||50 113 53 28 133 |19 |105 43 |199 196 |33 |143 96 115 |52 110 124 84 |42 75 77 10 102 |139 |25 94 |147 |120 62 162 99 |89 103 186 12 54 |27 73 88 82 159 46 |3 169 125 37 175 72 191 |154 156 |195 136 122 142 189 101 145 40 |39 90 174 |170 |67 112 11 1 138 20 51 71 |18 152 34 172 30 183 |150 44 117 140 106 |63 26 |8 116 47 29 |13 160 |14 |
15037.8 244691
137 22 187 129 163 21 122 24 |171 58 127 156 45 92 95 91 135 74 |36 65 9 31 164 188 128 182 |131 151 197 111 193 15 16 153 5 78 181 |155 184 168 167 85 32 166 114 118 38 158 |144 60 80 61 66 123 141 192 2 4 86 17 200 6 104 |55 83 180 134 179 119 132 185 198 108 48 69 |194 161 64 7 93 146 68 157 |81 173 177 176 87 56 57 79 35 |76 165 41 59 97 23 190 ||142 |106 30 49 |43 196 |19 120 121 |113 89 107 |115 25 42 10 13 |110 67 71 138 101 |125 174 130 102 |44 |28 148 18 |109 |99 |140 126 34 51 145 40 |14 52 189 75 |11 |133 147 |70 |27 39 62 136 |117 124 |149 88 94 |169 90 37 150 82 162 172 77 183 |29 53 |26 |98 |152 |175 1 8 46 |73 47 139 105 199 |116 |33 |170 100 160 |12 154 72 191 54 |103 3 |63 |84 |143 96 112 |195 159 186 |50 |178 20 
15099.7 212929
184 168 167 85 32 166 114 118 38 |144 60 80 61 66 141 192 2 4 86 17 200 6 104 |55 134 179 119 132 185 198 108 48 69 |194 161 64 7 93 146 68 157 |173 177 176 87 56 57 79 35 |76 165 41 59 97 23 190 |180 83 65 9 123 193 111 197 81 153 128 91 |137 151 171 131 36 155 129 163 21 158 |58 127 45 22 187 135 74 |31 15 164 92 95 188 16 5 78 181 182 24 ||142 |106 30 49 |43 196 |19 120 121 |113 89 107 |115 25 42 77 10 13 |82 110 67 71 90 138 101 |125 174 130 102 |44 |28 148 18 |109 |162 |99 |140 126 150 34 51 145 40 |14 52 169 189 75 |11 |133 147 |70 |27 39 62 136 |117 124 |149 88 94 98 |152 |175 1 |37 8 172 46 |73 29 53 47 |26 139 |105 199 |116 |33 |170 100 160 |12 154 72 191 54 |103 3 |63 |84 |143 183 96 112 |195 159 186 |50 |178 20 122 |156 |
17450.7 195781
184 168 167 85 32 166 114 118 38 |144 60 80 61 66 141 192 2 4 86 17 200 6 104 |55 134 179 119 132 185 198 108 48 69 |194 161 64 7 93 146 68 157 |173 177 176 87 56 57 79 35 |76 165 41 59 97 23 190 |180 83 65 9 123 193 111 197 81 153 128 91 |137 151 171 131 36 155 129 163 21 158 |58 127 45 22 187 135 74 |31 15 164 92 95 188 16 5 78 181 182 24 ||142 |106 30 49 |43 196 |19 120 121 |113 89 107 |115 25 42 77 10 13 |82 110 67 71 90 138 101 |125 174 130 102 |44 |28 148 18 |109 |162 |99 |140 126 150 34 51 145 40 |14 52 169 189 75 |11 |133 147 |70 |27 39 62 136 |117 186 |149 |94 98 |152 |175 1 |37 8 172 46 |73 29 53 47 |26 50 |105 199 |116 |33 |170 100 160 |12 154 72 191 54 |103 3 |63 |84 |143 183 96 112 |195 159 124 |139 |88 |178 20 122 |156 |
17928 192812
151 171 131 36 155 114 21 158 |168 184 166 129 163 135 74 |165 76 55 179 119 132 185 198 56 57 157 |194 161 167 64 85 32 7 93 118 38 |2 192 31 80 61 123 193 111 197 81 78 181 |144 141 60 15 16 128 153 5 182 |87 59 176 41 177 173 146 68 97 23 190 |164 92 95 188 9 65 86 17 200 6 104 24 |66 4 83 180 134 108 48 69 79 35 |137 58 127 45 22 187 91 ||105 |148 |44 102 |89 107 |175 54 120 19 1 |39 |53 |172 199 |33 |28 |63 112 |122 103 143 117 |138 47 121 |20 178 |94 |98 |27 |73 |77 10 13 |82 67 90 101 |125 174 130 162 99 |150 34 51 145 40 |14 110 133 11 169 189 75 196 106 42 |113 |62 149 |191 37 84 46 |152 50 |71 |26 52 160 140 |96 |154 |100 |12 |3 |70 |186 147 126 29 |170 |18 109 142 |136 |124 43 116 139 |88 8 49 115 |25 |195 |30 |159 |156 |183 72 |
18913.1 185027
168 184 166 129 163 135 74 |165 76 55 179 119 132 185 198 56 57 157 |194 161 167 64 85 32 7 93 118 38 |2 192 31 80 61 123 193 111 197 81 78 181 |144 141 60 15 16 128 153 5 182 |87 59 176 41 177 173 146 68 97 23 190 |164 92 95 188 9 65 86 17 200 6 104 24 |66 4 83 180 134 108 48 69 79 35 |137 58 127 45 22 187 91 |151 171 131 36 155 114 21 158 ||105 |28 |30 175 |89 54 115 |19 1 |71 |39 |8 172 |139 |120 |33 |107 |122 183 103 148 |138 47 143 117 |178 20 |94 98 |73 |63 77 112 10 |100 |26 |27 82 160 |67 90 101 |13 |125 174 |130 102 44 162 99 |150 34 51 40 145 |110 133 11 75 106 42 196 |62 113 14 |37 84 |191 46 169 |152 |52 140 |96 |154 |12 |53 |3 70 |186 |147 142 126 29 |170 |18 109 |136 124 |43 |88 49 |25 |195 |72 |116 189 159 50 |121 |149 |199 |156 |
21331.4 181457

Time:11
Last Iter:10
Last Update:10
Tabu:0
Last Time11
11
91 182 5 153 128 15 111 61 2 200 79 87 177 68 118 85 129 |113 76 108 83 60 190 163 |143 192 16 186 166 130 176 41 165 185 |168 161 109 131 151 199 135 181 81 9 4 17 198 56 179 |32 138 93 20 23 77 104 122 82 195 124 50 31 36 155 |196 74 40 121 191 11 53 48 162 170 197 |64 90 7 38 158 100 106 78 86 80 66 144 95 156 127 69 157 |21 51 24 193 141 117 180 55 152 59 44 146 8 194 184 114 |73 164 188 22 39 137 171 167 34 35 133 119 |6 96 65 123 103 92 45 187 27 58 10 97 84 57 159 132 134 173 ||105 139 25 160 46 172 102 71 |1 37 54 150 67 28 110 |18 19 |140 75 169 125 70 72 63 189 |62 12 94 47 126 33 99 |142 115 101 |52 14 136 26 3 120 |49 154 183 13 |29 178 175 |43 42 145 30 112 148 147 |89 107 98 88 149 116 |174 |
9004.45 707431
103 94 123 86 17 6 83 75 163 187 137 184 167 23 131 158 |185 133 26 150 93 97 114 91 200 58 22 74 |122 13 198 41 191 146 38 190 182 81 193 61 2 24 |69 96 4 141 16 45 32 171 166 168 64 57 |66 80 111 65 144 188 139 36 155 46 52 119 165 59 87 |179 132 159 108 28 157 35 11 177 55 99 104 128 |48 180 47 192 9 33 60 95 127 7 161 85 |76 170 124 56 176 102 90 49 21 129 12 199 5 197 |156 25 154 105 135 120 151 27 118 68 173 53 14 134 153 194 |92 164 15 89 31 78 181 143 79 ||189 20 10 |88 126 117 82 136 115 172 |62 37 72 63 174 |186 |107 |71 |160 42 149 39 34 |175 178 30 169 51 142 140 |109 98 |106 |110 162 73 40 121 125 3 101 |196 43 145 19 112 44 |67 147 |138 77 100 70 195 |29 113 50 152 148 183 |8 130 54 1 116 18 |84 |
10675.5 665768
116 120 50 10 189 52 178 174 96 195 88 48 122 |62 184 166 168 85 7 93 146 68 34 97 23 172 190 |182 38 118 177 173 44 102 35 69 115 |128 153 5 94 192 47 29 56 53 57 28 142 |155 171 131 36 151 137 58 127 156 154 45 22 187 91 135 100 74 |84 92 95 188 16 164 15 31 60 80 61 123 9 65 111 197 81 78 181 |144 66 141 2 83 4 86 17 200 6 104 24 |193 55 165 41 59 176 87 157 |194 64 161 167 32 114 129 163 21 158 |76 180 134 179 132 119 185 198 108 79 ||30 |1 |90 101 |18 147 82 170 124 14 99 |72 125 26 67 162 143 46 |12 186 107 105 106 |140 73 |191 169 103 |19 139 149 109 121 138 |3 51 43 |70 |199 27 196 42 |148 |54 112 175 152 |98 |117 |136 |160 |133 11 71 |37 8 |25 89 33 |126 159 |49 |63 130 |75 |77 |145 |13 |110 |150 |113 39 40 183 20 
12186.3 294911
2 192 65 9 123 66 80 164 81 78 181 |144 141 61 60 31 15 193 111 197 |143 28 50 56 198 57 35 |139 86 4 83 180 134 17 200 6 24 |76 55 179 119 185 132 108 79 48 69 104 |194 161 167 168 85 32 166 114 21 38 158 |155 7 64 93 146 68 118 97 23 190 |184 187 151 171 131 36 129 163 135 91 74 |137 58 127 22 45 92 95 188 16 128 153 5 182 |165 173 177 41 176 59 87 157 ||126 52 |145 |103 |47 29 138 73 |156 25 63 |72 191 26 11 110 117 |147 195 53 150 34 183 51 30 |175 37 70 3 169 142 106 99 |159 124 152 133 172 189 102 90 |33 42 196 101 84 148 112 |14 49 67 |186 12 105 199 154 18 125 109 |19 120 54 130 |94 89 |40 10 75 |44 178 |8 174 113 140 |149 107 |116 96 98 46 77 |43 82 170 122 115 1 100 20 |162 27 62 160 |136 |13 |121 |88 |39 |71 
14502.3 230966
170 185 132 2 61 66 141 123 |79 108 69 48 192 80 60 89 15 81 78 181 |50 55 179 134 180 83 4 17 200 104 24 |137 127 22 45 187 92 95 188 164 16 128 182 |144 31 153 5 197 111 193 9 65 86 6 |119 76 165 59 176 173 146 190 |58 151 184 166 114 7 93 118 38 |168 32 155 171 131 36 129 163 135 21 158 74 |194 177 41 87 56 198 57 157 35 |91 161 167 85 64 68 97 23 ||44 152 |37 |103 117 29 |191 174 138 |73 18 169 |109 11 |189 3 162 63 8 |145 143 149 116 |195 154 160 33 |140 52 |133 27 40 |139 107 88 115 46 75 196 101 51 |142 82 136 |175 |84 99 96 183 |148 1 90 172 43 100 30 34 13 |62 19 126 |72 |94 147 49 20 |53 28 159 14 150 178 |130 156 25 105 186 |122 |113 |77 102 112 70 98 |42 124 |125 110 54 |199 10 |47 106 39 |12 |71 |121 |26 |120 |67 |
17251.5 229275
93 155 131 171 151 137 58 127 22 45 92 91 |36 95 180 83 17 6 104 |146 68 114 21 129 163 135 187 188 128 182 |164 5 69 157 35 97 23 190 |4 60 31 15 16 153 |2 192 66 61 80 193 111 81 181 |144 141 123 9 65 86 197 78 |165 76 55 134 179 185 198 57 79 74 |173 177 41 176 59 87 56 119 132 108 48 200 24 |184 166 168 32 194 161 167 64 85 7 118 38 158 ||8 |130 178 |39 116 |88 67 |30 |52 |62 28 11 |63 |47 29 |170 124 102 175 |156 25 73 |138 51 |196 42 |98 |145 186 162 |183 77 |40 142 75 |174 199 120 112 |103 89 94 33 139 |113 150 |46 133 106 |19 147 |122 1 90 172 43 |100 191 34 |101 20 |72 148 115 |53 169 70 3 10 189 |149 |117 82 105 18 |160 12 159 136 26 195 |99 |44 71 |121 27 |50 126 |154 |84 110 |54 37 13 |152 |125 109 |107 |140 14 96 |143 |49 |
17589.7 206968
165 76 55 134 179 185 198 57 79 74 |173 177 41 176 59 87 56 119 132 200 24 |168 32 194 161 167 64 85 7 118 38 |114 166 184 155 151 171 131 36 129 163 21 158 |137 58 127 22 45 187 135 |31 60 80 123 9 65 193 111 197 181 182 104 |15 141 83 180 108 48 69 |66 157 35 146 93 68 97 23 190 |144 61 192 2 4 86 17 6 |92 95 188 164 16 81 78 5 153 128 91 ||175 138 67 |29 11 102 112 |170 51 |178 |191 |82 |47 133 162 |199 25 |40 30 37 8 |130 98 |75 28 |150 |54 |183 116 145 13 |62 73 196 186 39 156 |77 117 126 143 124 94 33 142 |18 72 106 |19 84 110 147 |1 90 172 43 |174 34 |101 20 121 148 105 115 |70 53 |103 169 3 10 189 |149 139 |89 |160 12 159 136 26 195 |99 |44 71 |100 27 |50 120 |154 |152 |125 109 |107 |140 14 96 |46 |49 |63 42 122 52 |88 113 
19513.3 204629
27 127 22 45 187 91 104 |83 132 108 135 74 |31 15 134 180 48 69 |58 137 151 171 131 36 155 129 163 21 |87 59 176 177 173 93 146 68 97 23 |194 161 167 64 85 32 168 184 166 114 38 158 |41 165 76 55 179 119 185 198 56 57 79 157 35 190 |144 60 66 61 80 193 111 197 81 153 5 |7 118 128 92 95 188 164 16 78 181 182 |4 2 192 141 123 9 65 86 17 200 6 24 ||8 121 178 |39 130 |116 |88 67 126 52 99 |30 62 28 11 |47 19 |29 124 138 |170 |102 106 |156 25 46 |51 122 |196 42 98 |73 186 145 147 162 77 142 |183 |75 |40 |199 120 112 54 49 37 |105 110 |70 |169 10 90 |189 |107 34 |33 139 |195 101 63 172 20 |143 113 149 115 |96 50 |150 160 103 |154 44 |12 100 |191 |94 |82 53 84 1 175 |14 43 |71 26 |152 |125 109 |13 117 140 |89 148 |136 |18 174 |133 72 3 |159 
22539.8 199229
165 76 55 134 179 185 198 57 79 74 |173 177 41 176 59 87 56 119 132 200 24 |168 32 194 161 167 64 85 7 118 38 |114 166 184 155 151 171 131 36 129 163 21 158 |137 58 127 22 45 187 135 |31 60 80 123 9 65 193 111 197 181 182 104 |15 141 83 180 108 48 69 |66 157 35 146 93 68 97 23 190 |144 61 192 2 4 86 17 6 |92 95 188 164 16 81 78 5 153 128 91 ||8 |130 178 |39 116 54 110 |88 67 112 30 13 |113 52 150 37 84 |62 28 11 |47 29 138 170 124 |102 |156 25 175 |63 51 |196 42 |98 |73 186 145 162 |183 77 |40 142 75 |174 199 120 |103 89 94 33 139 |46 133 106 |19 147 |122 1 90 172 43 |100 191 34 |101 20 |72 148 115 |53 169 70 3 10 189 |149 |117 82 105 18 |160 12 159 136 26 195 |99 |44 71 |121 27 |50 126 |154 |152 |125 109 |107 |140 14 96 |143 |49 |
23839.3 199122
58 137 151 171 131 36 155 129 163 21 |87 59 176 177 173 93 146 68 97 23 |194 161 167 64 85 32 168 184 166 114 38 158 |41 165 76 55 179 119 185 198 56 57 79 157 35 190 |60 66 61 80 193 111 197 81 153 5 |7 118 92 95 188 78 181 182 |4 2 192 141 123 9 65 86 17 200 6 24 |144 31 15 164 16 128 |127 22 45 187 91 135 74 |83 180 134 132 108 48 69 104 ||8 |130 178 |39 116 |88 67 126 |30 |52 |62 28 11 19 |47 29 |170 124 102 106 |156 25 46 |138 51 122 |196 42 |98 |186 145 162 147 183 77 142 75 |40 |73 199 120 112 54 49 37 |105 110 |99 70 |169 10 90 |189 109 |107 121 34 |33 139 |195 101 63 172 20 |143 113 149 115 |96 50 |150 160 103 |154 44 |12 100 |125 191 |94 |82 53 84 1 175 |14 43 |71 26 |152 |13 117 140 |89 148 |136 |18 174 |133 72 3 |159 27 |
24635.6 196279
58 137 151 171 131 36 155 129 163 21 |87 59 176 177 173 93 146 68 97 23 |194 161 167 64 85 32 168 184 166 114 38 158 |41 165 76 55 179 119 185 198 56 57 79 157 35 190 |60 66 61 80 193 111 197 81 153 5 |7 118 92 95 188 78 181 182 |4 2 192 141 123 9 65 86 17 200 6 24 |144 31 15 164 16 128 |127 22 45 187 91 135 74 |83 180 134 132 108 48 69 104 ||8 |130 178 |39 116 |88 67 126 |30 |52 |62 28 11 19 |47 29 |170 124 102 106 |156 25 46 |138 51 122 |196 42 |98 |186 145 162 147 183 77 142 75 |73 199 120 112 169 40 |105 110 49 37 70 |33 |63 175 |54 10 90 |189 109 |107 121 34 |99 139 |195 101 |172 20 |143 113 149 115 |96 50 |150 160 103 |154 44 |12 100 |125 191 |94 |82 53 84 1 |14 43 |71 26 |152 |13 117 140 |89 148 |136 |18 174 |133 72 3 |159 27 |
26634.8 192096

Time:22
Last Iter:10
Last Update:10
Tabu:0
Last Time22
11
43 142 122 44 173 165 170 55 179 134 192 181 95 22 171 155 166 |12 45 156 127 92 128 91 74 38 64 167 108 198 83 17 141 |195 133 13 23 190 200 78 5 16 188 193 161 |80 61 111 4 182 158 137 146 177 76 |24 97 84 28 56 110 41 86 81 60 187 |157 35 30 145 18 131 27 39 58 164 15 2 185 |183 172 68 90 112 175 194 85 116 163 100 75 140 153 31 98 180 119 |118 3 10 21 135 36 151 125 130 87 57 48 6 9 123 66 |113 14 132 47 65 197 107 104 46 79 59 93 184 129 |1 7 32 168 114 19 101 77 106 69 82 126 94 144 176 ||174 63 72 37 191 71 138 109 120 |29 117 52 11 159 152 |105 154 25 33 |89 73 160 20 102 70 54 |124 148 34 51 189 40 |169 121 199 99 143 96 |178 50 136 26 150 |149 62 186 103 139 196 |67 49 8 53 162 115 42 |147 88 |
9074.06 770769
128 15 89 60 111 200 115 23 163 137 198 76 |82 55 177 37 178 161 190 157 17 6 80 153 95 |46 99 48 79 140 197 33 66 141 192 68 146 32 |16 199 129 158 35 93 85 83 144 |24 106 96 103 5 45 154 131 184 40 145 38 30 70 194 108 132 185 |65 61 4 104 42 77 51 118 114 149 64 173 176 |59 41 56 179 71 7 20 135 91 92 164 193 58 |187 22 127 25 27 155 101 183 34 3 167 174 26 57 180 2 182 188 |117 14 53 87 165 69 86 123 94 31 78 181 139 21 97 |138 1 11 119 134 9 81 196 74 43 62 18 36 171 151 166 168 ||150 102 191 130 169 172 52 |29 47 113 124 159 136 67 122 |162 126 160 |28 13 142 189 12 39 |143 147 88 73 75 105 |63 |125 121 19 100 |170 50 110 98 |8 175 |107 186 84 44 90 |195 152 133 148 72 49 54 112 10 |116 109 120 156 |
9339.75 745430
41 136 55 76 50 165 56 57 48 69 46 |192 2 83 180 134 179 119 132 185 198 108 79 157 |28 87 59 176 177 67 173 35 118 190 |184 166 64 175 37 191 112 93 146 68 34 97 23 |106 188 15 193 197 81 73 103 5 78 181 182 |194 130 161 167 168 32 85 7 114 21 145 38 |80 61 66 141 123 9 65 86 4 147 17 200 6 104 24 |111 127 45 22 187 149 129 163 135 158 74 |144 98 60 31 164 16 153 160 128 91 |155 19 36 131 171 151 137 58 25 154 139 92 95 186 ||133 |109 |11 126 |96 140 117 94 |196 12 18 105 199 156 115 |75 100 162 122 84 159 124 |116 138 54 72 82 152 110 |43 172 148 29 169 |174 27 |63 33 88 |183 20 77 1 8 150 |39 51 71 44 13 99 52 |47 14 |101 10 30 102 26 49 178 121 125 3 |42 189 40 120 62 89 107 |195 |90 70 113 53 170 143 142 
9583.92 252216
72 167 168 32 85 7 118 |184 64 93 146 68 35 97 23 190 |31 144 98 60 66 61 80 193 111 197 104 |58 137 151 171 131 155 36 129 163 135 |127 22 45 187 95 188 128 91 74 |92 164 15 16 153 5 81 78 181 182 |180 83 4 2 192 141 123 9 65 86 17 200 6 24 |134 76 55 179 119 132 185 56 198 108 48 69 |165 173 177 41 176 59 87 57 79 157 |194 161 166 114 21 38 158 ||63 |34 10 |103 107 117 |143 115 88 89 30 |186 47 |121 102 191 |49 |145 33 52 |142 1 29 124 94 |96 42 |189 40 62 160 90 71 11 |195 82 105 39 18 106 196 |70 8 26 159 162 126 140 |175 130 |138 |77 169 |13 53 |73 139 43 |37 174 |150 51 113 136 67 |75 100 116 183 44 54 20 46 |156 154 50 152 110 |178 |147 |12 101 |120 |27 25 109 |19 170 |3 112 |148 172 |125 133 122 99 28 |14 |199 84 |149 |
15651.3 205974
194 161 167 64 |83 134 165 76 55 179 132 119 185 198 56 35 |173 177 41 176 59 87 108 48 69 79 57 157 |168 171 131 36 155 184 166 114 21 38 190 |151 45 92 188 16 153 128 91 |95 32 85 7 93 146 68 118 97 23 |31 164 15 81 5 78 181 104 |144 66 60 61 80 193 111 197 182 |180 4 2 192 141 123 9 65 86 17 200 6 24 |137 58 127 22 187 129 163 135 158 74 ||154 199 |169 3 |100 |19 |51 20 71 70 109 |29 |170 |62 75 115 |143 67 |122 195 14 63 |162 25 102 |40 149 |159 |124 |136 73 |130 116 148 11 |121 138 42 43 145 |142 140 |37 96 183 |125 106 46 |1 54 175 8 |13 53 152 160 |120 18 34 90 178 174 |39 10 |150 110 |47 88 103 186 77 133 28 |112 191 82 44 126 |50 89 |94 |117 |12 101 |49 |27 107 98 172 196 |105 52 99 |156 72 |139 |33 |189 84 |26 |30 147 113 |
16023 200921
168 184 85 118 35 190 |31 144 60 66 61 80 193 111 197 104 |58 137 151 171 131 155 36 129 163 135 |127 22 45 187 95 188 128 91 74 |92 164 15 16 153 5 81 78 181 182 |180 83 4 2 192 141 123 9 65 86 17 200 6 24 |134 76 55 179 119 132 185 56 198 108 48 69 |165 173 177 41 176 59 87 57 79 157 |161 32 166 114 21 38 158 |194 167 64 7 93 146 68 97 23 ||169 3 |101 |100 |19 |89 |145 109 |29 |116 183 |62 96 115 |143 27 |122 142 |63 |162 |52 148 40 99 |50 |159 125 189 |71 102 11 |149 106 172 121 25 75 |136 70 140 42 |199 154 156 113 170 124 |37 67 73 |1 54 175 8 |13 53 152 160 |120 18 34 90 178 174 |39 10 |150 110 |47 88 103 186 77 133 28 |112 191 82 44 126 |43 14 12 139 105 |138 |195 46 117 |130 147 |196 |49 72 51 84 |98 20 30 |26 33 94 |107 |
18574.6 198587
31 144 98 60 66 61 80 193 111 197 104 |58 137 151 171 131 155 36 129 163 135 |127 22 45 187 95 188 128 91 74 |92 164 15 16 153 5 81 78 181 182 |180 83 4 2 192 141 123 9 65 86 17 200 6 24 |134 76 55 179 119 132 185 56 198 108 48 69 |165 173 177 41 176 59 87 57 79 157 |161 166 114 21 38 158 |194 167 64 7 93 146 68 97 23 |35 184 168 32 85 118 190 ||130 189 174 183 |191 115 |100 138 145 43 110 |33 |10 |196 |62 26 |112 49 |96 162 |82 169 |148 84 102 40 143 |186 103 50 |11 |149 106 172 121 25 75 |88 70 |94 42 |199 154 |113 170 124 |37 67 73 |54 175 |122 53 152 160 |120 18 34 90 178 20 77 |39 51 71 44 13 99 52 |47 14 1 8 |150 |125 105 140 |12 139 156 136 |107 |3 |30 101 |142 |109 19 |27 |195 117 |147 46 |63 28 |159 89 29 |116 133 |126 |72 |
19081.8 198271
165 41 87 59 176 177 173 57 79 157 |194 167 93 146 68 35 97 23 190 |184 161 64 7 118 38 |166 168 32 85 114 21 158 |31 144 60 66 61 80 193 111 197 104 |58 137 151 171 131 155 36 129 163 135 |127 22 45 187 95 188 128 91 74 |92 164 15 16 153 5 81 78 181 182 |180 83 4 2 192 141 123 9 65 86 17 200 6 24 |134 76 55 179 119 132 185 56 198 108 48 69 ||183 |175 |47 126 |124 52 |170 28 133 |117 162 142 43 138 110 |33 |10 |98 89 |88 196 |27 101 |174 |145 102 73 |25 191 |105 30 172 |169 178 11 152 |147 50 136 13 |72 112 |40 148 |122 46 77 186 160 |100 51 34 84 115 96 |67 14 26 |1 |82 20 109 |156 120 |116 139 62 189 149 |150 63 125 106 |103 159 195 130 8 |44 71 121 75 140 99 42 |70 199 154 53 |113 37 54 18 |90 39 |12 |49 |107 |19 |3 |143 |29 |94 |
20182.2 194383
31 144 98 60 66 61 80 193 111 197 104 |58 137 151 171 131 155 36 129 163 135 |127 22 45 187 95 188 128 91 74 |92 164 15 16 153 5 81 78 181 182 |180 83 4 2 192 141 123 9 65 86 17 200 6 24 |134 76 55 179 119 132 185 56 198 108 48 69 |165 173 177 41 176 59 87 57 79 157 |161 166 114 21 38 158 10 |194 167 64 7 93 146 68 97 23 |35 184 168 32 85 118 190 ||195 20 |52 |116 115 |139 |138 145 43 |33 |196 |62 26 183 |142 14 63 |162 147 46 |125 130 169 40 189 |71 102 11 |149 106 172 |25 75 |136 70 140 42 |199 154 156 113 170 124 |37 67 73 |1 54 175 8 121 |122 53 152 160 |120 18 34 90 178 110 |39 51 49 44 13 77 |47 82 94 99 |191 |150 |143 105 96 |12 50 88 |107 103 |3 |30 101 |112 |109 19 |27 |174 117 |84 148 |186 28 |159 89 29 |100 133 |126 |72 |
21243 191891
180 134 179 119 132 185 198 108 57 35 |55 76 165 41 177 176 59 87 56 157 |168 184 166 114 21 158 190 |15 193 86 6 200 17 69 48 79 |83 4 2 192 141 66 123 9 65 197 78 181 182 104 24 |194 64 32 85 7 118 38 |173 161 167 93 146 68 97 23 |127 58 137 151 171 131 36 155 129 163 |164 16 188 95 92 45 22 187 135 74 |31 144 60 61 80 111 81 153 5 128 91 ||154 |169 3 |101 |100 |19 |89 |70 109 |29 |90 178 |62 75 147 |143 67 |122 |189 63 |162 25 |199 120 40 10 |159 110 124 |172 |102 |116 148 11 |170 121 138 |43 145 |152 34 |112 96 183 |160 18 27 |88 105 103 186 149 77 |12 |130 191 125 |106 82 44 113 |50 136 126 |20 |1 8 150 |39 51 71 |13 99 52 |175 14 53 133 42 |47 |37 |156 115 142 26 |73 |94 |28 139 |195 46 117 |54 |196 |49 72 140 84 |98 174 30 |33 |107 |
24514.2 187709
31 144 98 60 66 61 80 193 111 197 104 |58 137 151 171 131 155 36 129 163 135 |127 22 45 187 95 188 128 91 74 |92 164 15 16 153 5 81 78 181 182 |180 83 4 2 192 141 123 9 65 86 17 200 6 24 |134 76 55 179 119 132 185 56 198 108 48 69 |165 173 177 41 176 59 87 57 79 157 |161 166 114 21 38 158 |194 167 64 7 93 146 68 97 23 |35 184 168 32 85 118 190 ||189 174 183 |115 |100 142 43 138 110 |33 |10 |196 |62 |112 |49 |96 90 52 |169 |148 84 102 101 143 |186 50 11 160 |121 |172 |25 88 |140 |94 42 |199 154 |113 170 124 |37 67 73 |54 175 |103 |149 |130 191 |122 |106 82 44 |53 152 136 126 |120 18 34 |178 |20 |77 |51 71 99 |47 14 1 8 |150 75 |125 105 162 |12 156 |107 145 |70 |3 |30 40 |109 19 |26 |27 |139 147 |116 |13 |195 117 |46 |39 |63 28 |159 89 29 |133 |72 |
24970.4 181809

Time:20
Last Iter:10
Last Update:10
Tabu:0
Last Time20
26
162 48 200 42 189 34 169 174 71 173 56 55 58 |135 105 171 85 130 87 198 69 17 4 192 15 31 |129 163 114 116 145 51 10 190 97 68 64 59 193 81 45 127 |113 76 180 83 6 104 5 80 60 158 21 166 36 137 |179 41 118 12 92 188 164 78 182 197 111 9 61 |120 109 7 1 3 38 74 75 91 128 95 187 22 154 39 167 57 |175 161 191 176 185 79 122 96 140 117 16 |156 160 153 65 123 141 134 152 67 44 146 63 194 168 |28 157 148 177 119 132 86 94 144 181 131 184 32 93 |115 24 23 183 35 150 37 121 155 18 151 199 66 2 108 165 ||14 147 98 139 62 |133 20 149 100 43 19 |112 178 |172 101 196 46 99 52 53 195 170 142 |40 186 103 73 89 138 |90 54 |11 84 26 102 72 8 125 77 |33 50 |27 88 47 159 |143 29 124 82 106 30 13 |110 126 107 25 |49 70 136 |
9066.66 769914
165 41 157 68 158 21 135 128 181 17 193 80 123 141 168 |152 90 114 127 16 |185 159 59 177 122 65 197 171 32 85 |84 57 56 198 119 179 55 136 180 2 111 78 15 24 190 36 |176 150 146 93 64 37 8 175 194 184 38 132 66 31 153 |5 182 115 140 86 95 137 18 34 23 35 173 167 |145 20 30 44 148 87 82 110 83 88 6 104 42 187 22 161 |162 117 126 4 81 73 188 12 129 155 151 58 25 156 91 196 74 118 7 |69 99 79 108 195 29 134 13 26 102 130 131 163 9 61 60 192 |186 45 92 164 107 144 200 48 52 28 14 76 50 97 166 ||143 47 46 100 149 120 109 |49 63 70 174 62 199 |39 |77 142 172 51 11 67 |139 98 53 |72 27 154 160 |33 |125 121 116 169 112 54 106 |105 43 40 96 94 |124 |75 101 10 138 19 103 89 |147 113 170 133 71 191 1 183 189 |3 178 |
9431.79 768858
174 194 129 39 139 153 5 181 86 15 180 179 119 165 |85 64 169 138 38 71 184 58 182 78 111 193 65 104 108 |1 90 167 34 57 176 41 76 83 80 164 |105 149 18 155 161 23 157 74 17 197 66 60 31 16 92 87 |128 25 127 151 166 7 118 47 |143 9 98 29 132 56 46 24 158 20 114 187 137 |52 115 190 21 116 109 36 45 154 188 91 81 89 146 173 |22 27 131 120 163 100 196 6 48 110 195 55 134 59 67 144 |12 156 95 123 192 2 147 200 77 35 26 177 198 185 93 32 168 |19 171 135 186 160 61 33 141 4 69 99 79 159 136 97 68 ||189 43 172 3 8 62 |103 88 183 40 121 |44 112 70 178 63 175 130 |28 84 122 142 42 140 96 10 |199 50 53 |37 54 |152 113 14 126 101 145 11 |102 150 133 72 |94 |75 106 51 30 49 148 13 82 |162 124 170 117 73 107 |125 191 |
9474.95 757120
184 30 97 23 35 152 55 134 194 |31 15 5 182 38 157 59 173 180 83 60 45 137 |127 105 92 151 19 109 158 200 198 87 161 |12 154 66 179 57 7 |120 18 163 21 114 32 125 64 68 74 104 17 79 108 119 165 78 188 80 |49 70 191 44 40 131 24 65 123 2 |84 133 11 28 53 56 177 54 130 168 155 62 199 160 164 181 111 141 6 69 118 |46 115 52 132 150 146 169 167 129 187 95 16 81 197 144 |185 76 176 48 143 117 9 61 103 91 22 39 171 85 93 190 |36 166 175 41 124 29 47 147 4 192 86 193 153 128 135 58 ||178 72 142 162 140 42 196 172 |122 82 195 159 50 33 89 |77 189 99 13 139 25 |8 90 121 145 101 149 |26 113 14 156 |67 170 96 94 |34 174 73 107 |20 112 27 |71 102 148 136 110 51 138 1 |37 63 3 116 183 10 43 100 75 106 |186 88 98 126 |
9636.34 752098
90 7 138 74 147 61 164 137 |110 198 52 17 86 65 197 95 22 21 35 |75 182 181 153 92 129 114 161 44 26 67 152 165 76 55 185 56 200 6 |121 40 146 59 87 69 24 180 192 144 151 171 |193 80 66 141 4 48 82 179 134 78 45 93 |2 73 15 25 127 58 131 18 149 166 23 157 57 108 132 177 |136 148 71 1 172 115 99 14 123 111 16 188 32 168 167 |30 68 37 54 64 194 184 109 36 135 158 196 142 128 31 60 41 173 |119 170 83 81 104 122 11 97 118 38 116 155 163 187 |84 28 79 176 150 10 20 190 77 106 91 160 5 9 33 156 85 ||199 12 62 49 175 112 34 51 43 |42 100 169 19 39 139 |29 195 |103 107 94 88 117 189 |8 70 145 101 13 53 |113 27 |98 89 105 3 183 46 |96 162 47 124 159 133 50 |191 72 |102 178 63 130 140 143 126 |154 120 186 125 |174 |
9749.29 741654
189 38 51 114 7 64 122 108 124 55 78 60 |185 87 26 158 91 128 6 4 83 |112 118 157 134 192 123 86 153 187 151 |152 177 57 48 104 160 95 15 141 180 184 161 |155 27 156 139 16 31 197 182 190 21 |30 146 191 44 53 110 119 47 24 73 45 127 163 167 194 |196 183 97 35 84 173 37 178 49 85 171 22 92 111 61 66 69 198 179 |150 67 159 113 76 9 80 144 164 181 46 74 129 137 32 |125 116 20 34 102 176 41 79 17 200 103 5 25 36 131 |100 135 149 58 188 81 193 65 2 147 143 132 56 28 59 165 23 68 93 166 168 ||175 63 72 90 11 115 105 |154 39 12 62 101 138 1 70 |8 174 |52 96 43 145 107 140 106 |142 133 148 195 170 50 14 |109 |186 120 18 40 136 99 |75 172 10 19 199 |130 121 71 77 |98 89 94 88 126 162 13 42 |3 169 54 82 29 117 |33 |
9850.47 737391
83 165 176 23 135 127 64 |17 104 24 46 57 119 179 123 66 171 166 7 |192 31 139 182 190 108 180 177 161 168 |38 129 120 155 39 45 5 197 61 144 4 59 |12 22 92 78 193 6 198 97 93 167 18 137 |163 101 51 34 35 11 173 110 185 170 55 113 147 2 65 111 80 181 36 131 184 32 |134 56 41 67 68 146 169 178 72 69 200 91 153 16 164 15 58 |13 48 52 132 117 76 150 44 102 1 20 21 109 130 194 |141 86 14 157 148 71 138 116 118 74 149 105 187 128 188 |89 60 9 81 103 95 25 151 62 114 3 85 158 79 87 ||96 140 99 142 122 26 183 10 43 |186 54 49 8 100 75 196 42 |88 154 |28 159 29 50 191 70 30 |145 98 107 156 |174 37 125 121 40 172 106 115 |84 133 124 199 27 |162 126 82 136 |77 143 47 94 33 73 189 |53 195 152 112 90 63 175 |160 19 |
10098.2 732696
148 67 41 167 161 18 129 17 86 197 15 |71 35 46 162 181 182 164 80 |1 7 184 19 58 22 95 128 91 190 59 108 83 200 111 |72 191 174 121 135 153 157 56 134 |116 101 183 30 93 68 70 54 178 32 168 199 45 127 81 192 180 48 69 79 |53 159 6 75 62 171 25 16 61 65 |5 188 42 143 4 123 66 98 144 132 198 10 146 64 131 151 |40 145 21 158 43 77 23 57 176 165 76 124 179 14 119 185 193 31 |92 187 196 74 115 140 78 9 126 170 152 87 177 97 118 114 |137 154 149 163 36 155 166 85 8 63 194 112 173 82 55 2 141 60 104 24 38 ||147 96 110 136 103 |107 73 3 125 |33 |12 105 139 27 186 160 89 |99 122 117 156 39 106 |172 13 |29 52 142 44 49 |175 94 88 |34 138 109 130 |133 11 102 150 90 169 51 100 120 |47 113 50 195 28 84 26 37 |189 20 |
10289.5 724406
141 4 171 135 |174 194 129 39 139 153 5 181 86 15 180 179 119 165 |85 64 169 138 38 71 184 58 182 78 111 193 65 104 108 79 |1 90 167 34 57 176 41 76 83 80 164 |105 149 18 155 161 23 157 74 17 197 66 60 31 16 92 87 |128 25 127 151 166 7 118 47 69 |143 9 98 29 132 56 46 24 158 20 114 187 137 |52 115 190 21 116 109 36 45 154 188 91 81 89 97 68 146 173 |22 27 131 120 163 100 196 6 48 110 195 55 134 59 67 144 61 |12 156 95 123 192 2 147 200 77 35 26 177 198 185 93 32 168 ||19 186 160 33 99 |189 43 172 3 8 62 |103 88 183 40 121 |44 112 70 178 63 175 130 |159 136 |28 84 122 142 42 140 96 10 |199 50 53 |54 |152 113 14 126 101 145 11 |102 150 133 72 |94 |75 106 51 30 49 148 13 82 |162 124 170 117 73 107 |125 37 |191 |
10452.2 710637
127 83 111 153 74 |57 198 113 4 2 9 193 66 144 200 158 |25 187 92 164 5 182 135 118 36 131 6 65 61 185 76 87 59 157 |114 129 1 23 17 29 132 134 41 123 |126 181 16 15 105 155 93 68 167 97 |91 75 51 163 62 19 184 121 58 81 60 180 |14 45 195 176 108 52 162 13 102 146 30 34 190 24 104 166 32 |47 119 82 122 48 140 78 33 88 192 100 21 38 177 173 194 151 137 |112 71 35 84 133 142 96 31 128 22 154 168 64 |7 85 161 109 171 27 199 95 188 197 86 141 80 69 79 56 179 55 165 ||147 156 101 10 3 |40 116 145 20 8 72 |103 73 139 12 186 42 |37 70 54 49 178 63 175 130 |174 138 120 39 |125 169 183 106 67 |98 46 |11 159 |189 77 196 18 90 44 28 |117 124 152 89 107 |115 99 143 170 136 191 172 43 |149 160 94 110 53 148 26 |150 50 |
10944.5 697793
163 7 93 82 185 76 104 81 61 144 137 129 |27 58 128 153 119 159 41 168 32 |44 148 112 174 194 166 23 180 |136 176 13 52 200 42 149 158 131 171 92 111 83 |14 59 26 173 67 113 157 86 192 31 164 16 188 |55 53 28 79 108 29 147 193 197 |5 199 154 135 74 21 118 97 68 146 35 |179 133 150 30 184 151 95 78 65 123 2 4 17 6 69 24 |11 71 183 20 38 121 64 167 161 100 186 187 15 98 132 198 57 |134 126 48 110 56 87 177 165 72 85 114 155 36 22 45 127 91 182 181 9 141 66 80 60 190 ||170 124 84 34 51 106 143 |62 40 122 94 47 |172 101 1 103 |152 70 37 |117 189 130 |120 18 12 105 107 46 |162 |191 195 8 178 |88 |139 156 19 |43 10 169 138 142 115 |33 89 50 77 |63 175 54 |90 102 75 73 25 196 |145 116 3 109 125 49 99 |96 140 160 39 |
11461.3 620778
163 7 93 73 185 76 104 81 61 144 127 137 36 155 184 129 |58 153 119 159 41 85 168 32 114 190 |44 148 177 112 174 194 166 23 180 57 |165 136 176 87 13 52 200 4 91 |149 158 131 171 22 45 92 83 48 |14 59 26 173 67 113 157 86 192 80 60 31 164 16 111 181 182 |78 55 53 28 79 108 25 147 9 193 197 |5 199 154 135 21 118 97 68 188 128 146 74 35 |179 133 150 64 30 151 95 65 123 141 2 17 6 69 24 |11 71 183 20 38 167 161 100 186 187 15 98 66 134 132 198 56 ||126 110 72 54 125 |170 124 84 34 51 106 143 |62 40 122 47 |172 101 1 103 |152 70 37 |117 189 |130 |120 18 12 105 |107 46 |162 |191 195 8 178 |88 |121 |139 156 |43 |169 138 |115 |33 89 |77 |175 |94 |142 |19 50 42 |82 140 29 10 196 145 75 |160 90 116 3 109 102 99 |39 49 96 |27 |63 |
13322.5 561010
98 107 55 195 185 119 132 108 79 |178 45 92 95 188 128 91 74 |31 144 60 66 123 81 153 5 78 181 182 |56 198 16 164 15 61 80 111 197 |101 196 67 113 159 26 99 142 42 94 194 161 167 7 114 36 22 187 135 158 |171 184 166 168 32 85 64 93 146 68 97 118 38 |76 165 41 177 59 176 87 57 157 35 23 190 |173 179 134 180 83 4 17 200 6 104 24 |2 192 141 193 9 65 86 48 69 |127 58 137 151 131 155 129 163 21 ||13 82 |12 154 |120 18 125 |70 191 44 40 |133 11 28 53 54 130 |46 115 52 |62 |117 103 160 |29 47 147 100 43 |1 183 30 51 34 77 20 3 |140 149 105 75 |8 27 156 |71 72 106 |170 89 73 |110 |172 138 90 109 |96 10 |19 37 |102 |121 169 112 49 174 |63 116 122 162 |199 25 152 |50 |126 33 124 189 |150 39 186 139 |148 136 175 84 |14 |143 145 |88 
13374.7 291591
73 53 41 152 165 180 117 83 126 143 17 200 6 104 24 |198 56 177 173 130 168 184 166 32 30 97 23 190 |65 181 151 171 36 131 19 155 109 114 40 145 |98 144 15 164 92 95 188 16 153 103 5 182 106 |192 141 88 66 80 186 116 129 163 100 43 |86 137 58 39 127 45 22 105 187 91 |9 123 61 193 111 197 68 191 146 93 3 118 38 158 |60 31 81 78 128 69 48 57 28 133 84 35 |4 2 76 55 134 179 119 185 132 108 79 157 |87 59 176 194 161 167 64 85 7 21 135 74 ||112 |12 154 |120 18 125 49 70 10 20 |175 124 29 47 147 46 115 |178 142 162 140 42 196 172 |122 82 159 50 33 89 |77 189 99 139 25 160 |52 150 169 11 13 44 |67 195 72 62 |199 |8 90 121 101 149 |26 113 14 156 |170 96 94 |34 174 107 |27 |71 102 148 136 110 51 138 1 |37 63 75 54 183 
13639.5 291461
98 107 55 195 185 119 132 108 79 |133 2 192 141 9 193 74 |69 48 128 188 95 92 127 151 131 155 129 163 |16 15 31 144 60 66 123 81 153 5 78 181 182 |56 198 86 164 65 61 80 111 197 |101 21 67 113 159 26 40 142 22 154 45 187 91 |194 161 167 7 114 36 58 137 135 158 |171 184 166 168 32 85 64 93 146 68 97 118 38 |76 165 41 177 59 176 87 57 157 35 23 190 |173 179 134 180 83 4 17 200 6 104 24 ||196 |191 3 90 |71 |103 160 12 42 52 |100 1 178 |150 183 169 99 94 |14 112 18 120 46 |130 115 |62 |117 13 54 |29 47 147 53 43 |125 30 51 34 77 20 |140 149 105 75 |8 27 156 |82 72 106 |170 89 73 |110 |172 138 109 |96 10 |19 37 |102 |121 44 28 49 |63 116 122 162 |199 25 152 |50 174 |126 33 124 189 |70 39 186 139 |148 136 175 84 |11 |143 145 |88 
15550.4 275200
141 76 165 41 177 176 59 87 173 146 93 64 85 7 118 38 |188 151 171 131 36 155 129 163 135 158 |194 161 167 95 187 |137 58 127 92 45 22 91 182 |102 178 63 130 97 23 140 143 126 |154 120 184 166 168 32 125 114 21 74 |174 68 35 157 198 56 57 48 69 190 |192 2 4 83 180 134 55 179 119 185 132 108 79 |144 60 61 81 197 111 193 123 9 65 86 17 200 6 |66 80 31 15 164 16 153 5 128 78 181 104 24 ||90 138 |44 26 67 152 |18 149 |136 148 172 115 |99 |170 110 |25 |1 |75 51 62 19 121 |14 52 30 34 |82 122 33 100 |112 71 84 142 |109 199 |147 156 10 |40 116 20 175 |73 12 186 42 37 54 |29 195 39 139 |103 107 94 88 117 189 |8 70 145 101 13 53 |113 27 |196 |11 28 150 77 106 160 43 183 |96 162 47 124 159 133 50 46 |191 72 49 169 89 |98 105 3 |
16129 269070
144 9 128 182 91 135 21 38 74 |93 7 85 32 168 166 164 80 193 111 197 |173 177 176 87 56 198 60 61 65 |194 161 167 64 146 68 66 123 81 78 181 |187 141 86 108 57 157 35 97 23 190 |185 119 132 31 15 17 104 |114 22 45 4 200 69 48 79 |59 41 165 76 55 179 134 180 83 2 6 |118 192 92 95 188 16 153 5 24 |184 127 58 137 151 171 131 36 155 129 163 158 ||148 71 112 |84 |159 152 47 |99 49 70 191 |147 |82 52 |122 89 27 42 115 |96 |77 189 |90 54 196 |40 154 125 11 20 142 |53 195 126 143 186 34 169 101 |117 110 136 150 1 3 13 |120 8 |113 50 |25 18 145 |37 |46 109 |14 |199 149 |73 107 156 |116 88 |174 |75 106 43 51 172 102 |98 140 100 62 183 |162 29 39 |103 |130 |63 175 178 121 19 105 160 |28 26 170 124 30 10 |12 139 94 33 138 |72 44 133 67 |
16435 260980
144 192 2 4 81 78 181 182 |5 153 80 193 111 197 65 200 24 |92 95 188 164 31 60 61 123 9 17 |187 128 16 15 66 141 86 6 104 |45 22 127 58 137 151 171 131 36 155 129 163 158 |194 161 167 64 7 118 21 38 190 |85 32 168 184 166 114 135 91 74 |83 180 134 179 119 132 185 198 57 79 48 69 |41 177 176 59 87 56 108 157 35 |55 76 165 173 146 93 68 97 23 ||152 116 |149 |154 |126 |156 54 52 106 |107 98 162 53 40 |94 99 186 73 |130 174 90 102 44 148 84 |11 170 47 196 62 |124 195 110 150 71 112 3 145 |1 34 183 77 75 89 33 96 |169 138 63 20 189 100 160 |105 199 121 178 72 30 |25 18 109 37 46 |113 136 67 13 70 |175 88 |120 27 |26 133 14 142 |19 |159 125 49 115 43 101 |29 10 147 103 143 42 |82 39 12 51 172 |50 191 8 |140 117 |28 |139 |122 |
16649.3 217313
144 141 200 128 182 91 |31 80 193 111 65 81 78 181 24 |45 95 16 15 61 9 197 6 |92 188 164 60 66 123 86 104 |22 187 153 5 192 2 4 17 |127 58 137 151 171 131 36 155 129 163 158 |194 161 167 64 7 68 23 97 118 21 38 190 |173 146 93 85 32 168 184 166 114 135 74 |83 180 134 179 119 132 185 198 57 79 48 69 |55 76 165 41 177 176 59 87 56 108 157 35 ||148 112 |84 |152 47 |99 191 |147 71 |154 |159 62 125 49 70 |82 52 |122 |27 42 115 |133 |189 |90 54 196 40 46 142 183 |101 8 100 195 143 |117 110 156 186 |126 |25 |50 |174 73 39 |150 |26 51 145 |105 10 20 |94 98 |149 34 138 3 120 106 30 |113 1 |77 75 |89 33 96 169 121 109 |160 88 199 18 |136 13 |37 116 43 |11 44 53 |63 175 178 |19 |103 28 172 170 124 14 |12 139 140 107 |102 29 |130 72 |162 67 |
17300.2 213841
173 161 167 64 32 168 184 166 114 118 38 |177 85 7 93 146 68 35 |83 180 41 59 157 23 190 |194 176 97 21 158 |155 165 87 56 57 |187 58 127 137 151 171 131 36 129 163 135 91 74 |128 22 45 92 95 188 16 164 15 78 181 |31 144 60 66 61 80 111 197 81 153 5 182 |4 2 192 141 193 123 9 65 86 17 200 6 104 24 |76 55 134 179 132 119 185 198 108 79 48 69 ||84 |152 47 |125 49 70 191 |136 11 147 |109 20 27 |115 96 42 |77 189 |90 1 3 |40 120 142 13 94 |53 195 126 143 186 |169 101 8 |117 110 |113 50 |156 |89 25 18 145 |159 |99 46 122 |14 |199 149 |73 107 39 |51 |34 |116 88 |174 |75 106 43 |172 102 |98 140 100 196 183 |162 29 82 37 |103 54 52 |130 |63 175 178 121 19 105 160 |154 44 148 170 124 28 |62 150 71 112 138 30 133 |33 72 67 26 10 |139 12 |
17325.3 207429
194 161 167 85 7 93 146 35 157 |76 165 55 56 198 108 79 |114 166 184 168 32 64 68 23 48 69 |58 137 151 171 131 36 155 129 163 135 21 158 |127 188 95 92 45 22 187 91 74 |4 31 15 164 16 153 5 128 182 |144 60 80 61 123 193 111 197 81 78 181 |83 180 134 179 119 132 185 57 |41 173 177 176 59 87 97 118 38 190 |2 192 66 141 9 65 86 17 200 6 104 24 ||90 |125 |191 189 |178 138 160 120 42 |11 26 47 12 77 |52 156 96 |112 150 133 |109 |136 |126 186 |143 8 |71 |27 |121 44 130 |113 62 |148 67 |70 |20 3 |33 152 |89 25 18 145 |159 |99 46 122 |14 |199 149 |73 107 39 |51 |34 |116 88 |174 |75 106 43 |172 102 |98 140 100 196 183 |162 29 82 37 |103 |170 |28 94 124 |139 |110 147 53 142 30 |50 115 10 117 13 |54 175 |72 63 49 1 |19 195 40 |105 84 101 169 |154 |
18944 195867
144 66 61 80 86 17 200 6 24 |127 58 137 151 171 131 36 155 129 163 158 |194 161 167 64 7 118 21 38 190 |85 32 168 184 166 114 135 74 |83 180 134 179 119 132 185 198 57 79 48 69 |41 177 176 59 87 56 108 157 35 |55 76 165 173 146 93 68 97 23 |81 128 188 95 92 45 22 187 91 |60 31 15 164 16 153 5 78 181 182 |4 2 192 141 123 9 65 193 111 197 104 ||148 71 112 |84 |159 152 47 |99 49 70 191 |147 |82 52 |122 89 27 42 115 |96 |77 189 |90 54 196 |40 46 142 13 |8 |100 195 126 143 186 |117 110 133 136 |25 |1 |75 51 |125 37 |50 |183 73 39 30 145 10 |170 109 18 105 20 34 |113 94 178 |199 149 120 3 150 106 |138 |116 88 62 |12 156 19 |43 |169 |101 11 44 53 |154 |174 |98 |162 |130 |63 |175 |14 121 |28 160 |26 124 103 |102 139 107 33 172 |29 |72 140 |67 |
19209 191788
127 58 137 151 171 131 36 155 129 163 158 |194 161 167 64 7 118 21 38 190 |85 32 168 184 166 114 135 74 |83 180 134 179 119 132 185 198 57 79 48 69 |41 177 176 59 87 56 108 157 35 |55 76 165 173 146 93 68 97 23 |81 128 188 95 92 45 22 187 91 |60 31 15 164 16 153 5 78 181 182 |2 141 123 9 65 193 111 197 104 |144 80 61 66 192 4 86 17 200 6 24 ||148 71 112 |14 |84 |152 47 |159 49 70 191 |147 |136 160 |99 |27 42 115 96 |77 189 |150 90 |40 172 142 13 |8 |195 126 143 186 |101 34 |117 110 |113 89 |25 |1 |75 51 62 19 156 |50 |174 73 39 |26 145 109 18 105 10 20 |94 98 199 149 30 138 |139 120 124 106 |3 175 72 |183 102 133 37 125 116 43 |11 44 53 |154 |162 169 |29 82 46 |103 54 52 |130 |63 |140 |178 121 |28 122 100 |12 88 107 33 |196 170 67 |
19963.5 190253
127 58 137 151 171 131 36 155 129 163 158 |194 161 167 64 7 118 21 38 190 |85 32 168 184 166 114 135 74 |83 180 134 179 119 132 185 198 57 79 48 69 |41 177 176 59 87 56 108 157 35 |55 76 165 173 146 93 68 97 23 |81 128 188 95 92 45 22 187 91 |60 31 15 164 16 153 5 78 181 182 |2 141 123 9 65 193 111 197 104 |144 80 61 66 192 4 86 17 200 6 24 ||148 71 112 |62 |84 |152 47 |174 49 70 191 |147 |136 160 |109 20 27 42 115 96 |77 189 |150 90 1 10 |40 105 142 13 |8 |98 195 126 143 186 |101 34 |117 110 |113 50 |154 125 11 3 169 |120 94 53 |156 |89 25 18 145 |159 |99 46 122 |14 |199 149 |73 107 39 |51 |116 88 |75 106 43 |172 102 |140 100 196 183 |162 29 82 37 |103 54 52 |130 |63 175 178 121 19 |28 26 170 124 30 |139 12 138 |33 |72 44 133 67 |
22501.3 187588
144 66 61 80 86 17 200 6 24 |127 58 137 151 171 131 36 155 129 163 158 |194 161 167 64 7 118 21 38 190 |85 32 168 184 166 114 135 74 |83 180 134 179 119 132 185 198 57 79 48 69 |41 177 176 59 87 56 108 157 35 |55 76 165 173 146 93 68 97 23 |81 128 188 95 92 45 22 187 91 |60 31 15 164 16 153 5 78 181 182 |4 2 192 141 123 9 65 193 111 197 104 ||148 71 112 |62 |84 |159 152 47 |99 49 70 |147 |82 52 |29 89 107 42 115 |96 |77 189 |90 54 196 |40 46 133 13 |94 |100 136 126 143 186 101 |117 110 125 37 |25 |50 |18 |199 149 106 |162 34 |73 75 |191 195 8 178 116 51 |88 39 3 30 1 145 |150 113 120 109 |26 |142 |12 174 105 10 20 |172 53 |14 |103 |102 160 43 |156 183 11 |154 98 |140 19 |169 |27 |130 |63 175 121 |28 |170 124 |139 33 138 |72 44 122 67 |
22785.2 185012
127 58 137 151 171 131 36 155 129 163 158 |194 161 167 64 7 118 21 38 190 |85 32 168 184 166 114 135 74 |83 180 134 179 119 132 185 198 57 79 48 69 |41 177 176 59 87 56 108 157 35 |55 76 165 173 146 93 68 97 23 |81 128 188 95 92 45 22 187 91 |60 31 15 164 16 153 5 78 181 182 |2 141 123 9 65 193 111 197 104 |144 80 61 66 192 4 86 17 200 6 24 ||148 71 112 |62 |84 |159 152 47 |174 49 191 70 |147 |136 |20 42 27 115 96 |77 189 |90 1 10 |109 40 105 |126 199 |13 143 98 |18 101 34 |110 186 |113 |117 |50 |154 125 11 3 169 |120 156 |150 |89 25 |145 |99 195 46 122 |14 94 |149 |73 107 39 |88 |106 |51 |8 |142 |116 |75 43 |172 102 |140 100 183 |162 |196 |29 82 37 |103 54 52 |130 |175 178 63 |121 19 160 |28 |26 |170 124 |30 12 |139 138 |33 |72 44 133 53 |67 |
23462.8 177355

Time:16
Last Iter:10
Last Update:10
Tabu:0
Last Time16
15
117 192 33 197 15 188 128 187 129 158 24 171 173 41 |170 55 119 159 198 13 115 182 86 94 21 38 184 |161 175 32 168 17 9 193 81 78 164 31 60 61 144 |54 174 194 68 166 36 135 5 181 16 92 4 2 185 |141 80 153 75 200 180 195 35 146 |37 167 85 169 40 190 148 28 108 83 123 22 |140 104 43 10 118 90 64 8 121 155 73 66 48 134 59 176 |76 50 179 56 87 157 23 97 183 101 114 7 163 149 91 95 137 |58 45 139 65 6 46 77 79 57 133 102 93 136 165 132 |151 131 19 62 105 156 127 160 111 89 47 69 74 177 ||70 178 130 150 145 120 |12 154 107 84 11 44 |152 |18 109 3 30 1 71 34 172 51 100 196 |199 39 49 63 |162 143 126 |189 106 82 124 113 147 88 |116 112 27 25 138 |125 |67 191 122 52 99 96 42 |110 14 53 103 186 |98 29 142 20 |26 72 |
8999.23 732053
178 85 184 171 21 158 118 93 35 87 119 2 141 197 15 16 128 182 |64 7 121 112 173 67 69 192 66 164 187 |114 18 22 199 38 146 198 180 65 9 193 61 181 |12 95 153 80 4 17 24 131 151 41 76 |33 123 111 107 144 126 108 185 152 176 177 194 155 163 91 |51 101 183 138 116 40 161 36 62 27 127 188 78 81 104 48 79 |32 109 120 145 34 68 57 83 42 103 45 |59 165 55 132 47 75 189 3 102 71 125 167 168 129 |31 5 200 143 88 134 195 136 23 190 74 149 137 58 166 |99 142 157 97 20 135 6 86 60 98 89 92 82 56 170 179 ||105 139 156 169 30 10 172 11 84 |52 124 26 186 |25 70 150 |94 73 115 122 53 162 117 147 13 |160 154 29 14 |50 |28 110 159 106 43 37 72 |46 100 90 54 49 130 148 |1 8 175 |77 196 140 96 133 44 191 63 |174 113 |19 39 |
9365.67 704129
147 86 200 162 198 181 188 155 114 168 |191 70 64 125 138 20 97 146 24 48 134 123 |22 187 163 21 6 9 126 57 56 55 76 165 |78 164 61 17 104 190 68 85 59 129 171 58 45 |2 89 144 105 25 137 51 118 37 167 177 41 69 |127 154 91 142 13 148 150 178 119 83 15 |197 193 103 182 12 151 131 109 32 161 194 44 136 179 108 79 |96 180 65 141 80 160 135 149 18 36 38 23 93 |66 88 4 132 87 173 35 115 196 43 128 16 139 31 166 7 |111 81 5 153 186 95 92 27 184 1 158 74 157 11 176 185 192 60 ||34 116 121 28 52 42 |33 107 100 145 3 30 |29 124 159 50 152 |174 |62 19 39 73 106 183 |133 82 195 110 98 |169 120 8 130 |75 189 101 10 102 112 26 40 |94 117 113 84 172 |72 175 |199 156 140 143 99 77 90 |54 49 63 71 122 46 |47 14 170 53 67 |
9510.03 699235
171 151 155 129 12 139 92 128 65 200 190 97 114 64 59 165 76 179 132 108 |106 115 46 122 35 56 74 181 66 144 166 168 85 161 38 |178 8 7 32 184 163 78 17 83 180 119 141 31 81 |110 185 134 173 24 187 58 15 80 61 6 |5 160 182 197 69 79 57 198 55 67 34 118 93 137 22 |189 158 145 40 121 19 149 75 77 68 102 148 63 |195 53 87 150 175 23 43 |104 193 9 2 60 164 16 |45 199 127 36 116 42 157 28 162 123 153 |48 52 96 140 86 111 94 33 192 4 103 188 95 91 135 21 131 167 194 146 177 176 41 51 ||73 29 47 172 |49 |72 71 1 169 20 183 13 |143 147 126 82 191 |107 138 |186 |100 101 62 109 125 174 130 70 |154 196 136 50 |11 84 26 112 37 159 170 |133 |18 27 |54 |152 113 117 10 3 120 |25 |124 99 142 30 44 |89 98 88 14 |105 156 39 |90 |
10029.5 693673
68 161 166 151 181 104 |185 179 4 197 45 187 21 |22 128 5 6 9 135 119 165 56 |12 91 78 15 60 188 92 139 114 32 118 23 79 |59 132 200 182 43 158 97 7 64 131 193 123 61 80 111 |127 39 58 155 101 52 157 57 176 41 167 164 144 2 |88 192 147 86 81 16 31 105 27 171 69 108 180 134 55 76 87 177 173 |168 40 145 51 190 106 196 96 17 117 126 29 198 133 84 136 93 36 95 |14 110 83 65 141 66 115 13 35 148 146 184 163 129 137 74 |48 24 153 107 98 25 18 19 1 194 85 38 ||160 186 33 140 42 46 77 |199 73 94 53 11 183 |154 189 34 90 175 |50 102 71 112 174 130 |162 159 170 26 67 |122 10 37 70 |156 138 49 |152 |143 124 20 30 116 125 100 |62 149 120 169 3 178 54 |72 150 63 82 |113 |89 103 47 28 172 142 75 |99 44 191 8 121 109 |195 |
11689 662118
134 76 185 198 56 87 177 71 146 68 |192 111 187 129 114 158 |150 79 52 143 57 55 2 9 5 |153 103 197 61 188 12 36 19 7 21 74 104 182 108 |171 62 118 157 180 81 60 85 167 161 64 97 190 |83 66 139 135 163 184 23 176 |109 32 125 178 191 26 133 48 17 179 88 141 123 193 95 38 |6 140 181 16 15 80 94 33 24 46 35 84 54 175 194 168 131 137 58 127 |200 69 13 44 173 59 119 147 86 31 144 128 91 22 151 166 93 |165 155 27 105 45 92 164 78 65 4 47 132 110 159 170 41 ||120 10 82 162 |149 160 89 96 98 106 |63 174 3 34 115 126 43 |39 154 |107 |73 101 |130 |169 77 42 50 |14 75 189 199 |195 |136 25 |122 18 99 |11 53 67 29 |183 148 |8 |152 |72 102 28 156 |186 40 121 49 116 |124 117 |196 113 51 |138 70 112 20 172 |100 145 142 |90 |30 1 37 |
12438.2 590144
132 185 119 165 76 55 179 134 180 47 4 147 17 200 140 6 24 |133 67 177 41 136 176 59 87 56 159 198 57 157 146 90 138 118 38 |123 144 60 33 80 197 81 15 164 16 153 5 78 181 104 |31 61 9 86 173 70 54 |108 130 174 161 167 32 85 7 114 |65 111 193 66 141 192 2 83 116 158 |168 194 191 37 64 93 68 97 190 |125 166 184 151 171 131 36 155 18 53 129 163 135 100 43 74 |127 25 156 45 92 95 188 187 91 21 34 23 |137 58 39 22 128 182 69 48 79 84 35 ||26 44 148 |75 196 |77 |3 120 27 |199 |152 170 175 63 30 40 101 10 |124 195 29 |107 99 62 |143 82 150 11 13 46 |89 50 1 |122 72 8 112 110 |51 113 149 |71 |14 |105 12 172 142 28 102 178 |94 103 160 139 19 121 |49 |98 126 52 106 183 169 |109 186 73 42 115 96 88 |162 117 154 20 145 189 
12627.9 319686
192 83 180 185 56 108 79 35 |87 2 4 48 69 24 |54 49 194 63 71 146 68 114 21 |165 76 55 134 179 119 132 198 53 57 157 |127 22 45 95 164 81 193 111 197 181 78 5 182 |80 15 153 16 92 188 128 187 91 |184 58 137 151 171 131 36 155 129 163 135 158 |31 144 60 61 66 141 123 9 65 86 17 200 6 104 74 |166 64 161 167 168 32 85 7 38 |41 59 176 177 173 93 118 97 23 190 ||12 139 |43 |39 |88 147 |145 51 117 133 84 |14 |27 105 47 110 159 170 |120 10 82 162 |149 160 89 96 106 77 101 20 |40 138 102 70 136 28 122 115 13 |75 107 191 150 148 34 |29 124 152 126 186 103 42 |25 178 175 90 1 116 |52 |19 73 183 |195 |169 |100 62 |125 174 130 |154 196 189 |11 50 |26 112 |3 |121 |44 |67 |46 |113 143 99 142 |98 |199 156 18 109 30 |37 8 |33 |172 72 94 |140 |
14054.6 213942
194 63 71 146 68 114 21 |47 134 179 119 132 198 53 57 157 |127 22 45 95 164 81 193 111 197 181 78 5 182 |80 15 153 16 92 188 128 187 91 |184 58 137 151 171 131 36 155 129 163 135 158 |31 144 60 61 66 141 123 9 65 86 17 200 6 104 74 |166 64 161 167 168 32 85 7 38 |59 176 177 173 93 118 97 23 190 |41 165 76 55 185 56 87 35 |192 2 4 83 180 108 79 48 69 24 ||147 162 |191 138 20 |126 186 115 |25 51 |13 150 178 |103 12 139 |96 160 |175 90 148 |88 1 |34 116 28 52 42 |75 107 |29 124 152 |11 26 |100 19 39 73 183 101 |169 120 125 174 130 70 |154 196 189 82 195 110 |62 |33 122 |149 |159 3 |89 105 121 |170 44 27 145 |67 133 |117 14 46 |106 112 113 143 99 142 |98 43 |199 156 18 109 30 |37 8 |84 77 |50 136 10 102 |172 72 40 94 |140 |54 49 
15825.4 205092
194 63 71 146 68 114 21 |47 134 179 119 132 198 53 57 157 |127 22 45 95 164 81 193 111 197 181 78 5 182 |80 15 153 16 92 188 128 187 91 |184 58 137 151 171 131 36 155 129 163 135 158 |31 144 60 61 66 141 123 9 65 86 17 200 6 104 74 |166 64 161 167 168 32 85 7 38 |59 176 177 173 93 118 97 23 190 |41 165 76 55 185 56 87 35 |192 2 4 83 180 108 79 48 69 24 ||147 162 |191 138 20 |126 186 115 |25 51 |13 150 178 |103 12 139 |96 160 |175 90 148 |88 1 |34 116 28 52 42 |75 107 |29 124 152 |19 39 73 183 |82 195 110 |169 120 |100 101 62 |125 174 130 70 |154 196 189 |11 50 |26 112 |159 3 |122 89 105 121 |170 44 27 145 |67 133 |117 14 46 |106 149 113 143 99 142 |98 43 |199 156 18 109 30 |37 8 |84 77 |33 136 10 102 |172 72 40 94 |140 |54 49 
17260.4 201812
180 134 185 198 108 79 157 35 |194 161 167 168 184 166 21 97 23 190 |127 58 137 151 171 131 36 155 129 135 74 |32 141 192 2 4 17 200 6 104 24 |83 86 65 9 123 66 61 80 193 111 197 81 182 |60 128 95 45 22 187 163 91 |92 114 7 85 64 93 146 68 118 38 158 |41 173 177 176 59 87 56 57 |165 76 55 179 119 132 48 69 |144 31 15 164 188 16 153 5 78 181 ||169 |67 |18 |39 |152 |51 11 37 |44 |34 |42 115 3 102 |62 195 30 |99 |98 84 |139 53 |106 25 90 |8 148 101 |46 113 154 |73 29 47 172 125 |149 54 72 71 1 |160 |143 175 126 |107 50 |120 |191 63 189 |94 33 |109 |13 52 162 140 77 75 100 |116 150 26 136 133 142 |117 14 82 |170 122 |174 186 |20 43 |199 156 12 159 |88 |10 103 124 89 |147 27 |138 145 |112 70 183 |49 28 178 40 196 |130 110 |121 |105 96 |19 |
19488.6 198927
58 127 22 45 187 91 74 |137 151 171 131 36 155 129 163 135 |144 66 61 31 15 153 5 128 182 |92 95 188 164 16 81 193 111 197 78 181 |65 4 108 132 119 185 198 56 87 57 79 48 69 |83 2 192 141 60 80 123 9 86 17 200 6 104 24 |180 134 179 55 76 165 41 59 176 35 157 |177 173 85 93 146 68 38 |194 161 167 64 7 118 97 23 190 |32 168 184 166 114 21 158 ||52 |195 183 |82 |90 54 |162 28 |139 25 49 |169 77 42 |33 147 150 34 |12 88 |96 110 |73 107 |178 63 94 |175 120 39 |160 124 |84 |116 |71 |102 |148 140 126 |40 75 |13 152 |136 |47 |100 101 62 |125 174 130 70 |154 196 189 |11 50 |26 112 |159 3 |122 89 105 121 |170 44 27 145 |67 133 |117 14 46 |106 149 113 143 99 142 |98 43 |199 156 18 109 30 |37 8 |103 115 186 51 10 138 |72 20 172 |53 19 |191 1 29 |
20729.2 191460
58 127 22 45 187 91 74 |137 151 171 131 36 155 129 163 135 |144 66 61 31 15 153 5 128 182 |92 95 188 164 16 81 193 111 197 78 181 |65 4 108 132 119 185 198 56 87 57 79 48 69 |83 2 192 141 60 80 123 9 86 17 200 6 104 24 |180 134 179 55 76 165 41 59 176 35 157 |177 173 85 93 146 68 38 |194 161 167 64 7 118 97 23 190 |32 168 184 166 114 21 158 ||34 |52 |33 |120 39 |156 |67 |142 46 84 149 |75 |62 42 47 |99 49 29 140 |51 191 50 195 1 |121 63 71 13 162 |113 139 25 18 |154 110 160 |3 |105 |115 |147 152 |12 |40 130 199 |77 |116 107 |143 73 |125 14 |109 |159 53 |150 |138 |126 |136 |44 189 |98 |122 20 |186 |82 |183 148 102 8 |88 26 |133 |96 117 |72 |28 94 |10 103 124 170 |54 |106 169 |89 101 |175 |90 |172 112 70 |43 |11 |196 |100 145 19 27 |174 30 |37 178 |
22384.7 190177
173 55 134 179 119 185 132 198 108 48 69 |83 4 192 141 193 86 200 17 79 157 |168 32 85 93 146 68 97 23 |144 60 31 15 81 128 182 91 135 |151 137 58 127 45 22 187 129 163 74 |76 165 41 177 176 59 87 56 57 35 |194 161 167 64 7 118 38 190 |180 2 66 80 61 123 9 65 111 197 6 104 24 |171 131 36 155 184 166 114 21 158 |92 95 164 188 16 153 5 78 181 ||178 |25 |12 |152 |125 19 |172 |191 |90 96 |102 |88 |149 |130 |44 71 11 51 |27 186 |63 |40 101 10 |124 195 29 |107 |62 |33 159 |67 148 28 54 |160 73 |53 47 |34 |138 84 |154 189 |120 3 |20 183 110 |1 121 49 122 |89 |145 13 52 162 140 77 75 100 |116 150 26 136 133 |117 14 82 50 |94 147 170 105 |103 39 |72 |196 174 115 169 46 |106 112 113 143 99 142 |98 43 |199 156 18 109 30 |37 8 |42 |175 |70 126 |139 |
22470.5 187938
58 127 22 45 187 91 74 |137 151 171 131 36 155 129 163 135 |144 66 61 31 15 153 5 128 182 |92 95 188 164 16 81 193 111 197 78 181 |65 4 108 132 119 185 198 56 87 57 79 48 69 |83 2 192 141 60 80 123 9 86 17 200 6 104 24 |180 134 179 55 76 165 41 59 176 35 157 |177 173 85 93 146 68 38 |194 161 167 64 7 118 97 23 190 |32 168 184 166 114 21 158 ||175 |105 39 |152 |125 43 |172 |191 |90 96 |102 |88 |149 |130 |44 71 11 51 |27 186 |63 30 40 101 10 |124 195 29 |107 99 62 156 |33 109 143 |67 148 28 54 |47 160 73 |53 |34 8 |138 84 |199 154 189 |120 3 |20 183 110 113 |1 121 49 122 |89 |145 13 52 162 140 77 75 100 |116 150 26 136 133 142 |117 |174 169 |159 |82 37 |94 |196 |14 |50 |46 |72 |98 |42 |147 139 |115 126 |18 103 |106 112 25 |170 |19 |12 |70 178 |
31985.9 185090

Time:0
Last Iter:10
Last Update:10
Tabu:0
Last Time0
15
117 192 33 197 15 188 128 187 129 158 24 171 173 41 |170 55 119 159 198 13 115 182 86 94 21 38 184 |161 175 32 168 17 9 193 81 78 164 31 60 61 144 |54 174 194 68 166 36 135 5 181 16 92 4 2 185 |141 80 153 75 200 180 195 35 146 |37 167 85 169 40 190 148 28 108 83 123 22 |140 104 43 10 118 90 64 8 121 155 73 66 48 134 59 176 |76 50 179 56 87 157 23 97 183 101 114 7 163 149 91 95 137 |58 45 139 65 6 46 77 79 57 133 102 93 136 165 132 |151 131 19 62 105 156 127 160 111 89 47 69 74 177 ||70 178 130 150 145 120 |12 154 107 84 11 44 |152 |18 109 3 30 1 71 34 172 51 100 196 |199 39 49 63 |162 143 126 |189 106 82 124 113 147 88 |116 112 27 25 138 |125 |67 191 122 52 99 96 42 |110 14 53 103 186 |98 29 142 20 |26 72 |
8999.23 732053
178 85 184 171 21 158 118 93 35 87 119 2 141 197 15 16 128 182 |64 7 121 112 173 67 69 192 66 164 187 |114 18 22 199 38 146 198 180 65 9 193 61 181 |12 95 153 80 4 17 24 131 151 41 76 |33 123 111 107 144 126 108 185 152 176 177 194 155 163 91 |51 101 183 138 116 40 161 36 62 27 127 188 78 81 104 48 79 |32 109 120 145 34 68 57 83 42 103 45 |59 165 55 132 47 75 189 3 102 71 125 167 168 129 |31 5 200 143 88 134 195 136 23 190 74 149 137 58 166 |99 142 157 97 20 135 6 86 60 98 89 92 82 56 170 179 ||105 139 156 169 30 10 172 11 84 |52 124 26 186 |25 70 150 |94 73 115 122 53 162 117 147 13 |160 154 29 14 |50 |28 110 159 106 43 37 72 |46 100 90 54 49 130 148 |1 8 175 |77 196 140 96 133 44 191 63 |174 113 |19 39 |
9365.67 704129
147 86 200 162 198 181 188 155 114 168 |191 70 64 125 138 20 97 146 24 48 134 123 |22 187 163 21 6 9 126 57 56 55 76 165 |78 164 61 17 104 190 68 85 59 129 171 58 45 |2 89 144 105 25 137 51 118 37 167 177 41 69 |127 154 91 142 13 148 150 178 119 83 15 |197 193 103 182 12 151 131 109 32 161 194 44 136 179 108 79 |96 180 65 141 80 160 135 149 18 36 38 23 93 |66 88 4 132 87 173 35 115 196 43 128 16 139 31 166 7 |111 81 5 153 186 95 92 27 184 1 158 74 157 11 176 185 192 60 ||34 116 121 28 52 42 |33 107 100 145 3 30 |29 124 159 50 152 |174 |62 19 39 73 106 183 |133 82 195 110 98 |169 120 8 130 |75 189 101 10 102 112 26 40 |94 117 113 84 172 |72 175 |199 156 140 143 99 77 90 |54 49 63 71 122 46 |47 14 170 53 67 |
9510.03 699235
171 151 155 129 12 139 92 128 65 200 190 97 114 64 59 165 76 179 132 108 |106 115 46 122 35 56 74 181 66 144 166 168 85 161 38 |178 8 7 32 184 163 78 17 83 180 119 141 31 81 |110 185 134 173 24 187 58 15 80 61 6 |5 160 182 197 69 79 57 198 55 67 34 118 93 137 22 |189 158 145 40 121 19 149 75 77 68 102 148 63 |195 53 87 150 175 23 43 |104 193 9 2 60 164 16 |45 199 127 36 116 42 157 28 162 123 153 |48 52 96 140 86 111 94 33 192 4 103 188 95 91 135 21 131 167 194 146 177 176 41 51 ||73 29 47 172 |49 |72 71 1 169 20 183 13 |143 147 126 82 191 |107 138 |186 |100 101 62 109 125 174 130 70 |154 196 136 50 |11 84 26 112 37 159 170 |133 |18 27 |54 |152 113 117 10 3 120 |25 |124 99 142 30 44 |89 98 88 14 |105 156 39 |90 |
10029.5 693673
68 161 166 151 181 104 |185 179 4 197 45 187 21 |22 128 5 6 9 135 119 165 56 |12 91 78 15 60 188 92 139 114 32 118 23 79 |59 132 200 182 43 158 97 7 64 131 193 123 61 80 111 |127 39 58 155 101 52 157 57 176 41 167 164 144 2 |88 192 147 86 81 16 31 105 27 171 69 108 180 134 55 76 87 177 173 |168 40 145 51 190 106 196 96 17 117 126 29 198 133 84 136 93 36 95 |14 110 83 65 141 66 115 13 35 148 146 184 163 129 137 74 |48 24 153 107 98 25 18 19 1 194 85 38 ||160 186 33 140 42 46 77 |199 73 94 53 11 183 |154 189 34 90 175 |50 102 71 112 174 130 |162 159 170 26 67 |122 10 37 70 |156 138 49 |152 |143 124 20 30 116 125 100 |62 149 120 169 3 178 54 |72 150 63 82 |113 |89 103 47 28 172 142 75 |99 44 191 8 121 109 |195 |
11689 662118
134 76 185 198 56 87 177 71 146 68 |192 111 187 129 114 158 |150 79 52 143 57 55 2 9 5 |153 103 197 61 188 12 36 19 7 21 74 104 182 108 |171 62 118 157 180 81 60 85 167 161 64 97 190 |83 66 139 135 163 184 23 176 |109 32 125 178 191 26 133 48 17 179 88 141 123 193 95 38 |6 140 181 16 15 80 94 33 24 46 35 84 54 175 194 168 131 137 58 127 |200 69 13 44 173 59 119 147 86 31 144 128 91 22 151 166 93 |165 155 27 105 45 92 164 78 65 4 47 132 110 159 170 41 ||120 10 82 162 |149 160 89 96 98 106 |63 174 3 34 115 126 43 |39 154 |107 |73 101 |130 |169 77 42 50 |14 75 189 199 |195 |136 25 |122 18 99 |11 53 67 29 |183 148 |8 |152 |72 102 28 156 |186 40 121 49 116 |124 117 |196 113 51 |138 70 112 20 172 |100 145 142 |90 |30 1 37 |
12438.2 590144
132 185 119 165 76 55 179 134 180 47 4 147 17 200 140 6 24 |133 67 177 41 136 176 59 87 56 159 198 57 157 146 90 138 118 38 |123 144 60 33 80 197 81 15 164 16 153 5 78 181 104 |31 61 9 86 173 70 54 |108 130 174 161 167 32 85 7 114 |65 111 193 66 141 192 2 83 116 158 |168 194 191 37 64 93 68 97 190 |125 166 184 151 171 131 36 155 18 53 129 163 135 100 43 74 |127 25 156 45 92 95 188 187 91 21 34 23 |137 58 39 22 128 182 69 48 79 84 35 ||26 44 148 |75 196 |77 |3 120 27 |199 |152 170 175 63 30 40 101 10 |124 195 29 |107 99 62 |143 82 150 11 13 46 |89 50 1 |122 72 8 112 110 |51 113 149 |71 |14 |105 12 172 142 28 102 178 |94 103 160 139 19 121 |49 |98 126 52 106 183 169 |109 186 73 42 115 96 88 |162 117 154 20 145 189 
12627.9 319686
192 83 180 185 56 108 79 35 |87 2 4 48 69 24 |54 49 194 63 71 146 68 114 21 |165 76 55 134 179 119 132 198 53 57 157 |127 22 45 95 164 81 193 111 197 181 78 5 182 |80 15 153 16 92 188 128 187 91 |184 58 137 151 171 131 36 155 129 163 135 158 |31 144 60 61 66 141 123 9 65 86 17 200 6 104 74 |166 64 161 167 168 32 85 7 38 |41 59 176 177 173 93 118 97 23 190 ||12 139 |43 |39 |88 147 |145 51 117 133 84 |14 |27 105 47 110 159 170 |120 10 82 162 |149 160 89 96 106 77 101 20 |40 138 102 70 136 28 122 115 13 |75 107 191 150 148 34 |29 124 152 126 186 103 42 |25 178 175 90 1 116 |52 |19 73 183 |195 |169 |100 62 |125 174 130 |154 196 189 |11 50 |26 112 |3 |121 |44 |67 |46 |113 143 99 142 |98 |199 156 18 109 30 |37 8 |33 |172 72 94 |140 |
14054.6 213942
194 63 71 146 68 114 21 |47 134 179 119 132 198 53 57 157 |127 22 45 95 164 81 193 111 197 181 78 5 182 |80 15 153 16 92 188 128 187 91 |184 58 137 151 171 131 36 155 129 163 135 158 |31 144 60 61 66 141 123 9 65 86 17 200 6 104 74 |166 64 161 167 168 32 85 7 38 |59 176 177 173 93 118 97 23 190 |41 165 76 55 185 56 87 35 |192 2 4 83 180 108 79 48 69 24 ||147 162 |191 138 20 |126 186 115 |25 51 |13 150 178 |103 12 139 |96 160 |175 90 148 |88 1 |34 116 28 52 42 |75 107 |29 124 152 |11 26 |100 19 39 73 183 101 |169 120 125 174 130 70 |154 196 189 82 195 110 |62 |33 122 |149 |159 3 |89 105 121 |170 44 27 145 |67 133 |117 14 46 |106 112 113 143 99 142 |98 43 |199 156 18 109 30 |37 8 |84 77 |50 136 10 102 |172 72 40 94 |140 |54 49 
15825.4 205092
194 63 71 146 68 114 21 |47 134 179 119 132 198 53 57 157 |127 22 45 95 164 81 193 111 197 181 78 5 182 |80 15 153 16 92 188 128 187 91 |184 58 137 151 171 131 36 155 129 163 135 158 |31 144 60 61 66 141 123 9 65 86 17 200 6 104 74 |166 64 161 167 168 32 85 7 38 |59 176 177 173 93 118 97 23 190 |41 165 76 55 185 56 87 35 |192 2 4 83 180 108 79 48 69 24 ||147 162 |191 138 20 |126 186 115 |25 51 |13 150 178 |103 12 139 |96 160 |175 90 148 |88 1 |34 116 28 52 42 |75 107 |29 124 152 |19 39 73 183 |82 195 110 |169 120 |100 101 62 |125 174 130 70 |154 196 189 |11 50 |26 112 |159 3 |122 89 105 121 |170 44 27 145 |67 133 |117 14 46 |106 149 113 143 99 142 |98 43 |199 156 18 109 30 |37 8 |84 77 |33 136 10 102 |172 72 40 94 |140 |54 49 
17260.4 201812
180 134 185 198 108 79 157 35 |194 161 167 168 184 166 21 97 23 190 |127 58 137 151 171 131 36 155 129 135 74 |32 141 192 2 4 17 200 6 104 24 |83 86 65 9 123 66 61 80 193 111 197 81 182 |60 128 95 45 22 187 163 91 |92 114 7 85 64 93 146 68 118 38 158 |41 173 177 176 59 87 56 57 |165 76 55 179 119 132 48 69 |144 31 15 164 188 16 153 5 78 181 ||169 |67 |18 |39 |152 |51 11 37 |44 |34 |42 115 3 102 |62 195 30 |99 |98 84 |139 53 |106 25 90 |8 148 101 |46 113 154 |73 29 47 172 125 |149 54 72 71 1 |160 |143 175 126 |107 50 |120 |191 63 189 |94 33 |109 |13 52 162 140 77 75 100 |116 150 26 136 133 142 |117 14 82 |170 122 |174 186 |20 43 |199 156 12 159 |88 |10 103 124 89 |147 27 |138 145 |112 70 183 |49 28 178 40 196 |130 110 |121 |105 96 |19 |
19488.6 198927
58 127 22 45 187 91 74 |137 151 171 131 36 155 129 163 135 |144 66 61 31 15 153 5 128 182 |92 95 188 164 16 81 193 111 197 78 181 |65 4 108 132 119 185 198 56 87 57 79 48 69 |83 2 192 141 60 80 123 9 86 17 200 6 104 24 |180 134 179 55 76 165 41 59 176 35 157 |177 173 85 93 146 68 38 |194 161 167 64 7 118 97 23 190 |32 168 184 166 114 21 158 ||52 |195 183 |82 |90 54 |162 28 |139 25 49 |169 77 42 |33 147 150 34 |12 88 |96 110 |73 107 |178 63 94 |175 120 39 |160 124 |84 |116 |71 |102 |148 140 126 |40 75 |13 152 |136 |47 |100 101 62 |125 174 130 70 |154 196 189 |11 50 |26 112 |159 3 |122 89 105 121 |170 44 27 145 |67 133 |117 14 46 |106 149 113 143 99 142 |98 43 |199 156 18 109 30 |37 8 |103 115 186 51 10 138 |72 20 172 |53 19 |191 1 29 |
20729.2 191460
58 127 22 45 187 91 74 |137 151 171 131 36 155 129 163 135 |144 66 61 31 15 153 5 128 182 |92 95 188 164 16 81 193 111 197 78 181 |65 4 108 132 119 185 198 56 87 57 79 48 69 |83 2 192 141 60 80 123 9 86 17 200 6 104 24 |180 134 179 55 76 165 41 59 176 35 157 |177 173 85 93 146 68 38 |194 161 167 64 7 118 97 23 190 |32 168 184 166 114 21 158 ||34 |52 |33 |120 39 |156 |67 |142 46 84 149 |75 |62 42 47 |99 49 29 140 |51 191 50 195 1 |121 63 71 13 162 |113 139 25 18 |154 110 160 |3 |105 |115 |147 152 |12 |40 130 199 |77 |116 107 |143 73 |125 14 |109 |159 53 |150 |138 |126 |136 |44 189 |98 |122 20 |186 |82 |183 148 102 8 |88 26 |133 |96 117 |72 |28 94 |10 103 124 170 |54 |106 169 |89 101 |175 |90 |172 112 70 |43 |11 |196 |100 145 19 27 |174 30 |37 178 |
22384.7 190177
173 55 134 179 119 185 132 198 108 48 69 |83 4 192 141 193 86 200 17 79 157 |168 32 85 93 146 68 97 23 |144 60 31 15 81 128 182 91 135 |151 137 58 127 45 22 187 129 163 74 |76 165 41 177 176 59 87 56 57 35 |194 161 167 64 7 118 38 190 |180 2 66 80 61 123 9 65 111 197 6 104 24 |171 131 36 155 184 166 114 21 158 |92 95 164 188 16 153 5 78 181 ||178 |25 |12 |152 |125 19 |172 |191 |90 96 |102 |88 |149 |130 |44 71 11 51 |27 186 |63 |40 101 10 |124 195 29 |107 |62 |33 159 |67 148 28 54 |160 73 |53 47 |34 |138 84 |154 189 |120 3 |20 183 110 |1 121 49 122 |89 |145 13 52 162 140 77 75 100 |116 150 26 136 133 |117 14 82 50 |94 147 170 105 |103 39 |72 |196 174 115 169 46 |106 112 113 143 99 142 |98 43 |199 156 18 109 30 |37 8 |42 |175 |70 126 |139 |
22470.5 187938
58 127 22 45 187 91 74 |137 151 171 131 36 155 129 163 135 |144 66 61 31 15 153 5 128 182 |92 95 188 164 16 81 193 111 197 78 181 |65 4 108 132 119 185 198 56 87 57 79 48 69 |83 2 192 141 60 80 123 9 86 17 200 6 104 24 |180 134 179 55 76 165 41 59 176 35 157 |177 173 85 93 146 68 38 |194 161 167 64 7 118 97 23 190 |32 168 184 166 114 21 158 ||175 |105 39 |152 |125 43 |172 |191 |90 96 |102 |88 |149 |130 |44 71 11 51 |27 186 |63 30 40 101 10 |124 195 29 |107 99 62 156 |33 109 143 |67 148 28 54 |47 160 73 |53 |34 8 |138 84 |199 154 189 |120 3 |20 183 110 113 |1 121 49 122 |89 |145 13 52 162 140 77 75 100 |116 150 26 136 133 142 |117 |174 169 |159 |82 37 |94 |196 |14 |50 |46 |72 |98 |42 |147 139 |115 126 |18 103 |106 112 25 |170 |19 |12 |70 178 |
31985.9 185090

