Dataset,SolutionID,CompletionTime,TotalWaitingTime,ExecutionTime,ParetoSize,UniqueSolutions
100.10.1,0,5719.75,187734.0,-1,71,66
100.10.1,1,6034.07,186801.0,-1,71,66
100.10.1,2,6169.3,186543.0,-1,71,66
100.10.1,3,6282.53,177150.0,-1,71,66
100.10.1,4,7164.45,172788.0,-1,71,66
100.10.1,5,7438.15,168863.0,-1,71,66
100.10.1,6,7633.64,165731.0,-1,71,66
100.10.1,7,7915.56,164484.0,-1,71,66
100.10.1,8,11207.0,162213.0,-1,71,66
100.10.1,9,5223.74,203827.0,-1,71,66
100.10.1,10,5368.87,188543.0,-1,71,66
100.10.1,11,6541.27,172258.0,-1,71,66
100.10.1,12,6905.16,169057.0,-1,71,66
100.10.1,13,7031.5,166925.0,-1,71,66
100.10.1,14,7393.56,165187.0,-1,71,66
100.10.1,15,7685.41,158039.0,-1,71,66
100.10.1,16,9037.37,157840.0,-1,71,66
100.10.1,17,5786.44,182097.0,-1,71,66
100.10.1,18,7117.49,177091.0,-1,71,66
100.10.1,19,7213.79,170935.0,-1,71,66
100.10.1,20,7245.61,170480.0,-1,71,66
100.10.1,21,7476.11,162128.0,-1,71,66
100.10.1,22,5992.57,206193.0,-1,71,66
100.10.1,23,6222.07,174972.0,-1,71,66
100.10.1,24,7125.16,171079.0,-1,71,66
100.10.1,25,7807.03,169316.0,-1,71,66
100.10.1,26,8058.51,167678.0,-1,71,66
100.10.1,27,9275.35,165642.0,-1,71,66
100.10.1,28,10796.0,165510.0,-1,71,66
100.10.1,29,11120.3,163285.0,-1,71,66
100.10.1,30,12613.5,162508.0,-1,71,66
100.10.1,31,5580.48,192763.0,-1,71,66
100.10.1,32,5959.88,190276.0,-1,71,66
100.10.1,33,6553.87,180302.0,-1,71,66
100.10.1,34,6573.73,172558.0,-1,71,66
100.10.1,35,6830.88,164959.0,-1,71,66
100.10.1,36,7281.3,163775.0,-1,71,66
100.10.1,37,7763.77,163396.0,-1,71,66
100.10.1,38,8652.1,163302.0,-1,71,66
100.10.1,39,10085.5,161790.0,-1,71,66
100.10.1,40,5533.39,189749.0,-1,71,66
100.10.1,41,6063.36,180469.0,-1,71,66
100.10.1,42,6222.87,176374.0,-1,71,66
100.10.1,43,8139.64,170660.0,-1,71,66
100.10.1,44,11299.0,170440.0,-1,71,66
100.10.1,45,5975.22,212767.0,-1,71,66
100.10.1,46,6011.34,187566.0,-1,71,66
100.10.1,47,6424.87,186845.0,-1,71,66
100.10.1,48,6492.55,176676.0,-1,71,66
100.10.1,49,6582.11,168964.0,-1,71,66
100.10.1,50,7031.75,162370.0,-1,71,66
100.10.1,51,8821.31,161157.0,-1,71,66
100.10.1,52,5077.37,180565.0,-1,71,66
100.10.1,53,5905.99,179766.0,-1,71,66
100.10.1,54,5945.85,168636.0,-1,71,66
100.10.1,55,6334.13,167368.0,-1,71,66
100.10.1,56,6533.04,165057.0,-1,71,66
100.10.1,57,7120.74,164903.0,-1,71,66
100.10.1,58,7266.52,162666.0,-1,71,66
100.10.1,59,7929.53,162539.0,-1,71,66
100.10.1,60,8008.32,159206.0,-1,71,66
100.10.1,61,5827.76,201364.0,-1,71,66
100.10.1,62,5963.22,180840.0,-1,71,66
100.10.1,63,6589.84,171034.0,-1,71,66
100.10.1,64,6812.34,170375.0,-1,71,66
100.10.1,65,8421.89,161474.0,-1,71,66
100.10.2,0,5270.13,197049.0,-1,83,65
100.10.2,1,6051.55,188342.0,-1,83,65
100.10.2,2,6332.5,165346.0,-1,83,65
100.10.2,3,7289.5,164616.0,-1,83,65
100.10.2,4,7350.15,162798.0,-1,83,65
100.10.2,5,7681.64,152335.0,-1,83,65
100.10.2,6,9498.11,151603.0,-1,83,65
100.10.2,7,10056.0,148374.0,-1,83,65
100.10.2,8,5543.36,220297.0,-1,83,65
100.10.2,9,6030.68,205226.0,-1,83,65
100.10.2,10,6379.63,187008.0,-1,83,65
100.10.2,11,6486.75,184398.0,-1,83,65
100.10.2,12,6487.3,169776.0,-1,83,65
100.10.2,13,7184.9,163913.0,-1,83,65
100.10.2,14,7570.91,160751.0,-1,83,65
100.10.2,15,7868.97,153198.0,-1,83,65
100.10.2,16,9301.31,152336.0,-1,83,65
100.10.2,17,9695.15,151640.0,-1,83,65
100.10.2,18,10516.5,151512.0,-1,83,65
100.10.2,19,11310.0,149951.0,-1,83,65
100.10.2,20,11582.5,149849.0,-1,83,65
100.10.2,21,11929.6,147686.0,-1,83,65
100.10.2,22,5519.75,184154.0,-1,83,65
100.10.2,23,6466.33,178674.0,-1,83,65
100.10.2,24,6909.41,165529.0,-1,83,65
100.10.2,25,7078.87,163322.0,-1,83,65
100.10.2,26,8293.04,162055.0,-1,83,65
100.10.2,27,8388.53,160942.0,-1,83,65
100.10.2,28,9251.57,158986.0,-1,83,65
100.10.2,29,9887.34,158708.0,-1,83,65
100.10.2,30,9983.46,150559.0,-1,83,65
100.10.2,31,6350.08,217835.0,-1,83,65
100.10.2,32,6442.26,189023.0,-1,83,65
100.10.2,33,6996.14,171030.0,-1,83,65
100.10.2,34,7413.15,150637.0,-1,83,65
100.10.2,35,7745.49,147385.0,-1,83,65
100.10.2,36,7814.04,147363.0,-1,83,65
100.10.2,37,8791.48,144719.0,-1,83,65
100.10.2,38,9729.25,143741.0,-1,83,65
100.10.2,39,5948.44,201346.0,-1,83,65
100.10.2,40,6102.09,185463.0,-1,83,65
100.10.2,41,6255.35,182689.0,-1,83,65
100.10.2,42,6317.53,166076.0,-1,83,65
100.10.2,43,7127.44,158812.0,-1,83,65
100.10.2,44,7782.08,157422.0,-1,83,65
100.10.2,45,7872.67,151850.0,-1,83,65
100.10.2,46,7950.81,149679.0,-1,83,65
100.10.2,47,8357.85,149656.0,-1,83,65
100.10.2,48,8622.35,146813.0,-1,83,65
100.10.2,49,5828.62,173245.0,-1,83,65
100.10.2,50,6194.06,158652.0,-1,83,65
100.10.2,51,9808.03,156397.0,-1,83,65
100.10.2,52,11576.7,156070.0,-1,83,65
100.10.2,53,5625.22,191942.0,-1,83,65
100.10.2,54,6092.64,184704.0,-1,83,65
100.10.2,55,6156.25,165439.0,-1,83,65
100.10.2,56,6369.46,152108.0,-1,83,65
100.10.2,57,7836.43,148842.0,-1,83,65
100.10.2,58,8665.26,148163.0,-1,83,65
100.10.2,59,6004.77,208644.0,-1,83,65
100.10.2,60,6045.01,184905.0,-1,83,65
100.10.2,61,6610.69,178579.0,-1,83,65
100.10.2,62,6696.52,158507.0,-1,83,65
100.10.2,63,7078.59,152652.0,-1,83,65
100.10.2,64,8646.51,147976.0,-1,83,65
100.10.3,0,4727.76,184063.0,-1,75,75
100.10.3,1,5907.76,170955.0,-1,75,75
100.10.3,2,5996.71,166626.0,-1,75,75
100.10.3,3,6240.57,165434.0,-1,75,75
100.10.3,4,7128.93,164302.0,-1,75,75
100.10.3,5,7282.86,159527.0,-1,75,75
100.10.3,6,5410.55,209506.0,-1,75,75
100.10.3,7,5707.69,178702.0,-1,75,75
100.10.3,8,5736.52,178091.0,-1,75,75
100.10.3,9,6298.34,175602.0,-1,75,75
100.10.3,10,6866.17,164374.0,-1,75,75
100.10.3,11,7092.43,154597.0,-1,75,75
100.10.3,12,7430.07,154036.0,-1,75,75
100.10.3,13,8071.52,153972.0,-1,75,75
100.10.3,14,9035.21,153542.0,-1,75,75
100.10.3,15,10097.3,153019.0,-1,75,75
100.10.3,16,5643.0,193825.0,-1,75,75
100.10.3,17,5810.79,188777.0,-1,75,75
100.10.3,18,5920.88,175280.0,-1,75,75
100.10.3,19,6181.77,173504.0,-1,75,75
100.10.3,20,6752.15,171823.0,-1,75,75
100.10.3,21,6801.08,166835.0,-1,75,75
100.10.3,22,7039.58,162494.0,-1,75,75
100.10.3,23,7185.89,160680.0,-1,75,75
100.10.3,24,7591.18,155366.0,-1,75,75
100.10.3,25,7785.29,151020.0,-1,75,75
100.10.3,26,5578.75,193485.0,-1,75,75
100.10.3,27,5677.48,173911.0,-1,75,75
100.10.3,28,6037.03,167709.0,-1,75,75
100.10.3,29,6497.8,164903.0,-1,75,75
100.10.3,30,8049.72,157895.0,-1,75,75
100.10.3,31,4930.25,173421.0,-1,75,75
100.10.3,32,5530.29,171176.0,-1,75,75
100.10.3,33,5762.48,169969.0,-1,75,75
100.10.3,34,6007.33,169016.0,-1,75,75
100.10.3,35,6103.76,168522.0,-1,75,75
100.10.3,36,6182.66,164923.0,-1,75,75
100.10.3,37,6689.38,163938.0,-1,75,75
100.10.3,38,6820.36,163421.0,-1,75,75
100.10.3,39,7919.14,163096.0,-1,75,75
100.10.3,40,8848.46,162715.0,-1,75,75
100.10.3,41,5547.95,186166.0,-1,75,75
100.10.3,42,5816.1,168240.0,-1,75,75
100.10.3,43,6177.42,168221.0,-1,75,75
100.10.3,44,6319.94,163721.0,-1,75,75
100.10.3,45,6453.55,161160.0,-1,75,75
100.10.3,46,6548.5,161042.0,-1,75,75
100.10.3,47,6689.12,158846.0,-1,75,75
100.10.3,48,6875.16,158311.0,-1,75,75
100.10.3,49,7249.39,158105.0,-1,75,75
100.10.3,50,7475.9,157227.0,-1,75,75
100.10.3,51,7782.09,154230.0,-1,75,75
100.10.3,52,5492.97,192510.0,-1,75,75
100.10.3,53,6205.44,174289.0,-1,75,75
100.10.3,54,6744.94,170178.0,-1,75,75
100.10.3,55,6939.34,163420.0,-1,75,75
100.10.3,56,8808.02,163197.0,-1,75,75
100.10.3,57,9016.68,162270.0,-1,75,75
100.10.3,58,5723.95,179151.0,-1,75,75
100.10.3,59,6309.31,178654.0,-1,75,75
100.10.3,60,6498.66,163619.0,-1,75,75
100.10.3,61,6686.81,161886.0,-1,75,75
100.10.3,62,7203.26,158994.0,-1,75,75
100.10.3,63,7519.07,157674.0,-1,75,75
100.10.3,64,7726.02,153220.0,-1,75,75
100.10.3,65,8538.67,151461.0,-1,75,75
100.10.3,66,5299.03,196255.0,-1,75,75
100.10.3,67,5941.17,189599.0,-1,75,75
100.10.3,68,6020.5,180772.0,-1,75,75
100.10.3,69,6101.61,168965.0,-1,75,75
100.10.3,70,7961.48,165680.0,-1,75,75
100.10.3,71,5534.08,203811.0,-1,75,75
100.10.3,72,5771.4,170548.0,-1,75,75
100.10.3,73,8184.94,166827.0,-1,75,75
100.10.3,74,8259.55,165384.0,-1,75,75
100.10.4,0,5988.84,212908.0,-1,85,69
100.10.4,1,5998.12,189737.0,-1,85,69
100.10.4,2,6562.36,185995.0,-1,85,69
100.10.4,3,6709.06,183971.0,-1,85,69
100.10.4,4,6858.79,182377.0,-1,85,69
100.10.4,5,7082.1,180803.0,-1,85,69
100.10.4,6,7099.25,179194.0,-1,85,69
100.10.4,7,7156.68,175184.0,-1,85,69
100.10.4,8,7637.17,172625.0,-1,85,69
100.10.4,9,8157.02,168924.0,-1,85,69
100.10.4,10,8462.87,164186.0,-1,85,69
100.10.4,11,8945.98,159959.0,-1,85,69
100.10.4,12,5599.72,195240.0,-1,85,69
100.10.4,13,6365.94,192520.0,-1,85,69
100.10.4,14,7107.85,191133.0,-1,85,69
100.10.4,15,7182.63,190739.0,-1,85,69
100.10.4,16,7889.03,188650.0,-1,85,69
100.10.4,17,8160.39,177132.0,-1,85,69
100.10.4,18,8178.85,172815.0,-1,85,69
100.10.4,19,8861.36,172776.0,-1,85,69
100.10.4,20,10097.2,171988.0,-1,85,69
100.10.4,21,5854.22,202833.0,-1,85,69
100.10.4,22,6331.59,194505.0,-1,85,69
100.10.4,23,6563.24,192349.0,-1,85,69
100.10.4,24,6764.55,173888.0,-1,85,69
100.10.4,25,8749.86,170426.0,-1,85,69
100.10.4,26,8797.05,170251.0,-1,85,69
100.10.4,27,9133.61,169352.0,-1,85,69
100.10.4,28,9374.17,167189.0,-1,85,69
100.10.4,29,5343.22,189000.0,-1,85,69
100.10.4,30,6431.97,187176.0,-1,85,69
100.10.4,31,6492.98,181493.0,-1,85,69
100.10.4,32,6968.41,173390.0,-1,85,69
100.10.4,33,10108.1,168735.0,-1,85,69
100.10.4,34,6157.47,192787.0,-1,85,69
100.10.4,35,6278.86,178648.0,-1,85,69
100.10.4,36,6354.23,166697.0,-1,85,69
100.10.4,37,7154.74,163071.0,-1,85,69
100.10.4,38,7762.97,162242.0,-1,85,69
100.10.4,39,10781.6,162219.0,-1,85,69
100.10.4,40,11366.4,160794.0,-1,85,69
100.10.4,41,5989.74,228198.0,-1,85,69
100.10.4,42,6010.05,227070.0,-1,85,69
100.10.4,43,6133.95,222508.0,-1,85,69
100.10.4,44,6138.43,172913.0,-1,85,69
100.10.4,45,7018.54,164574.0,-1,85,69
100.10.4,46,7373.98,163387.0,-1,85,69
100.10.4,47,8957.81,160613.0,-1,85,69
100.10.4,48,9325.85,159331.0,-1,85,69
100.10.4,49,10847.2,158364.0,-1,85,69
100.10.4,50,5929.52,216498.0,-1,85,69
100.10.4,51,6240.12,194182.0,-1,85,69
100.10.4,52,7083.79,191187.0,-1,85,69
100.10.4,53,7157.89,185455.0,-1,85,69
100.10.4,54,7163.8,169995.0,-1,85,69
100.10.4,55,7321.2,167138.0,-1,85,69
100.10.4,56,7491.0,166078.0,-1,85,69
100.10.4,57,8131.97,165379.0,-1,85,69
100.10.4,58,8313.97,163368.0,-1,85,69
100.10.4,59,8578.18,162843.0,-1,85,69
100.10.4,60,8846.06,161568.0,-1,85,69
100.10.4,61,5833.8,187142.0,-1,85,69
100.10.4,62,6268.26,184820.0,-1,85,69
100.10.4,63,6274.74,183907.0,-1,85,69
100.10.4,64,6667.73,172483.0,-1,85,69
100.10.4,65,7400.57,169598.0,-1,85,69
100.10.4,66,7469.0,169429.0,-1,85,69
100.10.4,67,8251.46,166123.0,-1,85,69
100.10.4,68,10785.6,165943.0,-1,85,69
100.20.1,0,14750.5,548622.0,-1,87,72
100.20.1,1,14891.3,352225.0,-1,87,72
100.20.1,2,15454.6,314911.0,-1,87,72
100.20.1,3,16466.0,302145.0,-1,87,72
100.20.1,4,16890.0,286627.0,-1,87,72
100.20.1,5,18371.7,281401.0,-1,87,72
100.20.1,6,18955.4,275715.0,-1,87,72
100.20.1,7,20090.0,272688.0,-1,87,72
100.20.1,8,30782.5,272611.0,-1,87,72
100.20.1,9,12817.7,314825.0,-1,87,72
100.20.1,10,13400.6,309445.0,-1,87,72
100.20.1,11,15681.4,307116.0,-1,87,72
100.20.1,12,16981.8,280860.0,-1,87,72
100.20.1,13,19203.1,279871.0,-1,87,72
100.20.1,14,20083.7,277863.0,-1,87,72
100.20.1,15,21065.2,276338.0,-1,87,72
100.20.1,16,35988.7,274255.0,-1,87,72
100.20.1,17,13481.5,304220.0,-1,87,72
100.20.1,18,15916.3,299080.0,-1,87,72
100.20.1,19,16048.9,295753.0,-1,87,72
100.20.1,20,16240.1,269789.0,-1,87,72
100.20.1,21,23217.2,268203.0,-1,87,72
100.20.1,22,14331.0,364774.0,-1,87,72
100.20.1,23,15745.3,316146.0,-1,87,72
100.20.1,24,16079.2,293465.0,-1,87,72
100.20.1,25,17415.3,284193.0,-1,87,72
100.20.1,26,18668.5,281556.0,-1,87,72
100.20.1,27,19469.2,274135.0,-1,87,72
100.20.1,28,20011.6,272480.0,-1,87,72
100.20.1,29,22127.7,267832.0,-1,87,72
100.20.1,30,22138.8,265473.0,-1,87,72
100.20.1,31,22281.8,265119.0,-1,87,72
100.20.1,32,24729.1,264659.0,-1,87,72
100.20.1,33,26042.3,261501.0,-1,87,72
100.20.1,34,26841.1,261457.0,-1,87,72
100.20.1,35,27103.5,258307.0,-1,87,72
100.20.1,36,14334.8,551650.0,-1,87,72
100.20.1,37,14880.2,547325.0,-1,87,72
100.20.1,38,14932.1,340274.0,-1,87,72
100.20.1,39,15396.4,296443.0,-1,87,72
100.20.1,40,16184.7,288183.0,-1,87,72
100.20.1,41,16943.0,284659.0,-1,87,72
100.20.1,42,17493.4,279454.0,-1,87,72
100.20.1,43,17934.2,268595.0,-1,87,72
100.20.1,44,18770.1,265353.0,-1,87,72
100.20.1,45,19694.6,260867.0,-1,87,72
100.20.1,46,14556.3,553951.0,-1,87,72
100.20.1,47,14576.5,550160.0,-1,87,72
100.20.1,48,14950.4,297257.0,-1,87,72
100.20.1,49,15602.3,296486.0,-1,87,72
100.20.1,50,16461.4,291480.0,-1,87,72
100.20.1,51,16861.1,283423.0,-1,87,72
100.20.1,52,16927.6,281544.0,-1,87,72
100.20.1,53,16990.0,270611.0,-1,87,72
100.20.1,54,19035.6,268949.0,-1,87,72
100.20.1,55,14262.4,319380.0,-1,87,72
100.20.1,56,14894.3,294739.0,-1,87,72
100.20.1,57,15666.2,287373.0,-1,87,72
100.20.1,58,16458.0,281348.0,-1,87,72
100.20.1,59,16809.8,280909.0,-1,87,72
100.20.1,60,17576.1,277503.0,-1,87,72
100.20.1,61,17697.5,276345.0,-1,87,72
100.20.1,62,17963.3,266465.0,-1,87,72
100.20.1,63,19400.5,261613.0,-1,87,72
100.20.1,64,20760.8,260834.0,-1,87,72
100.20.1,65,13891.8,323167.0,-1,87,72
100.20.1,66,15131.9,302185.0,-1,87,72
100.20.1,67,15281.9,271801.0,-1,87,72
100.20.1,68,18118.3,268573.0,-1,87,72
100.20.1,69,18917.0,266309.0,-1,87,72
100.20.1,70,22056.5,263045.0,-1,87,72
100.20.1,71,28221.6,261991.0,-1,87,72
100.20.2,0,12620.2,310614.0,-1,94,65
100.20.2,1,14573.1,296915.0,-1,94,65
100.20.2,2,14909.9,290490.0,-1,94,65
100.20.2,3,16697.2,278128.0,-1,94,65
100.20.2,4,17742.5,274483.0,-1,94,65
100.20.2,5,17825.9,269725.0,-1,94,65
100.20.2,6,17905.2,267533.0,-1,94,65
100.20.2,7,18005.9,266004.0,-1,94,65
100.20.2,8,18495.4,263898.0,-1,94,65
100.20.2,9,19423.5,263124.0,-1,94,65
100.20.2,10,20728.5,257807.0,-1,94,65
100.20.2,11,13376.8,326233.0,-1,94,65
100.20.2,12,15171.3,316783.0,-1,94,65
100.20.2,13,15242.1,309517.0,-1,94,65
100.20.2,14,16101.0,287555.0,-1,94,65
100.20.2,15,16185.8,280806.0,-1,94,65
100.20.2,16,16675.9,278661.0,-1,94,65
100.20.2,17,16989.7,270213.0,-1,94,65
100.20.2,18,17326.7,264288.0,-1,94,65
100.20.2,19,17532.8,264068.0,-1,94,65
100.20.2,20,17893.6,261187.0,-1,94,65
100.20.2,21,18260.9,260461.0,-1,94,65
100.20.2,22,18574.9,259834.0,-1,94,65
100.20.2,23,18873.5,256776.0,-1,94,65
100.20.2,24,19608.2,256576.0,-1,94,65
100.20.2,25,22388.6,256452.0,-1,94,65
100.20.2,26,13438.2,317213.0,-1,94,65
100.20.2,27,14300.7,312403.0,-1,94,65
100.20.2,28,15051.4,297545.0,-1,94,65
100.20.2,29,15146.8,280545.0,-1,94,65
100.20.2,30,15488.5,258249.0,-1,94,65
100.20.2,31,16099.2,257101.0,-1,94,65
100.20.2,32,18055.5,254032.0,-1,94,65
100.20.2,33,13124.4,289606.0,-1,94,65
100.20.2,34,13697.6,287509.0,-1,94,65
100.20.2,35,15104.9,280127.0,-1,94,65
100.20.2,36,18185.4,268049.0,-1,94,65
100.20.2,37,18497.7,256238.0,-1,94,65
100.20.2,38,20356.8,253308.0,-1,94,65
100.20.2,39,24211.4,253005.0,-1,94,65
100.20.2,40,14130.8,393395.0,-1,94,65
100.20.2,41,14150.1,322022.0,-1,94,65
100.20.2,42,14251.5,291370.0,-1,94,65
100.20.2,43,14803.8,276052.0,-1,94,65
100.20.2,44,16771.2,267007.0,-1,94,65
100.20.2,45,17847.7,259762.0,-1,94,65
100.20.2,46,18203.4,258765.0,-1,94,65
100.20.2,47,18495.0,257936.0,-1,94,65
100.20.2,48,20039.6,250179.0,-1,94,65
100.20.2,49,14379.3,326028.0,-1,94,65
100.20.2,50,14751.5,296212.0,-1,94,65
100.20.2,51,15728.2,272411.0,-1,94,65
100.20.2,52,17221.6,257376.0,-1,94,65
100.20.2,53,17352.0,256204.0,-1,94,65
100.20.2,54,17787.4,253264.0,-1,94,65
100.20.2,55,17847.9,251587.0,-1,94,65
100.20.2,56,18723.0,250067.0,-1,94,65
100.20.2,57,18855.2,249284.0,-1,94,65
100.20.2,58,13585.7,285703.0,-1,94,65
100.20.2,59,15182.2,270088.0,-1,94,65
100.20.2,60,16580.4,268662.0,-1,94,65
100.20.2,61,17026.7,261790.0,-1,94,65
100.20.2,62,17853.3,258077.0,-1,94,65
100.20.2,63,19663.8,255963.0,-1,94,65
100.20.2,64,20532.2,255811.0,-1,94,65
100.20.3,0,13329.4,310861.0,-1,56,56
100.20.3,1,13459.9,309903.0,-1,56,56
100.20.3,2,13771.8,300000.0,-1,56,56
100.20.3,3,14637.9,299077.0,-1,56,56
100.20.3,4,18062.6,298510.0,-1,56,56
100.20.3,5,18362.5,296844.0,-1,56,56
100.20.3,6,13135.1,319296.0,-1,56,56
100.20.3,7,13426.1,312799.0,-1,56,56
100.20.3,8,13432.2,311648.0,-1,56,56
100.20.3,9,14081.4,310061.0,-1,56,56
100.20.3,10,16025.3,309722.0,-1,56,56
100.20.3,11,19758.9,306354.0,-1,56,56
100.20.3,12,24904.4,305405.0,-1,56,56
100.20.3,13,26740.6,294060.0,-1,56,56
100.20.3,14,13269.1,350928.0,-1,56,56
100.20.3,15,13557.3,301057.0,-1,56,56
100.20.3,16,12326.3,339370.0,-1,56,56
100.20.3,17,13422.0,328353.0,-1,56,56
100.20.3,18,13493.3,302079.0,-1,56,56
100.20.3,19,14889.2,301222.0,-1,56,56
100.20.3,20,12242.8,304434.0,-1,56,56
100.20.3,21,14317.0,302773.0,-1,56,56
100.20.3,22,15115.8,301336.0,-1,56,56
100.20.3,23,12864.2,331559.0,-1,56,56
100.20.3,24,12962.9,316457.0,-1,56,56
100.20.3,25,13396.5,314375.0,-1,56,56
100.20.3,26,13676.3,306674.0,-1,56,56
100.20.3,27,13926.5,305088.0,-1,56,56
100.20.3,28,14658.4,304262.0,-1,56,56
100.20.3,29,14866.2,303568.0,-1,56,56
100.20.3,30,15587.0,301694.0,-1,56,56
100.20.3,31,16070.2,299432.0,-1,56,56
100.20.3,32,18993.4,298685.0,-1,56,56
100.20.3,33,19971.3,298509.0,-1,56,56
100.20.3,34,22677.1,298434.0,-1,56,56
100.20.3,35,24224.0,298303.0,-1,56,56
100.20.3,36,13011.0,312470.0,-1,56,56
100.20.3,37,14513.8,310105.0,-1,56,56
100.20.3,38,15900.6,305778.0,-1,56,56
100.20.3,39,16570.7,304758.0,-1,56,56
100.20.3,40,16904.2,302857.0,-1,56,56
100.20.3,41,12861.5,330580.0,-1,56,56
100.20.3,42,13043.6,316811.0,-1,56,56
100.20.3,43,13260.7,315647.0,-1,56,56
100.20.3,44,14146.2,307121.0,-1,56,56
100.20.3,45,18545.9,302633.0,-1,56,56
100.20.3,46,12711.8,316377.0,-1,56,56
100.20.3,47,13365.2,308583.0,-1,56,56
100.20.3,48,13716.6,297531.0,-1,56,56
100.20.3,49,14863.0,296049.0,-1,56,56
100.20.3,50,12478.1,336255.0,-1,56,56
100.20.3,51,12884.9,318942.0,-1,56,56
100.20.3,52,13137.6,314408.0,-1,56,56
100.20.3,53,13234.4,305340.0,-1,56,56
100.20.3,54,13903.8,296542.0,-1,56,56
100.20.3,55,16987.2,296494.0,-1,56,56
100.20.4,0,13148.0,321183.0,-1,66,60
100.20.4,1,13249.0,310575.0,-1,66,60
100.20.4,2,13344.0,284006.0,-1,66,60
100.20.4,3,13894.7,271492.0,-1,66,60
100.20.4,4,14275.6,270855.0,-1,66,60
100.20.4,5,14464.3,269173.0,-1,66,60
100.20.4,6,12780.2,298111.0,-1,66,60
100.20.4,7,13554.3,281260.0,-1,66,60
100.20.4,8,15111.7,280579.0,-1,66,60
100.20.4,9,15918.3,280230.0,-1,66,60
100.20.4,10,11719.9,288904.0,-1,66,60
100.20.4,11,12147.0,281104.0,-1,66,60
100.20.4,12,12150.5,279109.0,-1,66,60
100.20.4,13,12361.5,278786.0,-1,66,60
100.20.4,14,13565.6,276349.0,-1,66,60
100.20.4,15,14601.7,272760.0,-1,66,60
100.20.4,16,12095.4,293344.0,-1,66,60
100.20.4,17,12935.5,285506.0,-1,66,60
100.20.4,18,14046.4,279134.0,-1,66,60
100.20.4,19,14452.3,277855.0,-1,66,60
100.20.4,20,15048.3,275472.0,-1,66,60
100.20.4,21,17044.6,274285.0,-1,66,60
100.20.4,22,19189.4,273836.0,-1,66,60
100.20.4,23,11800.0,294824.0,-1,66,60
100.20.4,24,12586.5,289858.0,-1,66,60
100.20.4,25,12982.0,286240.0,-1,66,60
100.20.4,26,13087.1,283990.0,-1,66,60
100.20.4,27,13357.2,282734.0,-1,66,60
100.20.4,28,13360.7,281265.0,-1,66,60
100.20.4,29,13453.3,274589.0,-1,66,60
100.20.4,30,15175.8,274066.0,-1,66,60
100.20.4,31,15362.4,272480.0,-1,66,60
100.20.4,32,16040.7,266155.0,-1,66,60
100.20.4,33,16296.1,263662.0,-1,66,60
100.20.4,34,12264.1,291784.0,-1,66,60
100.20.4,35,12484.7,291301.0,-1,66,60
100.20.4,36,12853.2,280338.0,-1,66,60
100.20.4,37,17690.4,279990.0,-1,66,60
100.20.4,38,17708.4,279683.0,-1,66,60
100.20.4,39,19451.4,279399.0,-1,66,60
100.20.4,40,12406.3,285961.0,-1,66,60
100.20.4,41,13945.6,280867.0,-1,66,60
100.20.4,42,15125.4,279583.0,-1,66,60
100.20.4,43,16149.3,278074.0,-1,66,60
100.20.4,44,16827.6,277419.0,-1,66,60
100.20.4,45,19412.3,277284.0,-1,66,60
100.20.4,46,12431.8,300160.0,-1,66,60
100.20.4,47,12528.2,296906.0,-1,66,60
100.20.4,48,12606.6,295612.0,-1,66,60
100.20.4,49,12973.1,294547.0,-1,66,60
100.20.4,50,13494.1,290422.0,-1,66,60
100.20.4,51,13861.3,275340.0,-1,66,60
100.20.4,52,14281.5,270721.0,-1,66,60
100.20.4,53,15792.1,268183.0,-1,66,60
100.20.4,54,12806.0,294289.0,-1,66,60
100.20.4,55,13099.0,292799.0,-1,66,60
100.20.4,56,13121.4,281630.0,-1,66,60
100.20.4,57,13849.1,281194.0,-1,66,60
100.20.4,58,15991.7,279654.0,-1,66,60
100.20.4,59,17181.9,279074.0,-1,66,60
100.30.1,0,18118.4,432619.0,-1,51,51
100.30.1,1,18451.9,431646.0,-1,51,51
100.30.1,2,18485.3,411213.0,-1,51,51
100.30.1,3,18816.4,411088.0,-1,51,51
100.30.1,4,18887.8,410997.0,-1,51,51
100.30.1,5,18904.7,409984.0,-1,51,51
100.30.1,6,20821.5,409610.0,-1,51,51
100.30.1,7,21069.4,407627.0,-1,51,51
100.30.1,8,17451.1,461205.0,-1,51,51
100.30.1,9,18017.7,414070.0,-1,51,51
100.30.1,10,18621.7,411084.0,-1,51,51
100.30.1,11,18944.0,410849.0,-1,51,51
100.30.1,12,19353.5,403341.0,-1,51,51
100.30.1,13,25792.3,401475.0,-1,51,51
100.30.1,14,17687.6,422221.0,-1,51,51
100.30.1,15,18071.5,420304.0,-1,51,51
100.30.1,16,19323.9,418155.0,-1,51,51
100.30.1,17,19430.9,417052.0,-1,51,51
100.30.1,18,19500.8,406013.0,-1,51,51
100.30.1,19,21589.3,403939.0,-1,51,51
100.30.1,20,18142.3,438941.0,-1,51,51
100.30.1,21,18294.5,425725.0,-1,51,51
100.30.1,22,18306.5,424790.0,-1,51,51
100.30.1,23,18678.7,415687.0,-1,51,51
100.30.1,24,19904.4,406507.0,-1,51,51
100.30.1,25,21128.6,401539.0,-1,51,51
100.30.1,26,17708.1,410180.0,-1,51,51
100.30.1,27,20444.0,401943.0,-1,51,51
100.30.1,28,22654.7,401784.0,-1,51,51
100.30.1,29,18371.1,438706.0,-1,51,51
100.30.1,30,18413.9,414992.0,-1,51,51
100.30.1,31,18861.3,411850.0,-1,51,51
100.30.1,32,19229.5,411716.0,-1,51,51
100.30.1,33,19746.8,409385.0,-1,51,51
100.30.1,34,21636.1,405000.0,-1,51,51
100.30.1,35,17452.1,417272.0,-1,51,51
100.30.1,36,17819.4,405210.0,-1,51,51
100.30.1,37,19183.5,398403.0,-1,51,51
100.30.1,38,17054.2,417980.0,-1,51,51
100.30.1,39,17279.0,416604.0,-1,51,51
100.30.1,40,18478.7,412967.0,-1,51,51
100.30.1,41,18989.8,398371.0,-1,51,51
100.30.1,42,23242.2,397910.0,-1,51,51
100.30.1,43,27222.7,397902.0,-1,51,51
100.30.1,44,17084.5,420945.0,-1,51,51
100.30.1,45,17562.3,418615.0,-1,51,51
100.30.1,46,18239.8,402515.0,-1,51,51
100.30.1,47,17528.3,415508.0,-1,51,51
100.30.1,48,18029.4,411781.0,-1,51,51
100.30.1,49,20292.2,411574.0,-1,51,51
100.30.1,50,22958.8,410716.0,-1,51,51
100.30.2,0,18989.2,442151.0,-1,88,88
100.30.2,1,20083.3,438414.0,-1,88,88
100.30.2,2,21197.3,422711.0,-1,88,88
100.30.2,3,21625.9,400873.0,-1,88,88
100.30.2,4,22787.3,383151.0,-1,88,88
100.30.2,5,23724.9,374203.0,-1,88,88
100.30.2,6,24583.9,371269.0,-1,88,88
100.30.2,7,24728.1,370231.0,-1,88,88
100.30.2,8,24742.6,367838.0,-1,88,88
100.30.2,9,25650.2,364910.0,-1,88,88
100.30.2,10,28110.4,363676.0,-1,88,88
100.30.2,11,20601.1,424382.0,-1,88,88
100.30.2,12,21816.4,385707.0,-1,88,88
100.30.2,13,21837.7,383405.0,-1,88,88
100.30.2,14,22235.8,376595.0,-1,88,88
100.30.2,15,23593.5,373996.0,-1,88,88
100.30.2,16,25612.7,373013.0,-1,88,88
100.30.2,17,27386.7,372934.0,-1,88,88
100.30.2,18,27576.0,370698.0,-1,88,88
100.30.2,19,30758.7,368489.0,-1,88,88
100.30.2,20,19154.6,424720.0,-1,88,88
100.30.2,21,19716.4,415661.0,-1,88,88
100.30.2,22,19945.8,411123.0,-1,88,88
100.30.2,23,21099.3,410823.0,-1,88,88
100.30.2,24,21261.8,408452.0,-1,88,88
100.30.2,25,22234.1,400860.0,-1,88,88
100.30.2,26,22657.7,392685.0,-1,88,88
100.30.2,27,22933.3,379005.0,-1,88,88
100.30.2,28,25479.6,377230.0,-1,88,88
100.30.2,29,26935.0,373752.0,-1,88,88
100.30.2,30,31213.7,370953.0,-1,88,88
100.30.2,31,18484.1,404055.0,-1,88,88
100.30.2,32,18690.9,393576.0,-1,88,88
100.30.2,33,21123.6,387708.0,-1,88,88
100.30.2,34,21138.7,379650.0,-1,88,88
100.30.2,35,24289.6,378921.0,-1,88,88
100.30.2,36,25381.6,376487.0,-1,88,88
100.30.2,37,26606.1,373428.0,-1,88,88
100.30.2,38,27108.1,370066.0,-1,88,88
100.30.2,39,19840.5,409662.0,-1,88,88
100.30.2,40,20568.6,401465.0,-1,88,88
100.30.2,41,21413.6,399027.0,-1,88,88
100.30.2,42,21478.9,393330.0,-1,88,88
100.30.2,43,22204.2,379032.0,-1,88,88
100.30.2,44,26072.2,377248.0,-1,88,88
100.30.2,45,27314.3,376782.0,-1,88,88
100.30.2,46,29185.7,370586.0,-1,88,88
100.30.2,47,35662.2,367567.0,-1,88,88
100.30.2,48,18969.0,430076.0,-1,88,88
100.30.2,49,20071.9,379664.0,-1,88,88
100.30.2,50,22475.5,379299.0,-1,88,88
100.30.2,51,22662.0,377615.0,-1,88,88
100.30.2,52,23849.4,376462.0,-1,88,88
100.30.2,53,24780.5,371044.0,-1,88,88
100.30.2,54,19459.8,433486.0,-1,88,88
100.30.2,55,19560.9,424583.0,-1,88,88
100.30.2,56,20390.2,404101.0,-1,88,88
100.30.2,57,20837.6,399563.0,-1,88,88
100.30.2,58,22262.5,390570.0,-1,88,88
100.30.2,59,22413.4,389879.0,-1,88,88
100.30.2,60,22646.7,382838.0,-1,88,88
100.30.2,61,22816.6,374284.0,-1,88,88
100.30.2,62,34188.9,373714.0,-1,88,88
100.30.2,63,19392.2,415071.0,-1,88,88
100.30.2,64,21203.3,393222.0,-1,88,88
100.30.2,65,24437.6,381410.0,-1,88,88
100.30.2,66,26215.6,379841.0,-1,88,88
100.30.2,67,26509.8,377883.0,-1,88,88
100.30.2,68,27164.5,377733.0,-1,88,88
100.30.2,69,27513.1,375471.0,-1,88,88
100.30.2,70,28537.6,375050.0,-1,88,88
100.30.2,71,28825.0,374647.0,-1,88,88
100.30.2,72,29601.3,373018.0,-1,88,88
100.30.2,73,30272.2,371631.0,-1,88,88
100.30.2,74,31099.6,370652.0,-1,88,88
100.30.2,75,18069.0,402221.0,-1,88,88
100.30.2,76,21513.9,400399.0,-1,88,88
100.30.2,77,21594.5,392860.0,-1,88,88
100.30.2,78,23231.1,379274.0,-1,88,88
100.30.2,79,27394.7,375723.0,-1,88,88
100.30.2,80,30663.9,368980.0,-1,88,88
100.30.2,81,19152.0,441425.0,-1,88,88
100.30.2,82,20539.1,436144.0,-1,88,88
100.30.2,83,20620.4,379524.0,-1,88,88
100.30.2,84,21090.3,376044.0,-1,88,88
100.30.2,85,22113.3,373144.0,-1,88,88
100.30.2,86,26551.1,371284.0,-1,88,88
100.30.2,87,28034.6,362134.0,-1,88,88
100.30.3,0,18923.6,483903.0,-1,36,36
100.30.3,1,19508.7,473724.0,-1,36,36
100.30.3,2,20406.8,472396.0,-1,36,36
100.30.3,3,20759.4,464621.0,-1,36,36
100.30.3,4,20779.9,464366.0,-1,36,36
100.30.3,5,20830.8,462528.0,-1,36,36
100.30.3,6,22044.0,455537.0,-1,36,36
100.30.3,7,19983.1,473268.0,-1,36,36
100.30.3,8,20145.6,462354.0,-1,36,36
100.30.3,9,20663.1,456562.0,-1,36,36
100.30.3,10,23158.9,454716.0,-1,36,36
100.30.3,11,19388.9,517969.0,-1,36,36
100.30.3,12,19691.2,476606.0,-1,36,36
100.30.3,13,20536.9,473453.0,-1,36,36
100.30.3,14,20810.0,467515.0,-1,36,36
100.30.3,15,19444.0,461990.0,-1,36,36
100.30.3,16,21367.4,460399.0,-1,36,36
100.30.3,17,23344.7,457514.0,-1,36,36
100.30.3,18,18645.1,464720.0,-1,36,36
100.30.3,19,19618.3,459959.0,-1,36,36
100.30.3,20,19905.1,449982.0,-1,36,36
100.30.3,21,18950.2,464655.0,-1,36,36
100.30.3,22,20339.7,463812.0,-1,36,36
100.30.3,23,20384.7,463176.0,-1,36,36
100.30.3,24,20433.8,459732.0,-1,36,36
100.30.3,25,21321.6,448592.0,-1,36,36
100.30.3,26,19026.3,468350.0,-1,36,36
100.30.3,27,19864.7,464501.0,-1,36,36
100.30.3,28,20008.5,451167.0,-1,36,36
100.30.3,29,18786.4,469814.0,-1,36,36
100.30.3,30,20962.5,462225.0,-1,36,36
100.30.3,31,23050.3,460486.0,-1,36,36
100.30.3,32,19433.9,450974.0,-1,36,36
100.30.3,33,22419.3,450905.0,-1,36,36
100.30.3,34,22659.7,450120.0,-1,36,36
100.30.3,35,18319.0,452942.0,-1,36,36
100.30.4,0,18885.7,480733.0,-1,34,34
100.30.4,1,18951.1,462017.0,-1,34,34
100.30.4,2,19280.9,455817.0,-1,34,34
100.30.4,3,19617.6,452513.0,-1,34,34
100.30.4,4,20341.4,449064.0,-1,34,34
100.30.4,5,20442.6,448719.0,-1,34,34
100.30.4,6,18644.8,462745.0,-1,34,34
100.30.4,7,19206.0,453752.0,-1,34,34
100.30.4,8,19207.0,451020.0,-1,34,34
100.30.4,9,19236.2,447125.0,-1,34,34
100.30.4,10,19311.0,434391.0,-1,34,34
100.30.4,11,20286.7,433819.0,-1,34,34
100.30.4,12,17267.1,455270.0,-1,34,34
100.30.4,13,19864.7,439714.0,-1,34,34
100.30.4,14,20597.2,439451.0,-1,34,34
100.30.4,15,18220.7,449422.0,-1,34,34
100.30.4,16,19112.4,442549.0,-1,34,34
100.30.4,17,18293.4,450647.0,-1,34,34
100.30.4,18,17421.3,480453.0,-1,34,34
100.30.4,19,18071.5,457269.0,-1,34,34
100.30.4,20,18490.0,453127.0,-1,34,34
100.30.4,21,18626.4,449966.0,-1,34,34
100.30.4,22,18633.6,449341.0,-1,34,34
100.30.4,23,18982.6,448670.0,-1,34,34
100.30.4,24,20035.8,446848.0,-1,34,34
100.30.4,25,20168.1,439891.0,-1,34,34
100.30.4,26,17000.5,435138.0,-1,34,34
100.30.4,27,17494.9,433320.0,-1,34,34
100.30.4,28,17555.4,467778.0,-1,34,34
100.30.4,29,17875.9,457739.0,-1,34,34
100.30.4,30,18682.1,447739.0,-1,34,34
100.30.4,31,18768.3,445589.0,-1,34,34
100.30.4,32,19030.4,465447.0,-1,34,34
100.30.4,33,19616.0,443228.0,-1,34,34
100.40.1,0,21992.7,527294.0,-1,48,48
100.40.1,1,22581.3,496961.0,-1,48,48
100.40.1,2,22264.5,554273.0,-1,48,48
100.40.1,3,23860.0,540560.0,-1,48,48
100.40.1,4,23867.3,535811.0,-1,48,48
100.40.1,5,24114.9,523051.0,-1,48,48
100.40.1,6,25102.1,512887.0,-1,48,48
100.40.1,7,25594.7,496964.0,-1,48,48
100.40.1,8,22675.2,563366.0,-1,48,48
100.40.1,9,23507.2,557388.0,-1,48,48
100.40.1,10,23658.4,556372.0,-1,48,48
100.40.1,11,23746.6,542121.0,-1,48,48
100.40.1,12,24072.1,533969.0,-1,48,48
100.40.1,13,24393.7,524132.0,-1,48,48
100.40.1,14,24756.2,500370.0,-1,48,48
100.40.1,15,24998.4,497284.0,-1,48,48
100.40.1,16,21520.7,504354.0,-1,48,48
100.40.1,17,25637.3,491480.0,-1,48,48
100.40.1,18,22188.6,533811.0,-1,48,48
100.40.1,19,22695.0,530275.0,-1,48,48
100.40.1,20,22991.2,516098.0,-1,48,48
100.40.1,21,23481.5,504384.0,-1,48,48
100.40.1,22,24685.0,498677.0,-1,48,48
100.40.1,23,22661.7,577174.0,-1,48,48
100.40.1,24,22747.6,545323.0,-1,48,48
100.40.1,25,22942.8,533329.0,-1,48,48
100.40.1,26,23351.4,529084.0,-1,48,48
100.40.1,27,23700.5,512825.0,-1,48,48
100.40.1,28,24003.8,501877.0,-1,48,48
100.40.1,29,23351.8,569297.0,-1,48,48
100.40.1,30,23562.8,563417.0,-1,48,48
100.40.1,31,23709.9,556152.0,-1,48,48
100.40.1,32,24169.3,550017.0,-1,48,48
100.40.1,33,24192.4,534132.0,-1,48,48
100.40.1,34,24347.4,528494.0,-1,48,48
100.40.1,35,24553.4,516067.0,-1,48,48
100.40.1,36,25233.8,512995.0,-1,48,48
100.40.1,37,22472.5,529837.0,-1,48,48
100.40.1,38,22912.0,522363.0,-1,48,48
100.40.1,39,23237.7,514596.0,-1,48,48
100.40.1,40,23463.5,509107.0,-1,48,48
100.40.1,41,22772.2,556845.0,-1,48,48
100.40.1,42,22819.4,537293.0,-1,48,48
100.40.1,43,23810.6,534706.0,-1,48,48
100.40.1,44,23993.2,525865.0,-1,48,48
100.40.1,45,23996.7,522518.0,-1,48,48
100.40.1,46,22632.4,514704.0,-1,48,48
100.40.1,47,22778.3,495209.0,-1,48,48
100.40.2,0,22660.6,523020.0,-1,37,37
100.40.2,1,23331.2,519934.0,-1,37,37
100.40.2,2,24453.0,517817.0,-1,37,37
100.40.2,3,24494.1,511121.0,-1,37,37
100.40.2,4,24544.7,509785.0,-1,37,37
100.40.2,5,23119.3,534342.0,-1,37,37
100.40.2,6,24266.9,522016.0,-1,37,37
100.40.2,7,25052.1,519552.0,-1,37,37
100.40.2,8,23077.4,572458.0,-1,37,37
100.40.2,9,23257.1,554649.0,-1,37,37
100.40.2,10,23434.2,554540.0,-1,37,37
100.40.2,11,23957.4,528120.0,-1,37,37
100.40.2,12,23978.4,524006.0,-1,37,37
100.40.2,13,24018.9,520324.0,-1,37,37
100.40.2,14,26171.2,510469.0,-1,37,37
100.40.2,15,23275.1,532448.0,-1,37,37
100.40.2,16,23893.6,527981.0,-1,37,37
100.40.2,17,24111.9,519780.0,-1,37,37
100.40.2,18,23597.3,552238.0,-1,37,37
100.40.2,19,23736.7,530520.0,-1,37,37
100.40.2,20,24134.9,511031.0,-1,37,37
100.40.2,21,23071.5,527771.0,-1,37,37
100.40.2,22,23560.2,506383.0,-1,37,37
100.40.2,23,22830.0,552370.0,-1,37,37
100.40.2,24,23403.1,516935.0,-1,37,37
100.40.2,25,23222.6,572899.0,-1,37,37
100.40.2,26,23362.4,563925.0,-1,37,37
100.40.2,27,23674.7,530101.0,-1,37,37
100.40.2,28,25074.5,511404.0,-1,37,37
100.40.2,29,23286.4,536265.0,-1,37,37
100.40.2,30,23549.4,531467.0,-1,37,37
100.40.2,31,23570.3,518160.0,-1,37,37
100.40.2,32,24900.1,505233.0,-1,37,37
100.40.2,33,23983.1,577109.0,-1,37,37
100.40.2,34,24055.5,521727.0,-1,37,37
100.40.2,35,24538.8,521136.0,-1,37,37
100.40.2,36,25264.3,516300.0,-1,37,37
100.40.3,0,23608.8,521780.0,-1,33,33
100.40.3,1,23661.3,514514.0,-1,33,33
100.40.3,2,24087.1,509909.0,-1,33,33
100.40.3,3,23804.8,563270.0,-1,33,33
100.40.3,4,24149.2,552188.0,-1,33,33
100.40.3,5,24160.5,500197.0,-1,33,33
100.40.3,6,23439.4,516220.0,-1,33,33
100.40.3,7,22930.1,520272.0,-1,33,33
100.40.3,8,24974.0,517422.0,-1,33,33
100.40.3,9,22688.9,542022.0,-1,33,33
100.40.3,10,23769.5,529054.0,-1,33,33
100.40.3,11,24884.1,522897.0,-1,33,33
100.40.3,12,23192.5,507735.0,-1,33,33
100.40.3,13,24363.8,491282.0,-1,33,33
100.40.3,14,22616.2,559146.0,-1,33,33
100.40.3,15,23226.8,558373.0,-1,33,33
100.40.3,16,23383.3,511734.0,-1,33,33
100.40.3,17,24040.1,505587.0,-1,33,33
100.40.3,18,25077.8,504146.0,-1,33,33
100.40.3,19,23148.1,539400.0,-1,33,33
100.40.3,20,23670.5,538114.0,-1,33,33
100.40.3,21,23833.8,523047.0,-1,33,33
100.40.3,22,24596.0,513625.0,-1,33,33
100.40.3,23,22966.4,586838.0,-1,33,33
100.40.3,24,23367.8,571701.0,-1,33,33
100.40.3,25,23592.7,550647.0,-1,33,33
100.40.3,26,23997.1,539776.0,-1,33,33
100.40.3,27,24401.5,520680.0,-1,33,33
100.40.3,28,23296.5,539169.0,-1,33,33
100.40.3,29,24180.0,532613.0,-1,33,33
100.40.3,30,24440.7,523934.0,-1,33,33
100.40.3,31,24544.3,523443.0,-1,33,33
100.40.3,32,25102.4,497203.0,-1,33,33
100.40.4,0,20786.1,509739.0,-1,35,35
100.40.4,1,22750.6,566644.0,-1,35,35
100.40.4,2,23267.5,514047.0,-1,35,35
100.40.4,3,24724.4,504416.0,-1,35,35
100.40.4,4,23042.0,569983.0,-1,35,35
100.40.4,5,23240.3,554382.0,-1,35,35
100.40.4,6,23263.9,534088.0,-1,35,35
100.40.4,7,23361.1,529095.0,-1,35,35
100.40.4,8,23757.0,499623.0,-1,35,35
100.40.4,9,24617.5,497325.0,-1,35,35
100.40.4,10,22216.1,520727.0,-1,35,35
100.40.4,11,23428.0,514225.0,-1,35,35
100.40.4,12,23490.1,506831.0,-1,35,35
100.40.4,13,22865.6,549609.0,-1,35,35
100.40.4,14,23341.1,547136.0,-1,35,35
100.40.4,15,23714.6,508305.0,-1,35,35
100.40.4,16,24223.0,501997.0,-1,35,35
100.40.4,17,21819.8,536248.0,-1,35,35
100.40.4,18,22008.7,532821.0,-1,35,35
100.40.4,19,23714.4,529656.0,-1,35,35
100.40.4,20,23767.1,503891.0,-1,35,35
100.40.4,21,24697.1,493201.0,-1,35,35
100.40.4,22,22486.8,548220.0,-1,35,35
100.40.4,23,23464.3,520103.0,-1,35,35
100.40.4,24,24148.3,515693.0,-1,35,35
100.40.4,25,23331.7,521066.0,-1,35,35
100.40.4,26,24180.9,507111.0,-1,35,35
100.40.4,27,25064.3,498558.0,-1,35,35
100.40.4,28,22436.8,561444.0,-1,35,35
100.40.4,29,22445.1,495116.0,-1,35,35
100.40.4,30,22796.5,570860.0,-1,35,35
100.40.4,31,22914.0,534294.0,-1,35,35
100.40.4,32,23523.3,522953.0,-1,35,35
100.40.4,33,23778.7,516366.0,-1,35,35
100.40.4,34,25161.3,513814.0,-1,35,35
20.10.1,0,2914.11,21191.3,-1,52,11
20.10.1,1,3144.1,20387.8,-1,52,11
20.10.1,2,3172.65,20123.7,-1,52,11
20.10.1,3,4782.04,20098.7,-1,52,11
20.10.1,4,5060.05,19790.1,-1,52,11
20.10.1,5,3033.16,21869.3,-1,52,11
20.10.1,6,3038.89,21569.0,-1,52,11
20.10.1,7,3084.98,20772.2,-1,52,11
20.10.1,8,3254.45,20347.8,-1,52,11
20.10.1,9,3545.95,20051.6,-1,52,11
20.10.1,10,3895.75,20027.9,-1,52,11
20.10.2,0,3799.78,35992.0,-1,30,3
20.10.2,1,3917.69,33464.6,-1,30,3
20.10.2,2,3969.31,27548.8,-1,30,3
20.10.3,0,3319.65,33809.7,-1,60,6
20.10.3,1,3366.33,25227.8,-1,60,6
20.10.3,2,3587.2,22647.6,-1,60,6
20.10.3,3,3646.0,21703.1,-1,60,6
20.10.3,4,4067.06,21344.7,-1,60,6
20.10.3,5,5304.85,20994.6,-1,60,6
20.10.4,0,3436.22,26510.6,-1,14,3
20.10.4,1,3497.07,21426.8,-1,14,3
20.10.4,2,3497.07,21714.8,-1,14,3
20.20.1,0,8256.44,67071.0,-1,40,4
20.20.1,1,8326.47,59056.2,-1,40,4
20.20.1,2,8674.88,55504.8,-1,40,4
20.20.1,3,8840.67,54053.6,-1,40,4
20.20.2,0,6294.5,40778.5,-1,70,7
20.20.2,1,6601.61,40074.5,-1,70,7
20.20.2,2,6730.26,39768.3,-1,70,7
20.20.2,3,6790.18,38257.8,-1,70,7
20.20.2,4,6907.08,38191.9,-1,70,7
20.20.2,5,6928.51,37690.2,-1,70,7
20.20.2,6,7893.61,37130.2,-1,70,7
20.20.3,0,6790.56,48818.8,-1,60,12
20.20.3,1,6922.69,48614.0,-1,60,12
20.20.3,2,7116.61,48461.0,-1,60,12
20.20.3,3,7207.5,47952.9,-1,60,12
20.20.3,4,7220.63,47642.5,-1,60,12
20.20.3,5,7245.57,47047.1,-1,60,12
20.20.3,6,6624.2,50831.4,-1,60,12
20.20.3,7,7245.6,50229.0,-1,60,12
20.20.3,8,7464.0,49613.8,-1,60,12
20.20.3,9,8107.7,49565.5,-1,60,12
20.20.3,10,8539.8,49416.5,-1,60,12
20.20.3,11,9012.31,49057.2,-1,60,12
20.20.4,0,8088.25,57020.8,-1,50,5
20.20.4,1,8101.13,50614.4,-1,50,5
20.20.4,2,8278.93,45872.3,-1,50,5
20.20.4,3,8603.12,44964.2,-1,50,5
20.20.4,4,8695.57,44202.3,-1,50,5
20.5.1,0,1719.07,15915.5,-1,66,15
20.5.1,1,1772.75,12869.4,-1,66,15
20.5.1,2,1922.36,12617.7,-1,66,15
20.5.1,3,1976.72,12355.1,-1,66,15
20.5.1,4,2009.1,12329.1,-1,66,15
20.5.1,5,2228.86,12257.6,-1,66,15
20.5.1,6,1784.38,18718.6,-1,66,15
20.5.1,7,1804.44,15165.8,-1,66,15
20.5.1,8,1885.43,14206.5,-1,66,15
20.5.1,9,2044.59,13791.6,-1,66,15
20.5.1,10,2098.25,13203.4,-1,66,15
20.5.1,11,2099.87,13028.0,-1,66,15
20.5.1,12,2172.81,12573.9,-1,66,15
20.5.1,13,2222.46,12555.8,-1,66,15
20.5.1,14,2310.99,12533.8,-1,66,15
20.5.2,0,1697.05,19542.5,-1,50,5
20.5.2,1,1712.37,16816.6,-1,50,5
20.5.2,2,1745.71,12629.0,-1,50,5
20.5.2,3,1782.57,11836.0,-1,50,5
20.5.2,4,2065.28,11313.7,-1,50,5
20.5.3,0,1521.28,11770.2,-1,20,2
20.5.3,1,1722.33,11687.5,-1,20,2
20.5.4,0,1602.21,12608.8,-1,20,4
20.5.4,1,1803.34,12510.3,-1,20,4
20.5.4,2,1602.21,12701.0,-1,20,4
20.5.4,3,1803.34,12418.1,-1,20,4
200.10.1,0,8829.73,741174.0,-1,147,147
200.10.1,1,10933.1,694761.0,-1,147,147
200.10.1,2,11582.6,665302.0,-1,147,147
200.10.1,3,12624.6,552497.0,-1,147,147
200.10.1,4,14112.8,364765.0,-1,147,147
200.10.1,5,15204.4,352523.0,-1,147,147
200.10.1,6,16143.1,301760.0,-1,147,147
200.10.1,7,16659.0,281845.0,-1,147,147
200.10.1,8,17509.3,261596.0,-1,147,147
200.10.1,9,22427.9,257901.0,-1,147,147
200.10.1,10,28628.8,254658.0,-1,147,147
200.10.1,11,8611.17,851070.0,-1,147,147
200.10.1,12,8948.97,787310.0,-1,147,147
200.10.1,13,8998.3,786729.0,-1,147,147
200.10.1,14,9022.05,772986.0,-1,147,147
200.10.1,15,9165.35,761634.0,-1,147,147
200.10.1,16,9602.9,757524.0,-1,147,147
200.10.1,17,9919.66,747031.0,-1,147,147
200.10.1,18,10132.4,743684.0,-1,147,147
200.10.1,19,10257.1,722912.0,-1,147,147
200.10.1,20,10287.1,301503.0,-1,147,147
200.10.1,21,15479.0,290895.0,-1,147,147
200.10.1,22,16543.1,288266.0,-1,147,147
200.10.1,23,16858.1,279821.0,-1,147,147
200.10.1,24,18335.0,267057.0,-1,147,147
200.10.1,25,19046.3,265320.0,-1,147,147
200.10.1,26,19126.4,257193.0,-1,147,147
200.10.1,27,24135.9,255170.0,-1,147,147
200.10.1,28,32397.4,252276.0,-1,147,147
200.10.1,29,8752.73,752795.0,-1,147,147
200.10.1,30,9009.64,743975.0,-1,147,147
200.10.1,31,9113.31,723810.0,-1,147,147
200.10.1,32,11964.7,315052.0,-1,147,147
200.10.1,33,13809.1,282852.0,-1,147,147
200.10.1,34,17563.3,270799.0,-1,147,147
200.10.1,35,20116.3,270795.0,-1,147,147
200.10.1,36,20375.5,265435.0,-1,147,147
200.10.1,37,20508.1,265183.0,-1,147,147
200.10.1,38,20918.0,262248.0,-1,147,147
200.10.1,39,22189.5,261223.0,-1,147,147
200.10.1,40,25137.2,260167.0,-1,147,147
200.10.1,41,25362.4,258483.0,-1,147,147
200.10.1,42,27157.3,257684.0,-1,147,147
200.10.1,43,8691.29,732373.0,-1,147,147
200.10.1,44,9283.23,723527.0,-1,147,147
200.10.1,45,11221.3,686184.0,-1,147,147
200.10.1,46,11941.1,656185.0,-1,147,147
200.10.1,47,13485.7,311662.0,-1,147,147
200.10.1,48,15156.4,300885.0,-1,147,147
200.10.1,49,15267.5,292246.0,-1,147,147
200.10.1,50,16417.6,291500.0,-1,147,147
200.10.1,51,16489.0,283864.0,-1,147,147
200.10.1,52,16770.5,264542.0,-1,147,147
200.10.1,53,17907.3,264393.0,-1,147,147
200.10.1,54,18427.5,262176.0,-1,147,147
200.10.1,55,19114.0,255273.0,-1,147,147
200.10.1,56,21002.4,254949.0,-1,147,147
200.10.1,57,23869.2,252502.0,-1,147,147
200.10.1,58,24225.1,250510.0,-1,147,147
200.10.1,59,8592.39,715824.0,-1,147,147
200.10.1,60,12138.3,293259.0,-1,147,147
200.10.1,61,15770.3,286739.0,-1,147,147
200.10.1,62,16836.0,285815.0,-1,147,147
200.10.1,63,17463.4,281329.0,-1,147,147
200.10.1,64,17594.9,280045.0,-1,147,147
200.10.1,65,17687.2,257271.0,-1,147,147
200.10.1,66,23923.9,255162.0,-1,147,147
200.10.1,67,26811.9,254532.0,-1,147,147
200.10.1,68,8840.1,776217.0,-1,147,147
200.10.1,69,8981.34,746994.0,-1,147,147
200.10.1,70,9429.96,741910.0,-1,147,147
200.10.1,71,9915.83,657010.0,-1,147,147
200.10.1,72,12325.0,639784.0,-1,147,147
200.10.1,73,14233.6,620039.0,-1,147,147
200.10.1,74,14280.3,312408.0,-1,147,147
200.10.1,75,15906.2,303150.0,-1,147,147
200.10.1,76,16726.1,289372.0,-1,147,147
200.10.1,77,16974.0,269635.0,-1,147,147
200.10.1,78,17302.6,258771.0,-1,147,147
200.10.1,79,17581.3,249507.0,-1,147,147
200.10.1,80,21520.5,247803.0,-1,147,147
200.10.1,81,8577.87,757629.0,-1,147,147
200.10.1,82,8766.11,737393.0,-1,147,147
200.10.1,83,9317.34,727087.0,-1,147,147
200.10.1,84,9762.56,704637.0,-1,147,147
200.10.1,85,12540.9,670066.0,-1,147,147
200.10.1,86,12778.9,660930.0,-1,147,147
200.10.1,87,12787.4,295547.0,-1,147,147
200.10.1,88,13581.2,283266.0,-1,147,147
200.10.1,89,15886.1,280634.0,-1,147,147
200.10.1,90,16083.7,278777.0,-1,147,147
200.10.1,91,16726.7,275827.0,-1,147,147
200.10.1,92,17183.5,252144.0,-1,147,147
200.10.1,93,8875.54,791036.0,-1,147,147
200.10.1,94,8939.52,768103.0,-1,147,147
200.10.1,95,9162.34,764350.0,-1,147,147
200.10.1,96,9191.31,763500.0,-1,147,147
200.10.1,97,9657.32,750481.0,-1,147,147
200.10.1,98,9831.43,745936.0,-1,147,147
200.10.1,99,9947.78,743797.0,-1,147,147
200.10.1,100,10020.0,736615.0,-1,147,147
200.10.1,101,11356.6,726926.0,-1,147,147
200.10.1,102,12540.5,305411.0,-1,147,147
200.10.1,103,14965.5,292058.0,-1,147,147
200.10.1,104,17237.6,288881.0,-1,147,147
200.10.1,105,17260.8,283670.0,-1,147,147
200.10.1,106,17632.9,281836.0,-1,147,147
200.10.1,107,18272.1,270981.0,-1,147,147
200.10.1,108,18460.8,270033.0,-1,147,147
200.10.1,109,18636.9,265368.0,-1,147,147
200.10.1,110,19585.9,255614.0,-1,147,147
200.10.1,111,23455.3,253422.0,-1,147,147
200.10.1,112,24074.9,252083.0,-1,147,147
200.10.1,113,24415.7,251607.0,-1,147,147
200.10.1,114,28359.0,251566.0,-1,147,147
200.10.1,115,30009.8,247417.0,-1,147,147
200.10.1,116,30126.9,245846.0,-1,147,147
200.10.1,117,8778.78,742981.0,-1,147,147
200.10.1,118,9092.68,722196.0,-1,147,147
200.10.1,119,9614.55,703734.0,-1,147,147
200.10.1,120,11497.0,689410.0,-1,147,147
200.10.1,121,13564.4,352675.0,-1,147,147
200.10.1,122,13614.8,323181.0,-1,147,147
200.10.1,123,13659.7,315070.0,-1,147,147
200.10.1,124,14157.9,311682.0,-1,147,147
200.10.1,125,14463.0,290869.0,-1,147,147
200.10.1,126,15164.0,281034.0,-1,147,147
200.10.1,127,17161.5,272352.0,-1,147,147
200.10.1,128,18105.9,264722.0,-1,147,147
200.10.1,129,19191.2,257179.0,-1,147,147
200.10.1,130,27155.1,256912.0,-1,147,147
200.10.1,131,29926.7,256380.0,-1,147,147
200.10.1,132,9104.86,831912.0,-1,147,147
200.10.1,133,9214.2,761111.0,-1,147,147
200.10.1,134,9368.7,710389.0,-1,147,147
200.10.1,135,11183.2,672011.0,-1,147,147
200.10.1,136,11544.5,659732.0,-1,147,147
200.10.1,137,13869.1,640084.0,-1,147,147
200.10.1,138,14372.2,591397.0,-1,147,147
200.10.1,139,14726.3,298299.0,-1,147,147
200.10.1,140,14819.0,276364.0,-1,147,147
200.10.1,141,19140.2,276326.0,-1,147,147
200.10.1,142,19364.6,272758.0,-1,147,147
200.10.1,143,20148.9,267089.0,-1,147,147
200.10.1,144,21766.6,262172.0,-1,147,147
200.10.1,145,22418.5,261054.0,-1,147,147
200.10.1,146,24891.1,258701.0,-1,147,147
200.10.2,0,8617.92,777293.0,-1,135,135
200.10.2,1,8865.17,739870.0,-1,135,135
200.10.2,2,9834.26,707978.0,-1,135,135
200.10.2,3,9913.83,683961.0,-1,135,135
200.10.2,4,11643.9,360692.0,-1,135,135
200.10.2,5,11908.3,331426.0,-1,135,135
200.10.2,6,13751.8,293069.0,-1,135,135
200.10.2,7,14867.8,270994.0,-1,135,135
200.10.2,8,18932.5,270083.0,-1,135,135
200.10.2,9,19174.4,260445.0,-1,135,135
200.10.2,10,21871.2,258466.0,-1,135,135
200.10.2,11,22106.7,258166.0,-1,135,135
200.10.2,12,24755.8,257965.0,-1,135,135
200.10.2,13,8931.06,779686.0,-1,135,135
200.10.2,14,9027.43,770925.0,-1,135,135
200.10.2,15,9212.3,744283.0,-1,135,135
200.10.2,16,9223.77,730072.0,-1,135,135
200.10.2,17,10923.4,667588.0,-1,135,135
200.10.2,18,12367.1,649971.0,-1,135,135
200.10.2,19,14132.0,350602.0,-1,135,135
200.10.2,20,14647.4,332476.0,-1,135,135
200.10.2,21,15341.0,285198.0,-1,135,135
200.10.2,22,16582.6,275137.0,-1,135,135
200.10.2,23,17412.7,255599.0,-1,135,135
200.10.2,24,30784.1,251935.0,-1,135,135
200.10.2,25,8680.22,772640.0,-1,135,135
200.10.2,26,8889.26,741620.0,-1,135,135
200.10.2,27,9571.62,734205.0,-1,135,135
200.10.2,28,10263.3,731804.0,-1,135,135
200.10.2,29,12089.1,706462.0,-1,135,135
200.10.2,30,12257.3,661122.0,-1,135,135
200.10.2,31,13666.1,617859.0,-1,135,135
200.10.2,32,14105.6,611765.0,-1,135,135
200.10.2,33,14991.7,287174.0,-1,135,135
200.10.2,34,16575.5,268902.0,-1,135,135
200.10.2,35,17477.6,264718.0,-1,135,135
200.10.2,36,18763.8,258018.0,-1,135,135
200.10.2,37,21112.4,257493.0,-1,135,135
200.10.2,38,8356.66,319361.0,-1,135,135
200.10.2,39,13241.6,310250.0,-1,135,135
200.10.2,40,13709.3,308753.0,-1,135,135
200.10.2,41,14815.9,296010.0,-1,135,135
200.10.2,42,15116.4,282789.0,-1,135,135
200.10.2,43,16126.7,273145.0,-1,135,135
200.10.2,44,16678.8,272219.0,-1,135,135
200.10.2,45,17295.4,260541.0,-1,135,135
200.10.2,46,18945.0,258260.0,-1,135,135
200.10.2,47,19072.0,258032.0,-1,135,135
200.10.2,48,19426.9,257295.0,-1,135,135
200.10.2,49,25786.3,257032.0,-1,135,135
200.10.2,50,9149.76,842068.0,-1,135,135
200.10.2,51,9152.47,826581.0,-1,135,135
200.10.2,52,9195.26,794179.0,-1,135,135
200.10.2,53,9201.99,761516.0,-1,135,135
200.10.2,54,9404.61,736393.0,-1,135,135
200.10.2,55,11014.5,691387.0,-1,135,135
200.10.2,56,11599.0,366221.0,-1,135,135
200.10.2,57,12053.5,338525.0,-1,135,135
200.10.2,58,13138.7,317892.0,-1,135,135
200.10.2,59,13268.2,286049.0,-1,135,135
200.10.2,60,13651.1,280726.0,-1,135,135
200.10.2,61,16078.7,265398.0,-1,135,135
200.10.2,62,18599.3,259662.0,-1,135,135
200.10.2,63,21550.1,259166.0,-1,135,135
200.10.2,64,22134.5,257914.0,-1,135,135
200.10.2,65,23201.6,255080.0,-1,135,135
200.10.2,66,30596.2,251340.0,-1,135,135
200.10.2,67,8842.97,751149.0,-1,135,135
200.10.2,68,10175.5,731210.0,-1,135,135
200.10.2,69,10858.8,389511.0,-1,135,135
200.10.2,70,13225.8,282302.0,-1,135,135
200.10.2,71,16207.4,276104.0,-1,135,135
200.10.2,72,17417.2,272048.0,-1,135,135
200.10.2,73,18177.3,260958.0,-1,135,135
200.10.2,74,21171.9,260861.0,-1,135,135
200.10.2,75,21649.0,258112.0,-1,135,135
200.10.2,76,8634.48,757256.0,-1,135,135
200.10.2,77,9037.58,714001.0,-1,135,135
200.10.2,78,12059.2,327839.0,-1,135,135
200.10.2,79,14272.1,298411.0,-1,135,135
200.10.2,80,14574.8,276732.0,-1,135,135
200.10.2,81,16000.0,274592.0,-1,135,135
200.10.2,82,19918.8,271979.0,-1,135,135
200.10.2,83,19934.6,270818.0,-1,135,135
200.10.2,84,20627.5,264313.0,-1,135,135
200.10.2,85,23191.4,263654.0,-1,135,135
200.10.2,86,24639.1,263451.0,-1,135,135
200.10.2,87,26773.3,258147.0,-1,135,135
200.10.2,88,8873.07,814363.0,-1,135,135
200.10.2,89,9106.63,742128.0,-1,135,135
200.10.2,90,9507.35,721192.0,-1,135,135
200.10.2,91,10452.4,714974.0,-1,135,135
200.10.2,92,10485.4,639055.0,-1,135,135
200.10.2,93,12191.8,637967.0,-1,135,135
200.10.2,94,13183.9,335652.0,-1,135,135
200.10.2,95,14308.9,296607.0,-1,135,135
200.10.2,96,16527.5,283534.0,-1,135,135
200.10.2,97,18026.4,276118.0,-1,135,135
200.10.2,98,19669.3,273201.0,-1,135,135
200.10.2,99,20565.2,270798.0,-1,135,135
200.10.2,100,22015.3,269820.0,-1,135,135
200.10.2,101,22120.1,268907.0,-1,135,135
200.10.2,102,22792.1,264120.0,-1,135,135
200.10.2,103,25048.2,259751.0,-1,135,135
200.10.2,104,31501.0,256395.0,-1,135,135
200.10.2,105,8900.53,795102.0,-1,135,135
200.10.2,106,9026.76,794929.0,-1,135,135
200.10.2,107,9128.59,793405.0,-1,135,135
200.10.2,108,9170.79,782250.0,-1,135,135
200.10.2,109,9288.92,767391.0,-1,135,135
200.10.2,110,9310.48,757451.0,-1,135,135
200.10.2,111,9400.14,755198.0,-1,135,135
200.10.2,112,9612.79,750267.0,-1,135,135
200.10.2,113,9968.26,749698.0,-1,135,135
200.10.2,114,10468.8,628527.0,-1,135,135
200.10.2,115,11494.5,338177.0,-1,135,135
200.10.2,116,12937.6,335651.0,-1,135,135
200.10.2,117,13161.6,300323.0,-1,135,135
200.10.2,118,14929.1,288759.0,-1,135,135
200.10.2,119,15989.2,283582.0,-1,135,135
200.10.2,120,16459.9,269827.0,-1,135,135
200.10.2,121,17619.3,261953.0,-1,135,135
200.10.2,122,20848.8,258405.0,-1,135,135
200.10.2,123,30379.9,258219.0,-1,135,135
200.10.2,124,8934.52,830429.0,-1,135,135
200.10.2,125,8939.39,763565.0,-1,135,135
200.10.2,126,9128.62,737958.0,-1,135,135
200.10.2,127,9854.45,733005.0,-1,135,135
200.10.2,128,11823.3,730455.0,-1,135,135
200.10.2,129,12183.9,699904.0,-1,135,135
200.10.2,130,12217.9,657624.0,-1,135,135
200.10.2,131,12692.8,284440.0,-1,135,135
200.10.2,132,16755.6,269928.0,-1,135,135
200.10.2,133,17962.1,260057.0,-1,135,135
200.10.2,134,20763.1,258671.0,-1,135,135
200.10.3,0,8910.2,787051.0,-1,134,134
200.10.3,1,9092.11,764149.0,-1,134,134
200.10.3,2,10121.3,618220.0,-1,134,134
200.10.3,3,11629.3,338379.0,-1,134,134
200.10.3,4,12389.5,335406.0,-1,134,134
200.10.3,5,14100.6,296560.0,-1,134,134
200.10.3,6,15693.7,276878.0,-1,134,134
200.10.3,7,16404.1,271632.0,-1,134,134
200.10.3,8,17113.4,270917.0,-1,134,134
200.10.3,9,17654.8,269249.0,-1,134,134
200.10.3,10,17709.5,268699.0,-1,134,134
200.10.3,11,17833.1,261393.0,-1,134,134
200.10.3,12,17946.4,254528.0,-1,134,134
200.10.3,13,19554.8,247724.0,-1,134,134
200.10.3,14,8815.39,791098.0,-1,134,134
200.10.3,15,9222.41,773685.0,-1,134,134
200.10.3,16,10065.8,746737.0,-1,134,134
200.10.3,17,11897.6,352328.0,-1,134,134
200.10.3,18,12021.2,315055.0,-1,134,134
200.10.3,19,13050.2,302654.0,-1,134,134
200.10.3,20,14895.8,275648.0,-1,134,134
200.10.3,21,14948.4,254205.0,-1,134,134
200.10.3,22,16984.6,253889.0,-1,134,134
200.10.3,23,17067.5,249521.0,-1,134,134
200.10.3,24,32449.7,248537.0,-1,134,134
200.10.3,25,9107.6,755719.0,-1,134,134
200.10.3,26,9387.63,754136.0,-1,134,134
200.10.3,27,9443.23,733263.0,-1,134,134
200.10.3,28,9633.83,703110.0,-1,134,134
200.10.3,29,10288.1,665740.0,-1,134,134
200.10.3,30,11350.3,328288.0,-1,134,134
200.10.3,31,13697.0,317711.0,-1,134,134
200.10.3,32,13735.3,254283.0,-1,134,134
200.10.3,33,15011.2,252592.0,-1,134,134
200.10.3,34,15215.1,250409.0,-1,134,134
200.10.3,35,15758.9,248854.0,-1,134,134
200.10.3,36,17087.5,246139.0,-1,134,134
200.10.3,37,8955.28,763607.0,-1,134,134
200.10.3,38,9175.36,738154.0,-1,134,134
200.10.3,39,9566.91,710030.0,-1,134,134
200.10.3,40,10155.2,701041.0,-1,134,134
200.10.3,41,10442.1,309037.0,-1,134,134
200.10.3,42,12963.6,291940.0,-1,134,134
200.10.3,43,14028.0,277839.0,-1,134,134
200.10.3,44,15195.8,271733.0,-1,134,134
200.10.3,45,16792.2,268711.0,-1,134,134
200.10.3,46,17492.6,264627.0,-1,134,134
200.10.3,47,18964.3,261155.0,-1,134,134
200.10.3,48,19118.9,255196.0,-1,134,134
200.10.3,49,21155.6,251948.0,-1,134,134
200.10.3,50,8727.15,736975.0,-1,134,134
200.10.3,51,9367.26,735033.0,-1,134,134
200.10.3,52,10264.9,727233.0,-1,134,134
200.10.3,53,12114.3,676226.0,-1,134,134
200.10.3,54,12427.2,355501.0,-1,134,134
200.10.3,55,12581.7,292320.0,-1,134,134
200.10.3,56,13615.5,280474.0,-1,134,134
200.10.3,57,14092.5,263705.0,-1,134,134
200.10.3,58,15192.2,263181.0,-1,134,134
200.10.3,59,16179.0,261613.0,-1,134,134
200.10.3,60,16360.6,260208.0,-1,134,134
200.10.3,61,16740.9,256608.0,-1,134,134
200.10.3,62,16802.0,256078.0,-1,134,134
200.10.3,63,17036.4,253922.0,-1,134,134
200.10.3,64,17870.2,251795.0,-1,134,134
200.10.3,65,18233.6,250809.0,-1,134,134
200.10.3,66,21270.3,250458.0,-1,134,134
200.10.3,67,22581.1,248926.0,-1,134,134
200.10.3,68,9024.44,801838.0,-1,134,134
200.10.3,69,9180.88,789827.0,-1,134,134
200.10.3,70,9225.18,769776.0,-1,134,134
200.10.3,71,9249.09,763728.0,-1,134,134
200.10.3,72,9492.29,760770.0,-1,134,134
200.10.3,73,9652.67,754346.0,-1,134,134
200.10.3,74,9719.29,693286.0,-1,134,134
200.10.3,75,11841.8,460364.0,-1,134,134
200.10.3,76,12165.9,342986.0,-1,134,134
200.10.3,77,12173.9,313757.0,-1,134,134
200.10.3,78,12424.3,303473.0,-1,134,134
200.10.3,79,13898.1,296265.0,-1,134,134
200.10.3,80,14134.8,273517.0,-1,134,134
200.10.3,81,14674.9,270865.0,-1,134,134
200.10.3,82,15084.1,263037.0,-1,134,134
200.10.3,83,15230.0,261884.0,-1,134,134
200.10.3,84,15367.0,260628.0,-1,134,134
200.10.3,85,16255.7,258518.0,-1,134,134
200.10.3,86,16979.5,257300.0,-1,134,134
200.10.3,87,18156.0,247988.0,-1,134,134
200.10.3,88,9071.54,813891.0,-1,134,134
200.10.3,89,9299.73,736585.0,-1,134,134
200.10.3,90,12082.9,458610.0,-1,134,134
200.10.3,91,12111.8,309289.0,-1,134,134
200.10.3,92,12545.7,294213.0,-1,134,134
200.10.3,93,13444.0,291742.0,-1,134,134
200.10.3,94,13924.2,283882.0,-1,134,134
200.10.3,95,14519.7,280108.0,-1,134,134
200.10.3,96,15557.7,264909.0,-1,134,134
200.10.3,97,15590.7,264772.0,-1,134,134
200.10.3,98,16033.4,264239.0,-1,134,134
200.10.3,99,17657.6,262162.0,-1,134,134
200.10.3,100,17758.8,254913.0,-1,134,134
200.10.3,101,19632.5,247868.0,-1,134,134
200.10.3,102,19965.8,243984.0,-1,134,134
200.10.3,103,8925.72,717037.0,-1,134,134
200.10.3,104,10415.4,343214.0,-1,134,134
200.10.3,105,13081.9,305129.0,-1,134,134
200.10.3,106,14699.0,303874.0,-1,134,134
200.10.3,107,15028.1,274246.0,-1,134,134
200.10.3,108,16403.4,273212.0,-1,134,134
200.10.3,109,16840.6,269500.0,-1,134,134
200.10.3,110,17336.1,262454.0,-1,134,134
200.10.3,111,17516.2,259680.0,-1,134,134
200.10.3,112,18933.1,253798.0,-1,134,134
200.10.3,113,19087.6,253016.0,-1,134,134
200.10.3,114,19660.0,250196.0,-1,134,134
200.10.3,115,8555.47,728032.0,-1,134,134
200.10.3,116,10586.4,291474.0,-1,134,134
200.10.3,117,14345.1,282335.0,-1,134,134
200.10.3,118,15120.5,267466.0,-1,134,134
200.10.3,119,16326.9,264230.0,-1,134,134
200.10.3,120,16796.6,246954.0,-1,134,134
200.10.3,121,20700.5,245400.0,-1,134,134
200.10.3,122,23324.3,244705.0,-1,134,134
200.10.3,123,9043.5,762555.0,-1,134,134
200.10.3,124,9217.05,741671.0,-1,134,134
200.10.3,125,10427.3,364414.0,-1,134,134
200.10.3,126,12267.7,289699.0,-1,134,134
200.10.3,127,13948.4,284956.0,-1,134,134
200.10.3,128,14325.4,275058.0,-1,134,134
200.10.3,129,16805.5,266460.0,-1,134,134
200.10.3,130,18403.5,254609.0,-1,134,134
200.10.3,131,19923.6,253905.0,-1,134,134
200.10.3,132,21277.2,253895.0,-1,134,134
200.10.3,133,21527.3,247835.0,-1,134,134
200.10.4,0,9126.4,777924.0,-1,137,137
200.10.4,1,9812.25,745840.0,-1,137,137
200.10.4,2,9867.77,665419.0,-1,137,137
200.10.4,3,10406.9,654213.0,-1,137,137
200.10.4,4,12683.6,594578.0,-1,137,137
200.10.4,5,13635.7,317198.0,-1,137,137
200.10.4,6,14679.9,301203.0,-1,137,137
200.10.4,7,15359.3,281717.0,-1,137,137
200.10.4,8,15413.5,274264.0,-1,137,137
200.10.4,9,15516.3,273652.0,-1,137,137
200.10.4,10,16366.1,266903.0,-1,137,137
200.10.4,11,17877.3,264907.0,-1,137,137
200.10.4,12,18696.3,263685.0,-1,137,137
200.10.4,13,19287.0,260459.0,-1,137,137
200.10.4,14,23472.2,257478.0,-1,137,137
200.10.4,15,9070.26,786618.0,-1,137,137
200.10.4,16,9944.48,764950.0,-1,137,137
200.10.4,17,10192.8,752657.0,-1,137,137
200.10.4,18,11520.7,403534.0,-1,137,137
200.10.4,19,11990.3,302983.0,-1,137,137
200.10.4,20,13794.2,290855.0,-1,137,137
200.10.4,21,14113.2,286335.0,-1,137,137
200.10.4,22,15266.0,271361.0,-1,137,137
200.10.4,23,17028.4,261479.0,-1,137,137
200.10.4,24,17862.2,260765.0,-1,137,137
200.10.4,25,9006.42,822824.0,-1,137,137
200.10.4,26,9164.77,749681.0,-1,137,137
200.10.4,27,9172.25,744773.0,-1,137,137
200.10.4,28,9620.56,741801.0,-1,137,137
200.10.4,29,10196.7,323472.0,-1,137,137
200.10.4,30,12308.2,288160.0,-1,137,137
200.10.4,31,13226.0,274981.0,-1,137,137
200.10.4,32,14318.7,269430.0,-1,137,137
200.10.4,33,15718.9,265551.0,-1,137,137
200.10.4,34,15839.2,264640.0,-1,137,137
200.10.4,35,17190.8,261810.0,-1,137,137
200.10.4,36,19399.5,259564.0,-1,137,137
200.10.4,37,30071.4,259328.0,-1,137,137
200.10.4,38,31328.9,259224.0,-1,137,137
200.10.4,39,9323.81,862154.0,-1,137,137
200.10.4,40,9384.04,795706.0,-1,137,137
200.10.4,41,9461.24,791482.0,-1,137,137
200.10.4,42,9528.53,777125.0,-1,137,137
200.10.4,43,9856.23,772469.0,-1,137,137
200.10.4,44,9870.18,752736.0,-1,137,137
200.10.4,45,11032.9,732957.0,-1,137,137
200.10.4,46,11570.1,708788.0,-1,137,137
200.10.4,47,11779.4,625130.0,-1,137,137
200.10.4,48,12408.6,401520.0,-1,137,137
200.10.4,49,13667.8,363820.0,-1,137,137
200.10.4,50,13814.6,340357.0,-1,137,137
200.10.4,51,14964.8,287940.0,-1,137,137
200.10.4,52,16369.5,268527.0,-1,137,137
200.10.4,53,16436.8,263185.0,-1,137,137
200.10.4,54,18917.0,262717.0,-1,137,137
200.10.4,55,19824.8,257354.0,-1,137,137
200.10.4,56,19841.1,251088.0,-1,137,137
200.10.4,57,20674.8,249024.0,-1,137,137
200.10.4,58,8796.39,331512.0,-1,137,137
200.10.4,59,11634.6,312233.0,-1,137,137
200.10.4,60,13639.9,289659.0,-1,137,137
200.10.4,61,14585.0,289302.0,-1,137,137
200.10.4,62,15023.4,280469.0,-1,137,137
200.10.4,63,15239.9,270489.0,-1,137,137
200.10.4,64,16109.2,265440.0,-1,137,137
200.10.4,65,16740.4,264946.0,-1,137,137
200.10.4,66,18855.2,263888.0,-1,137,137
200.10.4,67,19267.0,256807.0,-1,137,137
200.10.4,68,19445.0,249961.0,-1,137,137
200.10.4,69,21665.5,249730.0,-1,137,137
200.10.4,70,21669.1,246578.0,-1,137,137
200.10.4,71,8931.51,758497.0,-1,137,137
200.10.4,72,9608.01,747468.0,-1,137,137
200.10.4,73,9609.88,737788.0,-1,137,137
200.10.4,74,10463.3,676302.0,-1,137,137
200.10.4,75,12216.1,653985.0,-1,137,137
200.10.4,76,12596.8,651604.0,-1,137,137
200.10.4,77,13473.4,290734.0,-1,137,137
200.10.4,78,15565.2,259943.0,-1,137,137
200.10.4,79,17515.8,257119.0,-1,137,137
200.10.4,80,20090.2,253915.0,-1,137,137
200.10.4,81,27520.8,250847.0,-1,137,137
200.10.4,82,9118.57,835283.0,-1,137,137
200.10.4,83,9139.91,781655.0,-1,137,137
200.10.4,84,9240.53,779873.0,-1,137,137
200.10.4,85,9322.8,778489.0,-1,137,137
200.10.4,86,9418.68,776725.0,-1,137,137
200.10.4,87,10155.5,770189.0,-1,137,137
200.10.4,88,10166.6,764574.0,-1,137,137
200.10.4,89,10224.0,762140.0,-1,137,137
200.10.4,90,10420.6,716170.0,-1,137,137
200.10.4,91,10432.0,649133.0,-1,137,137
200.10.4,92,12785.4,344246.0,-1,137,137
200.10.4,93,14601.4,300820.0,-1,137,137
200.10.4,94,15455.5,298427.0,-1,137,137
200.10.4,95,15749.0,271264.0,-1,137,137
200.10.4,96,16389.2,260065.0,-1,137,137
200.10.4,97,18066.5,258871.0,-1,137,137
200.10.4,98,19183.4,256054.0,-1,137,137
200.10.4,99,19705.7,255680.0,-1,137,137
200.10.4,100,22645.5,255424.0,-1,137,137
200.10.4,101,23864.6,254255.0,-1,137,137
200.10.4,102,9134.36,763476.0,-1,137,137
200.10.4,103,9287.95,751345.0,-1,137,137
200.10.4,104,9725.8,685761.0,-1,137,137
200.10.4,105,10785.6,377023.0,-1,137,137
200.10.4,106,11666.2,331843.0,-1,137,137
200.10.4,107,14249.1,298359.0,-1,137,137
200.10.4,108,14958.3,281880.0,-1,137,137
200.10.4,109,15287.9,275839.0,-1,137,137
200.10.4,110,15366.4,272177.0,-1,137,137
200.10.4,111,16227.6,259199.0,-1,137,137
200.10.4,112,17505.6,256622.0,-1,137,137
200.10.4,113,17950.5,255301.0,-1,137,137
200.10.4,114,18780.4,252730.0,-1,137,137
200.10.4,115,9069.31,742509.0,-1,137,137
200.10.4,116,9267.76,742102.0,-1,137,137
200.10.4,117,9469.09,722163.0,-1,137,137
200.10.4,118,10096.6,702488.0,-1,137,137
200.10.4,119,11839.3,320763.0,-1,137,137
200.10.4,120,12594.4,318985.0,-1,137,137
200.10.4,121,13898.9,278577.0,-1,137,137
200.10.4,122,15237.8,276075.0,-1,137,137
200.10.4,123,15707.0,261381.0,-1,137,137
200.10.4,124,17408.3,258624.0,-1,137,137
200.10.4,125,17972.7,256412.0,-1,137,137
200.10.4,126,8785.33,742447.0,-1,137,137
200.10.4,127,9901.25,742000.0,-1,137,137
200.10.4,128,10129.8,694698.0,-1,137,137
200.10.4,129,11560.2,451611.0,-1,137,137
200.10.4,130,13367.7,392782.0,-1,137,137
200.10.4,131,13505.6,326439.0,-1,137,137
200.10.4,132,14355.4,321440.0,-1,137,137
200.10.4,133,14906.8,303438.0,-1,137,137
200.10.4,134,16186.9,278112.0,-1,137,137
200.10.4,135,17570.0,264393.0,-1,137,137
200.10.4,136,21919.6,254724.0,-1,137,137
200.20.1,0,15962.9,1332230.0,-1,114,114
200.20.1,1,16048.9,1249310.0,-1,114,114
200.20.1,2,16313.2,1246650.0,-1,114,114
200.20.1,3,16914.4,1160730.0,-1,114,114
200.20.1,4,22212.0,1094520.0,-1,114,114
200.20.1,5,26594.1,703073.0,-1,114,114
200.20.1,6,31059.3,545298.0,-1,114,114
200.20.1,7,33729.9,514989.0,-1,114,114
200.20.1,8,36366.4,500276.0,-1,114,114
200.20.1,9,37361.7,498430.0,-1,114,114
200.20.1,10,46024.9,495578.0,-1,114,114
200.20.1,11,15612.3,1275500.0,-1,114,114
200.20.1,12,16540.9,1259960.0,-1,114,114
200.20.1,13,16558.6,1258410.0,-1,114,114
200.20.1,14,16796.2,1252540.0,-1,114,114
200.20.1,15,17629.4,1251710.0,-1,114,114
200.20.1,16,17678.2,1213190.0,-1,114,114
200.20.1,17,21877.5,1115880.0,-1,114,114
200.20.1,18,24086.7,1012280.0,-1,114,114
200.20.1,19,26392.8,1004910.0,-1,114,114
200.20.1,20,27041.0,889084.0,-1,114,114
200.20.1,21,29845.6,514910.0,-1,114,114
200.20.1,22,31330.7,493106.0,-1,114,114
200.20.1,23,16022.8,1271370.0,-1,114,114
200.20.1,24,16402.7,1215260.0,-1,114,114
200.20.1,25,17908.2,1201550.0,-1,114,114
200.20.1,26,23346.7,576416.0,-1,114,114
200.20.1,27,26469.3,524655.0,-1,114,114
200.20.1,28,33028.4,506082.0,-1,114,114
200.20.1,29,33671.0,506020.0,-1,114,114
200.20.1,30,39272.4,499430.0,-1,114,114
200.20.1,31,45434.2,496214.0,-1,114,114
200.20.1,32,56712.0,494198.0,-1,114,114
200.20.1,33,15462.6,1304390.0,-1,114,114
200.20.1,34,15825.2,1265340.0,-1,114,114
200.20.1,35,15933.8,1243530.0,-1,114,114
200.20.1,36,16489.4,1232870.0,-1,114,114
200.20.1,37,16592.0,1225900.0,-1,114,114
200.20.1,38,17401.8,1193950.0,-1,114,114
200.20.1,39,19843.5,1164730.0,-1,114,114
200.20.1,40,21598.9,1112710.0,-1,114,114
200.20.1,41,25343.8,588664.0,-1,114,114
200.20.1,42,27944.0,556873.0,-1,114,114
200.20.1,43,28073.2,509387.0,-1,114,114
200.20.1,44,37109.0,490549.0,-1,114,114
200.20.1,45,40215.0,478420.0,-1,114,114
200.20.1,46,15560.3,1295850.0,-1,114,114
200.20.1,47,16011.8,1250360.0,-1,114,114
200.20.1,48,16308.8,1163180.0,-1,114,114
200.20.1,49,19571.0,1150030.0,-1,114,114
200.20.1,50,27121.6,561528.0,-1,114,114
200.20.1,51,29281.4,541546.0,-1,114,114
200.20.1,52,32502.6,513879.0,-1,114,114
200.20.1,53,32633.0,508157.0,-1,114,114
200.20.1,54,43574.3,502213.0,-1,114,114
200.20.1,55,48182.6,495519.0,-1,114,114
200.20.1,56,50200.3,491468.0,-1,114,114
200.20.1,57,15868.7,1306000.0,-1,114,114
200.20.1,58,16578.1,1289080.0,-1,114,114
200.20.1,59,16946.8,1251470.0,-1,114,114
200.20.1,60,18710.3,1236150.0,-1,114,114
200.20.1,61,21137.3,1137090.0,-1,114,114
200.20.1,62,23814.1,1109670.0,-1,114,114
200.20.1,63,27363.1,601371.0,-1,114,114
200.20.1,64,29752.0,519427.0,-1,114,114
200.20.1,65,35054.7,519420.0,-1,114,114
200.20.1,66,39199.7,511320.0,-1,114,114
200.20.1,67,40828.4,504365.0,-1,114,114
200.20.1,68,48351.0,501038.0,-1,114,114
200.20.1,69,51706.6,499738.0,-1,114,114
200.20.1,70,55231.3,490006.0,-1,114,114
200.20.1,71,16008.4,1299640.0,-1,114,114
200.20.1,72,16182.1,1213540.0,-1,114,114
200.20.1,73,21900.9,1169600.0,-1,114,114
200.20.1,74,23814.3,1091310.0,-1,114,114
200.20.1,75,25324.7,548691.0,-1,114,114
200.20.1,76,28188.5,543250.0,-1,114,114
200.20.1,77,30552.3,513250.0,-1,114,114
200.20.1,78,33595.3,493051.0,-1,114,114
200.20.1,79,15985.4,1188070.0,-1,114,114
200.20.1,80,22449.7,1117830.0,-1,114,114
200.20.1,81,27082.1,559091.0,-1,114,114
200.20.1,82,32832.3,503121.0,-1,114,114
200.20.1,83,43320.2,497490.0,-1,114,114
200.20.1,84,16154.4,1291410.0,-1,114,114
200.20.1,85,16203.5,1283100.0,-1,114,114
200.20.1,86,16378.6,1280530.0,-1,114,114
200.20.1,87,16409.4,1252960.0,-1,114,114
200.20.1,88,17770.1,1238600.0,-1,114,114
200.20.1,89,18561.4,1197210.0,-1,114,114
200.20.1,90,23393.1,1167350.0,-1,114,114
200.20.1,91,25813.6,1055110.0,-1,114,114
200.20.1,92,26156.4,993930.0,-1,114,114
200.20.1,93,34041.0,550477.0,-1,114,114
200.20.1,94,34214.0,541593.0,-1,114,114
200.20.1,95,36373.3,517156.0,-1,114,114
200.20.1,96,37560.7,516612.0,-1,114,114
200.20.1,97,37844.0,507579.0,-1,114,114
200.20.1,98,37972.6,506096.0,-1,114,114
200.20.1,99,38408.8,493774.0,-1,114,114
200.20.1,100,50129.2,490362.0,-1,114,114
200.20.1,101,16025.8,1299980.0,-1,114,114
200.20.1,102,16117.2,1297280.0,-1,114,114
200.20.1,103,16142.2,1289070.0,-1,114,114
200.20.1,104,16171.3,1274420.0,-1,114,114
200.20.1,105,16306.2,1252860.0,-1,114,114
200.20.1,106,17636.2,1223460.0,-1,114,114
200.20.1,107,21910.6,1017990.0,-1,114,114
200.20.1,108,22151.5,671072.0,-1,114,114
200.20.1,109,25551.9,587100.0,-1,114,114
200.20.1,110,25931.6,519245.0,-1,114,114
200.20.1,111,32175.7,518729.0,-1,114,114
200.20.1,112,32231.4,494650.0,-1,114,114
200.20.1,113,54983.8,494185.0,-1,114,114
200.20.2,0,15759.4,1291790.0,-1,105,93
200.20.2,1,16063.1,1260010.0,-1,105,93
200.20.2,2,16206.8,1256390.0,-1,105,93
200.20.2,3,16355.6,1219400.0,-1,105,93
200.20.2,4,16866.6,1179070.0,-1,105,93
200.20.2,5,20347.4,1146560.0,-1,105,93
200.20.2,6,20372.1,1116290.0,-1,105,93
200.20.2,7,28596.7,564520.0,-1,105,93
200.20.2,8,30611.9,504007.0,-1,105,93
200.20.2,9,34737.3,503392.0,-1,105,93
200.20.2,10,41229.6,494172.0,-1,105,93
200.20.2,11,41363.3,489559.0,-1,105,93
200.20.2,12,43735.4,481574.0,-1,105,93
200.20.2,13,55967.6,462345.0,-1,105,93
200.20.2,14,15590.9,1177090.0,-1,105,93
200.20.2,15,20642.4,1148060.0,-1,105,93
200.20.2,16,21199.4,1131000.0,-1,105,93
200.20.2,17,21981.1,1108250.0,-1,105,93
200.20.2,18,23218.4,1037490.0,-1,105,93
200.20.2,19,28723.4,559931.0,-1,105,93
200.20.2,20,31272.8,541910.0,-1,105,93
200.20.2,21,32921.4,484064.0,-1,105,93
200.20.2,22,52944.7,480716.0,-1,105,93
200.20.2,23,15842.5,1281340.0,-1,105,93
200.20.2,24,16089.9,1260300.0,-1,105,93
200.20.2,25,16263.7,1160250.0,-1,105,93
200.20.2,26,20392.7,1101670.0,-1,105,93
200.20.2,27,24209.5,528201.0,-1,105,93
200.20.2,28,30081.8,501942.0,-1,105,93
200.20.2,29,32025.9,497292.0,-1,105,93
200.20.2,30,38343.6,496768.0,-1,105,93
200.20.2,31,41331.7,491621.0,-1,105,93
200.20.2,32,15651.9,1268690.0,-1,105,93
200.20.2,33,15828.0,1249350.0,-1,105,93
200.20.2,34,17073.2,1211730.0,-1,105,93
200.20.2,35,22430.0,1102350.0,-1,105,93
200.20.2,36,24515.3,541904.0,-1,105,93
200.20.2,37,28859.2,527927.0,-1,105,93
200.20.2,38,35074.3,493848.0,-1,105,93
200.20.2,39,35848.6,493469.0,-1,105,93
200.20.2,40,41632.4,478303.0,-1,105,93
200.20.2,41,42508.7,473104.0,-1,105,93
200.20.2,42,15811.3,1284850.0,-1,105,93
200.20.2,43,16000.5,1258660.0,-1,105,93
200.20.2,44,16301.1,1224370.0,-1,105,93
200.20.2,45,20072.1,1117610.0,-1,105,93
200.20.2,46,25770.4,664040.0,-1,105,93
200.20.2,47,25836.8,518724.0,-1,105,93
200.20.2,48,28191.6,487360.0,-1,105,93
200.20.2,49,43919.7,481576.0,-1,105,93
200.20.2,50,15783.7,1281160.0,-1,105,93
200.20.2,51,16087.0,1277550.0,-1,105,93
200.20.2,52,16525.6,1238580.0,-1,105,93
200.20.2,53,16610.9,1218260.0,-1,105,93
200.20.2,54,18004.4,1214270.0,-1,105,93
200.20.2,55,21877.5,1114090.0,-1,105,93
200.20.2,56,23454.3,1032070.0,-1,105,93
200.20.2,57,30937.6,516113.0,-1,105,93
200.20.2,58,31785.1,503794.0,-1,105,93
200.20.2,59,36596.8,498645.0,-1,105,93
200.20.2,60,40948.2,486796.0,-1,105,93
200.20.2,61,15749.8,1192520.0,-1,105,93
200.20.2,62,16140.3,1188220.0,-1,105,93
200.20.2,63,16170.5,1178490.0,-1,105,93
200.20.2,64,17005.1,1147080.0,-1,105,93
200.20.2,65,22082.0,1094890.0,-1,105,93
200.20.2,66,23422.1,1082870.0,-1,105,93
200.20.2,67,24976.3,632375.0,-1,105,93
200.20.2,68,28139.2,498369.0,-1,105,93
200.20.2,69,29997.3,496305.0,-1,105,93
200.20.2,70,39705.3,480185.0,-1,105,93
200.20.2,71,40389.5,479253.0,-1,105,93
200.20.2,72,45561.2,475602.0,-1,105,93
200.20.2,73,15635.8,1176820.0,-1,105,93
200.20.2,74,16112.5,1174650.0,-1,105,93
200.20.2,75,17469.9,1082500.0,-1,105,93
200.20.2,76,24710.3,1057310.0,-1,105,93
200.20.2,77,27366.2,1002010.0,-1,105,93
200.20.2,78,27401.3,955796.0,-1,105,93
200.20.2,79,29146.5,926067.0,-1,105,93
200.20.2,80,30520.2,615214.0,-1,105,93
200.20.2,81,34499.9,508630.0,-1,105,93
200.20.2,82,37393.4,504607.0,-1,105,93
200.20.2,83,39160.0,497184.0,-1,105,93
200.20.2,84,39361.2,483031.0,-1,105,93
200.20.2,85,15897.0,1278480.0,-1,105,93
200.20.2,86,16263.0,1237860.0,-1,105,93
200.20.2,87,16528.3,1190900.0,-1,105,93
200.20.2,88,21522.7,1142830.0,-1,105,93
200.20.2,89,21940.5,1134450.0,-1,105,93
200.20.2,90,24749.7,567752.0,-1,105,93
200.20.2,91,29946.5,510836.0,-1,105,93
200.20.2,92,30984.7,464651.0,-1,105,93
200.20.3,0,15198.2,1298150.0,-1,106,97
200.20.3,1,15376.3,1222440.0,-1,106,97
200.20.3,2,15675.3,1217580.0,-1,106,97
200.20.3,3,15783.3,1215720.0,-1,106,97
200.20.3,4,17698.1,1213480.0,-1,106,97
200.20.3,5,17698.8,1188020.0,-1,106,97
200.20.3,6,20134.3,1056640.0,-1,106,97
200.20.3,7,22248.1,1033370.0,-1,106,97
200.20.3,8,29443.4,501782.0,-1,106,97
200.20.3,9,29732.4,476183.0,-1,106,97
200.20.3,10,34398.8,471519.0,-1,106,97
200.20.3,11,45196.2,447839.0,-1,106,97
200.20.3,12,15629.2,1253060.0,-1,106,97
200.20.3,13,16046.2,1246500.0,-1,106,97
200.20.3,14,16292.2,1235170.0,-1,106,97
200.20.3,15,16406.4,1234610.0,-1,106,97
200.20.3,16,17817.3,1220940.0,-1,106,97
200.20.3,17,20780.3,1210300.0,-1,106,97
200.20.3,18,20991.0,1166580.0,-1,106,97
200.20.3,19,21744.1,1054630.0,-1,106,97
200.20.3,20,32254.4,501705.0,-1,106,97
200.20.3,21,33641.7,482027.0,-1,106,97
200.20.3,22,37154.5,479783.0,-1,106,97
200.20.3,23,38472.3,478900.0,-1,106,97
200.20.3,24,39322.4,478666.0,-1,106,97
200.20.3,25,43639.3,467747.0,-1,106,97
200.20.3,26,54579.6,466249.0,-1,106,97
200.20.3,27,55022.8,464920.0,-1,106,97
200.20.3,28,59971.1,463766.0,-1,106,97
200.20.3,29,15516.0,1253780.0,-1,106,97
200.20.3,30,15542.0,1238010.0,-1,106,97
200.20.3,31,15756.2,1154830.0,-1,106,97
200.20.3,32,20932.6,1009140.0,-1,106,97
200.20.3,33,28952.5,623014.0,-1,106,97
200.20.3,34,30346.8,480266.0,-1,106,97
200.20.3,35,36309.1,460136.0,-1,106,97
200.20.3,36,39764.7,456014.0,-1,106,97
200.20.3,37,15584.6,1212670.0,-1,106,97
200.20.3,38,16562.0,1197880.0,-1,106,97
200.20.3,39,17092.3,1196380.0,-1,106,97
200.20.3,40,18177.4,1193960.0,-1,106,97
200.20.3,41,19242.5,1044510.0,-1,106,97
200.20.3,42,30247.8,902071.0,-1,106,97
200.20.3,43,30653.1,465806.0,-1,106,97
200.20.3,44,61300.4,463122.0,-1,106,97
200.20.3,45,65173.2,459449.0,-1,106,97
200.20.3,46,15538.7,1190020.0,-1,106,97
200.20.3,47,16917.0,1184180.0,-1,106,97
200.20.3,48,17512.9,1150750.0,-1,106,97
200.20.3,49,19520.6,1082650.0,-1,106,97
200.20.3,50,23537.5,1032180.0,-1,106,97
200.20.3,51,24378.5,974731.0,-1,106,97
200.20.3,52,27568.2,496956.0,-1,106,97
200.20.3,53,34835.4,477995.0,-1,106,97
200.20.3,54,43653.6,466551.0,-1,106,97
200.20.3,55,43781.7,466540.0,-1,106,97
200.20.3,56,45192.0,443353.0,-1,106,97
200.20.3,57,15457.3,1160420.0,-1,106,97
200.20.3,58,23385.7,1149830.0,-1,106,97
200.20.3,59,29577.0,1123140.0,-1,106,97
200.20.3,60,29960.8,710445.0,-1,106,97
200.20.3,61,30230.0,510826.0,-1,106,97
200.20.3,62,32014.9,484150.0,-1,106,97
200.20.3,63,35182.2,478341.0,-1,106,97
200.20.3,64,38904.1,464257.0,-1,106,97
200.20.3,65,48983.5,462844.0,-1,106,97
200.20.3,66,62584.6,461946.0,-1,106,97
200.20.3,67,15599.7,1226560.0,-1,106,97
200.20.3,68,15689.3,1223430.0,-1,106,97
200.20.3,69,16168.9,1215150.0,-1,106,97
200.20.3,70,16189.2,1185600.0,-1,106,97
200.20.3,71,17195.2,1178140.0,-1,106,97
200.20.3,72,19100.6,1038320.0,-1,106,97
200.20.3,73,27074.0,995196.0,-1,106,97
200.20.3,74,30613.6,476884.0,-1,106,97
200.20.3,75,34722.2,471048.0,-1,106,97
200.20.3,76,45599.3,470395.0,-1,106,97
200.20.3,77,14528.4,1129600.0,-1,106,97
200.20.3,78,21094.0,958317.0,-1,106,97
200.20.3,79,23479.2,618425.0,-1,106,97
200.20.3,80,28406.5,603328.0,-1,106,97
200.20.3,81,30346.9,506258.0,-1,106,97
200.20.3,82,31288.0,493547.0,-1,106,97
200.20.3,83,32347.1,465918.0,-1,106,97
200.20.3,84,55599.8,463497.0,-1,106,97
200.20.3,85,14706.0,1279880.0,-1,106,97
200.20.3,86,15609.8,1268900.0,-1,106,97
200.20.3,87,15769.0,1220780.0,-1,106,97
200.20.3,88,15822.2,1205440.0,-1,106,97
200.20.3,89,16268.3,1189960.0,-1,106,97
200.20.3,90,21391.8,1183900.0,-1,106,97
200.20.3,91,21861.9,1124320.0,-1,106,97
200.20.3,92,22507.8,1109510.0,-1,106,97
200.20.3,93,24940.1,1013900.0,-1,106,97
200.20.3,94,26153.0,556281.0,-1,106,97
200.20.3,95,35662.1,476418.0,-1,106,97
200.20.3,96,39298.4,460498.0,-1,106,97
200.20.4,0,15257.0,1296790.0,-1,96,96
200.20.4,1,15526.2,1240120.0,-1,96,96
200.20.4,2,15895.7,1221320.0,-1,96,96
200.20.4,3,15980.0,1209760.0,-1,96,96
200.20.4,4,16160.8,1209690.0,-1,96,96
200.20.4,5,16793.6,1198470.0,-1,96,96
200.20.4,6,16814.3,1167130.0,-1,96,96
200.20.4,7,25366.9,1162750.0,-1,96,96
200.20.4,8,28067.7,1020070.0,-1,96,96
200.20.4,9,28432.6,544982.0,-1,96,96
200.20.4,10,30466.5,498286.0,-1,96,96
200.20.4,11,30799.1,498265.0,-1,96,96
200.20.4,12,34430.5,476394.0,-1,96,96
200.20.4,13,36913.6,473025.0,-1,96,96
200.20.4,14,15031.3,1180640.0,-1,96,96
200.20.4,15,15597.5,1173300.0,-1,96,96
200.20.4,16,15653.4,1169310.0,-1,96,96
200.20.4,17,16450.4,1169250.0,-1,96,96
200.20.4,18,19948.5,1083440.0,-1,96,96
200.20.4,19,28933.2,932663.0,-1,96,96
200.20.4,20,29418.7,752305.0,-1,96,96
200.20.4,21,32310.5,570844.0,-1,96,96
200.20.4,22,38323.8,488887.0,-1,96,96
200.20.4,23,50448.9,476443.0,-1,96,96
200.20.4,24,15272.4,1154070.0,-1,96,96
200.20.4,25,20315.7,1018380.0,-1,96,96
200.20.4,26,29052.1,565854.0,-1,96,96
200.20.4,27,29694.7,502978.0,-1,96,96
200.20.4,28,32230.1,485721.0,-1,96,96
200.20.4,29,15638.3,1229660.0,-1,96,96
200.20.4,30,15751.4,1101810.0,-1,96,96
200.20.4,31,22496.5,1023970.0,-1,96,96
200.20.4,32,25281.7,525880.0,-1,96,96
200.20.4,33,31223.3,510968.0,-1,96,96
200.20.4,34,33904.3,484723.0,-1,96,96
200.20.4,35,57672.8,476454.0,-1,96,96
200.20.4,36,15503.4,1322620.0,-1,96,96
200.20.4,37,15534.0,1265240.0,-1,96,96
200.20.4,38,15786.6,1221100.0,-1,96,96
200.20.4,39,15930.2,1178880.0,-1,96,96
200.20.4,40,21351.4,1169090.0,-1,96,96
200.20.4,41,22230.1,890358.0,-1,96,96
200.20.4,42,23954.2,601813.0,-1,96,96
200.20.4,43,28028.6,478506.0,-1,96,96
200.20.4,44,38362.3,473160.0,-1,96,96
200.20.4,45,40620.7,473086.0,-1,96,96
200.20.4,46,49465.3,462234.0,-1,96,96
200.20.4,47,15093.9,1198560.0,-1,96,96
200.20.4,48,15201.8,1115610.0,-1,96,96
200.20.4,49,16397.3,1111040.0,-1,96,96
200.20.4,50,18975.5,1037150.0,-1,96,96
200.20.4,51,30623.8,1034190.0,-1,96,96
200.20.4,52,30724.8,492752.0,-1,96,96
200.20.4,53,30921.0,466361.0,-1,96,96
200.20.4,54,14933.6,1258790.0,-1,96,96
200.20.4,55,15301.5,1113830.0,-1,96,96
200.20.4,56,17361.6,1101310.0,-1,96,96
200.20.4,57,23639.9,933261.0,-1,96,96
200.20.4,58,27759.2,495528.0,-1,96,96
200.20.4,59,29659.8,492031.0,-1,96,96
200.20.4,60,34129.4,474971.0,-1,96,96
200.20.4,61,14951.0,1233990.0,-1,96,96
200.20.4,62,15262.5,1187270.0,-1,96,96
200.20.4,63,15367.2,1148780.0,-1,96,96
200.20.4,64,19939.9,1068500.0,-1,96,96
200.20.4,65,20875.3,1055720.0,-1,96,96
200.20.4,66,28152.6,616033.0,-1,96,96
200.20.4,67,28206.8,523105.0,-1,96,96
200.20.4,68,34472.2,485873.0,-1,96,96
200.20.4,69,37597.9,483143.0,-1,96,96
200.20.4,70,47576.5,477263.0,-1,96,96
200.20.4,71,15260.1,1248820.0,-1,96,96
200.20.4,72,15591.2,1237330.0,-1,96,96
200.20.4,73,15660.2,1229140.0,-1,96,96
200.20.4,74,15700.1,1227910.0,-1,96,96
200.20.4,75,15730.5,1198040.0,-1,96,96
200.20.4,76,16330.1,1181060.0,-1,96,96
200.20.4,77,21065.7,1154320.0,-1,96,96
200.20.4,78,22539.1,647521.0,-1,96,96
200.20.4,79,26575.2,523031.0,-1,96,96
200.20.4,80,29109.5,507503.0,-1,96,96
200.20.4,81,35943.2,502351.0,-1,96,96
200.20.4,82,38160.9,487800.0,-1,96,96
200.20.4,83,38528.7,475289.0,-1,96,96
200.20.4,84,53589.1,475019.0,-1,96,96
200.20.4,85,15046.4,1310200.0,-1,96,96
200.20.4,86,15349.2,1268930.0,-1,96,96
200.20.4,87,15391.1,1245970.0,-1,96,96
200.20.4,88,15438.7,1224010.0,-1,96,96
200.20.4,89,15595.0,1185830.0,-1,96,96
200.20.4,90,16482.1,1135720.0,-1,96,96
200.20.4,91,19888.9,975831.0,-1,96,96
200.20.4,92,27211.4,540625.0,-1,96,96
200.20.4,93,32089.5,538002.0,-1,96,96
200.20.4,94,33861.8,502278.0,-1,96,96
200.20.4,95,37210.2,479602.0,-1,96,96
200.30.1,0,21725.9,1599770.0,-1,76,76
200.30.1,1,29015.0,1487240.0,-1,76,76
200.30.1,2,32764.3,727639.0,-1,76,76
200.30.1,3,36009.8,703859.0,-1,76,76
200.30.1,4,38552.4,703621.0,-1,76,76
200.30.1,5,39920.1,692024.0,-1,76,76
200.30.1,6,42184.6,681757.0,-1,76,76
200.30.1,7,21878.7,820463.0,-1,76,76
200.30.1,8,27826.8,751151.0,-1,76,76
200.30.1,9,35273.1,721624.0,-1,76,76
200.30.1,10,35551.7,699940.0,-1,76,76
200.30.1,11,36504.9,692285.0,-1,76,76
200.30.1,12,22048.7,1735960.0,-1,76,76
200.30.1,13,22466.2,1666700.0,-1,76,76
200.30.1,14,22572.4,1655560.0,-1,76,76
200.30.1,15,30173.6,759259.0,-1,76,76
200.30.1,16,30434.1,740259.0,-1,76,76
200.30.1,17,30887.9,702784.0,-1,76,76
200.30.1,18,41040.1,696525.0,-1,76,76
200.30.1,19,19986.0,771869.0,-1,76,76
200.30.1,20,36020.2,730047.0,-1,76,76
200.30.1,21,39013.2,702718.0,-1,76,76
200.30.1,22,21795.4,1684060.0,-1,76,76
200.30.1,23,22228.7,1646270.0,-1,76,76
200.30.1,24,24957.8,1536020.0,-1,76,76
200.30.1,25,28404.2,760092.0,-1,76,76
200.30.1,26,31742.1,729438.0,-1,76,76
200.30.1,27,33124.0,710093.0,-1,76,76
200.30.1,28,38127.9,704814.0,-1,76,76
200.30.1,29,39572.4,704623.0,-1,76,76
200.30.1,30,45910.0,698089.0,-1,76,76
200.30.1,31,21135.8,1657930.0,-1,76,76
200.30.1,32,21892.3,1618890.0,-1,76,76
200.30.1,33,24942.3,1608800.0,-1,76,76
200.30.1,34,25458.8,1543310.0,-1,76,76
200.30.1,35,29178.6,712207.0,-1,76,76
200.30.1,36,33981.5,692396.0,-1,76,76
200.30.1,37,21474.5,1743340.0,-1,76,76
200.30.1,38,22383.4,1709270.0,-1,76,76
200.30.1,39,22799.2,1704600.0,-1,76,76
200.30.1,40,22943.6,1692380.0,-1,76,76
200.30.1,41,22947.0,1659070.0,-1,76,76
200.30.1,42,32876.1,948608.0,-1,76,76
200.30.1,43,33594.6,704917.0,-1,76,76
200.30.1,44,36171.9,704119.0,-1,76,76
200.30.1,45,41513.3,698255.0,-1,76,76
200.30.1,46,42127.9,695347.0,-1,76,76
200.30.1,47,43914.5,693191.0,-1,76,76
200.30.1,48,46618.2,682852.0,-1,76,76
200.30.1,49,21657.4,1800560.0,-1,76,76
200.30.1,50,22054.8,1692710.0,-1,76,76
200.30.1,51,22191.5,770057.0,-1,76,76
200.30.1,52,32795.6,725804.0,-1,76,76
200.30.1,53,36548.0,724580.0,-1,76,76
200.30.1,54,39309.4,701997.0,-1,76,76
200.30.1,55,39629.4,690031.0,-1,76,76
200.30.1,56,21564.0,1737960.0,-1,76,76
200.30.1,57,22586.2,1687990.0,-1,76,76
200.30.1,58,23253.1,1666160.0,-1,76,76
200.30.1,59,24357.8,1655250.0,-1,76,76
200.30.1,60,25085.6,1591900.0,-1,76,76
200.30.1,61,27577.2,907899.0,-1,76,76
200.30.1,62,32197.2,893217.0,-1,76,76
200.30.1,63,35059.8,728191.0,-1,76,76
200.30.1,64,41396.7,699839.0,-1,76,76
200.30.1,65,41719.7,685328.0,-1,76,76
200.30.1,66,21851.0,1665580.0,-1,76,76
200.30.1,67,22471.8,1638170.0,-1,76,76
200.30.1,68,22912.8,1627070.0,-1,76,76
200.30.1,69,26880.8,1435320.0,-1,76,76
200.30.1,70,27190.7,729156.0,-1,76,76
200.30.1,71,32648.1,726467.0,-1,76,76
200.30.1,72,34755.7,707813.0,-1,76,76
200.30.1,73,36370.6,707705.0,-1,76,76
200.30.1,74,38576.5,699949.0,-1,76,76
200.30.1,75,41769.3,693574.0,-1,76,76
200.30.2,0,22275.0,1714450.0,-1,95,95
200.30.2,1,22403.9,1621800.0,-1,95,95
200.30.2,2,24348.3,1539110.0,-1,95,95
200.30.2,3,25008.3,1320460.0,-1,95,95
200.30.2,4,30217.2,745299.0,-1,95,95
200.30.2,5,31272.2,723630.0,-1,95,95
200.30.2,6,34505.4,708909.0,-1,95,95
200.30.2,7,39359.8,705950.0,-1,95,95
200.30.2,8,39896.7,692747.0,-1,95,95
200.30.2,9,22154.4,1777440.0,-1,95,95
200.30.2,10,22293.1,1718570.0,-1,95,95
200.30.2,11,22491.9,1688410.0,-1,95,95
200.30.2,12,23387.3,1667940.0,-1,95,95
200.30.2,13,24083.8,1653570.0,-1,95,95
200.30.2,14,26071.4,1602320.0,-1,95,95
200.30.2,15,28547.0,742388.0,-1,95,95
200.30.2,16,32231.0,697559.0,-1,95,95
200.30.2,17,43076.5,690630.0,-1,95,95
200.30.2,18,21898.9,1717730.0,-1,95,95
200.30.2,19,22154.0,1655630.0,-1,95,95
200.30.2,20,25444.5,1497660.0,-1,95,95
200.30.2,21,28079.3,750615.0,-1,95,95
200.30.2,22,32492.7,733099.0,-1,95,95
200.30.2,23,35872.8,724452.0,-1,95,95
200.30.2,24,36107.0,722815.0,-1,95,95
200.30.2,25,36130.2,693455.0,-1,95,95
200.30.2,26,22109.9,1868840.0,-1,95,95
200.30.2,27,22184.3,1821620.0,-1,95,95
200.30.2,28,22200.0,1743700.0,-1,95,95
200.30.2,29,22870.4,1730650.0,-1,95,95
200.30.2,30,23168.6,1692300.0,-1,95,95
200.30.2,31,23339.5,1691290.0,-1,95,95
200.30.2,32,23624.1,1591180.0,-1,95,95
200.30.2,33,25530.0,1584620.0,-1,95,95
200.30.2,34,25803.0,1547290.0,-1,95,95
200.30.2,35,27219.9,737964.0,-1,95,95
200.30.2,36,34819.9,735542.0,-1,95,95
200.30.2,37,34900.2,731209.0,-1,95,95
200.30.2,38,35348.6,711860.0,-1,95,95
200.30.2,39,39039.6,705977.0,-1,95,95
200.30.2,40,40777.7,688411.0,-1,95,95
200.30.2,41,21879.6,1834310.0,-1,95,95
200.30.2,42,22791.9,1776000.0,-1,95,95
200.30.2,43,22829.2,1758620.0,-1,95,95
200.30.2,44,23293.5,1713660.0,-1,95,95
200.30.2,45,23419.1,1712630.0,-1,95,95
200.30.2,46,23600.1,1678900.0,-1,95,95
200.30.2,47,25376.5,1649100.0,-1,95,95
200.30.2,48,27720.9,1405250.0,-1,95,95
200.30.2,49,31964.8,897310.0,-1,95,95
200.30.2,50,32291.5,733357.0,-1,95,95
200.30.2,51,35165.8,718366.0,-1,95,95
200.30.2,52,39893.7,697765.0,-1,95,95
200.30.2,53,21627.0,1701730.0,-1,95,95
200.30.2,54,22566.0,1677830.0,-1,95,95
200.30.2,55,22741.4,1671810.0,-1,95,95
200.30.2,56,24009.3,747157.0,-1,95,95
200.30.2,57,34525.5,724363.0,-1,95,95
200.30.2,58,35107.7,695520.0,-1,95,95
200.30.2,59,38314.3,692891.0,-1,95,95
200.30.2,60,42134.6,692650.0,-1,95,95
200.30.2,61,22297.0,1758480.0,-1,95,95
200.30.2,62,22807.2,1746930.0,-1,95,95
200.30.2,63,22858.9,1719600.0,-1,95,95
200.30.2,64,23042.8,1704760.0,-1,95,95
200.30.2,65,23280.7,1635970.0,-1,95,95
200.30.2,66,25389.7,1577710.0,-1,95,95
200.30.2,67,27972.2,741624.0,-1,95,95
200.30.2,68,32351.0,716093.0,-1,95,95
200.30.2,69,32702.2,692137.0,-1,95,95
200.30.2,70,44762.8,690002.0,-1,95,95
200.30.2,71,21881.4,1621810.0,-1,95,95
200.30.2,72,25659.6,1526910.0,-1,95,95
200.30.2,73,27013.7,1258410.0,-1,95,95
200.30.2,74,27117.4,728711.0,-1,95,95
200.30.2,75,30189.5,720020.0,-1,95,95
200.30.2,76,30399.5,686351.0,-1,95,95
200.30.2,77,21961.9,1747230.0,-1,95,95
200.30.2,78,22015.7,1636960.0,-1,95,95
200.30.2,79,22480.6,1620460.0,-1,95,95
200.30.2,80,27037.7,1490550.0,-1,95,95
200.30.2,81,28424.9,880803.0,-1,95,95
200.30.2,82,28912.9,774253.0,-1,95,95
200.30.2,83,30253.6,734713.0,-1,95,95
200.30.2,84,36028.7,718967.0,-1,95,95
200.30.2,85,37335.5,708077.0,-1,95,95
200.30.2,86,37504.5,703130.0,-1,95,95
200.30.2,87,41005.9,685187.0,-1,95,95
200.30.2,88,22333.5,1810580.0,-1,95,95
200.30.2,89,22380.7,1661170.0,-1,95,95
200.30.2,90,25199.8,800148.0,-1,95,95
200.30.2,91,29954.7,774608.0,-1,95,95
200.30.2,92,31651.1,739613.0,-1,95,95
200.30.2,93,34340.4,697036.0,-1,95,95
200.30.2,94,45128.1,690569.0,-1,95,95
200.30.3,0,21478.5,1817970.0,-1,87,87
200.30.3,1,21685.0,1720200.0,-1,87,87
200.30.3,2,23162.1,1704670.0,-1,87,87
200.30.3,3,23245.6,1689610.0,-1,87,87
200.30.3,4,24135.7,1682520.0,-1,87,87
200.30.3,5,25135.9,1578510.0,-1,87,87
200.30.3,6,29042.7,812380.0,-1,87,87
200.30.3,7,35754.5,774123.0,-1,87,87
200.30.3,8,37621.0,763393.0,-1,87,87
200.30.3,9,39375.3,733561.0,-1,87,87
200.30.3,10,43140.3,726320.0,-1,87,87
200.30.3,11,21734.8,1805790.0,-1,87,87
200.30.3,12,21992.1,1772450.0,-1,87,87
200.30.3,13,22160.1,1709290.0,-1,87,87
200.30.3,14,22742.0,1685040.0,-1,87,87
200.30.3,15,25353.4,1647620.0,-1,87,87
200.30.3,16,27091.8,1304390.0,-1,87,87
200.30.3,17,30367.8,763080.0,-1,87,87
200.30.3,18,38984.3,747388.0,-1,87,87
200.30.3,19,39078.6,737426.0,-1,87,87
200.30.3,20,44271.9,733874.0,-1,87,87
200.30.3,21,44858.1,708966.0,-1,87,87
200.30.3,22,22513.5,1749460.0,-1,87,87
200.30.3,23,22677.7,1702640.0,-1,87,87
200.30.3,24,22889.7,1661200.0,-1,87,87
200.30.3,25,23270.3,1635110.0,-1,87,87
200.30.3,26,25174.6,1560460.0,-1,87,87
200.30.3,27,26017.9,1472840.0,-1,87,87
200.30.3,28,26333.1,1382910.0,-1,87,87
200.30.3,29,35036.4,755901.0,-1,87,87
200.30.3,30,40104.3,753202.0,-1,87,87
200.30.3,31,40381.2,745174.0,-1,87,87
200.30.3,32,42395.0,735222.0,-1,87,87
200.30.3,33,46165.6,716084.0,-1,87,87
200.30.3,34,21913.2,1696190.0,-1,87,87
200.30.3,35,22981.8,1648770.0,-1,87,87
200.30.3,36,26257.8,806486.0,-1,87,87
200.30.3,37,32069.2,752747.0,-1,87,87
200.30.3,38,40231.4,729192.0,-1,87,87
200.30.3,39,21110.3,1690370.0,-1,87,87
200.30.3,40,23194.6,761656.0,-1,87,87
200.30.3,41,34837.3,744591.0,-1,87,87
200.30.3,42,35099.7,729498.0,-1,87,87
200.30.3,43,35381.8,720478.0,-1,87,87
200.30.3,44,21731.8,1715660.0,-1,87,87
200.30.3,45,22378.7,1629460.0,-1,87,87
200.30.3,46,25187.6,1439020.0,-1,87,87
200.30.3,47,30938.0,729762.0,-1,87,87
200.30.3,48,40809.6,727906.0,-1,87,87
200.30.3,49,45470.7,726176.0,-1,87,87
200.30.3,50,21494.5,1829680.0,-1,87,87
200.30.3,51,21818.6,1782470.0,-1,87,87
200.30.3,52,21821.9,1661800.0,-1,87,87
200.30.3,53,28540.2,1601360.0,-1,87,87
200.30.3,54,28690.8,977437.0,-1,87,87
200.30.3,55,31982.2,805980.0,-1,87,87
200.30.3,56,34716.5,796329.0,-1,87,87
200.30.3,57,35392.4,753827.0,-1,87,87
200.30.3,58,36335.3,736568.0,-1,87,87
200.30.3,59,38754.3,721517.0,-1,87,87
200.30.3,60,41987.3,720699.0,-1,87,87
200.30.3,61,22071.3,1684920.0,-1,87,87
200.30.3,62,22954.7,1682590.0,-1,87,87
200.30.3,63,23062.3,1672160.0,-1,87,87
200.30.3,64,25126.0,1671110.0,-1,87,87
200.30.3,65,30445.9,1416250.0,-1,87,87
200.30.3,66,33016.5,757577.0,-1,87,87
200.30.3,67,34580.7,746618.0,-1,87,87
200.30.3,68,44551.4,717666.0,-1,87,87
200.30.3,69,21999.6,1776390.0,-1,87,87
200.30.3,70,22311.5,1740450.0,-1,87,87
200.30.3,71,22548.1,1707330.0,-1,87,87
200.30.3,72,22714.3,1685700.0,-1,87,87
200.30.3,73,23246.3,1681250.0,-1,87,87
200.30.3,74,24133.3,1616470.0,-1,87,87
200.30.3,75,25664.2,1575980.0,-1,87,87
200.30.3,76,25756.5,1564650.0,-1,87,87
200.30.3,77,30282.1,1320920.0,-1,87,87
200.30.3,78,32806.9,944469.0,-1,87,87
200.30.3,79,35262.6,733731.0,-1,87,87
200.30.3,80,45491.8,725943.0,-1,87,87
200.30.3,81,21904.8,1596720.0,-1,87,87
200.30.3,82,30326.2,1574410.0,-1,87,87
200.30.3,83,30875.9,1382920.0,-1,87,87
200.30.3,84,32685.2,779948.0,-1,87,87
200.30.3,85,36511.4,753496.0,-1,87,87
200.30.3,86,36750.2,736482.0,-1,87,87
200.30.4,0,21334.5,1763090.0,-1,93,93
200.30.4,1,22072.5,1725380.0,-1,93,93
200.30.4,2,22642.9,1649630.0,-1,93,93
200.30.4,3,24332.4,1617440.0,-1,93,93
200.30.4,4,25142.2,1452630.0,-1,93,93
200.30.4,5,31853.5,724495.0,-1,93,93
200.30.4,6,35424.3,697715.0,-1,93,93
200.30.4,7,39379.8,681497.0,-1,93,93
200.30.4,8,43617.4,674243.0,-1,93,93
200.30.4,9,44965.5,673412.0,-1,93,93
200.30.4,10,45087.0,663414.0,-1,93,93
200.30.4,11,21938.6,1539510.0,-1,93,93
200.30.4,12,25300.5,1535730.0,-1,93,93
200.30.4,13,34288.9,1321180.0,-1,93,93
200.30.4,14,34909.3,957463.0,-1,93,93
200.30.4,15,35647.1,703912.0,-1,93,93
200.30.4,16,37149.3,687422.0,-1,93,93
200.30.4,17,42291.3,663999.0,-1,93,93
200.30.4,18,22070.2,1760990.0,-1,93,93
200.30.4,19,22520.0,1725900.0,-1,93,93
200.30.4,20,22653.9,1610170.0,-1,93,93
200.30.4,21,22914.7,774171.0,-1,93,93
200.30.4,22,28240.4,742314.0,-1,93,93
200.30.4,23,30726.4,685293.0,-1,93,93
200.30.4,24,40236.2,681892.0,-1,93,93
200.30.4,25,21828.0,1735970.0,-1,93,93
200.30.4,26,22711.0,1665520.0,-1,93,93
200.30.4,27,23439.0,1646180.0,-1,93,93
200.30.4,28,25135.5,1511120.0,-1,93,93
200.30.4,29,29918.7,757551.0,-1,93,93
200.30.4,30,35080.7,710794.0,-1,93,93
200.30.4,31,40726.8,690296.0,-1,93,93
200.30.4,32,43245.1,682829.0,-1,93,93
200.30.4,33,21870.6,1715980.0,-1,93,93
200.30.4,34,22506.0,1690510.0,-1,93,93
200.30.4,35,23137.6,1639560.0,-1,93,93
200.30.4,36,24100.9,1575370.0,-1,93,93
200.30.4,37,24225.4,1397910.0,-1,93,93
200.30.4,38,27253.2,1354470.0,-1,93,93
200.30.4,39,31849.7,707742.0,-1,93,93
200.30.4,40,37946.7,707035.0,-1,93,93
200.30.4,41,37987.1,706672.0,-1,93,93
200.30.4,42,39577.6,704191.0,-1,93,93
200.30.4,43,39936.3,683976.0,-1,93,93
200.30.4,44,49983.5,678842.0,-1,93,93
200.30.4,45,21466.8,1754940.0,-1,93,93
200.30.4,46,21552.2,1740170.0,-1,93,93
200.30.4,47,22138.2,1697480.0,-1,93,93
200.30.4,48,22369.2,1668650.0,-1,93,93
200.30.4,49,31167.0,1440590.0,-1,93,93
200.30.4,50,32620.3,698847.0,-1,93,93
200.30.4,51,39274.5,674527.0,-1,93,93
200.30.4,52,21998.6,1799760.0,-1,93,93
200.30.4,53,22047.2,1652340.0,-1,93,93
200.30.4,54,24730.1,755365.0,-1,93,93
200.30.4,55,31524.8,708834.0,-1,93,93
200.30.4,56,35332.4,705825.0,-1,93,93
200.30.4,57,38218.4,687927.0,-1,93,93
200.30.4,58,21856.6,1776190.0,-1,93,93
200.30.4,59,22118.0,1647150.0,-1,93,93
200.30.4,60,23933.0,1641710.0,-1,93,93
200.30.4,61,25170.3,1502240.0,-1,93,93
200.30.4,62,27317.4,1485250.0,-1,93,93
200.30.4,63,29012.9,852186.0,-1,93,93
200.30.4,64,34129.8,710561.0,-1,93,93
200.30.4,65,36090.4,689276.0,-1,93,93
200.30.4,66,38796.4,689161.0,-1,93,93
200.30.4,67,40378.2,680490.0,-1,93,93
200.30.4,68,43660.6,679151.0,-1,93,93
200.30.4,69,46415.0,677498.0,-1,93,93
200.30.4,70,21421.1,1778280.0,-1,93,93
200.30.4,71,22383.1,1727600.0,-1,93,93
200.30.4,72,22924.7,1722400.0,-1,93,93
200.30.4,73,23026.1,1720190.0,-1,93,93
200.30.4,74,23117.0,1676980.0,-1,93,93
200.30.4,75,23512.4,1673510.0,-1,93,93
200.30.4,76,25964.6,1626390.0,-1,93,93
200.30.4,77,28924.9,1305200.0,-1,93,93
200.30.4,78,28955.3,830853.0,-1,93,93
200.30.4,79,33008.4,708812.0,-1,93,93
200.30.4,80,35710.7,704245.0,-1,93,93
200.30.4,81,38950.9,701634.0,-1,93,93
200.30.4,82,41777.0,682245.0,-1,93,93
200.30.4,83,48085.5,680130.0,-1,93,93
200.30.4,84,52553.5,675625.0,-1,93,93
200.30.4,85,21834.7,1645220.0,-1,93,93
200.30.4,86,26362.1,1489020.0,-1,93,93
200.30.4,87,27751.2,1367210.0,-1,93,93
200.30.4,88,30439.5,1263250.0,-1,93,93
200.30.4,89,31010.4,760384.0,-1,93,93
200.30.4,90,35148.2,699671.0,-1,93,93
200.30.4,91,36299.0,686731.0,-1,93,93
200.30.4,92,40377.9,677812.0,-1,93,93
200.40.1,0,21120.9,858731.0,-1,33,33
200.40.1,1,26030.9,845941.0,-1,33,33
200.40.1,2,27282.3,844950.0,-1,33,33
200.40.1,3,21272.2,880418.0,-1,33,33
200.40.1,4,22701.8,863399.0,-1,33,33
200.40.1,5,24744.8,862639.0,-1,33,33
200.40.1,6,28876.7,839487.0,-1,33,33
200.40.1,7,20969.5,836496.0,-1,33,33
200.40.1,8,20247.3,856567.0,-1,33,33
200.40.1,9,22598.5,848434.0,-1,33,33
200.40.1,10,27969.1,820424.0,-1,33,33
200.40.1,11,20765.6,837112.0,-1,33,33
200.40.1,12,24370.8,831529.0,-1,33,33
200.40.1,13,23090.6,864601.0,-1,33,33
200.40.1,14,23660.1,848245.0,-1,33,33
200.40.1,15,25434.8,827588.0,-1,33,33
200.40.1,16,22766.5,891298.0,-1,33,33
200.40.1,17,23766.2,891183.0,-1,33,33
200.40.1,18,24072.8,890545.0,-1,33,33
200.40.1,19,24352.2,823468.0,-1,33,33
200.40.1,20,22108.0,851042.0,-1,33,33
200.40.1,21,22486.2,849716.0,-1,33,33
200.40.1,22,23135.5,843935.0,-1,33,33
200.40.1,23,27078.8,836716.0,-1,33,33
200.40.1,24,21470.6,866545.0,-1,33,33
200.40.1,25,24035.2,843461.0,-1,33,33
200.40.1,26,32637.6,838774.0,-1,33,33
200.40.1,27,23167.6,907982.0,-1,33,33
200.40.1,28,23680.7,903830.0,-1,33,33
200.40.1,29,24207.3,894906.0,-1,33,33
200.40.1,30,24474.6,877225.0,-1,33,33
200.40.1,31,25034.9,846679.0,-1,33,33
200.40.1,32,26753.0,813495.0,-1,33,33
200.40.2,0,21910.1,914007.0,-1,25,25
200.40.2,1,22659.6,908202.0,-1,25,25
200.40.2,2,22840.0,893843.0,-1,25,25
200.40.2,3,20045.8,861441.0,-1,25,25
200.40.2,4,21062.4,919268.0,-1,25,25
200.40.2,5,22489.1,899357.0,-1,25,25
200.40.2,6,22573.1,887877.0,-1,25,25
200.40.2,7,19562.3,864895.0,-1,25,25
200.40.2,8,19978.7,894232.0,-1,25,25
200.40.2,9,20970.3,876408.0,-1,25,25
200.40.2,10,22154.1,874940.0,-1,25,25
200.40.2,11,22524.3,862687.0,-1,25,25
200.40.2,12,18904.2,874382.0,-1,25,25
200.40.2,13,21254.9,865532.0,-1,25,25
200.40.2,14,20275.7,871730.0,-1,25,25
200.40.2,15,21787.4,889849.0,-1,25,25
200.40.2,16,20708.9,901236.0,-1,25,25
200.40.2,17,23740.1,880613.0,-1,25,25
200.40.2,18,23784.4,871715.0,-1,25,25
200.40.2,19,26051.1,865243.0,-1,25,25
200.40.2,20,21655.0,934673.0,-1,25,25
200.40.2,21,21679.8,924261.0,-1,25,25
200.40.2,22,22594.0,913536.0,-1,25,25
200.40.2,23,22888.0,895338.0,-1,25,25
200.40.2,24,24901.3,875889.0,-1,25,25
200.40.3,0,21175.5,910022.0,-1,32,32
200.40.3,1,23436.9,900276.0,-1,32,32
200.40.3,2,23499.5,864336.0,-1,32,32
200.40.3,3,20897.4,870988.0,-1,32,32
200.40.3,4,24674.1,867910.0,-1,32,32
200.40.3,5,20866.4,891437.0,-1,32,32
200.40.3,6,21127.8,861130.0,-1,32,32
200.40.3,7,20208.1,855920.0,-1,32,32
200.40.3,8,20112.3,881255.0,-1,32,32
200.40.3,9,21880.2,949542.0,-1,32,32
200.40.3,10,22722.1,906436.0,-1,32,32
200.40.3,11,22799.0,903645.0,-1,32,32
200.40.3,12,23025.8,873273.0,-1,32,32
200.40.3,13,21241.2,885031.0,-1,32,32
200.40.3,14,21558.8,876290.0,-1,32,32
200.40.3,15,22477.9,872081.0,-1,32,32
200.40.3,16,24366.4,863682.0,-1,32,32
200.40.3,17,24590.0,859434.0,-1,32,32
200.40.3,18,21524.8,896324.0,-1,32,32
200.40.3,19,21933.4,891918.0,-1,32,32
200.40.3,20,22572.6,886700.0,-1,32,32
200.40.3,21,22761.6,880958.0,-1,32,32
200.40.3,22,23306.5,871892.0,-1,32,32
200.40.3,23,25562.2,853140.0,-1,32,32
200.40.3,24,20917.8,934462.0,-1,32,32
200.40.3,25,21313.1,928477.0,-1,32,32
200.40.3,26,21912.5,900517.0,-1,32,32
200.40.3,27,22702.3,878497.0,-1,32,32
200.40.3,28,22737.2,860408.0,-1,32,32
200.40.3,29,26918.7,855222.0,-1,32,32
200.40.3,30,22588.1,898007.0,-1,32,32
200.40.3,31,25179.6,876954.0,-1,32,32
200.40.4,0,21194.1,931307.0,-1,27,27
200.40.4,1,22192.1,875295.0,-1,27,27
200.40.4,2,21298.5,894562.0,-1,27,27
200.40.4,3,22952.4,872761.0,-1,27,27
200.40.4,4,24181.8,847951.0,-1,27,27
200.40.4,5,19817.0,886227.0,-1,27,27
200.40.4,6,22958.7,883082.0,-1,27,27
200.40.4,7,20460.2,890054.0,-1,27,27
200.40.4,8,23482.0,887829.0,-1,27,27
200.40.4,9,21950.0,890449.0,-1,27,27
200.40.4,10,22631.3,887236.0,-1,27,27
200.40.4,11,22862.0,876527.0,-1,27,27
200.40.4,12,23687.4,853965.0,-1,27,27
200.40.4,13,20855.1,895862.0,-1,27,27
200.40.4,14,22399.9,875951.0,-1,27,27
200.40.4,15,22794.6,872806.0,-1,27,27
200.40.4,16,19285.8,920278.0,-1,27,27
200.40.4,17,21816.5,902648.0,-1,27,27
200.40.4,18,23101.3,896666.0,-1,27,27
200.40.4,19,23175.9,859432.0,-1,27,27
200.40.4,20,21019.3,875003.0,-1,27,27
200.40.4,21,26506.3,869342.0,-1,27,27
200.40.4,22,22007.8,915738.0,-1,27,27
200.40.4,23,22253.5,901572.0,-1,27,27
200.40.4,24,22383.5,900418.0,-1,27,27
200.40.4,25,20336.5,885956.0,-1,27,27
200.40.4,26,20638.6,868889.0,-1,27,27
50.10.1,0,4484.85,99567.5,-1,66,23
50.10.1,1,4879.04,80007.6,-1,66,23
50.10.1,2,5199.36,79745.2,-1,66,23
50.10.1,3,5204.07,74817.8,-1,66,23
50.10.1,4,5311.87,71464.9,-1,66,23
50.10.1,5,5428.63,69884.5,-1,66,23
50.10.1,6,5594.91,67202.2,-1,66,23
50.10.1,7,5632.73,66828.6,-1,66,23
50.10.1,8,5685.72,66214.3,-1,66,23
50.10.1,9,6463.36,65684.9,-1,66,23
50.10.1,10,4402.7,87665.6,-1,66,23
50.10.1,11,4485.82,77140.5,-1,66,23
50.10.1,12,4804.74,67464.8,-1,66,23
50.10.1,13,5481.69,66500.5,-1,66,23
50.10.1,14,5569.56,66448.6,-1,66,23
50.10.1,15,6454.7,64535.3,-1,66,23
50.10.1,16,4727.44,92243.2,-1,66,23
50.10.1,17,4921.78,72584.2,-1,66,23
50.10.1,18,5115.78,69861.5,-1,66,23
50.10.1,19,6000.04,69584.3,-1,66,23
50.10.1,20,6003.79,66628.2,-1,66,23
50.10.1,21,6651.39,66357.3,-1,66,23
50.10.1,22,8094.31,65761.3,-1,66,23
50.10.2,0,4453.34,87891.2,-1,29,9
50.10.2,1,5107.4,81505.0,-1,29,9
50.10.2,2,4342.64,76905.1,-1,29,9
50.10.2,3,5342.32,75620.8,-1,29,9
50.10.2,4,4320.6,85668.7,-1,29,9
50.10.2,5,4929.21,84213.0,-1,29,9
50.10.2,6,5071.81,84137.6,-1,29,9
50.10.2,7,5122.01,83072.3,-1,29,9
50.10.2,8,5522.88,82298.3,-1,29,9
50.10.3,0,4696.7,91799.7,-1,57,15
50.10.3,1,4772.72,81414.7,-1,57,15
50.10.3,2,5636.75,81238.4,-1,57,15
50.10.3,3,4617.15,82919.8,-1,57,15
50.10.3,4,4679.18,82681.2,-1,57,15
50.10.3,5,5244.8,81355.0,-1,57,15
50.10.3,6,5346.13,80630.8,-1,57,15
50.10.3,7,5408.24,79290.4,-1,57,15
50.10.3,8,5730.87,79063.0,-1,57,15
50.10.3,9,4198.96,79239.0,-1,57,15
50.10.3,10,4416.71,78376.4,-1,57,15
50.10.3,11,4710.2,77716.3,-1,57,15
50.10.3,12,6365.6,77669.4,-1,57,15
50.10.3,13,6415.01,77379.3,-1,57,15
50.10.3,14,8346.81,77077.9,-1,57,15
50.10.4,0,4643.95,83717.8,-1,110,22
50.10.4,1,4694.48,83653.6,-1,110,22
50.10.4,2,4702.48,82646.0,-1,110,22
50.10.4,3,4849.58,82428.2,-1,110,22
50.10.4,4,4917.29,78062.6,-1,110,22
50.10.4,5,5211.81,73056.5,-1,110,22
50.10.4,6,5367.71,72498.5,-1,110,22
50.10.4,7,5801.0,69345.8,-1,110,22
50.10.4,8,6266.79,68502.6,-1,110,22
50.10.4,9,6448.85,67754.7,-1,110,22
50.10.4,10,6844.22,67090.7,-1,110,22
50.10.4,11,4137.52,82391.3,-1,110,22
50.10.4,12,4460.26,81906.2,-1,110,22
50.10.4,13,4527.02,79211.5,-1,110,22
50.10.4,14,4814.91,73461.3,-1,110,22
50.10.4,15,5426.09,72859.5,-1,110,22
50.10.4,16,5707.63,72680.9,-1,110,22
50.10.4,17,5868.95,72547.1,-1,110,22
50.10.4,18,5922.43,71732.5,-1,110,22
50.10.4,19,6080.66,69960.7,-1,110,22
50.10.4,20,7006.89,69915.0,-1,110,22
50.10.4,21,7466.36,68378.2,-1,110,22
50.20.1,0,9003.41,133655.0,-1,62,18
50.20.1,1,9146.29,133241.0,-1,62,18
50.20.1,2,9813.76,131755.0,-1,62,18
50.20.1,3,10242.5,131356.0,-1,62,18
50.20.1,4,8807.09,137643.0,-1,62,18
50.20.1,5,10182.0,133332.0,-1,62,18
50.20.1,6,11036.5,132511.0,-1,62,18
50.20.1,7,11079.4,130795.0,-1,62,18
50.20.1,8,11091.8,130178.0,-1,62,18
50.20.1,9,12185.3,127677.0,-1,62,18
50.20.1,10,9448.95,144082.0,-1,62,18
50.20.1,11,10439.7,140895.0,-1,62,18
50.20.1,12,10606.3,135056.0,-1,62,18
50.20.1,13,11382.2,134345.0,-1,62,18
50.20.1,14,11710.0,133515.0,-1,62,18
50.20.1,15,11803.7,132444.0,-1,62,18
50.20.1,16,12327.1,131509.0,-1,62,18
50.20.1,17,13023.7,128923.0,-1,62,18
50.20.2,0,9098.06,145707.0,-1,71,21
50.20.2,1,9215.4,141258.0,-1,71,21
50.20.2,2,10304.9,141122.0,-1,71,21
50.20.2,3,10915.9,139475.0,-1,71,21
50.20.2,4,12521.1,138879.0,-1,71,21
50.20.2,5,12767.0,136845.0,-1,71,21
50.20.2,6,8690.85,144674.0,-1,71,21
50.20.2,7,8731.28,140589.0,-1,71,21
50.20.2,8,9681.08,140027.0,-1,71,21
50.20.2,9,9727.12,137136.0,-1,71,21
50.20.2,10,9985.25,135607.0,-1,71,21
50.20.2,11,10277.9,134670.0,-1,71,21
50.20.2,12,12149.6,133901.0,-1,71,21
50.20.2,13,9114.24,153062.0,-1,71,21
50.20.2,14,9226.12,147975.0,-1,71,21
50.20.2,15,9246.05,147363.0,-1,71,21
50.20.2,16,9788.08,146412.0,-1,71,21
50.20.2,17,10366.4,142139.0,-1,71,21
50.20.2,18,11706.9,140329.0,-1,71,21
50.20.2,19,12024.7,140207.0,-1,71,21
50.20.2,20,12658.6,139960.0,-1,71,21
50.20.3,0,9481.03,165874.0,-1,46,15
50.20.3,1,9789.73,136768.0,-1,46,15
50.20.3,2,10169.1,136605.0,-1,46,15
50.20.3,3,10218.4,132986.0,-1,46,15
50.20.3,4,10303.0,130211.0,-1,46,15
50.20.3,5,13702.1,129288.0,-1,46,15
50.20.3,6,9074.41,149146.0,-1,46,15
50.20.3,7,9402.1,135121.0,-1,46,15
50.20.3,8,10369.3,132740.0,-1,46,15
50.20.3,9,11016.7,131718.0,-1,46,15
50.20.3,10,9862.84,154338.0,-1,46,15
50.20.3,11,10174.8,132442.0,-1,46,15
50.20.3,12,10354.7,128956.0,-1,46,15
50.20.3,13,11353.4,127172.0,-1,46,15
50.20.3,14,11382.8,125547.0,-1,46,15
50.20.4,0,11622.4,197154.0,-1,62,14
50.20.4,1,12187.2,150873.0,-1,62,14
50.20.4,2,12390.2,150202.0,-1,62,14
50.20.4,3,12567.2,126053.0,-1,62,14
50.20.4,4,16074.2,123914.0,-1,62,14
50.20.4,5,16371.4,123859.0,-1,62,14
50.20.4,6,17450.5,123846.0,-1,62,14
50.20.4,7,20525.5,123657.0,-1,62,14
50.20.4,8,21779.8,122867.0,-1,62,14
50.20.4,9,10202.2,158978.0,-1,62,14
50.20.4,10,10754.4,154287.0,-1,62,14
50.20.4,11,11417.1,142917.0,-1,62,14
50.20.4,12,12050.5,123119.0,-1,62,14
50.20.4,13,13718.1,123038.0,-1,62,14
50.30.1,0,14894.6,237392.0,-1,62,17
50.30.1,1,15585.1,233500.0,-1,62,17
50.30.1,2,15657.1,213148.0,-1,62,17
50.30.1,3,15853.6,210535.0,-1,62,17
50.30.1,4,16404.1,206443.0,-1,62,17
50.30.1,5,16991.7,205389.0,-1,62,17
50.30.1,6,18129.1,204941.0,-1,62,17
50.30.1,7,18696.0,201201.0,-1,62,17
50.30.1,8,19515.4,201128.0,-1,62,17
50.30.1,9,19740.7,201072.0,-1,62,17
50.30.1,10,15109.8,222044.0,-1,62,17
50.30.1,11,15245.0,205458.0,-1,62,17
50.30.1,12,16768.4,203569.0,-1,62,17
50.30.1,13,16863.2,201894.0,-1,62,17
50.30.1,14,14871.6,213929.0,-1,62,17
50.30.1,15,15257.8,203952.0,-1,62,17
50.30.1,16,16018.8,203615.0,-1,62,17
50.30.2,0,13489.1,190779.0,-1,44,17
50.30.2,1,13534.9,182509.0,-1,44,17
50.30.2,2,14380.1,180054.0,-1,44,17
50.30.2,3,13308.9,183938.0,-1,44,17
50.30.2,4,13793.1,182799.0,-1,44,17
50.30.2,5,16034.3,182559.0,-1,44,17
50.30.2,6,18057.1,182364.0,-1,44,17
50.30.2,7,18382.8,181953.0,-1,44,17
50.30.2,8,13294.3,186474.0,-1,44,17
50.30.2,9,13450.7,184490.0,-1,44,17
50.30.2,10,15853.6,183480.0,-1,44,17
50.30.2,11,15902.1,178534.0,-1,44,17
50.30.2,12,13662.6,199846.0,-1,44,17
50.30.2,13,14377.1,188931.0,-1,44,17
50.30.2,14,14815.3,188377.0,-1,44,17
50.30.2,15,14995.3,185854.0,-1,44,17
50.30.2,16,16141.4,184275.0,-1,44,17
50.30.3,0,14953.7,213996.0,-1,54,24
50.30.3,1,15703.7,202980.0,-1,54,24
50.30.3,2,16560.5,200296.0,-1,54,24
50.30.3,3,13777.7,209773.0,-1,54,24
50.30.3,4,15669.5,209322.0,-1,54,24
50.30.3,5,15712.1,207799.0,-1,54,24
50.30.3,6,15717.6,204285.0,-1,54,24
50.30.3,7,16375.9,200843.0,-1,54,24
50.30.3,8,13802.9,222321.0,-1,54,24
50.30.3,9,15341.3,222131.0,-1,54,24
50.30.3,10,15343.2,221481.0,-1,54,24
50.30.3,11,15403.0,214347.0,-1,54,24
50.30.3,12,15745.3,214189.0,-1,54,24
50.30.3,13,16499.1,210572.0,-1,54,24
50.30.3,14,17253.9,202519.0,-1,54,24
50.30.3,15,14722.3,238001.0,-1,54,24
50.30.3,16,14809.9,220385.0,-1,54,24
50.30.3,17,14937.8,216051.0,-1,54,24
50.30.3,18,15453.8,212955.0,-1,54,24
50.30.3,19,15572.2,209313.0,-1,54,24
50.30.3,20,15575.8,208330.0,-1,54,24
50.30.3,21,15640.6,207278.0,-1,54,24
50.30.3,22,15826.5,207171.0,-1,54,24
50.30.3,23,15896.1,199877.0,-1,54,24
50.30.4,0,15736.9,224183.0,-1,42,17
50.30.4,1,16191.3,216163.0,-1,42,17
50.30.4,2,16809.4,214621.0,-1,42,17
50.30.4,3,17419.0,214478.0,-1,42,17
50.30.4,4,17999.1,212064.0,-1,42,17
50.30.4,5,15872.9,209339.0,-1,42,17
50.30.4,6,17171.1,208772.0,-1,42,17
50.30.4,7,17846.7,208321.0,-1,42,17
50.30.4,8,15635.8,224690.0,-1,42,17
50.30.4,9,16853.3,220222.0,-1,42,17
50.30.4,10,16913.5,219321.0,-1,42,17
50.30.4,11,17184.0,216994.0,-1,42,17
50.30.4,12,18808.2,214440.0,-1,42,17
50.30.4,13,16074.1,224971.0,-1,42,17
50.30.4,14,16171.6,224501.0,-1,42,17
50.30.4,15,17214.0,219915.0,-1,42,17
50.30.4,16,17293.2,208212.0,-1,42,17
50.40.1,0,19749.5,278662.0,-1,47,18
50.40.1,1,20114.6,262160.0,-1,47,18
50.40.1,2,20621.1,255339.0,-1,47,18
50.40.1,3,20909.3,253647.0,-1,47,18
50.40.1,4,21198.6,252457.0,-1,47,18
50.40.1,5,22703.4,245976.0,-1,47,18
50.40.1,6,19342.6,270359.0,-1,47,18
50.40.1,7,20348.9,261488.0,-1,47,18
50.40.1,8,21319.9,259810.0,-1,47,18
50.40.1,9,21886.1,259285.0,-1,47,18
50.40.1,10,22320.5,249369.0,-1,47,18
50.40.1,11,18309.1,251384.0,-1,47,18
50.40.1,12,20126.0,250470.0,-1,47,18
50.40.1,13,22107.3,245992.0,-1,47,18
50.40.1,14,19393.2,286761.0,-1,47,18
50.40.1,15,19615.1,281004.0,-1,47,18
50.40.1,16,19735.3,263555.0,-1,47,18
50.40.1,17,20002.8,247607.0,-1,47,18
50.40.2,0,19323.8,273501.0,-1,36,18
50.40.2,1,21195.9,270900.0,-1,36,18
50.40.2,2,21483.1,267543.0,-1,36,18
50.40.2,3,22785.9,255746.0,-1,36,18
50.40.2,4,19536.9,288028.0,-1,36,18
50.40.2,5,20361.2,276815.0,-1,36,18
50.40.2,6,20930.9,273487.0,-1,36,18
50.40.2,7,21027.5,272441.0,-1,36,18
50.40.2,8,21123.9,264296.0,-1,36,18
50.40.2,9,21711.6,261886.0,-1,36,18
50.40.2,10,20387.8,256875.0,-1,36,18
50.40.2,11,20413.2,254776.0,-1,36,18
50.40.2,12,19564.4,305093.0,-1,36,18
50.40.2,13,19565.4,271544.0,-1,36,18
50.40.2,14,20265.0,265225.0,-1,36,18
50.40.2,15,20767.3,264330.0,-1,36,18
50.40.2,16,19257.5,286865.0,-1,36,18
50.40.2,17,20364.2,264892.0,-1,36,18
50.40.3,0,20353.6,304230.0,-1,47,25
50.40.3,1,20516.7,297251.0,-1,47,25
50.40.3,2,20685.1,296102.0,-1,47,25
50.40.3,3,20901.9,283474.0,-1,47,25
50.40.3,4,21340.6,281288.0,-1,47,25
50.40.3,5,22005.5,280818.0,-1,47,25
50.40.3,6,22711.3,263340.0,-1,47,25
50.40.3,7,23458.7,260587.0,-1,47,25
50.40.3,8,20614.7,265065.0,-1,47,25
50.40.3,9,20333.9,281625.0,-1,47,25
50.40.3,10,21634.0,276772.0,-1,47,25
50.40.3,11,21656.0,276502.0,-1,47,25
50.40.3,12,22600.6,275275.0,-1,47,25
50.40.3,13,22852.1,274065.0,-1,47,25
50.40.3,14,22908.6,273525.0,-1,47,25
50.40.3,15,24719.6,272280.0,-1,47,25
50.40.3,16,19761.1,288929.0,-1,47,25
50.40.3,17,19913.1,277140.0,-1,47,25
50.40.3,18,21146.6,276911.0,-1,47,25
50.40.3,19,22149.8,274395.0,-1,47,25
50.40.3,20,22752.6,264417.0,-1,47,25
50.40.3,21,19637.1,279486.0,-1,47,25
50.40.3,22,19767.2,273119.0,-1,47,25
50.40.3,23,20013.8,263990.0,-1,47,25
50.40.3,24,21419.8,255631.0,-1,47,25
50.40.4,0,18158.5,254184.0,-1,53,24
50.40.4,1,19990.1,244333.0,-1,53,24
50.40.4,2,20082.8,242481.0,-1,53,24
50.40.4,3,20442.3,239174.0,-1,53,24
50.40.4,4,18670.5,278516.0,-1,53,24
50.40.4,5,18936.4,273278.0,-1,53,24
50.40.4,6,19107.6,270498.0,-1,53,24
50.40.4,7,19520.5,257530.0,-1,53,24
50.40.4,8,19770.0,246859.0,-1,53,24
50.40.4,9,20404.6,241099.0,-1,53,24
50.40.4,10,23623.2,241091.0,-1,53,24
50.40.4,11,17659.5,267211.0,-1,53,24
50.40.4,12,18727.2,259328.0,-1,53,24
50.40.4,13,19045.3,255227.0,-1,53,24
50.40.4,14,19379.2,248317.0,-1,53,24
50.40.4,15,19829.3,238058.0,-1,53,24
50.40.4,16,17753.2,253346.0,-1,53,24
50.40.4,17,18948.2,253030.0,-1,53,24
50.40.4,18,19734.1,252169.0,-1,53,24
50.40.4,19,20231.3,245310.0,-1,53,24
50.40.4,20,21754.4,242286.0,-1,53,24
50.40.4,21,17787.7,247819.0,-1,53,24
50.40.4,22,17990.3,247155.0,-1,53,24
50.40.4,23,22026.5,245145.0,-1,53,24
